regime,household,package_kg,scenario_weight,generalized_cost_jpy,generalized_cost_jpy_se,generalized_cost_jpy_ci_low,generalized_cost_jpy_ci_high,product_cost_jpy,product_cost_jpy_se,product_cost_jpy_ci_low,product_cost_jpy_ci_high,unmet_demand_cost_jpy,unmet_demand_cost_jpy_se,unmet_demand_cost_jpy_ci_low,unmet_demand_cost_jpy_ci_high,purchase_event_cost_jpy,purchase_event_cost_jpy_se,purchase_event_cost_jpy_ci_low,purchase_event_cost_jpy_ci_high,packaging_cost_jpy,packaging_cost_jpy_se,packaging_cost_jpy_ci_low,packaging_cost_jpy_ci_high,storage_cost_jpy,storage_cost_jpy_se,storage_cost_jpy_ci_low,storage_cost_jpy_ci_high,freshness_cost_jpy,freshness_cost_jpy_se,freshness_cost_jpy_ci_low,freshness_cost_jpy_ci_high,handling_cost_jpy,handling_cost_jpy_se,handling_cost_jpy_ci_low,handling_cost_jpy_ci_high,adaptation_cost_jpy,adaptation_cost_jpy_se,adaptation_cost_jpy_ci_low,adaptation_cost_jpy_ci_high,physical_discard_kg,physical_discard_kg_se,physical_discard_kg_ci_low,physical_discard_kg_ci_high,purchases,purchases_se,purchases_ci_low,purchases_ci_high,openings,openings_se,openings_ci_low,openings_ci_high,packaging_mass_kg,packaging_mass_kg_se,packaging_mass_kg_ci_low,packaging_mass_kg_ci_high,storage_kg_days,storage_kg_days_se,storage_kg_days_ci_low,storage_kg_days_ci_high,mean_age_at_consumption_days,mean_age_at_consumption_days_se,mean_age_at_consumption_days_ci_low,mean_age_at_consumption_days_ci_high,freshness_penalty_jpy,freshness_penalty_jpy_se,freshness_penalty_jpy_ci_low,freshness_penalty_jpy_ci_high,adaptation_events,adaptation_events_se,adaptation_events_ci_low,adaptation_events_ci_high,purchased_kg,purchased_kg_se,purchased_kg_ci_low,purchased_kg_ci_high,ending_inventory_kg,ending_inventory_kg_se,ending_inventory_kg_ci_low,ending_inventory_kg_ci_high,consumed_kg,consumed_kg_se,consumed_kg_ci_low,consumed_kg_ci_high,demanded_kg,demanded_kg_se,demanded_kg_ci_low,demanded_kg_ci_high,unmet_demand_kg,unmet_demand_kg_se,unmet_demand_kg_ci_low,unmet_demand_kg_ci_high,opening_demand_backlog_kg,opening_demand_backlog_kg_se,opening_demand_backlog_kg_ci_low,opening_demand_backlog_kg_ci_high,service_level_fraction,service_level_fraction_se,service_level_fraction_ci_low,service_level_fraction_ci_high,cost_regret_jpy
baseline,single_low,1.8,0.1905,29591.560634231882,59.02565861795112,29475.872469176942,29707.248799286823,27276.139952575657,54.519279976616126,27169.284127358434,27382.99577779288,0.2310907855442836,0.22183861513582387,0.0,0.6658864815907405,2133.5416666666665,4.5714933139880145,2124.5817044156843,2142.5016289176488,132.6554568447616,0.28423796146306973,132.0983606772549,133.2125530122683,25.27202833758903,0.047763512101670874,25.178413574094613,25.36564310108345,0.039883466108846334,0.006619065159591565,0.026910336784723002,0.052856595432969666,0.0,0.0,0.0,0.0,23.680555555555554,1.234992892519515,21.26001396505436,26.10109714605675,0.00020171261725381137,3.3389364901757466e-05,0.00013627066457970097,0.0002671545699279218,17.779513888888886,0.03809577761656679,17.704847536797367,17.854180240980405,17.779513888888886,0.03809577761656679,17.704847536797367,17.854180240980405,0.37901559098503307,0.0008121084613230568,0.3774238876492996,0.3806072943207665,315.9003542198629,0.5970439012708858,314.73016967618264,317.07053876354314,9.885514650558472,0.02950192317517315,9.827691943660465,9.943337357456478,0.039883466108846334,0.006619065159591565,0.026910336784723002,0.052856595432969666,2.3680555555555554,0.12349928925195153,2.1260013965054356,2.610109714605675,32.003125000000004,0.0685723997098202,31.868725566235273,32.13752443376474,0.8539321180996219,0.03914010417519589,0.7772189235650921,0.9306453126341516,32.00507239757713,0.06397978643500471,31.879674320425956,32.130470474728305,32.005208333333336,0.06396990774180503,31.87982961806505,32.130587048601626,0.00013593575620251977,0.00013049330302107294,0.0,0.00039169793034749456,0.0,0.0,0.0,0.0,0.9999956327499642,4.199225441614692e-06,0.9999874024193356,1.0000038630805927,1477.5022210532697
baseline,single_low,2.0,0.1905,29308.03264214877,58.37297497274457,29193.62371353173,29422.441570765808,27205.252705768915,54.34149622717516,27098.745330297632,27311.760081240198,0.0022280928625392784,0.0022280928625392784,0.0,0.006595074627327018,1921.25,4.060045069772796,1913.292457887636,1929.207542112364,124.88626628288164,0.2639135300997503,124.3690052688533,125.40352729690997,28.35146216836672,0.03620976216532608,28.28049233863392,28.42243199809952,0.18234094685183364,0.01566554666939908,0.15163703958168004,0.21304485412198723,0.0,0.0,0.0,0.0,28.107638888888886,0.6676294203727756,26.799109269938892,29.41616850783888,0.0009183275942613038,7.912065690285529e-05,0.000763253956298557,0.0010734012322240506,16.010416666666668,0.03383370891477328,15.944103815730301,16.076729517603034,16.010416666666668,0.03383370891477328,15.944103815730301,16.076729517603034,0.356817903665376,0.000754038657427858,0.3553400150538665,0.35829579227688557,354.393277104584,0.4526220270665758,353.506154232924,355.280399976244,11.079417963852984,0.0260476912233296,11.028365427174839,11.13047050053113,0.18234094685183364,0.01566554666939908,0.15163703958168004,0.21304485412198723,2.810763888888889,0.06676294203727758,2.6799109269938897,2.941616850783888,32.020833333333336,0.06766741782954656,31.888207631460602,32.15345903520607,0.9654780681449462,0.0425081072974711,0.8821637087909386,1.0487924274989537,32.00526132625152,0.0639659383707491,31.879890390807542,32.130632261695496,32.005208333333336,0.06396990774180503,31.87982961806505,32.130587048601626,1.3106428603172223e-06,1.3106428603172228e-06,0.0,3.8794556631335395e-06,5.430356105277115e-05,4.4185487943916464e-05,0.0,0.00014090552606217617,0.9999999601325366,3.986746343181204e-08,0.9999998819937441,1.000000038271329,1193.9742289701571
baseline,single_low,2.1,0.1905,29188.27179866089,58.17671105348445,29074.247540257067,29302.296057064716,27172.51237742181,54.27050681586706,27066.144138639975,27278.88061620364,0.052580928243068176,0.050082159607855885,0.0,0.15074015734245233,1828.9583333333333,3.85361388187149,1821.4053889145416,1836.511277752125,121.40673340054411,0.25580389922406205,120.90536697096003,121.9080998301282,30.125942205960694,0.04296870939369566,30.04172508308688,30.210159328834507,0.30263692655797936,0.022056432424754253,0.2594071133780196,0.34586673973793913,0.0,0.0,0.0,0.0,34.91319444444444,0.9034408992839353,33.14248281968745,36.683906069201434,0.0015228653738091676,0.0001111396383339987,0.0013050356854197231,0.0017406950621986121,15.241319444444443,0.03211344901559575,15.178378240954512,15.304260647934374,15.241319444444443,0.03211344901559575,15.178378240954512,15.304260647934374,0.34687638114441177,0.0007308682834973187,0.34544390563131444,0.3483088566575091,376.5742775745087,0.5371088674211959,375.52156353858607,377.62699161043133,11.773910630802343,0.030485748185038596,11.71415966231791,11.833661599286776,0.30263692655797936,0.022056432424754253,0.2594071133780196,0.34586673973793913,3.491319444444444,0.09034408992839355,3.314248281968745,3.6683906069201435,32.00677083333333,0.06743824293275097,31.87459430600447,32.13894736066218,1.0486930999527226,0.043738425239113636,0.9629673617435622,1.1344188381618832,32.00517906116038,0.06397387881017447,31.879792562741113,32.13056555957966,32.005208333333336,0.06396990774180503,31.87982961806505,32.130587048601626,3.0929957790040104e-05,2.946009388697406e-05,0.0,8.867068078967788e-05,1.6577848371240755e-06,1.657784837124075e-06,0.0,4.906983412003862e-06,0.9999989831127148,9.698174264736353e-07,0.9999970823054873,1.0000008839199424,1074.2133854822787
baseline,single_low,2.25,0.1905,29018.890859329607,57.759674324738995,28905.683977894358,29132.097740764857,27127.31577303479,54.14502076304613,27021.193482397044,27233.438063672533,0.1551486403165917,0.08340443877934983,0.0,0.31861833647489324,1707.2916666666667,3.5547315742350074,1700.3245208064588,1714.2588125268746,116.78977335720226,0.24316659127795848,116.3131755960541,117.26637111835043,32.21088415808971,0.043105081382878274,32.1263997510286,32.295368565150824,0.7178912503223503,0.03482627560636413,0.6496330044182108,0.7861494962264899,0.0,0.0,0.0,0.0,34.40972222222222,0.6901362510194899,33.05708002579853,35.762364418645916,0.0036215202899697574,0.00017573969520908527,0.003277076816705904,0.003965963763233611,14.227430555555555,0.029622763118625058,14.169371006720489,14.285490104390622,14.227430555555555,0.029622763118625058,14.169371006720489,14.285490104390622,0.3336850667348636,0.0006947616893655957,0.33232335884586883,0.33504677462385835,402.63605197612134,0.5388135172859787,401.5799968878575,403.6921070643852,12.584869418620862,0.028164490387971898,12.529668031817513,12.64007080542421,0.7178912503223503,0.03482627560636413,0.6496330044182108,0.7861494962264899,3.440972222222222,0.069013625101949,3.3057080025798524,3.5762364418645913,32.01171875,0.06665121701690639,31.881084765121102,32.1423527348789,1.1220321825543875,0.04667926904661855,1.0305424963983598,1.2135218687104152,32.005119792440674,0.0639740771923278,31.879732905199525,32.13050667968182,32.005208333333336,0.06396990774180503,31.87982961806505,32.130587048601626,9.126390606858336e-05,4.906143457608813e-05,0.0,0.0001874225508675842,2.7230134132894234e-06,2.723013413289424e-06,0.0,8.060021632756175e-06,0.9999970927931244,1.5743082105092335e-06,0.9999940072057313,1.0000001783805177,904.8324461509947
baseline,single_low,2.4,0.1905,28864.387711183484,57.40314213433439,28751.879620000756,28976.895802366213,27086.65393845117,53.9855313829066,26980.844241254417,27192.463635647924,0.0961463053511374,0.07230416800291664,0.0,0.23785987056898739,1598.9583333333333,3.373685457051101,1592.3460313423466,1605.57063532432,112.54761215552266,0.2374672525476989,112.08218489302149,113.01303941802382,34.29732687567901,0.04757810028914401,34.20407551265946,34.390578238698566,1.4697707290882367,0.05912704964683147,1.3538838412683354,1.585657616908138,0.0,0.0,0.0,0.0,30.364583333333332,0.6850078282791117,29.021992660778274,31.70717400588839,0.007389558224029484,0.00029911351328401067,0.00680330651070358,0.007975809937355388,13.324652777777777,0.028114045475425835,13.269550261186222,13.379755294369332,13.324652777777777,0.028114045475425835,13.269550261186222,13.379755294369332,0.3215646061586362,0.0006784778644219971,0.32023481398006143,0.32289439833721095,428.7165859459876,0.5947262536142999,427.55094390824314,429.8822279837321,13.401054916220232,0.03088018621551152,13.34053086340194,13.461578969038525,1.4697707290882367,0.05912704964683147,1.3538838412683354,1.585657616908138,3.0364583333333335,0.06850078282791117,2.9021992660778277,3.170717400588839,31.979166666666668,0.06747370914102199,31.846920626846934,32.111412706486405,1.09485913987123,0.0494405029874582,0.997957534638267,1.191760745104193,32.005176656803805,0.06396658424435106,31.87980445547083,32.13054885813678,32.005208333333336,0.06396990774180503,31.87982961806505,32.130587048601626,5.6556650206551413e-05,4.253186353112744e-05,0.0,0.00013991757092293378,2.4880120679632078e-05,1.6609475223382218e-05,0.0,5.7434093919571596e-05,0.9999982841036853,1.289700528867669e-06,0.9999957563370979,1.0000008118702728,750.3292980048718
baseline,single_low,3.0,0.1905,28422.88153750372,55.84983089097497,28313.417880414756,28532.345194592683,26971.498017681446,53.2808244768167,26867.069520640285,27075.926514722607,0.298235968814017,0.2107374222522295,0.0,0.7112737266231965,1281.0416666666667,2.7621680003659255,1275.6279168667006,1286.4554164666329,99.83866596880277,0.2152710372456654,99.41674248888668,100.26058944871886,42.89343879654282,0.05287434064249244,42.78980699317723,42.997070599908405,10.106651310328937,0.16674865316244492,9.779829955659984,10.43347266499789,0.0,0.0,0.0,0.0,17.20486111111111,0.4984447135212712,16.227927424325035,18.181794797897187,0.051070833064888445,0.0008418023308126421,0.0494209308143938,0.05272073531538309,10.675347222222221,0.023018066669716057,10.630232640555835,10.720461803888607,10.675347222222221,0.023018066669716057,10.630232640555835,10.720461803888607,0.2852533313394365,0.000615060106416187,0.2840478356825334,0.28645882699633957,536.1679849567852,0.6609292580311558,534.8725874147153,537.463382498855,16.718541751031548,0.03669482621867821,16.646621213223984,16.790462288839112,10.106651310328937,0.16674865316244492,9.779829955659984,10.43347266499789,1.720486111111111,0.049844471352127113,1.6227927424325033,1.8181794797897186,32.026041666666664,0.06905420000914812,31.89069792166751,32.16138541166582,1.4053540253803145,0.061238891187973356,1.2853280041987194,1.5253800465619096,32.00504420916198,0.0639857743931837,31.879634395828436,32.13045402249553,32.005208333333336,0.06396990774180503,31.87982961806505,32.130587048601626,0.00017543292283177467,0.00012396318956013505,0.0,0.000418396309778351,1.130875147861035e-05,1.1308751478610348e-05,0.0,3.347349708680071e-05,0.9999943295792376,4.001365505200761e-06,0.9999864870469585,1.0000021721115169,308.8231243251066
baseline,single_low,4.5,0.1905,28114.058413178613,52.97369718051953,28010.231874576864,28217.88495178036,27002.35128557785,51.529461603207544,26901.355396692823,27103.347174462877,0.12297580764221065,0.12297580764221068,0.0,0.3640039615906691,863.9583333333334,2.026437305468869,859.986589197686,867.9300774689807,81.97448913245456,0.19227334984298028,81.59764029157546,82.35133797333367,65.06740995433334,0.0875867734006283,64.89574303294604,65.23907687572064,82.03009992855726,0.5077237120243188,81.03497973889262,83.02522011822191,7.199652777777776,0.016886977545573893,7.166554909980714,7.232750645574837,11.354166666666666,0.40833455764321214,10.553845640042876,12.154487693290456,0.4195208412573539,0.002622480730797479,0.41438087347484054,0.42466080903986725,7.199652777777776,0.016886977545573893,7.166554909980714,7.232750645574837,7.199652777777776,0.016886977545573893,7.166554909980714,7.232750645574837,0.23421282609272734,0.0005493524281228008,0.233136115118787,0.23528953706666766,813.3426244291668,1.0948346675078542,811.1967879118255,815.4884609465081,24.94200094640306,0.05946886707966456,24.825444108725517,25.0585577840806,82.03009992855726,0.5077237120243188,81.03497973889262,83.02522011822191,1.1354166666666667,0.04083345576432121,1.0553845640042878,1.2154487693290457,32.3984375,0.07599139895508257,32.249497094913224,32.547377905086776,2.2204551567076045,0.09693717099852965,2.030461792787286,2.410448520627923,32.00530809798439,0.0639663979128861,31.879936261854375,32.130679934114404,32.005208333333336,0.06396990774180503,31.87982961806505,32.130587048601626,7.233871037777097e-05,7.233871037777098e-05,0.0,0.00021411997740627595,0.00017210336143151268,0.00012589026638548217,0.0,0.00041884374955121115,0.9999977429419539,2.2570580461081517e-06,0.9999933191894724,1.0000021666944352,0.0
baseline,single_low,5.0,0.1905,28166.821537744563,52.29197817520464,28064.33114384081,28269.311931648317,27078.832282050465,50.971070288085755,26978.930820032358,27178.733744068573,0.10669926343070076,0.09232085302956422,0.0,0.28764481039066214,783.75,1.9850279471922758,779.8594167151977,787.6405832848023,78.44459618601377,0.19867906313932995,78.05519237777852,78.83399999424901,72.45424461512273,0.09004715216340643,72.27775543997205,72.63073379027341,116.55316007396944,0.6267733133114556,115.32470695340814,117.78161319453073,26.125,0.06616759823974251,25.995313890506587,26.254686109493413,10.555555555555555,0.4084659332057195,9.754977037560803,11.356134073550308,0.5991161158500217,0.003189617609004586,0.5928645802119179,0.6053676514881254,6.53125,0.016541899559935628,6.498828472626647,6.563671527373353,6.53125,0.016541899559935628,6.498828472626647,6.563671527373353,0.2241274176743251,0.0005676544661123715,0.22301483536508154,0.22523999998356864,905.6780576890343,1.12558940204258,903.4719429996509,907.8841723784177,27.647055389852543,0.06432304752654561,27.520984533324654,27.773126246380432,116.55316007396944,0.6267733133114556,115.32470695340814,117.78161319453073,1.0555555555555556,0.040846593320571944,0.9754977037560802,1.135613407355031,32.65625,0.08270949779967812,32.494142363133236,32.818357636866764,2.579569480818804,0.10803603117571232,2.3678227506817615,2.7913162109558467,32.005209666063074,0.06396261431260014,31.87984524565335,32.1305740864728,32.005208333333336,0.06396990774180503,31.87982961806505,32.130587048601626,6.276427260629456e-05,5.430638413503778e-05,0.0,0.00016920282964156597,6.40970023477756e-05,6.409700234777557e-05,0.0,0.00018972481846639503,0.9999980276380431,1.7075256837328468e-06,0.9999946809492003,1.0000013743268859,52.76312456595042
baseline,single_low,9.0,0.1905,29532.230440497533,50.981413791840424,29432.308705584594,29632.152175410472,28044.806587956653,50.00994012793594,27946.788906436894,28142.824269476412,0.0,0.0,0.0,0.0,466.4583333333333,1.3696216670168706,463.7739241935345,469.1427424731321,63.86303757956217,0.1875155694302409,63.49551381693838,64.23056134218596,131.21327840409882,0.18066335753811055,130.85918472999805,131.56737207819958,431.0801754461059,1.1304864244785109,428.8644627691166,433.2958881230952,388.71527777777777,1.141351389180727,386.4782701612788,390.95228539427677,6.09375,0.3071288583062785,5.4917884991067885,6.6957115008932115,2.277606290339724,0.005564013094428285,2.266701025065135,2.2885115556143125,3.8871527777777772,0.011413513891807258,3.8647827016127874,3.909522853942767,3.8871527777777772,0.011413513891807258,3.8647827016127874,3.909522853942767,0.18246582165589195,0.0005357587698006874,0.18141575376268113,0.18351588954910278,1640.1659800512352,2.258291969226382,1635.7398091249754,1644.592150977495,47.41482572036728,0.10342909703336067,47.2121084152284,47.617543025506166,431.0801754461059,1.1304864244785109,428.8644627691166,433.2958881230952,0.6093749999999999,0.030712885830627857,0.5491788499106788,0.669571150089321,34.984375,0.10272162502626528,34.783044314515095,35.185705685484905,4.892310975394757,0.19364111932619538,4.512781355589391,5.271840595200123,32.00539084007891,0.06397637669271794,31.879999445899816,32.13078223425801,32.005208333333336,0.06396990774180503,31.87982961806505,32.130587048601626,0.0,0.0,0.0,0.0,0.00018250674557363617,0.0001154049832823701,0.0,0.0004086963564435286,1.0,5.797529028300176e-19,1.0,1.0,1418.1720273189203
baseline,single_low,10.0,0.1905,30014.256937830283,50.32103986512679,29915.62951203003,30112.884363630536,28377.139553838886,48.54931289515571,28281.984649090216,28472.294458587556,0.1897098188314658,0.11431326308131075,0.0,0.4137596974260871,412.9166666666667,1.3533483565909321,410.264152629212,415.5691807041214,59.94519368905322,0.19647240209389796,59.56011485699311,60.33027252111333,144.58835423503078,0.1838013940033036,144.22811012247604,144.94859834758552,517.9010706929289,1.0254275550686116,515.8912696162395,519.9108717696183,495.5,1.6240180279091183,492.31698315505434,498.68301684494566,6.076388888888888,0.2707699318698129,5.545689574327691,6.607088203450086,2.7793588643144553,0.00726796909115271,2.7651139066550456,2.793603821973865,3.440972222222222,0.011277902971591106,3.418867938576766,3.4630765058676776,3.440972222222222,0.011277902971591106,3.418867938576766,3.4630765058676776,0.1712719819687235,0.0005613497202682793,0.17017175673426604,0.17237220720318097,1807.354427937885,2.297517425041295,1802.8513765309508,1811.8574793448192,52.59894717001102,0.10363842962656877,52.39581958052866,52.80207475949339,517.9010706929289,1.0254275550686116,515.8912696162395,519.9108717696183,0.6076388888888888,0.027076993186981296,0.5545689574327691,0.6607088203450086,34.409722222222214,0.11277902971591108,34.18867938576766,34.63076505867677,4.150917895438341,0.22553131757822587,3.708884635599153,4.592951155277529,32.005096739322255,0.06396020550368617,31.87973704009125,32.13045643855326,32.005208333333336,0.06396990774180503,31.87982961806505,32.130587048601626,0.00011159401107733282,6.724309593018279e-05,0.0,0.00024338805730946298,0.0,0.0,0.0,0.0,0.9999966227921799,2.0270371890880643e-06,0.999992649872294,1.000000595712066,1900.1985246516706
baseline,single_average,1.8,0.1905,49318.22190639891,74.3718778764146,49172.455704298525,49463.988108499296,45494.90998886063,68.58820522912033,45360.47957684731,45629.340400873945,0.4427083333333333,0.31222150730598025,0.0,1.054651242851864,3559.1666666666665,5.422452943812886,3548.53885418893,3569.794479144403,221.29536419645615,0.33714737505199277,220.63456748387202,221.95616090904028,24.820372786264528,0.027549073918803606,24.76637759357624,24.874367978952815,0.0,0.0,0.0,0.0,0.0,0.0,0.0,0.0,17.586805555555557,0.5768803384198274,16.456140868863418,18.717470242247696,0.0,0.0,0.0,0.0,29.659722222222225,0.04518710786510738,29.57115711824109,29.74828732620336,29.659722222222225,0.04518710786510738,29.57115711824109,29.74828732620336,0.6322724691327317,0.0009632782144342651,0.6303844785253485,0.6341604597401149,310.25465982830656,0.3443634239850451,309.579719919703,310.9295997369101,5.817286619484464,0.011193471749027066,5.795347817994404,5.839225420974524,0.0,0.0,0.0,0.0,1.7586805555555554,0.05768803384198274,1.6456140868863414,1.8717470242247694,53.387499999999996,0.08133679415719332,53.22808281283395,53.546917187166045,0.8523437500000001,0.03791184020083021,0.7780379086187351,0.926649591381265,53.3828125,0.08048002073977388,53.225074557875004,53.540550442124996,53.38268229166666,0.08045519996936418,53.22499299735774,53.540371585975585,0.00026041666666666666,0.00018365971017998836,0.0,0.0006203830840305082,0.00039062499999999997,0.00022434356960220333,0.0,0.0008303303165834734,0.9999950630569762,3.4818431079557814e-06,0.9999882387698847,1.0000018873440675,3368.574712265341
baseline,single_average,2.0,0.1905,48846.833703126315,73.71045604985866,48702.36386398457,48991.30354226806,45375.132378472226,68.3831715994367,45241.103824988706,45509.16093195575,0.5164930555555556,0.28406628895811475,0.0,1.0732527511354086,3204.1666666666665,4.9865292652160695,3194.393248898988,3213.940084434345,208.27919924427667,0.32413742180515587,207.64390157149688,208.91449691705645,28.07924346536977,0.031944548003225395,28.016633301781038,28.141853628958504,0.0,0.0,0.0,0.0,0.0,0.0,0.0,0.0,30.659722222222218,0.709724100615791,29.268688546055184,32.05075589838925,0.0,0.0,0.0,0.0,26.70138888888889,0.04155441054346724,26.6199437408249,26.782834036952877,26.70138888888889,0.04155441054346724,26.6199437408249,26.782834036952877,0.5950834264122188,0.0009261069194433014,0.5932682902042766,0.5968985626201609,350.9905433171221,0.39930685004031713,350.20791627226293,351.7731703619813,6.579039353933268,0.012518916367983648,6.554502728726551,6.603575979139985,0.0,0.0,0.0,0.0,3.065972222222222,0.07097241006157912,2.9268688546055186,3.205075589838925,53.40277777777778,0.08310882108693449,53.2398874816498,53.565668073905755,1.0139322916666667,0.042174998913708135,0.9312708127477828,1.0965937705855504,53.38250868055556,0.08045079011698433,53.22482802939848,53.54018933171264,53.38268229166666,0.08045519996936418,53.22499299735774,53.540371585975585,0.00030381944444444445,0.00016709781703418513,0.0,0.0006313251477267109,0.00013020833333333333,9.68480989065059e-05,0.0,0.00032002711916125786,0.9999943063379119,3.132748813754614e-06,0.9999881662630643,1.0000004464127594,2897.186508992745
baseline,single_average,2.1,0.1905,48616.4996993109,73.39661564204333,48472.64497606537,48760.35442255643,45319.71217980034,68.31332391677905,45185.82052525924,45453.60383434145,0.4427083333333333,0.3122215073059803,0.0,1.0546512428518642,3049.5833333333335,4.840290323217279,3040.09653862511,3059.070128041557,202.43214073552397,0.321299739935067,201.80240481700915,203.0618766540388,29.24253155281836,0.03044742093742952,29.182855704358868,29.30220740127785,0.0,0.0,0.0,0.0,0.0,0.0,0.0,0.0,15.086805555555557,0.48982205407036034,14.126771970744219,16.046839140366895,0.0,0.0,0.0,0.0,25.413194444444446,0.04033575269347732,25.334137821875917,25.492251067012976,25.413194444444446,0.04033575269347732,25.334137821875917,25.492251067012976,0.5783775449586397,0.0009179992569573328,0.5765782994771688,0.5801767904401106,365.5316444102295,0.3805927617178691,364.78569630448584,366.27759251597314,6.852061286818302,0.012632148496450602,6.827302730717897,6.8768198429187075,0.0,0.0,0.0,0.0,1.5086805555555554,0.048982205407036024,1.4126771970744216,1.604683914036689,53.36770833333333,0.08470508065630236,53.20168942593942,53.533727240727245,0.98203125,0.045434867888197915,0.8929805452967967,1.0710819547032033,53.382421875,0.08046676604081408,53.22470991160759,53.54013383839241,53.38268229166666,0.08045519996936418,53.22499299735774,53.540371585975585,0.00026041666666666666,0.0001836597101799884,0.0,0.0006203830840305082,0.0,0.0,0.0,0.0,0.9999950595787853,3.4842840388183462e-06,0.9999882305075574,1.0000018886500133,2666.852505177332
baseline,single_average,2.25,0.1905,48330.98206859429,72.83733023191267,48188.22352460969,48473.74061257889,45241.66899251606,68.18554949811649,45108.02777123368,45375.31021379844,0.0,0.0,0.0,0.0,2848.75,4.415250522085341,2840.096267993991,2857.403732006009,194.87289333573935,0.3020316433667063,194.28092219254916,195.46486447892954,31.384627186943153,0.034465205452367004,31.31707662553674,31.452177748349566,0.0,0.0,0.0,0.0,0.0,0.0,0.0,0.0,14.305555555555555,0.5001656050486283,13.325248983354559,15.285862127756552,0.0,0.0,0.0,0.0,23.739583333333332,0.03679375435071117,23.667468899949924,23.81169776671674,23.739583333333332,0.03679375435071117,23.667468899949924,23.81169776671674,0.5567796952449695,0.0008629475524763022,0.555088349121569,0.55847104136837,392.30783983678936,0.4308150681545878,391.46345781920917,393.15222185436954,7.353950882824086,0.014318129183797958,7.32588786529785,7.382013900350322,0.0,0.0,0.0,0.0,1.4305555555555554,0.050016560504862834,1.3325248983354556,1.528586212775655,53.4140625,0.08278594728910013,53.25180502488733,53.57631997511267,1.12109375,0.04751280606987111,1.0279703612986166,1.2142171387013834,53.38268229166666,0.08045519996936418,53.22499299735774,53.540371585975585,53.38268229166666,0.08045519996936418,53.22499299735774,53.540371585975585,0.0,0.0,0.0,0.0,0.0,0.0,0.0,0.0,1.0,0.0,1.0,1.0,2381.334874460721
baseline,single_average,2.4,0.1905,48072.94139453569,72.57301874019726,47930.70089155555,48215.181897515824,45168.45765591502,68.0752097311097,45035.03269660204,45301.88261522801,0.0,0.0,0.0,0.0,2670.2083333333335,4.2883359379072346,2661.8033493414264,2678.6133173252406,187.9508462537243,0.3018477466676782,187.35923554144108,188.54245696600753,33.61622570027048,0.0336947872372838,33.55018513081867,33.6822662697223,0.0,0.0,0.0,0.0,0.0,0.0,0.0,0.0,12.708333333333334,0.4920993255129029,11.743836378511592,13.672830288155076,0.0,0.0,0.0,0.0,22.25173611111111,0.03573613281589361,22.18169457784522,22.321777644377,22.25173611111111,0.03573613281589361,22.18169457784522,22.321777644377,0.5370024178677838,0.0008624221333362221,0.5353121015469746,0.538692734188593,420.202821253381,0.4211848404660475,419.3773141352333,421.0283283715287,7.876091090888235,0.014417426939439506,7.847833453337197,7.904348728439274,0.0,0.0,0.0,0.0,1.2708333333333333,0.04920993255129029,1.174383637851159,1.3672830288155076,53.40416666666666,0.08576671875814462,53.23606698682852,53.572266346504804,1.2734375,0.049839068357906045,1.1757547209954744,1.3711202790045256,53.38268229166666,0.08045519996936418,53.22499299735774,53.540371585975585,53.38268229166666,0.08045519996936418,53.22499299735774,53.540371585975585,0.0,0.0,0.0,0.0,0.0,0.0,0.0,0.0,1.0,0.0,1.0,1.0,2123.294200402117
baseline,single_average,3.0,0.1905,47275.068619811536,71.32865279385847,47135.26702926981,47414.87021035326,44915.13423049592,67.69741958284851,44782.44972626724,45047.8187347246,0.4427083333333333,0.31222150730598025,0.0,1.054651242851864,2136.875,3.5003622662182265,2130.0144160253694,2143.7355839746306,166.5384935504976,0.2728026013206152,166.00381027702036,167.07317682397485,42.49585581510344,0.04864370204075532,42.40051591102886,42.59119571917802,0.005942727796570627,0.003034774435703362,0.0,0.011890776391752083,0.0,0.0,0.0,0.0,13.576388888888888,0.7747318335941983,12.057942397367581,15.094835380410194,3.056000973222852e-05,1.530278233205261e-05,5.671074981495453e-07,6.055291196630749e-05,17.807291666666668,0.029169685551818564,17.750120133544744,17.86446319978859,17.807291666666668,0.029169685551818564,17.750120133544744,17.86446319978859,0.47582426728713617,0.0007794360037731855,0.4742966007914869,0.47735193378278545,531.1981976887929,0.6080462755094417,530.0064488878606,532.3899464897252,9.95592942078943,0.019355172669523028,9.91799397944261,9.993864862136249,0.005942727796570627,0.003034774435703362,0.0,0.011890776391752083,1.3576388888888886,0.07747318335941983,1.205794239736758,1.5094835380410192,53.421875,0.08750905665545566,53.25036040063423,53.59338959936577,1.6334931790335123,0.06257558615523927,1.51084728385776,1.7561390742092646,53.382421875,0.08046231808799252,53.224718629434925,53.54012512056507,53.38268229166666,0.08045519996936418,53.22499299735774,53.540371585975585,0.00026041666666666666,0.00018365971017998836,0.0,0.0006203830840305082,0.0,0.0,0.0,0.0,0.9999950841580998,3.466914049067151e-06,0.9999882891314261,1.0000018791847736,1325.421425677967
baseline,single_average,4.5,0.1905,46134.789405057614,69.05554350873635,45999.44302684765,46270.13578326758,44475.34970184725,66.70463946185531,44344.611010900284,44606.08839279421,0.0,0.0,0.0,0.0,1426.0416666666667,2.46811951636509,1421.2042413050508,1430.8790920282827,135.3063366558118,0.23418124308294425,134.8473498535144,135.7653234581092,64.74946805551325,0.06245187334708269,64.6270646329859,64.87187147804059,4.757162387914794,0.11002884856528093,4.541509807466431,4.972814968363156,11.883680555555557,0.020567662636375755,11.84336867754209,11.923992433569024,16.701388888888886,0.5163541151339442,15.689353419957307,17.713424357820465,0.02395713788433483,0.0005555774383679806,0.022868226114510566,0.025046049654159096,11.883680555555557,0.020567662636375755,11.84336867754209,11.923992433569024,11.883680555555557,0.020567662636375755,11.84336867754209,11.923992433569024,0.3865895333023193,0.0006690892659512697,0.38527814243861247,0.3879009241660262,809.3683506939155,0.7806484168385341,807.8383079123238,810.8983934755073,15.16980264775672,0.02767380097009631,15.115562994540001,15.224042300973439,4.757162387914794,0.11002884856528093,4.541509807466431,4.972814968363156,1.6701388888888886,0.051635411513394416,1.5689353419957308,1.7713424357820464,53.4765625,0.09255448186369088,53.295159048939404,53.657965951060596,2.3502270153958382,0.10106906654221846,2.1521352850220077,2.5483187457696688,53.38271070535614,0.0804571322232625,53.22501762389917,53.54040378681311,53.38268229166666,0.08045519996936418,53.22499299735774,53.540371585975585,0.0,0.0,0.0,0.0,2.8413689472608256e-05,2.841368947260826e-05,0.0,8.410349750682532e-05,1.0,0.0,1.0,1.0,185.14221092404478
baseline,single_average,5.0,0.1905,45949.64719413357,68.04579443334269,45816.2798877448,46083.01450052234,44393.453207987186,66.21020651623009,44263.683587806416,44523.222828167956,0.18333954092838547,0.1833395409283855,0.0,0.5426784380901283,1282.9166666666667,2.1604404432124094,1278.6822812072267,1287.1510521261068,128.40558833425644,0.21623588918881065,127.98177377928137,128.8294028892315,72.21064426129803,0.0691173117528272,72.07517681955426,72.3461117030418,13.758997343237363,0.1913647608582588,13.383929304045056,14.13406538242967,42.76388888888889,0.07201468144041372,42.62274270690756,42.90503507087023,15.954861111111109,0.47677441493224676,15.02040042909375,16.889321793128467,0.0694576036668402,0.0009661843338856786,0.06756391716999745,0.07135129016368295,10.690972222222223,0.01800367036010343,10.65568567672689,10.726258767717557,10.690972222222223,0.01800367036010343,10.65568567672689,10.726258767717557,0.366873109526447,0.0006178168262537446,0.36566221079794686,0.3680840082549472,902.6330532662254,0.8639663969103406,900.9397102444283,904.3263962880225,16.860215275085412,0.03060958841229215,16.800221584215727,16.920208965955098,13.758997343237363,0.1913647608582588,13.383929304045056,14.13406538242967,1.595486111111111,0.04767744149322467,1.502040042909375,1.688932179312847,53.45486111111111,0.0900183518005171,53.278428383634434,53.63129383858778,2.5070646711463023,0.09422624510320511,2.3223846243455766,2.691744717947028,53.38257444487789,0.08045883513583768,53.2248780257736,53.54027086398218,53.38268229166666,0.08045519996936418,53.22499299735774,53.540371585975585,0.00010784678878140324,0.00010784678878140325,0.0,0.00031922261064125195,0.0,0.0,0.0,0.0,0.9999979603444201,2.0396555797900827e-06,0.9999939626929428,1.0000019579958974,0.0
baseline,single_average,9.0,0.1905,46496.98434250103,64.81530192176774,46369.94868508728,46624.01999991479,44684.253469814,63.541302136456444,44559.71480609577,44808.79213353223,0.0,0.0,0.0,0.0,726.875,1.6088775991805133,723.7216578500729,730.0283421499271,99.51681023452096,0.2202722156192174,99.08508462511246,99.94853584392946,131.59002716367002,0.124965625674463,131.34509903804255,131.83495528929748,239.87056306662123,0.7744866616900332,238.3525971032021,241.38852903004036,605.7291666666666,1.340731332650426,603.1013815417274,608.3569517916059,9.149305555555555,0.3395359823921304,8.483827258611553,9.814783852499557,1.2408909901329601,0.0038811298413127773,1.2332841154246634,1.2484978648412568,6.057291666666667,0.013407313326504276,6.031013815417275,6.083569517916059,6.057291666666667,0.013407313326504276,6.031013815417275,6.083569517916059,0.2843337435272028,0.0006293491874834784,0.28310024178603566,0.28556724526836996,1644.8753395458752,1.5620703209307871,1641.813737975532,1647.9369411162186,29.75971722199354,0.048369874450199954,29.664914010134424,29.854520433852656,239.87056306662123,0.7744866616900332,238.3525971032021,241.38852903004036,0.9149305555555555,0.03395359823921304,0.8483827258611554,0.9814783852499556,54.515625,0.12066581993853849,54.27912433875547,54.75212566124453,4.597954075996646,0.18911948480773275,4.2272866969987195,4.968621454994572,53.38277448875053,0.08044980679141087,53.22509576487616,53.5404532126249,53.38268229166666,0.08045519996936418,53.22499299735774,53.540371585975585,0.0,0.0,0.0,0.0,9.2197083860486e-05,9.219708386048602e-05,0.0,0.0002729000477066577,1.0,0.0,1.0,1.0,547.3371483674637
baseline,single_average,10.0,0.1905,46919.99617373208,64.35426856717253,46793.864125089,47046.128222375155,44898.83552669109,62.540132176615025,44776.25912003655,45021.411933345626,0.0,0.0,0.0,0.0,660.4166666666666,1.4766827397594355,657.5224216801462,663.3109116531871,95.87601614243124,0.21437747613035987,95.45584401011914,96.29618827474334,145.67856167440402,0.15029900626161483,145.3839810352191,145.97314231358894,318.772735890826,0.97803555193644,316.85582143343083,320.6896503482212,792.5,1.7720192877113226,789.0269060161755,795.9730939838245,7.916666666666667,0.31859125509401126,7.292239280892992,8.541094052440343,1.653927302829733,0.005368358637762932,1.6434055132436232,1.6644490924158428,5.503472222222221,0.012305689497995285,5.479353514001218,5.527590930443225,5.503472222222221,0.012305689497995285,5.479353514001218,5.527590930443225,0.27393147469266066,0.0006125070746581712,0.2727309828860547,0.27513196649926663,1820.9820209300499,1.8787375782701852,1817.2997629402382,1824.6642789198615,33.003634500669875,0.057449576456779713,32.89103539988751,33.116233601452244,318.772735890826,0.97803555193644,316.85582143343083,320.6896503482212,0.7916666666666666,0.03185912550940113,0.7292239280892991,0.8541094052440341,55.03472222222222,0.12305689497995304,54.79353514001219,55.275909304432254,5.021878616945162,0.20872876695725215,4.612777751171493,5.43097948271883,53.38268229166666,0.08045519996936418,53.22499299735774,53.540371585975585,53.38268229166666,0.08045519996936418,53.22499299735774,53.540371585975585,0.0,0.0,0.0,0.0,0.0,0.0,0.0,0.0,1.0,0.0,1.0,1.0,970.3489795985079
baseline,two_person_low,1.8,0.15475,68977.96259369771,107.90771263736653,68766.46736327438,69189.45782412104,63633.17287319456,99.74991229024351,63437.66663764466,63828.679108744465,0.4427083333333333,0.31222150730598025,0.0,1.054651242851864,4979.166666666667,7.781698297196957,4963.9148182656045,4994.4185150677295,309.5855305721904,0.4838362234825968,308.63722899974863,310.5338321446322,24.518426042058877,0.028396893842783225,24.462769152854214,24.57408293126354,0.0,0.0,0.0,0.0,0.0,0.0,0.0,0.0,31.076388888888886,0.7023213466642962,29.699864343853196,32.45291343392458,0.0,0.0,0.0,0.0,41.49305555555555,0.06484748580997467,41.36595681888003,41.62015429223107,41.49305555555555,0.06484748580997467,41.36595681888003,41.62015429223107,0.8845300873491154,0.0013823892099502765,0.8818206542849961,0.8872395204132347,306.4803255257359,0.35496117303479013,305.78461441067765,307.17603664079417,4.107967097640496,0.007895100952156531,4.0924929841199615,4.123441211161031,0.0,0.0,0.0,0.0,3.107638888888888,0.0702321346664296,2.969986434385319,3.245291343392457,74.68749999999999,0.11672547445795432,74.45872227398405,74.91627772601592,0.8898437500000002,0.038553746861320674,0.8142797946827375,0.9654077053172628,74.66588541666665,0.11704454115823759,74.4364823314095,74.89528850192382,74.66562499999999,0.11708534305287652,74.43614194449884,74.89510805550114,0.00026041666666666666,0.0001836597101799884,0.0,0.0006203830840305082,0.0005208333333333333,0.00025836341518262293,1.4450344652623334e-05,0.0010272163220140433,0.9999965253960864,2.4504991118212894e-06,0.9999917225060831,1.0000013282860898,5801.590816960903
baseline,two_person_low,2.0,0.15475,68305.24814172479,106.85591707726054,68095.81439271836,68514.68189073123,63465.965711805555,99.51338625549727,63270.923058765155,63661.008364845955,0.14756944444444445,0.14756944444444445,0.0,0.4368002407741399,4477.291666666667,6.965759536413747,4463.63902885033,4490.944304483004,291.0356483068108,0.4527925570993301,290.14819120242834,291.92310541119326,27.838795501319265,0.02988648424326098,27.78021906857795,27.89737193406058,0.0,0.0,0.0,0.0,0.0,0.0,0.0,0.0,42.96875,0.8173094231661233,41.366852966369194,44.570647033630806,0.0,0.0,0.0,0.0,37.310763888888886,0.058047996136781216,37.19699190708607,37.4245358706917,37.310763888888886,0.058047996136781216,37.19699190708607,37.4245358706917,0.8315304237337449,0.0012936930202838007,0.8289948320069378,0.8340660154605519,347.9849437664907,0.37358105304076245,347.25273835722425,348.71714917575713,4.663872456735761,0.009289924060719728,4.645664540157638,4.682080373313884,0.0,0.0,0.0,0.0,4.296875,0.08173094231661233,4.136685296636919,4.457064703363081,74.62152777777777,0.11609599227356243,74.39398381417215,74.8490717413834,0.8914062499999998,0.04117179518576002,0.8107110142570506,0.9721014857429491,74.66584201388888,0.1170745720652909,74.43638006913547,74.89530395864229,74.66562499999999,0.11708534305287652,74.43614194449884,74.89510805550114,8.680555555555556e-05,8.680555555555556e-05,0.0,0.00025694131810243524,0.00030381944444444445,0.00016709781703418513,0.0,0.0006313251477267109,0.9999988464377999,1.153562200073797e-06,0.9999965854974339,1.000001107378166,5128.876364987984
baseline,two_person_low,2.1,0.15475,67994.72092186754,106.54541041152845,67785.8957547429,68203.54608899218,63388.7002290953,99.37724641798071,63193.9244052333,63583.4760529573,0.22135416666666666,0.22135416666666669,0.0,0.6552003611612099,4265.625,6.743244065899308,4252.408484491874,4278.841515508126,283.15330520288654,0.4476183079968679,282.2759894403919,284.03062096538116,28.87867229157153,0.034609853085541174,28.810838226013647,28.94650635712941,0.0,0.0,0.0,0.0,0.0,0.0,0.0,0.0,28.14236111111111,0.6969928063973865,26.776280313088733,29.508441909133488,0.0,0.0,0.0,0.0,35.546875,0.05619370054916088,35.43673737076561,35.65701262923439,35.546875,0.05619370054916088,35.43673737076561,35.65701262923439,0.8090094434368188,0.0012789094514196215,0.8065028269725485,0.8115160599010891,360.9834036446441,0.4326231635692647,360.1354778251706,361.83132946411763,4.8371825203162295,0.009447380381074897,4.818665995021073,4.855699045611386,0.0,0.0,0.0,0.0,2.8142361111111107,0.06969928063973864,2.677628031308873,2.9508441909133483,74.6484375,0.11800677115323789,74.4171484786078,74.8797265213922,0.9269531250000002,0.04075794382968479,0.8470690230099114,1.006837226990089,74.66601562499999,0.11705718853671349,74.43658775133652,74.89544349866345,74.66562499999999,0.11708534305287652,74.43614194449884,74.89510805550114,0.00013020833333333333,0.00013020833333333333,0.0,0.0003854119771536529,0.0005208333333333333,0.00025836341518262293,1.4450344652623334e-05,0.0010272163220140433,0.9999982114239927,1.788576007326001e-06,0.9999947058794347,1.0000017169685507,4818.3491451307345
baseline,two_person_low,2.25,0.15475,67591.41998352985,105.93242672169464,67383.7962423604,67799.0437246993,63278.90144060177,99.22517215722604,63084.423676813814,63473.37920438972,0.4427083333333333,0.31222150730598025,0.0,1.054651242851864,3982.5,6.305382891081347,3970.1416766247457,3994.8583233752543,272.4287135443903,0.4313289012987063,271.5833244323536,273.274102656427,31.03600993924567,0.034068678287021745,30.969236556802226,31.102783321689113,0.0,0.0,0.0,0.0,0.0,0.0,0.0,0.0,26.11111111111111,0.6565427732905952,24.824310921151497,27.397911301070724,0.0,0.0,0.0,0.0,33.1875,0.052544857425677875,33.08451397187288,33.29048602812712,33.1875,0.052544857425677875,33.08451397187288,33.29048602812712,0.7783677529839723,0.0012323682894248764,0.7759523555210103,0.7807831504469344,387.9501242405709,0.42585847858777165,387.11545696002787,388.78479152111396,5.19826278754148,0.009734237149811753,5.179184033310877,5.2173415417720825,0.0,0.0,0.0,0.0,2.6111111111111107,0.06565427732905953,2.4824310921151493,2.739791130107072,74.671875,0.11822592920777526,74.44015643671398,74.90359356328602,1.09375,0.046168874300642,1.0032606691639847,1.1842393308360153,74.66562499999999,0.11708024833215923,74.43615192996795,74.89509807003203,74.66562499999999,0.11708534305287652,74.43614194449884,74.89510805550114,0.00026041666666666666,0.00018365971017998836,0.0,0.0006203830840305082,0.00026041666666666666,0.0001836597101799884,0.0,0.0006203830840305082,0.99999657341152,2.416631814523083e-06,0.9999918369001997,1.0000013099228404,4415.0482067930425
baseline,two_person_low,2.4,0.15475,67229.34045124515,105.30814459097014,67022.94028056812,67435.74062192219,63176.391576371,99.04527907237933,62982.26639655042,63370.51675619159,0.4427083333333333,0.31222150730598025,0.0,1.054651242851864,3733.3333333333335,5.92516841192847,3721.720216643619,3744.946450023048,262.78217717615195,0.41706124698801544,261.96475215270806,263.59960219959584,33.33510047578645,0.03507944061153342,33.26634603559003,33.40385491598286,0.0,0.0,0.0,0.0,0.0,0.0,0.0,0.0,23.055555555555554,0.6425490169798485,21.796182623973436,24.31492848713767,0.0,0.0,0.0,0.0,31.11111111111111,0.04937640343273724,31.014335138696826,31.207887083525396,31.11111111111111,0.04937640343273724,31.014335138696826,31.207887083525396,0.7508062205032914,0.0011916035628229025,0.7484707204363089,0.7531417205702738,416.68875594733055,0.438493007644168,415.82932544487534,417.54818644978576,5.58445212037973,0.010284015045303959,5.564295821274466,5.604608419484994,0.0,0.0,0.0,0.0,2.3055555555555554,0.06425490169798485,2.1796182623973435,2.4314928487137673,74.66666666666666,0.11850336823856941,74.43440433287238,74.89892900046094,1.13984375,0.05059741947747708,1.0406746301134795,1.2390128698865206,74.66549479166666,0.11705740996267759,74.43606648401627,74.89492309931705,74.66562499999999,0.11708534305287652,74.43614194449884,74.89510805550114,0.00026041666666666666,0.00018365971017998836,0.0,0.0006203830840305082,0.00013020833333333333,0.00013020833333333328,0.0,0.0003854119771536528,0.9999965951920847,2.4018863804215733e-06,0.9999918875812841,1.0000013028028854,4052.9686745083454
baseline,two_person_low,3.0,0.15475,66103.03349185112,103.5800566731091,65900.02031125521,66306.04667244703,62822.671363989386,98.50303109891794,62629.608970667476,63015.733757311296,0.0,0.0,0.0,0.0,2986.25,4.79652515657548,2976.8489834421716,2995.6510165578284,232.73498747712128,0.3738197479277664,232.002314234473,233.46766071976955,42.03686260683866,0.04558283594443821,41.94752189007436,42.12620332360296,0.0,0.0,0.0,0.0,0.0,0.0,0.0,0.0,19.340277777777775,0.6005820488048644,18.163158592358965,20.517396963196585,0.0,0.0,0.0,0.0,24.885416666666668,0.03997104297146233,24.807074862018098,24.963758471315238,24.885416666666668,0.03997104297146233,24.807074862018098,24.963758471315238,0.6649571070774895,0.0010680564226507594,0.6628637549556373,0.6670504591993416,525.4607825854832,0.5697854493054776,524.3440236259295,526.577541545037,7.042745153030577,0.014127463821100703,7.015055832748327,7.070434473312827,0.0,0.0,0.0,0.0,1.9340277777777777,0.06005820488048644,1.8163158592358966,2.051739696319659,74.65625,0.119913128914387,74.4212245860543,74.8912754139457,1.4484375,0.0621981215770699,1.3265314218028994,1.5703435781971007,74.66588541666665,0.11707264071298344,74.43642725729421,74.8953435760391,74.66562499999999,0.11708534305287652,74.43614194449884,74.89510805550114,0.0,0.0,0.0,0.0,0.00026041666666666666,0.00018365971017998836,0.0,0.0006203830840305082,1.0,0.0,1.0,1.0,2926.6617151143146
baseline,two_person_low,4.5,0.15475,64441.33017699702,100.8962402960429,64243.577179841275,64639.083174152765,62179.3664352242,97.49756728937551,61988.27471475675,62370.458155691646,0.00595667298152765,0.005956672981527649,0.0,0.017631537493004664,1990.625,3.358022387399427,1984.0433970614179,1997.2066029385821,188.87539032085928,0.31861741368979624,188.25091166517998,189.49986897653858,64.24747078407133,0.08557358815955847,64.07974963325073,64.41519193489192,0.03284066156457733,0.0050407487304447865,0.02296097559778955,0.04272034753136511,0.0,0.0,0.0,0.0,18.177083333333332,0.7453515464072801,16.716221146553828,19.637945520112837,0.00016470854781159224,2.5298428762313035e-05,0.00011512453857200647,0.000214292557051178,16.588541666666668,0.027983519894995215,16.533694975511818,16.643388357821518,16.588541666666668,0.027983519894995215,16.533694975511818,16.643388357821518,0.5396439723453121,0.0009103354676851315,0.5378597476147998,0.5414281970758245,803.0933848008916,1.0696698519944818,800.9968704156341,805.1898991861491,10.759001942998102,0.022837338265709425,10.714241582494553,10.803762303501651,0.03284066156457733,0.0050407487304447865,0.02296097559778955,0.04272034753136511,1.817708333333333,0.07453515464072802,1.6716221146553827,1.9637945520112834,74.6484375,0.1259258395274785,74.40162738980317,74.89524761019683,2.205632284287647,0.08928934251240798,2.030628388760066,2.3806361798152276,74.66575230325765,0.11707859725883853,74.43628246926986,74.89522213724544,74.66562499999999,0.11708534305287652,74.43614194449884,74.89510805550114,3.5039252832515586e-06,3.5039252832515586e-06,0.0,1.0371492642943922e-05,0.00013080718294184772,0.00013020657508727569,0.0,0.00038600738066321835,0.9999999542269721,4.577302786743418e-08,0.999999864513486,1.0000000439404582,1264.9584002602132
baseline,two_person_low,5.0,0.15475,64080.18514909763,100.2445148777176,63883.70951028962,64276.66078790565,62013.032891613526,97.21549983582923,61822.49401319624,62203.57177003081,0.0,0.0,0.0,0.0,1793.75,2.9340667713089164,1787.999334799999,1799.500665200001,179.53428313704907,0.29366721921292327,178.9587059639517,180.10986031014644,71.76951213340142,0.07855298018567776,71.6155511213592,71.92347314544364,0.2234622136484369,0.01712951622473196,0.18988897877536776,0.25703544852150606,0.0,0.0,0.0,0.0,21.875,0.5266005593594675,20.842881869416797,22.907118130583203,0.0011257748466910306,8.647085428266914e-05,0.000956295086584588,0.0012952546067974732,14.947916666666666,0.0244505564275743,14.899994456666656,14.995838876666676,14.947916666666666,0.0244505564275743,14.899994456666656,14.995838876666676,0.5129550946772828,0.0008390491977512102,0.5113105884684332,0.5145996008861324,897.1189016675179,0.981912252320972,895.1943890169902,899.0434143180456,12.027865387271655,0.023473319830175247,11.981858525806922,12.073872248736388,0.2234622136484369,0.01712951622473196,0.18988897877536776,0.25703544852150606,2.1875,0.052660055935946755,2.08428818694168,2.29071181305832,74.73958333333333,0.12225278213787152,74.49997228333328,74.97919438333338,2.5532765450597936,0.10627303988950362,2.344985214348778,2.761567875770809,74.66579878315562,0.11707689921768667,74.43633227726733,74.89526528904392,74.66562499999999,0.11708534305287652,74.43614194449884,74.89510805550114,0.0,0.0,0.0,0.0,0.00017378315562412974,0.00013711440908374258,0.0,0.00044252245918975685,1.0,0.0,1.0,1.0,903.8133723608262
baseline,two_person_low,9.0,0.15475,63176.37177673681,95.06387463071317,62990.05000622978,63362.693547243834,61497.79346959388,93.46130189689654,61314.61268392774,61680.97425526002,0.0,0.0,0.0,0.0,1000.0,1.7968364676420938,996.4782652373133,1003.5217347626867,136.91048699504174,0.24600575583532935,136.42832457361493,137.39264941646854,130.62734739617008,0.13488139276382385,130.36298472416837,130.8917100681718,100.51963941839028,0.6509528484097455,99.24379527987342,101.79548355690714,300.0,0.5390509402926281,298.943479571194,301.056520428806,10.520833333333334,0.38503889517169027,9.766170966149728,11.27549570051694,0.511526621025942,0.0033193947247118255,0.5050207269150346,0.5180325151368494,8.33333333333333,0.014973637230350771,8.303985543644275,8.362681123022385,8.33333333333333,0.014973637230350771,8.303985543644275,8.362681123022385,0.39117281998583353,0.0007028735881009416,0.3897952130674712,0.39255042690419584,1632.8418424521262,1.6860174095477987,1629.537309052105,1636.1463758521475,21.66782490805637,0.038310975904922356,21.59273677507014,21.742913041042602,100.51963941839028,0.6509528484097455,99.24379527987342,101.79548355690714,1.0520833333333333,0.03850388951716903,0.9766170966149726,1.127549570051694,75.0,0.13476273507315703,74.7358698927985,75.2641301072015,4.577830188654539,0.18718827424308798,4.210947912809879,4.944712464499198,74.66562499999999,0.11708534305287652,74.43614194449884,74.89510805550114,74.66562499999999,0.11708534305287652,74.43614194449884,74.89510805550114,0.0,0.0,0.0,0.0,0.0,0.0,0.0,0.0,1.0,0.0,1.0,1.0,0.0
baseline,two_person_low,10.0,0.15475,63413.93374302448,94.16719375120992,63229.3694347469,63598.49805130206,61576.08830914237,92.49449433898364,61394.80243146972,61757.37418681502,0.18085675834404344,0.1808567583440435,0.0,0.5353294910590326,907.2916666666666,1.7428461565559243,903.875750969223,910.7075823641103,131.71610419567446,0.25301776086773003,131.22019849692475,132.21200989442417,145.37688614489772,0.1545380676891724,145.07399709798653,145.67977519180891,159.40839233874945,0.8317639198147011,157.77816501227278,161.03861966522612,483.8888888888889,0.9295179501631593,482.0670671835856,485.7107105941922,9.982638888888888,0.4026115450781372,9.193534760775714,10.771743017002061,0.8139251819670678,0.004377234136026137,0.8053459607085572,0.8225044032255783,7.560763888888889,0.014523717971299364,7.532297924743525,7.5892298530342535,7.560763888888889,0.014523717971299364,7.532297924743525,7.5892298530342535,0.37633172627335565,0.0007229078881935149,0.37491485284835646,0.37774859969835484,1817.2110768112213,1.9317258461146547,1813.4249637248315,1820.9971898976112,24.02212600657889,0.043463997601033685,23.936938136656728,24.107313876501053,159.40839233874945,0.8317639198147011,157.77816501227278,161.03861966522612,0.998263888888889,0.04026115450781372,0.9193534760775716,1.0771743017002062,75.60763888888887,0.1452371797129936,75.32297924743523,75.89229853034252,5.0436901123586635,0.20995159293245766,4.632192551714232,5.455187673003095,74.66551861367155,0.11708891462005501,74.43602855802736,74.89500866931574,74.66562499999999,0.11708534305287652,74.43614194449884,74.89510805550114,0.0001063863284376726,0.0001063863284376726,0.0,0.00031489970062296025,0.0,0.0,0.0,0.0,0.9999985608883538,1.4391116460963737e-06,0.9999957402813577,1.00000138149535,237.56196628767066
baseline,two_person_average,1.8,0.15475,98495.082612917,140.0840903735446,98220.5228409778,98769.6423848562,90868.19838313667,129.00930657493242,90615.34478857931,91121.05197769402,0.6640625,0.38138406832374566,0.0,1.4115615381919047,7110.0,10.262692732862309,7089.885491859189,7130.114508140811,442.0725936137119,0.63809496397708,440.8219504656004,443.32323676182335,24.39062922217545,0.026261785642192437,24.33915706814704,24.44210137620386,0.0,0.0,0.0,0.0,0.0,0.0,0.0,0.0,49.756944444444436,0.9156181477976686,47.962365851169736,51.551523037719136,0.0,0.0,0.0,0.0,59.25,0.08552243944051922,59.08237909882657,59.41762090117343,59.25,0.08552243944051922,59.08237909882657,59.41762090117343,1.263064553182034,0.0018231284685059422,1.2594912870445727,1.2666378193194952,304.8828652771931,0.3282723205274057,304.239463351838,305.5262672025482,2.859974887205522,0.0049760510735838235,2.850222006316066,2.8697277680949784,0.0,0.0,0.0,0.0,4.975694444444444,0.09156181477976685,4.796236585116974,5.155152303771914,106.64999999999999,0.15394039099293463,106.34828237788783,106.95171762211216,0.85703125,0.03671248345212001,0.7850761046508221,0.9289863953491779,106.62291666666665,0.15137692601943548,106.32622334357818,106.91960998975513,106.62265624999999,0.15137499210196678,106.3259667173201,106.91934578267988,0.00039062499999999997,0.00022434356960220333,0.0,0.0008303303165834734,0.0006510416666666666,0.00028808981306583287,8.63960087447575e-05,0.0012156873245885757,0.9999964012532555,2.0670412392319816e-06,0.999992349926872,1.0000004525796389,9073.850813807323
baseline,two_person_average,2.0,0.15475,97534.99180836191,138.58533728640018,97263.36953849523,97806.6140782286,90629.40538194444,128.6652670396247,90377.22609248555,90881.58467140333,0.22135416666666666,0.16464176814106,0.0,0.5440461025741383,6399.166666666667,9.218874018106655,6381.098005613166,6417.235327720168,415.9625412215346,0.5992508811729893,414.78803107673167,417.1370513663375,27.649058807035885,0.02679042169907488,27.59655054537506,27.70156706869671,0.0,0.0,0.0,0.0,0.0,0.0,0.0,0.0,62.58680555555554,0.978698892459696,60.668590974625296,64.50502013648578,0.0,0.0,0.0,0.0,53.326388888888886,0.07682395015088879,53.17581671344304,53.47696106433473,53.326388888888886,0.07682395015088879,53.17581671344304,53.47696106433473,1.1884644034900986,0.0017121453747799683,1.1851086602192331,1.1918201467609641,345.61323508794857,0.33488027123843606,344.9568818171882,346.2695883587089,3.2421997530152034,0.005703420679207306,3.231021253895276,3.2533782521351307,0.0,0.0,0.0,0.0,6.2586805555555545,0.09786988924596962,6.0668590974625305,6.4505020136485784,106.65277777777777,0.15364790030177758,106.35163342688608,106.95392212866946,0.9864583333333332,0.039028544724359605,0.9099637913045777,1.0629528753620887,106.6228298611111,0.15137090239955833,106.32614834410064,106.91951137812156,106.62265624999999,0.15137499210196678,106.3259667173201,106.91934578267988,0.00013020833333333333,9.684809890650587e-05,0.0,0.00032002711916125786,0.00030381944444444445,0.00017807023434984875,0.0,0.0006528306904887552,0.999998776045011,9.105712937025954e-07,0.99999699135807,1.000000560731952,8113.760009252233
baseline,two_person_average,2.1,0.15475,97089.62548178349,137.88756236935419,96819.37082562353,97359.88013794344,90519.15457165737,128.50858106137204,90267.28238107274,90771.026762242,0.4427083333333333,0.31222150730598025,0.0,1.054651242851864,6094.583333333333,8.709183450910725,6077.5136474347955,6111.6530192318705,404.56003860343066,0.5781178795003435,403.4269483807913,405.69312882607,28.732052078218327,0.027293039208501926,28.678558704341025,28.78554545209563,0.0,0.0,0.0,0.0,0.0,0.0,0.0,0.0,42.15277777777778,0.7919319743639022,40.60061962981883,43.70493592573673,0.0,0.0,0.0,0.0,50.788194444444436,0.07257652875758935,50.645947061956626,50.930441826932245,50.788194444444436,0.07257652875758935,50.645947061956626,50.930441826932245,1.1558858245812302,0.0016517653700009786,1.1526484239451178,1.1591232252173427,359.1506509777291,0.34116299010627427,358.48198380426277,359.8193181511954,3.3699112945669825,0.005984429227867011,3.358182028812334,3.381640560321631,0.0,0.0,0.0,0.0,4.215277777777778,0.07919319743639021,4.060061962981883,4.3704935925736725,106.6552083333333,0.15241071039093762,106.3564888301089,106.95392783655771,1.069140625,0.04363033160084908,0.983626746428796,1.154654503571204,106.62317708333335,0.15137120159896877,106.32649497990282,106.91985918676387,106.62265624999999,0.15137499210196678,106.3259667173201,106.91934578267988,0.00026041666666666666,0.0001836597101799884,0.0,0.0006203830840305082,0.0007812499999999999,0.0003147416329059332,0.00016436773506904416,0.0013981322649309557,0.9999975940548738,1.6968892339624965e-06,0.9999942682130895,1.0000009198966582,7668.393682673806
baseline,two_person_average,2.25,0.15475,96509.84054359904,137.2318687870737,96240.87102324526,96778.81006395283,90362.50343607522,128.31253683493094,90111.01548511378,90613.99138703666,0.4427083333333333,0.31222150730598025,0.0,1.054651242851864,5686.875,8.36380499982177,5670.482243426633,5703.267756573367,389.0189680697438,0.5721382640144602,387.8975976780982,390.1403384613894,30.94834778742158,0.031060649165053796,30.887470033721637,31.00922554112152,0.0,0.0,0.0,0.0,0.0,0.0,0.0,0.0,40.052083333333336,0.8269375573972372,38.43131550337122,41.67285116329545,0.0,0.0,0.0,0.0,47.390625,0.06969837499851475,47.254018695221944,47.527231304778056,47.390625,0.06969837499851475,47.254018695221944,47.527231304778056,1.1114827659135538,0.0016346807543270265,1.108278850508852,1.1146866813182554,386.8543473427697,0.3882581145631726,386.0933754215205,387.6153192640189,3.6289188427647416,0.0065200221798222225,3.6161398341138877,3.6416978514155955,0.0,0.0,0.0,0.0,4.005208333333333,0.08269375573972372,3.843131550337122,4.167285116329544,106.62890625,0.1568213437466582,106.32154206424937,106.93627043575063,1.091015625,0.04357947224564208,1.0056014289332786,1.1764298210667214,106.62278645833334,0.1514017396004991,106.32604450151965,106.91952841514703,106.62265624999999,0.15137499210196678,106.3259667173201,106.91934578267988,0.00026041666666666666,0.0001836597101799884,0.0,0.0006203830840305082,0.00039062499999999997,0.00022434356960220327,0.0,0.0008303303165834732,0.9999975376890435,1.7365646742174893e-06,0.9999941340848253,1.0000009412932618,7088.608744489364
baseline,two_person_average,2.4,0.15475,95992.93721864496,136.51289262761597,95725.37686566944,96260.49757162048,90216.16612811359,128.09179213450798,89965.11082881477,90467.22142741241,0.4427083333333333,0.31222150730598025,0.0,1.054651242851864,5331.25,7.867834145184154,5315.829328439105,5346.670671560895,375.25646841170357,0.5538017641961678,374.17103689930434,376.3418999241028,33.137886008535666,0.03478437017524471,33.069709895767275,33.20606212130406,0.0,0.0,0.0,0.0,0.0,0.0,0.0,0.0,36.68402777777778,0.7917556040767892,35.132215309229515,38.23584024632604,0.0,0.0,0.0,0.0,44.427083333333336,0.06556528454320128,44.29857773699254,44.55558892967413,44.427083333333336,0.06556528454320128,44.29857773699254,44.55558892967413,1.0721613383191533,0.0015822907548461937,1.069060105426584,1.0752625712117225,414.2235751066958,0.43480462719055907,413.371373697091,415.07577651630066,3.8864385365669776,0.0072544561631682596,3.8722200637597433,3.900657009374212,0.0,0.0,0.0,0.0,3.6684027777777772,0.07917556040767892,3.513221530922951,3.8235840246326034,106.625,0.15735668290368318,106.31658656878209,106.93341343121791,1.1597656250000001,0.04913520909962287,1.0634623847918945,1.2560688652081058,106.62265624999999,0.15138625046213391,106.32594465133965,106.91936784866033,106.62265624999999,0.15137499210196678,106.3259667173201,106.91934578267988,0.00026041666666666666,0.00018365971017998836,0.0,0.0006203830840305082,0.00026041666666666666,0.00018365971017998836,0.0,0.0006203830840305082,0.9999975667677563,1.7160450853972901e-06,0.999994203381193,1.0000009301543196,6571.705419535283
baseline,two_person_average,3.0,0.15475,94380.18051914603,133.9582637967924,94117.6271466728,94642.73389161925,89710.80187746418,127.35445118733176,89461.19173986615,89960.41201506222,0.22135416666666666,0.22135416666666666,0.0,0.6552003611612098,4265.625,6.126228640527625,4253.6178125035085,4277.6321874964915,332.44376088977657,0.4774508985969621,331.50797432414026,333.3795474554129,41.86977662539551,0.036653684731074,41.79793672342192,41.9416165273691,0.0,0.0,0.0,0.0,0.0,0.0,0.0,0.0,29.218749999999996,0.722412335627489,27.802847840182658,30.634652159817335,0.0,0.0,0.0,0.0,35.546875,0.051051905337730207,35.4468151041959,35.6469348958041,35.546875,0.051051905337730207,35.4468151041959,35.6469348958041,0.9498393168279332,0.0013641454245627497,0.9471656409261151,0.9525129927297513,523.3722078174438,0.4581710591384249,522.474209042774,524.2702065921137,4.909920934738452,0.008517552512551995,4.893226838577421,4.926615030899482,0.0,0.0,0.0,0.0,2.921875,0.07224123356274888,2.780284784018266,3.063465215981734,106.640625,0.1531557160131906,106.3404453125877,106.9408046874123,1.434375,0.059942350003589946,1.3168901528442694,1.5518598471557306,106.62291666666665,0.15136307726491327,106.32625048663827,106.91958284669504,106.62265624999999,0.15137499210196678,106.3259667173201,106.91934578267988,0.00013020833333333333,0.0001302083333333333,0.0,0.0003854119771536528,0.00039062499999999997,0.00022434356960220327,0.0,0.0008303303165834732,0.999998814941221,1.1850587789153746e-06,0.9999964922686948,1.0000011376137472,4958.948720036351
baseline,two_person_average,4.5,0.15475,91989.1452687935,130.62327395223483,91733.1283563044,92245.16218128259,88791.9077216646,126.06574067911589,88544.82341024917,89038.99203308002,0.22135416666666666,0.22135416666666666,0.0,0.6552003611612098,2843.3333333333335,4.304441203913965,2834.896783600092,2851.769883066575,269.7824518157077,0.408415956045181,268.9819712511476,270.5829323802678,63.77888003541051,0.05864629494751168,63.663935409486676,63.89382466133434,0.0,0.0,0.0,0.0,0.0,0.0,0.0,0.0,20.121527777777775,0.5884181667096418,18.96824936317779,21.27480619237776,0.0,0.0,0.0,0.0,23.694444444444443,0.03587034336594971,23.624139863334097,23.76474902555479,23.694444444444443,0.03587034336594971,23.624139863334097,23.76474902555479,0.7708070051877364,0.0011669027315576608,0.768519917860422,0.7730940925150508,797.2360004426313,0.7330786868438963,795.7991926185833,798.6728082666792,7.478390609593062,0.012867213747220677,7.4531713340671315,7.503609885118993,0.0,0.0,0.0,0.0,2.012152777777778,0.05884181667096418,1.8968249363177798,2.1274806192377764,106.625,0.16141654514677367,106.30862938500344,106.94137061499656,2.2624999999999997,0.09128522593400308,2.083584244848752,2.4414157551512474,106.62265624999999,0.1513816346357359,106.32595369819315,106.91935880180684,106.62265624999999,0.15137499210196678,106.3259667173201,106.91934578267988,0.00013020833333333333,0.0001302083333333333,0.0,0.0003854119771536528,0.00013020833333333333,0.0001302083333333333,0.0,0.0003854119771536528,0.9999987643337288,1.2356662712533402e-06,0.9999963424723403,1.0000011861951175,2567.9134696838155
baseline,two_person_average,5.0,0.15475,91464.76930854264,129.68343139896643,91210.5944536091,91718.94416347619,88553.26122635056,125.71093667561826,88306.87231800354,88799.65013469757,0.2951388888888889,0.2329610070557905,0.0,0.7517340725204197,2557.9166666666665,3.8029517255210328,2550.463018249701,2565.3703150836322,256.0188070100683,0.38063287071566443,255.27278029213352,256.7648337280031,71.44412580247793,0.06242420315924024,71.3217766125222,71.56647499243365,1.0490677252028118e-05,1.0490677252028121e-05,0.0,3.1052026839436855e-05,0.0,0.0,0.0,0.0,25.833333333333332,0.6395556376208136,24.579827317486988,27.086839349179677,5.248513307893393e-08,5.2485133078933924e-08,0.0,1.5535410363743626e-07,21.31597222222222,0.03169126437934193,21.253858485414174,21.37808595903027,21.31597222222222,0.03169126437934193,21.253858485414174,21.37808595903027,0.7314823057430523,0.001087522487759041,0.7293508008346672,0.7336138106514374,893.0515725309742,0.7803025394905033,891.5222076565277,894.5809374054207,8.379091810430246,0.013583029588248636,8.352469561636337,8.405714059224156,1.0490677252028118e-05,1.0490677252028121e-05,0.0,3.1052026839436855e-05,2.5833333333333335,0.06395556376208136,2.457982731748699,2.708683934917968,106.57986111111113,0.15845632189670966,106.2692924270709,106.89042979515136,2.231380050877934,0.10596350624920745,2.0236953949539025,2.4390647068019655,106.62274305555555,0.1513625262701142,106.32607795545712,106.91940815565397,106.62265624999999,0.15137499210196678,106.3259667173201,106.91934578267988,0.00017361111111111112,0.00013703588650340614,0.0,0.0004421965132473056,0.00026041666666666666,0.00018365971017998836,0.0,0.0006203830840305082,0.999998406828595,1.2513416633800396e-06,0.9999959542440024,1.0000008594131875,2043.5375094329647
baseline,two_person_average,9.0,0.15475,89450.90194433043,126.1867997684674,89203.58036145987,89698.22352720099,87252.92586375195,123.26275776454892,87011.33529789835,87494.51642960556,0.15214117076376427,0.1521411707637643,0.0,0.4503323860265005,1422.5,2.4111615096214383,1417.7742102802329,1427.2257897197671,194.75516775044684,0.33011329650597104,194.10815757847735,195.40217792241634,130.16105601052283,0.10933533236118251,129.9467626968572,130.37534932418845,7.650771202304057,0.18584304025136977,7.2865255366339445,8.01501686797417,426.75,0.7233484528864312,425.33226308406984,428.16773691593016,16.006944444444443,0.4955441746913377,15.035695709300796,16.97819317958809,0.03857314302864446,0.0009406640015513796,0.03672947546405043,0.04041681059323849,11.854166666666666,0.020093012580178655,11.814785085668605,11.893548247664727,11.854166666666666,0.020093012580178655,11.814785085668605,11.893548247664727,0.5564433364298482,0.0009431808471599189,0.5545947359385068,0.5582919369211896,1627.0132001315353,1.3666916545147814,1624.3345337107148,1629.6918665523558,15.261212908393304,0.024783923305868136,15.2126373113182,15.309788505468408,7.650771202304057,0.18584304025136977,7.2865255366339445,8.01501686797417,1.6006944444444444,0.04955441746913378,1.5035695709300798,1.697819317958809,106.6875,0.1808371132216078,106.33306577101746,107.04193422898254,4.451874223696223,0.1963913563533795,4.066954238368628,4.836794209023819,106.62259414390121,0.15137978577886765,106.32589521578724,106.91929307201518,106.62265624999999,0.15137499210196678,106.3259667173201,106.91934578267988,8.949480633162604e-05,8.949480633162602e-05,0.0,0.0002649014035450002,2.7388707552439144e-05,2.7388707552439147e-05,0.0,8.106958793832005e-05,0.9999991446135595,8.55386440446031e-07,0.9999974680869435,1.0000008211401756,29.670145220748964
baseline,two_person_average,10.0,0.15475,89421.23179910968,125.02080096928526,89176.19553189153,89666.26806632783,87085.01178108288,122.16789884461666,86845.5670992805,87324.45646288527,0.2754765340910971,0.2754765340910971,0.0,0.8154006194955679,1281.875,2.1964802579491147,1277.5699778016665,1286.1800221983335,186.09625467646038,0.3188741097806851,185.47127290568795,186.7212364472328,144.88865754418742,0.12704174139434662,144.63966030652125,145.1376547818536,24.921434827631515,0.37405355778976407,24.188303326074507,25.654566329188523,683.6666666666666,1.1714561375728623,681.3706548275554,685.9626785057778,14.496527777777777,0.47274585302372335,13.569962932010613,15.42309262354494,0.12555143824625314,0.001899051422862523,0.12182936585265305,0.12927351063985323,10.682291666666666,0.018304002149575973,10.646416481680554,10.718166851652779,10.682291666666666,0.018304002149575973,10.646416481680554,10.718166851652779,0.5317035847898869,0.0009110688850876719,0.52991792258768,0.5334892469920938,1811.1082193023428,1.588021767429332,1807.9957538315157,1814.22068477317,16.957014654949294,0.0283733707092267,16.901403870239207,17.01262543965938,24.921434827631515,0.37405355778976407,24.188303326074507,25.654566329188523,1.4496527777777777,0.04727458530237234,1.3569962932010613,1.542309262354494,106.82291666666667,0.18304002149575965,106.46416481680555,107.1816685165278,5.040134890916172,0.2047719802227593,4.638789184636615,5.441480597195729,106.62251315417188,0.15137253906964174,106.325828429347,106.91919787899677,106.62265624999999,0.15137499210196678,106.3259667173201,106.91934578267988,0.00016204502005358654,0.00016204502005358657,0.0,0.00047964742323268705,1.894919194537022e-05,1.894919194537022e-05,0.0,5.608892569443234e-05,0.9999984862679118,1.5137320883099744e-06,0.9999955194075364,1.000001453128287,0.0
baseline,family_three,1.8,0.15475,147524.84197400627,192.27199271150627,147147.99579305598,147901.68815495656,136139.6175950873,177.29792161080633,135792.1200541963,136487.1151359783,3.0989583333333335,1.1527520350682157,0.8396058614943773,5.358310805172289,10650.208333333334,13.91901092951517,10622.927573211065,10677.489093455602,662.1892011874872,0.8654308385581403,660.492987912803,663.8854144621715,23.33899717593094,0.027779249068323273,23.28455084823946,23.393443503622418,0.0,0.0,0.0,0.0,0.0,0.0,0.0,0.0,46.388888888888886,0.9639283059805429,44.49962412548832,48.278153652289454,0.0,0.0,0.0,0.0,88.75173611111113,0.11599175774595977,88.52439644342556,88.9790757787967,88.75173611111113,0.11599175774595977,88.52439644342556,88.9790757787967,1.891969146249964,0.002472659538737542,1.887122822608009,1.8968154698919188,291.73746469913675,0.34724061335404094,291.05688560299325,292.41804379528025,1.8271625613353175,0.003176582660396248,1.8209365737270264,1.8333885489436086,0.0,0.0,0.0,0.0,4.638888888888888,0.09639283059805427,4.449962412548832,4.827815365228945,159.75312499999998,0.20878516394272756,159.34391359816595,160.162336401834,0.77734375,0.03913813848355321,0.7006344081502947,0.8540530918497053,159.74348958333331,0.20803781584152556,159.33574295686154,160.1512362098051,159.74453125,0.20809301744816222,159.33667643036733,160.15238606963266,0.0018229166666666665,0.0006780894323930677,0.0004938858008790459,0.003151947532454287,0.0007812499999999999,0.00044868713920440654,0.0,0.0016606606331669464,0.9999886523102459,4.222406671940164e-06,0.9999803765452409,0.999996928075251,14596.41543056452
baseline,family_three,2.0,0.15475,146077.66562881958,190.18633800784178,145704.90725597265,146450.4240016665,135782.8515625,176.85864306338948,135436.21499174114,136129.48813325886,0.7378472222222222,0.4406432103139354,0.0,1.6014920444696439,9581.458333333334,12.507841853767571,9556.943413775627,9605.97325289104,622.8198083513346,0.8130423778132938,621.2262745729157,624.4133421297535,27.315438523786543,0.0307869332464128,27.255097243429134,27.375779804143953,0.0,0.0,0.0,0.0,0.0,0.0,0.0,0.0,62.482638888888886,1.020990966754426,60.48153336550948,64.4837444122683,0.0,0.0,0.0,0.0,79.8454861111111,0.10423201544806307,79.64119511479687,80.04977710742533,79.8454861111111,0.10423201544806307,79.64119511479687,80.04977710742533,1.779485166718099,0.0023229782223236945,1.7749322130654737,1.7840381203707245,341.4429815473318,0.38483666558015994,340.6887155428642,342.19724755179936,2.138322883153341,0.0037991051223617354,2.1308767739400305,2.145768992366652,0.0,0.0,0.0,0.0,6.248263888888888,0.10209909667544259,6.048153336550948,6.448374441226829,159.6909722222222,0.20846403089612614,159.28239022959374,160.09955421485066,0.8231770833333334,0.03937792136423249,0.7459977756733873,0.9003563909932795,159.74453125,0.2080689918392817,159.33672351969545,160.15233898030453,159.74453125,0.20809301744816222,159.33667643036733,160.15238606963266,0.0004340277777777778,0.00025920188841996203,0.0,0.000942054143805673,0.00043402777777777775,0.0002592018884199621,0.0,0.0009420541438056731,0.9999972898710604,1.6192835729716584e-06,0.9999941161335766,1.0000004636085442,13149.239085377834
baseline,family_three,2.1,0.15475,145421.4482140275,189.5580625495191,145049.92123845126,145792.97518960375,135616.78770368377,176.6910622419103,135270.4795852995,135963.09582206805,1.328125,0.7627681366474913,0.0,2.8231230763838093,9129.166666666666,12.078706161039092,9105.492837611187,9152.840495722145,605.9964754085707,0.8017876798998241,604.4250004327191,607.5679503844224,27.683132157374775,0.03100555830254578,27.62236237978123,27.74390193496832,0.0,0.0,0.0,0.0,0.0,0.0,0.0,0.0,40.486111111111114,0.8260143741482517,38.86715268706815,42.10506953515408,0.0,0.0,0.0,0.0,76.07638888888889,0.10065588467532573,75.87910698009323,76.27367079768455,76.07638888888889,0.10065588467532573,75.87910698009323,76.27367079768455,1.7314185011673455,0.0022908219425709316,1.7269285726649124,1.7359084296697787,346.03915196718475,0.3875694787818222,345.2795297472654,346.7987741871041,2.1673041336221264,0.0038133145015047313,2.159830174537453,2.1747780927068,0.0,0.0,0.0,0.0,4.048611111111111,0.08260143741482519,3.886715268706814,4.210506953515408,159.76041666666666,0.2113773578181841,159.34612465819578,160.17470867513754,0.9445312499999999,0.04436560712615627,0.8575762578804801,1.0314862421195197,159.74401041666667,0.2081257001085635,159.3360915401967,160.15192929313665,159.74453125,0.20809301744816222,159.33667643036733,160.15238606963266,0.0007812499999999999,0.00044868713920440665,0.0,0.0016606606331669468,0.00026041666666666666,0.0002604166666666666,0.0,0.0007708239543073056,0.9999950678203442,2.8332653206040866e-06,0.9999895147223572,1.0000006209183312,12493.02167058576
baseline,family_three,2.25,0.15475,144553.55437637478,188.45861684193235,144184.18227478836,144922.9264779612,135383.0286513222,176.33240834695363,135037.42348165496,135728.63382098946,0.8854166666666666,0.6244430146119605,0.0,2.109302485703728,8520.208333333334,11.234830361379828,8498.188470452613,8542.228196214055,582.837261865711,0.7685349359046241,581.3309610704771,584.3435626609448,29.910685409104474,0.03508844762776388,29.841913315480635,29.979457502728312,0.0,0.0,0.0,0.0,0.0,0.0,0.0,0.0,36.68402777777777,0.8121572813661199,35.09222875651821,38.27582679903733,0.0,0.0,0.0,0.0,71.0017361111111,0.09362358634483188,70.81823725377176,71.18523496845044,71.0017361111111,0.09362358634483188,70.81823725377176,71.18523496845044,1.665249319616317,0.0021958141025846417,1.660945603058506,1.669553036174128,373.883567613806,0.43860559534704846,373.023916443508,374.743218784104,2.341621034484826,0.004011068879813882,2.3337594839408813,2.349482585028771,0.0,0.0,0.0,0.0,3.6684027777777772,0.08121572813661197,3.5092228756518216,3.827582679903733,159.75390625,0.21065306927587177,159.34103382098647,160.16677867901353,1.01484375,0.04652818774008543,0.9236501777635145,1.1060373222364857,159.74453125,0.20806254813603325,159.33673614912175,160.15232635087824,159.74453125,0.20809301744816222,159.33667643036733,160.15238606963266,0.0005208333333333333,0.0003673194203599768,0.0,0.0012407661680610164,0.0005208333333333333,0.0003673194203599768,0.0,0.0012407661680610164,0.9999967972454448,2.259486433132649e-06,0.9999923687334122,1.0000012257574773,11625.127832933038
baseline,family_three,2.4,0.15475,143779.54598888799,187.1149201339398,143412.80748445538,144146.2844933206,135163.7276952043,176.0954019406417,134818.58704955754,135508.86834085104,1.328125,0.7627681366474913,0.0,2.8231230763838093,7986.25,10.366984487532859,7965.93108377615,8006.56891622385,562.1368292338509,0.7297121663531996,560.706619668718,563.5670387989838,32.12764500537666,0.03223888614204892,32.064457949636555,32.19083206111676,0.0,0.0,0.0,0.0,0.0,0.0,0.0,0.0,33.97569444444444,0.7293862986074726,32.54612356835682,35.40526532053207,0.0,0.0,0.0,0.0,66.55208333333333,0.08639153739610714,66.38275903146791,66.72140763519874,66.55208333333333,0.08639153739610714,66.38275903146791,66.72140763519874,1.6061052263824314,0.0020848919038662828,1.6020189133391942,1.6101915394256685,401.5955625672082,0.4029860767756118,400.8057243704569,402.3854007639595,2.514779583566856,0.0040296640417151,2.5068815871752985,2.5226775799584136,0.0,0.0,0.0,0.0,3.397569444444444,0.07293862986074727,3.2546123568356817,3.5405265320532067,159.725,0.2073396897506571,159.318621675523,160.131378324477,1.07421875,0.04763290937735152,0.9808599631415308,1.167577536858469,159.74427083333333,0.2081196787021481,159.33636375860308,160.15217790806358,159.74453125,0.20809301744816222,159.33667643036733,160.15238606963266,0.0007812499999999999,0.00044868713920440654,0.0,0.0016606606331669464,0.0005208333333333333,0.0003673194203599768,0.0,0.0012407661680610164,0.9999950919658822,2.8194387333883128e-06,0.9999895659675081,1.0000006179642562,10851.119445446238
baseline,family_three,3.0,0.15475,141364.4949601467,183.89647660977786,141004.06448910772,141724.92543118566,134406.03312703563,175.0317349317163,134062.9772304179,134749.08902365336,0.8854166666666666,0.6244430146119605,0.0,2.109302485703728,6390.416666666667,8.18359137727036,6374.377122303024,6406.4562110303095,498.04053340820565,0.6377925614757298,496.79048295810566,499.29058385830564,40.85532748064739,0.041295099083347164,40.774390573706015,40.936264387588764,0.0,0.0,0.0,0.0,0.0,0.0,0.0,0.0,28.263888888888886,0.6914383744959135,26.908694577347976,29.619083200429795,0.0,0.0,0.0,0.0,53.25347222222222,0.06819659481058633,53.1198093525252,53.38713509191924,53.25347222222222,0.06819659481058633,53.1198093525252,53.38713509191924,1.422972952594873,0.0018222644613592259,1.4194013798803018,1.4265445253094444,510.69159350809235,0.5161887385418391,509.6798821713252,511.70330484485953,3.1981052986529312,0.005331284772127292,3.187656172508235,3.2085544247976276,0.0,0.0,0.0,0.0,2.826388888888889,0.06914383744959134,2.690869457734798,2.96190832004298,159.76041666666666,0.20458978443175901,159.3594280575756,160.16140527575772,1.4796875,0.06304642922007427,1.3561187693748007,1.6032562306251994,159.74401041666667,0.20802839454202415,159.3362822556026,160.15173857773073,159.74453125,0.20809301744816222,159.33667643036733,160.15238606963266,0.0005208333333333333,0.0003673194203599768,0.0,0.0012407661680610164,0.0,0.0,0.0,0.0,0.9999968371457039,2.230805438346771e-06,0.9999924648473882,1.0000012094440196,8436.068416704948
baseline,family_three,4.5,0.15475,137775.08264633038,179.46227186454965,137423.34305689213,138126.82223576863,133029.8742665017,173.266790956507,132690.2775965101,133369.47093649328,0.8854166666666666,0.6244430146119605,0.0,2.109302485703728,4258.75,5.665996136285735,4247.644851636337,4269.855148363663,404.0806623693359,0.5376036329280752,403.026978610839,405.1343461278328,62.77702301491562,0.06177000330148118,62.6559560331198,62.89808999671144,0.0,0.0,0.0,0.0,0.0,0.0,0.0,0.0,18.715277777777775,0.6088491956246089,17.52195528233736,19.90860027321819,0.0,0.0,0.0,0.0,35.489583333333336,0.0472166344690478,35.39704043030281,35.58212623636386,35.489583333333336,0.0472166344690478,35.39704043030281,35.58212623636386,1.1545161781981026,0.0015360103797944992,1.1515056531738257,1.1575267032223795,784.7127876864452,0.7721250412685149,783.1994504139974,786.2261249588929,4.914867545398343,0.008120814975097564,4.898951040522038,4.930784050274648,0.0,0.0,0.0,0.0,1.871527777777778,0.060884919562460914,1.7521955282337363,1.9908600273218195,159.703125,0.2124748551107151,159.28668193636264,160.11956806363736,2.0578125000000003,0.09375593076790269,1.8740542523578803,2.24157074764212,159.74427083333333,0.20806136466407615,159.3364780520175,160.15206361464917,159.74453125,0.20809301744816222,159.33667643036733,160.15238606963266,0.0005208333333333333,0.0003673194203599768,0.0,0.0012407661680610164,0.00026041666666666666,0.0002604166666666666,0.0,0.0007708239543073056,0.9999967972454448,2.259486433132649e-06,0.9999923687334122,1.0000012257574773,4846.656102888635
baseline,family_three,5.0,0.15475,136987.94558718332,178.34087088720662,136638.40390327288,137337.48727109376,132672.36525713012,172.82534915734846,132333.63379716617,133011.09671709407,0.14756944444444445,0.14756944444444445,0.0,0.4368002407741399,3834.5833333333335,5.143996172815966,3824.5012860980023,3844.6653805686647,383.79884035081585,0.5148563987992977,382.7897403519592,384.8079403496725,71.14780914682939,0.06531786766922759,71.01978847865075,71.27582981500802,0.0,0.0,0.0,0.0,0.0,0.0,0.0,0.0,25.902777777777782,0.6554458242728032,24.61812756838592,27.187427987169645,0.0,0.0,0.0,0.0,31.954861111111104,0.04286663477346637,31.87084405081668,32.03887817140553,31.954861111111104,0.04286663477346637,31.87084405081668,32.03887817140553,1.0965681152880453,0.0014710182822837065,1.0936849724341693,1.0994512581419214,889.3476143353673,0.8164733458653449,887.7473559831343,890.9478726876004,5.569683968470869,0.008293373830591673,5.553429254452583,5.5859386824891555,0.0,0.0,0.0,0.0,2.590277777777778,0.06554458242728033,2.461812756838592,2.7187427987169643,159.77430555555554,0.21433317386733194,159.3542202540834,160.19439085702768,2.3742187500000003,0.10292672353187741,2.172486078830809,2.5759514211691914,159.74444444444444,0.2080907303759252,159.336594107391,160.1522947814979,159.74453125,0.20809301744816222,159.33667643036733,160.15238606963266,8.680555555555556e-05,8.680555555555556e-05,0.0,0.00025694131810243524,0.0,0.0,0.0,0.0,0.9999994601644554,5.398355444995405e-07,0.9999984021062306,1.00000051822268,4059.519043741573
baseline,family_three,9.0,0.15475,133308.06482434206,173.42797036517663,132968.15224851444,133647.97740016968,130676.95483658077,170.1895057450283,130343.38953477384,131010.5201383877,0.4427083333333333,0.4427083333333333,0.0,1.3104007223224197,2129.1666666666665,2.953365479518871,2123.378176693626,2134.955156639707,291.5052452269429,0.4043467060752722,290.712740245768,292.29775020811786,128.60300087319902,0.11870204095804579,128.37034914802985,128.8356525983682,0.0034777722352697022,0.0015487772937459565,0.0004422245194542155,0.006513319951085189,70.97222222222221,0.09844551598396242,70.77927255645419,71.16517188799024,10.416666666666666,0.43376773769124427,9.56649752313641,11.266835810196921,1.742281030963058e-05,7.763273068061046e-06,2.207074694081162e-06,3.2638545925179996e-05,17.743055555555554,0.024611378995990606,17.694818139113547,17.79129297199756,17.743055555555554,0.024611378995990606,17.694818139113547,17.79129297199756,0.8328721292198372,0.001155276303072207,0.8306078292736231,0.8351364291660514,1607.5375109149875,1.4837755119755724,1604.629364350373,1610.445657479602,10.066143449486558,0.016697612972709955,10.033416729432258,10.09887016954086,0.0034777722352697022,0.0015487772937459565,0.0004422245194542155,0.006513319951085189,1.0416666666666667,0.04337677376912443,0.9566497523136411,1.1266835810196925,159.6875,0.22150241096391532,159.25336325202193,160.12163674797807,4.447579030470595,0.1890315698709875,4.077083961582392,4.818074099358798,159.74427083333333,0.2080466197626712,159.3365069514932,160.15203471517347,159.74453125,0.20809301744816222,159.33667643036733,160.15238606963266,0.00026041666666666666,0.0002604166666666666,0.0,0.0007708239543073056,0.0,0.0,0.0,0.0,0.9999984392168614,1.5607831385476326e-06,0.9999953801381222,1.0000014982956007,379.63828090031166
baseline,family_three,10.0,0.15475,132928.42654344175,172.8962393249365,132589.55614130246,133267.29694558104,130319.76073083623,169.74901449047456,129987.05877602374,130652.46268564873,0.14756944444444445,0.14756944444444445,0.0,0.4368002407741399,1916.0416666666667,2.7163761635488655,1910.7176672176479,1921.3656661156856,278.16142601323037,0.3943500187840927,277.38851417911087,278.93433784734987,144.5605150287649,0.13648801066833044,144.29300344353345,144.82802661399637,0.08102434130531978,0.013935692240681481,0.05371088641394979,0.10833779619668978,255.47222222222226,0.36218348847318177,254.76235562901974,256.1820888154248,14.201388888888888,0.4712564016189432,13.277743314231815,15.12503446354596,0.0004066113798108805,7.002426154145872e-05,0.0002693663491456082,0.0005438564104761527,15.967013888888891,0.02263646802957386,15.922647226813734,16.01138055096405,15.967013888888891,0.02263646802957386,15.922647226813734,16.01138055096405,0.7947469314663724,0.001126714339383119,0.7925386119403167,0.7969552509924281,1807.0064378595616,1.7061001333541312,1803.6625430441686,1810.3503326749546,11.319494173614194,0.018007132660336975,11.284200842135098,11.35478750509329,0.08102434130531978,0.013935692240681481,0.05371088641394979,0.10833779619668978,1.4201388888888886,0.04712564016189433,1.3277743314231814,1.5125034463545959,159.67013888888889,0.2263646802957387,159.22647226813731,160.11380550964046,4.664422913367436,0.2058361526192743,4.260991467517369,5.067854359217503,159.74444444444444,0.2080907303759252,159.336594107391,160.1522947814979,159.74453125,0.20809301744816222,159.33667643036733,160.15238606963266,8.680555555555556e-05,8.680555555555556e-05,0.0,0.00025694131810243524,0.0,0.0,0.0,0.0,0.9999994601644554,5.398355444995405e-07,0.9999984021062306,1.00000051822268,0.0
baseline,family_four,1.8,0.15475,196987.44399287063,259.48967936925226,196478.85356694704,197496.0344187942,181792.10300758854,239.4090592205408,181322.86987394365,182261.33614123342,0.4427083333333333,0.4427083333333333,0.0,1.3104007223224197,14218.958333333334,18.84059821230932,14182.031439390017,14255.88522727665,884.0804203800238,1.1714363033684172,881.784447415239,886.3763933448087,23.040078790915004,0.03075047233656525,22.97980897262774,23.100348609202268,0.0,0.0,0.0,0.0,0.0,0.0,0.0,0.0,68.81944444444444,1.0475642627343706,66.76625621799383,70.87263267089506,0.0,0.0,0.0,0.0,118.49131944444446,0.15700498510257765,118.18359532825016,118.79904356063875,118.49131944444446,0.15700498510257765,118.18359532825016,118.79904356063875,2.525944058228639,0.0033469608667669047,2.519384135472111,2.5325039809851675,288.0009848864375,0.3843809042070655,287.24761215784673,288.75435761502825,1.3506836965832771,0.002359592789546547,1.3460589796975855,1.3553084134689688,0.0,0.0,0.0,0.0,6.881944444444444,0.10475642627343708,6.676625621799381,7.087263267089506,213.28437499999998,0.2826089731846397,212.73047159085024,213.83827840914972,0.7679687500000001,0.03550177427344301,0.6983865510367812,0.837550948963219,213.31119791666666,0.2809177756874509,212.76060919370215,213.86178663963116,213.31041666666667,0.2809168410054839,212.75982977564516,213.86100355768818,0.00026041666666666666,0.00026041666666666655,0.0,0.0007708239543073056,0.0010416666666666667,0.0005167268303652458,2.8900689305246885e-05,0.002054432644028086,0.9999987988161131,1.201183886839069e-06,0.9999964445389561,1.0000011530932702,19536.79047740283
baseline,family_four,2.0,0.15475,195044.45689171366,257.03700055485683,194540.67362793194,195548.24015549538,181313.7803819444,238.80219016796488,180845.7366897859,181781.82407410291,1.9184027777777777,0.8385263854826686,0.2749212621451973,3.5618842934103583,12797.916666666666,17.004617952323404,12764.58822790925,12831.245105424083,831.897998021841,1.105344565065727,829.7315624838051,834.0644335598769,27.15524785851458,0.03148898834729242,27.093530575444287,27.216965141584875,0.0,0.0,0.0,0.0,0.0,0.0,0.0,0.0,71.78819444444444,1.0644675590226267,69.70187636604884,73.87451252284005,0.0,0.0,0.0,0.0,106.64930555555556,0.14170514960269504,106.37156856591041,106.9270425452007,106.64930555555556,0.14170514960269504,106.37156856591041,106.9270425452007,2.3768514229195454,0.003158127328759218,2.3706616070965856,2.3830412387425053,339.4405982314322,0.3936123543411552,338.66913219305354,340.21206426981087,1.5920398574843964,0.0028883852294674574,1.5863787264611626,1.59770098850763,0.0,0.0,0.0,0.0,7.178819444444444,0.10644675590226267,6.970187636604883,7.387451252284005,213.29861111111111,0.28341029920539007,212.74313713182082,213.8540850904014,0.9330729166666666,0.03892979841040579,0.8567719138568666,1.0093739194764666,213.3103298611111,0.2809437531387822,212.75969022327757,213.8609694989446,213.31041666666667,0.2809168410054839,212.75982977564516,213.86100355768818,0.0011284722222222223,0.0004932508149898049,0.00016171838949717533,0.0020952260549472693,0.0010416666666666667,0.0005167268303652459,2.890068930524667e-05,0.0020544326440280866,0.9999947008570084,2.3201195839845157e-06,0.9999901535061839,0.9999992482078328,17593.803376245865
baseline,family_four,2.1,0.15475,194178.23962831017,255.8249237375656,193676.83199143683,194679.6472651835,181093.1380172301,238.42966304951972,180625.82446480702,181560.4515696532,2.65625,1.0701215518801728,0.5588502992347504,4.75364970076525,12189.583333333334,16.143146697039608,12157.94334720999,12221.223319456678,809.1477356493721,1.0715863076669478,807.0474650800186,811.2480062187255,27.37748654177771,0.030849432777819933,27.317022764589694,27.437950318965726,0.0,0.0,0.0,0.0,0.0,0.0,0.0,0.0,56.33680555555555,0.9903548501415971,54.395745717363454,58.277865393747646,0.0,0.0,0.0,0.0,101.5798611111111,0.13452622247533008,101.31619456008323,101.84352766213897,101.5798611111111,0.13452622247533008,101.31619456008323,101.84352766213897,2.3118506732839195,0.0030616751647627016,2.305849900228624,2.317851446339215,342.21858177222134,0.3856179097227492,341.46278455737115,342.97437898707153,1.6051813689835575,0.0028374618141644528,1.5996200460202874,1.6107426919468275,0.0,0.0,0.0,0.0,5.6336805555555545,0.09903548501415971,5.439574571736345,5.827786539374764,213.31770833333334,0.282505067198193,212.7640085761748,213.87140809049188,0.9296875,0.04582414469907575,0.8398738267674595,1.0195011732325405,213.3109375,0.28084805150410014,212.76048543392372,213.86138956607627,213.31041666666667,0.2809168410054839,212.75982977564516,213.86100355768818,0.0015624999999999999,0.0006294832658118664,0.0003287354701380883,0.0027962645298619114,0.0020833333333333333,0.0007229462294854069,0.0006663847607829068,0.0035002819058837596,0.9999927074294179,2.9381821123527515e-06,0.9999869486982977,0.9999984661605381,16727.58611284237
baseline,family_four,2.25,0.15475,193020.91846805965,254.06199488255922,192522.96610824944,193518.87082786986,180779.96176290893,238.14571654086473,180313.20473541637,181246.7187904015,1.328125,0.7627681366474913,0.0,2.8231230763838093,11376.875,15.10410084537623,11347.271506324201,11406.478493675799,778.2517063164686,1.033218019472841,776.226636210124,780.2767764228132,29.55395716760297,0.036524486138746655,29.482370490217193,29.625543844988748,0.0,0.0,0.0,0.0,0.0,0.0,0.0,0.0,54.947916666666664,0.9108029982236029,53.162775593137304,56.733057740196024,0.0,0.0,0.0,0.0,94.80729166666667,0.12586750704480193,94.56059588603502,95.05398744729833,94.80729166666667,0.12586750704480193,94.56059588603502,95.05398744729833,2.2235763037613387,0.002952051484208113,2.2177903891717827,2.2293622183508948,369.42446459503714,0.45655607673433346,368.52963112771494,370.31929806235934,1.7329224235505236,0.002872739583356319,1.7272919574301826,1.7385528896708646,0.0,0.0,0.0,0.0,5.494791666666667,0.09108029982236031,5.316277559313731,5.673305774019603,213.31640625,0.2832018908508043,212.76134074357878,213.87147175642122,1.0414062499999999,0.0482496078686796,0.9468387563092074,1.1359737436907922,213.31041666666667,0.28099885367459065,212.75966903376744,213.8611642995659,213.31041666666667,0.2809168410054839,212.75982977564516,213.86100355768818,0.0007812499999999999,0.00044868713920440654,0.0,0.0016606606331669464,0.0007812499999999999,0.00044868713920440654,0.0,0.0016606606331669464,0.9999962905634566,2.1304284365662053e-06,0.9999921150004493,1.0000004661264639,15570.264952591853
baseline,family_four,2.4,0.15475,191989.45167460397,252.80422197869595,191493.96450438607,192484.93884482188,180488.07959834448,237.7026227604332,180022.19101870334,180953.96817798563,0.8854166666666666,0.6244430146119605,0.0,2.109302485703728,10666.875,14.018698752142294,10639.398855335685,10694.351144664315,750.8208846872855,0.986749333731579,748.8868915314026,752.7548778431683,31.766469349995663,0.03775998664212764,31.69246113612038,31.840477563870948,0.0,0.0,0.0,0.0,0.0,0.0,0.0,0.0,51.02430555555554,0.9445925062203663,49.1729382632972,52.87567284781389,0.0,0.0,0.0,0.0,88.890625,0.11682248960118576,88.66165712779737,89.11959287220263,88.890625,0.11682248960118576,88.66165712779737,89.11959287220263,2.145202527677959,0.0028192838106616495,2.1396768329468654,2.1507282224090525,397.0808668749458,0.471999833026596,396.1557642015047,398.0059695483869,1.8623825682771953,0.0034469258818493687,1.8556267176913916,1.869138418862999,0.0,0.0,0.0,0.0,5.1024305555555545,0.09445925062203661,4.91729382632972,5.287567284781389,213.3375,0.28037397504284584,212.7879771067137,213.88702289328631,1.125,0.049774524329734275,1.0274437249661081,1.2225562750338919,213.31119791666666,0.28093063720218464,212.7605839855965,213.86181184773682,213.31041666666667,0.2809168410054839,212.75982977564516,213.86100355768818,0.0005208333333333333,0.0003673194203599767,0.0,0.0012407661680610164,0.0013020833333333333,0.0005761796261316658,0.00017279201748951478,0.0024313746491771517,0.9999975640835865,1.7179822087979446e-06,0.9999941969003312,1.0000009312668419,14538.798159136175
baseline,family_four,3.0,0.15475,188754.6048052252,248.78854614292484,188266.98821501897,189242.2213954314,179475.9431296368,236.45790636494894,179012.49414930178,179939.39210997184,1.7708333333333333,0.878435611620918,0.04913117181891935,3.492535494847747,8531.25,11.552317635756781,8508.60787349595,8553.89212650405,664.8875217795531,0.9003360402811489,663.1228955666187,666.6521479924876,40.54498714216665,0.04303660533077755,40.46063694570146,40.629337338631835,0.0,0.0,0.0,0.0,0.0,0.0,0.0,0.0,40.208333333333336,0.8313767752632732,38.57886479623427,41.8378018704324,0.0,0.0,0.0,0.0,71.09375,0.09626931363130649,70.90506561246625,71.28243438753375,71.09375,0.09626931363130649,70.90506561246625,71.28243438753375,1.8996786336558669,0.002572388686517569,1.8946368444760542,1.9047204228356795,506.8123392770831,0.5379575666347186,505.7579618212682,507.86671673289794,2.3770626250739313,0.003959171372123262,2.3693027917759477,2.384822458371915,0.0,0.0,0.0,0.0,4.020833333333333,0.08313767752632734,3.8578864796234265,4.18378018704324,213.28125,0.2888079408939195,212.71519683739874,213.84730316260126,1.2453125,0.061649045858008865,1.1244825904370446,1.3661424095629555,213.31041666666667,0.2810345144385312,212.75959913995445,213.8612341933789,213.31041666666667,0.2809168410054839,212.75982977564516,213.86100355768818,0.0010416666666666667,0.0005167268303652459,2.890068930524667e-05,0.0020544326440280866,0.0010416666666666667,0.0005167268303652459,2.890068930524667e-05,0.0020544326440280866,0.9999950712868921,2.4451684626224625e-06,0.9999902788447692,0.9999998637290151,11303.951289757388
baseline,family_four,4.5,0.15475,183957.68541535342,242.3001282599509,183482.7858905145,184432.58494019235,177638.24895920398,234.00077562304082,177179.6158666284,178096.88205177957,0.8854166666666666,0.6244430146119605,0.0,2.109302485703728,5688.958333333333,7.718232170572469,5673.830876254692,5704.085790411974,539.7823425946316,0.7323248295404144,538.347012303748,541.2176728855152,62.39716911035155,0.06442752825053454,62.270893475367565,62.52344474533553,0.0,0.0,0.0,0.0,0.0,0.0,0.0,0.0,27.413194444444443,0.6873627702663696,26.06598817040868,28.760400718480206,0.0,0.0,0.0,0.0,47.407986111111114,0.06431860142143725,47.28192396878911,47.53404825343312,47.407986111111114,0.06431860142143725,47.28192396878911,47.53404825343312,1.54223526455609,0.0020923566558297556,1.5381343208678508,1.546336208244329,779.9646138793945,0.8053441031316814,778.3861684420947,781.5430593166943,3.6581086913961074,0.005667111431265978,3.647001357094451,3.669216025697764,0.0,0.0,0.0,0.0,2.741319444444444,0.06873627702663695,2.606598817040868,2.8760400718480206,213.3359375,0.2894337063964676,212.76865785955098,213.90321714044902,2.165625,0.0911089039497606,1.98705482958755,2.34419517041245,213.3106770833333,0.2809916455416048,212.7599435781151,213.8614105885515,213.31041666666667,0.2809168410054839,212.75982977564516,213.86100355768818,0.0005208333333333333,0.0003673194203599767,0.0,0.0012407661680610164,0.0007812499999999999,0.00044868713920440654,0.0,0.0016606606331669464,0.9999975198137122,1.749169351873582e-06,0.9999940915047797,1.0000009481226448,6507.031899885624
baseline,family_four,5.0,0.15475,182891.26869989885,240.7635442645929,182419.38082435002,183363.15657544768,177160.3769688184,233.33367570308747,176703.05136806,177617.7025695768,0.5902777777777778,0.465922014111581,0.0,1.5034681450408394,5118.75,6.819194818713364,5105.38462375176,5132.11537624824,512.329539683774,0.6825250192889661,510.9918152274201,513.6672641401278,70.95802473001451,0.05988699734573658,70.84064837207463,71.0754010879544,0.0,0.0,0.0,0.0,0.0,0.0,0.0,0.0,28.263888888888886,0.6918764327466013,26.907835998953498,29.619941778824273,0.0,0.0,0.0,0.0,42.65625,0.05682662348927804,42.544871864597994,42.767628135402006,42.65625,0.05682662348927804,42.544871864597994,42.767628135402006,1.463798684810783,0.0019500714836827616,1.459976614935486,1.4676207546860798,886.9753091251814,0.7485874668217074,885.5081046509328,888.4425135994301,4.159579825779548,0.00651476888413782,4.1468111133990355,4.17234853816006,0.0,0.0,0.0,0.0,2.826388888888889,0.06918764327466012,2.69078359989535,2.9619941778824277,213.28125,0.28413311744639025,212.72435932298998,213.83814067701002,2.3369791666666666,0.1004451870415992,2.1401102176447426,2.5338481156885906,213.3103298611111,0.2809459100478849,212.7596859958134,213.86097372640876,213.31041666666667,0.2809168410054839,212.75982977564516,213.86100355768818,0.00034722222222222224,0.00027407177300681234,0.0,0.0008843930264946114,0.00026041666666666666,0.0002604166666666666,0.0,0.0007708239543073056,0.9999983609773787,1.2920588142155976e-06,0.9999958285886369,1.0000008933661204,5440.615184431052
baseline,family_four,9.0,0.15475,177967.14371230322,234.36681224237458,177507.7932011367,178426.49422346975,174496.52848394823,229.83619791704137,174046.05781368722,174946.99915420925,0.0,0.0,0.0,0.0,2844.375,4.075547078342194,2836.3870745091517,2852.3629254908483,389.4247664465218,0.5579851352670488,388.33113567748967,390.51839721555393,128.2182396862532,0.11152519172257118,127.99965432710805,128.43682504539836,0.0,0.0,0.0,0.0,94.8125,0.1358515692780732,94.54623581697173,95.07876418302827,13.784722222222221,0.4573900755305548,12.88825414729628,14.681190297148163,0.0,0.0,0.0,0.0,23.703125,0.0339628923195183,23.636558954242933,23.769691045757067,23.703125,0.0339628923195183,23.636558954242933,23.769691045757067,1.112642189847205,0.001594243243620142,1.1095175305071132,1.1157668491872967,1602.7279960781652,1.3940648965321407,1599.9956790888507,1605.4603130674798,7.514398194132741,0.011826092046530342,7.491219479643686,7.537576908621796,0.0,0.0,0.0,0.0,1.378472222222222,0.045739007553055475,1.2888254147296279,1.4681190297148163,213.328125,0.3056660308756646,212.7290305881864,213.9272194118136,4.3671875,0.18542946952068112,4.003752418067097,4.730622581932903,213.3109375,0.2809601731052749,212.76026567962353,213.86160932037646,213.31041666666667,0.2809168410054839,212.75982977564516,213.86100355768818,0.0,0.0,0.0,0.0,0.0005208333333333333,0.0003673194203599767,0.0,0.0012407661680610164,1.0,0.0,1.0,1.0,516.4901968354243
baseline,family_four,10.0,0.15475,177450.6535154678,233.54058483195155,176992.92238026875,177908.38465066685,174018.44857710815,229.1955173124968,173569.23361775762,174467.66353645868,0.5902777777777778,0.465922014111581,0.0,1.5034681450408394,2560.8333333333335,3.5442642665848645,2553.886703019135,2567.779963647532,371.7690821522917,0.5145387074364158,370.7606048170645,372.77755948751883,143.81780065178168,0.11983865083963682,143.5829212121801,144.05268009138325,0.0,0.0,0.0,0.0,341.4444444444444,0.4725685688779817,340.5182270692179,342.3706618196709,13.75,0.5305414308156396,12.710157903294997,14.789842096705003,0.0,0.0,0.0,0.0,21.340277777777775,0.029535535554873857,21.28238919182612,21.39816636372943,21.340277777777775,0.029535535554873857,21.28238919182612,21.39816636372943,1.0621973775779765,0.0014701105926754722,1.0593160137630417,1.0650787413929113,1797.7225081472714,1.49798313549546,1794.786515152252,1800.6585011422908,8.434612970711397,0.013247339579491086,8.408648662244623,8.460577279178171,0.0,0.0,0.0,0.0,1.375,0.05305414308156396,1.2710157903294999,1.4789842096705001,213.40277777777774,0.2953553555487387,212.82389191826118,213.9816636372943,4.8890625000000005,0.21405103487086125,4.469530180799585,5.308594819200416,213.3103298611111,0.2809459100478849,212.7596859958134,213.86097372640876,213.31041666666667,0.2809168410054839,212.75982977564516,213.86100355768818,0.00034722222222222224,0.00027407177300681234,0.0,0.0008843930264946114,0.00026041666666666666,0.0002604166666666666,0.0,0.0007708239543073056,0.9999983609773787,1.2920588142155976e-06,0.9999958285886369,1.0000008933661204,0.0
