annual_consumption_multiplier,sku_count,portfolio,system_cost_jpy,consumer_cost_jpy,complexity_cost_jpy,physical_discard_kg,packaging_mass_kg,household_choices,regret_jpy
0.5,1,5,44400.63035615045,44400.63035615045,0.0,0.4935036628154596,0.3540870931307887,family_four:5;family_three:5;single_average:5;single_low:5;two_person_average:5;two_person_low:5,425.780348630331
0.5,1,4.5,44531.97311202258,44531.97311202258,0.0,0.38217139433463715,0.3723792899213824,family_four:4.5;family_three:4.5;single_average:4.5;single_low:4.5;two_person_average:4.5;two_person_low:4.5,557.1231045024615
0.5,1,9,44608.1429688344,44608.1429688344,0.0,1.7042356286532983,0.2737279482038306,family_four:9;family_three:9;single_average:9;single_low:9;two_person_average:9;two_person_low:9,633.2929613142842
0.5,1,10,44886.73700141708,44886.73700141708,0.0,2.0467010625729536,0.2642886331114784,family_four:10;family_three:10;single_average:10;single_low:10;two_person_average:10;two_person_low:10,911.8869938969656
0.5,1,3,45392.17693836866,45392.17693836866,0.0,0.12150943532137047,0.4562257420866749,family_four:3;family_three:3;single_average:3;single_low:3;two_person_average:3;two_person_low:3,1417.326930848547
0.5,1,2.4,46091.84866652214,46091.84866652214,0.0,0.056736585595744356,0.5144041875979314,family_four:2.4;family_three:2.4;single_average:2.4;single_low:2.4;two_person_average:2.4;two_person_low:2.4,2116.998659002027
0.5,1,2.25,46323.145437771775,46323.145437771775,0.0,0.044458018748796346,0.5330173077577459,family_four:2.25;family_three:2.25;single_average:2.25;single_low:2.25;two_person_average:2.25;two_person_low:2.25,2348.295430251659
0.5,1,2.1,46588.950681655115,46588.950681655115,0.0,0.03386104757426175,0.5541333890056926,family_four:2.1;family_three:2.1;single_average:2.1;single_low:2.1;two_person_average:2.1;two_person_low:2.1,2614.1006741349993
0.5,1,2,46790.895417162596,46790.895417162596,0.0,0.02792023764136135,0.5697976815978544,family_four:2;family_three:2;single_average:2;single_low:2;two_person_average:2;two_person_low:2,2816.04540964248
0.5,1,1.8,47242.29066715846,47242.29066715846,0.0,0.017037002997812332,0.6054888703305803,family_four:1.8;family_three:1.8;single_average:1.8;single_low:1.8;two_person_average:1.8;two_person_low:1.8,3267.4406596383415
0.5,2,4.5|10,43974.850007520115,43794.850007520115,180.0,0.5108044643234458,0.3075581773394507,family_four:10;family_three:10;single_average:4.5;single_low:4.5;two_person_average:4.5;two_person_low:4.5,0.0
0.5,2,4.5|9,43985.35313588205,43805.35313588205,180.0,0.45413154524262606,0.3143495684704536,family_four:9;family_three:9;single_average:4.5;single_low:4.5;two_person_average:4.5;two_person_low:4.5,10.503128361931886
0.5,2,5|10,43985.7593998625,43805.7593998625,180.0,0.6218924446909116,0.29987694133918824,family_four:10;family_three:10;single_average:5;single_low:5;two_person_average:5;two_person_low:5,10.909392342386127
0.5,2,5|9,43996.26252822443,43816.26252822443,180.0,0.5652195256100919,0.3066683324701912,family_four:9;family_three:9;single_average:5;single_low:5;two_person_average:5;two_person_low:5,21.412520704318013
0.5,2,3|9,44023.070486777404,43843.070486777404,180.0,0.3884392654803432,0.32035389883705845,family_four:9;family_three:9;single_average:3;single_low:3;two_person_average:9;two_person_low:3,48.22047925728839
0.5,2,3|10,44069.83235860527,43889.83235860527,180.0,0.509315577469992,0.3118343573217968,family_four:10;family_three:10;single_average:3;single_low:3;two_person_average:10;two_person_low:3,94.98235108515655
0.5,2,2.4|9,44133.497083920935,43953.497083920935,180.0,0.6358801736024007,0.3092767803796541,family_four:9;family_three:9;single_average:2.4;single_low:2.4;two_person_average:9;two_person_low:9,158.64707640081906
0.5,2,2.25|9,44159.53187154974,43979.53187154974,180.0,0.6237693305449735,0.3121603130877973,family_four:9;family_three:9;single_average:2.25;single_low:2.25;two_person_average:9;two_person_low:9,184.681864029626
0.5,2,2.1|9,44192.73566906578,44012.73566906578,180.0,0.6132741981039078,0.31547301212367523,family_four:9;family_three:9;single_average:2.1;single_low:2.1;two_person_average:9;two_person_low:9,217.88566154566797
0.5,2,2.4|10,44209.93251639034,44029.93251639034,180.0,0.4445823686558218,0.3273969915302697,family_four:10;family_three:10;single_average:2.4;single_low:2.4;two_person_average:10;two_person_low:2.4,235.08250887022587
0.5,2,2|9,44218.68720155554,44038.68720155554,180.0,0.6073531554844106,0.3179615278432092,family_four:9;family_three:9;single_average:2;single_low:2;two_person_average:9;two_person_low:9,243.83719403542636
0.5,2,2.25|10,44262.4774760517,44082.4774760517,180.0,0.432305908109238,0.33231373999686087,family_four:10;family_three:10;single_average:2.25;single_low:2.25;two_person_average:10;two_person_low:2.25,287.6274685315875
0.5,2,1.8|9,44283.82479912944,44103.82479912944,180.0,0.5964993656294992,0.3237161747782501,family_four:9;family_three:9;single_average:1.8;single_low:1.8;two_person_average:9;two_person_low:9,308.9747916093256
0.5,2,2.1|10,44302.8907735599,44122.8907735599,180.0,0.8014530428758848,0.3060006945663257,family_four:10;family_three:10;single_average:2.1;single_low:2.1;two_person_average:10;two_person_low:10,328.0407660397832
0.5,2,2|10,44328.84230604966,44148.84230604966,180.0,0.7955320002563875,0.30848921028585974,family_four:10;family_three:10;single_average:2;single_low:2;two_person_average:10;two_person_low:10,353.9922985295416
0.5,2,1.8|10,44393.979903623556,44213.979903623556,180.0,0.7846782104014762,0.3142438572209006,family_four:10;family_three:10;single_average:1.8;single_low:1.8;two_person_average:10;two_person_low:10,419.12989610344084
0.5,2,3|5,44481.87667313374,44301.87667313374,180.0,0.19566673616514313,0.36887222502770706,family_four:5;family_three:5;single_average:3;single_low:3;two_person_average:5;two_person_low:5,507.02666561362275
0.5,2,2.4|5,44486.880634816305,44306.880634816305,180.0,0.28283035367928216,0.362772033981097,family_four:5;family_three:5;single_average:5;single_low:2.4;two_person_average:5;two_person_low:5,512.0306272961898
0.5,2,2.25|5,44490.754212802894,44310.754212802894,180.0,0.27329560029200173,0.36367807915778105,family_four:5;family_three:5;single_average:5;single_low:2.25;two_person_average:5;two_person_low:5,515.904205282779
0.5,2,2.1|5,44497.512640303714,44317.512640303714,180.0,0.26444514910919825,0.36484193480192084,family_four:5;family_three:5;single_average:5;single_low:2.1;two_person_average:5;two_person_low:5,522.6626327835984
0.5,2,2|5,44503.91035655284,44323.91035655284,180.0,0.2592436260619528,0.36578231810356243,family_four:5;family_three:5;single_average:5;single_low:2;two_person_average:5;two_person_low:5,529.0603490327267
0.5,2,1.8|5,44521.5608212985,44341.5608212985,180.0,0.24932233858337294,0.3679424731374397,family_four:5;family_three:5;single_average:5;single_low:1.8;two_person_average:5;two_person_low:5,546.7108137783871
0.5,2,4.5|5,44532.40676264367,44352.40676264367,180.0,0.41231842961386805,0.35676487422321174,family_four:5;family_three:5;single_average:4.5;single_low:4.5;two_person_average:5;two_person_low:5,557.5567551235581
0.5,2,3|4.5,44647.60333059942,44467.60333059942,180.0,0.25841754402769,0.3764149122959462,family_four:4.5;family_three:4.5;single_average:4.5;single_low:3;two_person_average:4.5;two_person_low:4.5,672.7533230793051
0.5,2,2.4|4.5,44648.30279414145,44468.30279414145,180.0,0.21524212816829436,0.37982831396744426,family_four:4.5;family_three:4.5;single_average:4.5;single_low:2.4;two_person_average:4.5;two_person_low:4.5,673.452786621332
0.5,2,2.25|4.5,44652.17637212803,44472.17637212803,180.0,0.20570737478101392,0.3807343591441284,family_four:4.5;family_three:4.5;single_average:4.5;single_low:2.25;two_person_average:4.5;two_person_low:4.5,677.326364607914
0.5,2,2.1|4.5,44658.934799628856,44478.934799628856,180.0,0.19685692359821041,0.38189821478826813,family_four:4.5;family_three:4.5;single_average:4.5;single_low:2.1;two_person_average:4.5;two_person_low:4.5,684.0847921087407
0.5,2,2|4.5,44665.33251587799,44485.33251587799,180.0,0.19165540055096497,0.3828385980899097,family_four:4.5;family_three:4.5;single_average:4.5;single_low:2;two_person_average:4.5;two_person_low:4.5,690.4825083578762
0.5,2,1.8|4.5,44682.98298062365,44502.98298062365,180.0,0.18173411307238513,0.384998753123787,family_four:4.5;family_three:4.5;single_average:4.5;single_low:1.8;two_person_average:4.5;two_person_low:4.5,708.1329731035366
0.5,2,9|10,44764.32236697415,44584.32236697415,180.0,1.719493121153098,0.26979053804046504,family_four:10;family_three:9;single_average:9;single_low:9;two_person_average:9;two_person_low:9,789.4723594540337
0.5,2,1.8|3,45572.17693836866,45392.17693836866,180.0,0.12150943532137047,0.4562257420866749,family_four:3;family_three:3;single_average:3;single_low:3;two_person_average:3;two_person_low:3,1597.326930848547
0.5,2,2|3,45572.17693836866,45392.17693836866,180.0,0.12150943532137047,0.4562257420866749,family_four:3;family_three:3;single_average:3;single_low:3;two_person_average:3;two_person_low:3,1597.326930848547
0.5,2,2.1|3,45572.17693836866,45392.17693836866,180.0,0.12150943532137047,0.4562257420866749,family_four:3;family_three:3;single_average:3;single_low:3;two_person_average:3;two_person_low:3,1597.326930848547
0.5,2,2.25|3,45572.17693836866,45392.17693836866,180.0,0.12150943532137047,0.4562257420866749,family_four:3;family_three:3;single_average:3;single_low:3;two_person_average:3;two_person_low:3,1597.326930848547
0.5,2,2.4|3,45572.17693836866,45392.17693836866,180.0,0.12150943532137047,0.4562257420866749,family_four:3;family_three:3;single_average:3;single_low:3;two_person_average:3;two_person_low:3,1597.326930848547
0.5,2,1.8|2.4,46271.84866652214,46091.84866652214,180.0,0.056736585595744356,0.5144041875979314,family_four:2.4;family_three:2.4;single_average:2.4;single_low:2.4;two_person_average:2.4;two_person_low:2.4,2296.998659002027
0.5,2,2|2.4,46271.84866652214,46091.84866652214,180.0,0.056736585595744356,0.5144041875979314,family_four:2.4;family_three:2.4;single_average:2.4;single_low:2.4;two_person_average:2.4;two_person_low:2.4,2296.998659002027
0.5,2,2.1|2.4,46271.84866652214,46091.84866652214,180.0,0.056736585595744356,0.5144041875979314,family_four:2.4;family_three:2.4;single_average:2.4;single_low:2.4;two_person_average:2.4;two_person_low:2.4,2296.998659002027
0.5,2,2.25|2.4,46271.84866652214,46091.84866652214,180.0,0.056736585595744356,0.5144041875979314,family_four:2.4;family_three:2.4;single_average:2.4;single_low:2.4;two_person_average:2.4;two_person_low:2.4,2296.998659002027
0.5,2,1.8|2.25,46503.145437771775,46323.145437771775,180.0,0.044458018748796346,0.5330173077577459,family_four:2.25;family_three:2.25;single_average:2.25;single_low:2.25;two_person_average:2.25;two_person_low:2.25,2528.295430251659
0.5,2,2|2.25,46503.145437771775,46323.145437771775,180.0,0.044458018748796346,0.5330173077577459,family_four:2.25;family_three:2.25;single_average:2.25;single_low:2.25;two_person_average:2.25;two_person_low:2.25,2528.295430251659
0.5,2,2.1|2.25,46503.145437771775,46323.145437771775,180.0,0.044458018748796346,0.5330173077577459,family_four:2.25;family_three:2.25;single_average:2.25;single_low:2.25;two_person_average:2.25;two_person_low:2.25,2528.295430251659
0.5,2,1.8|2.1,46768.950681655115,46588.950681655115,180.0,0.03386104757426175,0.5541333890056926,family_four:2.1;family_three:2.1;single_average:2.1;single_low:2.1;two_person_average:2.1;two_person_low:2.1,2794.1006741349993
0.5,2,2|2.1,46768.950681655115,46588.950681655115,180.0,0.03386104757426175,0.5541333890056926,family_four:2.1;family_three:2.1;single_average:2.1;single_low:2.1;two_person_average:2.1;two_person_low:2.1,2794.1006741349993
0.5,2,1.8|2,46970.895417162596,46790.895417162596,180.0,0.02792023764136135,0.5697976815978544,family_four:2;family_three:2;single_average:2;single_low:2;two_person_average:2;two_person_low:2,2996.04540964248
0.5,3,3|5|10,44067.00571684579,43707.00571684579,360.0,0.32405551804059535,0.3146620732361066,family_four:10;family_three:10;single_average:3;single_low:3;two_person_average:5;two_person_low:5,92.15570932567789
0.5,3,2.4|5|10,44072.00967852836,43712.00967852836,360.0,0.4112191355547343,0.30856188218949654,family_four:10;family_three:10;single_average:5;single_low:2.4;two_person_average:5;two_person_low:5,97.15967100824491
0.5,3,2.25|5|10,44075.88325651495,43715.88325651495,360.0,0.40168438216745395,0.3094679273661806,family_four:10;family_three:10;single_average:5;single_low:2.25;two_person_average:5;two_person_low:5,101.03324899483414
0.5,3,3|5|9,44077.508845207725,43717.508845207725,360.0,0.26738259895977556,0.32145346436710953,family_four:9;family_three:9;single_average:3;single_low:3;two_person_average:5;two_person_low:5,102.65883768760978
0.5,3,2.4|5|9,44082.51280689029,43722.51280689029,360.0,0.3545462164739146,0.3153532733204995,family_four:9;family_three:9;single_average:5;single_low:2.4;two_person_average:5;two_person_low:5,107.6627993701768
0.5,3,2.1|5|10,44082.64168401577,43722.64168401577,360.0,0.3928339309846504,0.3106317830103204,family_four:10;family_three:10;single_average:5;single_low:2.1;two_person_average:5;two_person_low:5,107.79167649565352
0.5,3,2.25|5|9,44086.38638487688,43726.38638487688,360.0,0.3450114630866342,0.3162593184971836,family_four:9;family_three:9;single_average:5;single_low:2.25;two_person_average:5;two_person_low:5,111.53637735676602
0.5,3,2|5|10,44089.0394002649,43729.0394002649,360.0,0.387632407937405,0.311572166311962,family_four:10;family_three:10;single_average:5;single_low:2;two_person_average:5;two_person_low:5,114.1893927447818
0.5,3,3|4.5|10,44090.48022609696,43730.48022609696,360.0,0.3870506140164987,0.31159379971401446,family_four:10;family_three:10;single_average:4.5;single_low:3;two_person_average:4.5;two_person_low:4.5,115.63021857684362
0.5,3,2.4|4.5|10,44091.179689638986,43731.179689638986,360.0,0.34387519815710305,0.3150072013855125,family_four:10;family_three:10;single_average:4.5;single_low:2.4;two_person_average:4.5;two_person_low:4.5,116.32968211887055
0.5,3,2.1|5|9,44093.1448123777,43733.1448123777,360.0,0.3361610119038307,0.31742317414132337,family_four:9;family_three:9;single_average:5;single_low:2.1;two_person_average:5;two_person_low:5,118.2948048575854
0.5,3,2.25|4.5|10,44095.05326762557,43735.05326762557,360.0,0.33434044476982266,0.3159132465621966,family_four:10;family_three:10;single_average:4.5;single_low:2.25;two_person_average:4.5;two_person_low:4.5,120.2032601054525
0.5,3,2|5|9,44099.54252862683,43739.54252862683,360.0,0.33095948885658527,0.3183635574429649,family_four:9;family_three:9;single_average:5;single_low:2;two_person_average:5;two_person_low:5,124.69252110671368
0.5,3,3|4.5|9,44100.98335445889,43740.98335445889,360.0,0.330377694935679,0.3183851908450174,family_four:9;family_three:9;single_average:4.5;single_low:3;two_person_average:4.5;two_person_low:4.5,126.1333469387755
0.5,3,2.4|4.5|9,44101.68281800092,43741.68281800092,360.0,0.28720227907628326,0.32179859251651544,family_four:9;family_three:9;single_average:4.5;single_low:2.4;two_person_average:4.5;two_person_low:4.5,126.83281048080244
0.5,3,2.1|4.5|10,44101.811695126395,43741.811695126395,360.0,0.32548999358701913,0.3170771022063364,family_four:10;family_three:10;single_average:4.5;single_low:2.1;two_person_average:4.5;two_person_low:4.5,126.96168760627916
0.5,3,2.25|4.5|9,44105.5563959875,43745.5563959875,360.0,0.2776675256890029,0.3227046376931995,family_four:9;family_three:9;single_average:4.5;single_low:2.25;two_person_average:4.5;two_person_low:4.5,130.7063884673844
0.5,3,1.8|5|10,44106.68986501056,43746.68986501056,360.0,0.3777111204588251,0.3137323213458393,family_four:10;family_three:10;single_average:5;single_low:1.8;two_person_average:5;two_person_low:5,131.83985749044223
0.5,3,2|4.5|10,44108.20941137553,43748.20941137553,360.0,0.3202884705397737,0.3180174855079779,family_four:10;family_three:10;single_average:4.5;single_low:2;two_person_average:4.5;two_person_low:4.5,133.3594038554147
0.5,3,2.1|4.5|9,44112.31482348833,43752.31482348833,360.0,0.26881707450619935,0.3238684933373393,family_four:9;family_three:9;single_average:4.5;single_low:2.1;two_person_average:4.5;two_person_low:4.5,137.46481596821104
0.5,3,1.8|5|9,44117.19299337249,43757.19299337249,360.0,0.3210382013780054,0.3205237124768422,family_four:9;family_three:9;single_average:5;single_low:1.8;two_person_average:5;two_person_low:5,142.3429858523741
0.5,3,4.5|5|10,44117.53580635573,43757.53580635573,360.0,0.5407072114893202,0.3025547224316113,family_four:10;family_three:10;single_average:4.5;single_low:4.5;two_person_average:5;two_person_low:5,142.68579883561324
0.5,3,2|4.5|9,44118.71253973746,43758.71253973746,360.0,0.2636155514589539,0.3248088766389809,family_four:9;family_three:9;single_average:4.5;single_low:2;two_person_average:4.5;two_person_low:4.5,143.8625322173466
0.5,3,1.8|4.5|10,44125.85987612119,43765.85987612119,360.0,0.3103671830611938,0.3201776405418552,family_four:10;family_three:10;single_average:4.5;single_low:1.8;two_person_average:4.5;two_person_low:4.5,151.00986860107514
0.5,3,4.5|5|9,44128.03893471766,43768.03893471766,360.0,0.48403429240850043,0.3093461135626142,family_four:9;family_three:9;single_average:4.5;single_low:4.5;two_person_average:5;two_person_low:5,153.18892719754513
0.5,3,1.8|4.5|9,44136.36300448312,43776.36300448312,360.0,0.2536942639803741,0.3269690316728582,family_four:9;family_three:9;single_average:4.5;single_low:1.8;two_person_average:4.5;two_person_low:4.5,161.51299696300703
0.5,3,4.5|9|10,44141.5325340218,43781.5325340218,360.0,0.4693890377424258,0.310412158307088,family_four:10;family_three:9;single_average:4.5;single_low:4.5;two_person_average:4.5;two_person_low:4.5,166.68252650168142
0.5,3,5|9|10,44152.44192636418,43792.44192636418,360.0,0.5804770181098917,0.30273092230682563,family_four:10;family_three:9;single_average:5;single_low:5;two_person_average:5;two_person_low:5,177.59191884406755
0.5,3,3|9|10,44179.24988491715,43819.24988491715,360.0,0.40369675798014293,0.3164164886736929,family_four:10;family_three:9;single_average:3;single_low:3;two_person_average:9;two_person_low:3,204.39987739703793
0.5,3,1.8|3|9,44203.070486777404,43843.070486777404,360.0,0.3884392654803432,0.32035389883705845,family_four:9;family_three:9;single_average:3;single_low:3;two_person_average:9;two_person_low:3,228.2204792572884
0.5,3,2|3|9,44203.070486777404,43843.070486777404,360.0,0.3884392654803432,0.32035389883705845,family_four:9;family_three:9;single_average:3;single_low:3;two_person_average:9;two_person_low:3,228.2204792572884
0.5,3,2.1|3|9,44203.070486777404,43843.070486777404,360.0,0.3884392654803432,0.32035389883705845,family_four:9;family_three:9;single_average:3;single_low:3;two_person_average:9;two_person_low:3,228.2204792572884
0.5,3,2.25|3|9,44203.070486777404,43843.070486777404,360.0,0.3884392654803432,0.32035389883705845,family_four:9;family_three:9;single_average:3;single_low:3;two_person_average:9;two_person_low:3,228.2204792572884
0.5,3,2.4|3|9,44203.070486777404,43843.070486777404,360.0,0.3884392654803432,0.32035389883705845,family_four:9;family_three:9;single_average:3;single_low:3;two_person_average:9;two_person_low:3,228.2204792572884
0.5,3,1.8|3|10,44249.83235860527,43889.83235860527,360.0,0.509315577469992,0.3118343573217968,family_four:10;family_three:10;single_average:3;single_low:3;two_person_average:10;two_person_low:3,274.98235108515655
0.5,3,2|3|10,44249.83235860527,43889.83235860527,360.0,0.509315577469992,0.3118343573217968,family_four:10;family_three:10;single_average:3;single_low:3;two_person_average:10;two_person_low:3,274.98235108515655
0.5,3,2.1|3|10,44249.83235860527,43889.83235860527,360.0,0.509315577469992,0.3118343573217968,family_four:10;family_three:10;single_average:3;single_low:3;two_person_average:10;two_person_low:3,274.98235108515655
0.5,3,2.25|3|10,44249.83235860527,43889.83235860527,360.0,0.509315577469992,0.3118343573217968,family_four:10;family_three:10;single_average:3;single_low:3;two_person_average:10;two_person_low:3,274.98235108515655
0.5,3,2.4|3|10,44249.83235860527,43889.83235860527,360.0,0.509315577469992,0.3118343573217968,family_four:10;family_three:10;single_average:3;single_low:3;two_person_average:10;two_person_low:3,274.98235108515655
0.5,3,2.4|9|10,44289.676482060684,43929.676482060684,360.0,0.6511376661022005,0.30533937021628854,family_four:10;family_three:9;single_average:2.4;single_low:2.4;two_person_average:9;two_person_low:9,314.8264745405686
0.5,3,1.8|2.4|9,44313.497083920935,43953.497083920935,360.0,0.6358801736024007,0.3092767803796541,family_four:9;family_three:9;single_average:2.4;single_low:2.4;two_person_average:9;two_person_low:9,338.64707640081906
0.5,3,2|2.4|9,44313.497083920935,43953.497083920935,360.0,0.6358801736024007,0.3092767803796541,family_four:9;family_three:9;single_average:2.4;single_low:2.4;two_person_average:9;two_person_low:9,338.64707640081906
0.5,3,2.1|2.4|9,44313.497083920935,43953.497083920935,360.0,0.6358801736024007,0.3092767803796541,family_four:9;family_three:9;single_average:2.4;single_low:2.4;two_person_average:9;two_person_low:9,338.64707640081906
0.5,3,2.25|2.4|9,44313.497083920935,43953.497083920935,360.0,0.6358801736024007,0.3092767803796541,family_four:9;family_three:9;single_average:2.4;single_low:2.4;two_person_average:9;two_person_low:9,338.64707640081906
0.5,3,2.25|9|10,44315.71126968949,43955.71126968949,360.0,0.6390268230447733,0.3082229029244317,family_four:10;family_three:9;single_average:2.25;single_low:2.25;two_person_average:9;two_person_low:9,340.86126216937555
0.5,3,1.8|2.25|9,44339.53187154974,43979.53187154974,360.0,0.6237693305449735,0.3121603130877973,family_four:9;family_three:9;single_average:2.25;single_low:2.25;two_person_average:9;two_person_low:9,364.681864029626
0.5,3,2|2.25|9,44339.53187154974,43979.53187154974,360.0,0.6237693305449735,0.3121603130877973,family_four:9;family_three:9;single_average:2.25;single_low:2.25;two_person_average:9;two_person_low:9,364.681864029626
0.5,3,2.1|2.25|9,44339.53187154974,43979.53187154974,360.0,0.6237693305449735,0.3121603130877973,family_four:9;family_three:9;single_average:2.25;single_low:2.25;two_person_average:9;two_person_low:9,364.681864029626
0.5,3,2.1|9|10,44348.91506720553,43988.91506720553,360.0,0.6285316906037076,0.31153560196030966,family_four:10;family_three:9;single_average:2.1;single_low:2.1;two_person_average:9;two_person_low:9,374.0650596854175
0.5,3,1.8|2.1|9,44372.73566906578,44012.73566906578,360.0,0.6132741981039078,0.31547301212367523,family_four:9;family_three:9;single_average:2.1;single_low:2.1;two_person_average:9;two_person_low:9,397.885661545668
0.5,3,2|2.1|9,44372.73566906578,44012.73566906578,360.0,0.6132741981039078,0.31547301212367523,family_four:9;family_three:9;single_average:2.1;single_low:2.1;two_person_average:9;two_person_low:9,397.885661545668
0.5,3,2|9|10,44374.86659969529,44014.86659969529,360.0,0.6226106479842104,0.3140241176798436,family_four:10;family_three:9;single_average:2;single_low:2;two_person_average:9;two_person_low:9,400.0165921751759
0.5,3,1.8|2.4|10,44389.93251639034,44029.93251639034,360.0,0.4445823686558218,0.3273969915302697,family_four:10;family_three:10;single_average:2.4;single_low:2.4;two_person_average:10;two_person_low:2.4,415.08250887022587
0.5,3,2|2.4|10,44389.93251639034,44029.93251639034,360.0,0.4445823686558218,0.3273969915302697,family_four:10;family_three:10;single_average:2.4;single_low:2.4;two_person_average:10;two_person_low:2.4,415.08250887022587
0.5,3,2.1|2.4|10,44389.93251639034,44029.93251639034,360.0,0.4445823686558218,0.3273969915302697,family_four:10;family_three:10;single_average:2.4;single_low:2.4;two_person_average:10;two_person_low:2.4,415.08250887022587
0.5,3,2.25|2.4|10,44389.93251639034,44029.93251639034,360.0,0.4445823686558218,0.3273969915302697,family_four:10;family_three:10;single_average:2.4;single_low:2.4;two_person_average:10;two_person_low:2.4,415.08250887022587
0.5,3,1.8|2|9,44398.68720155554,44038.68720155554,360.0,0.6073531554844106,0.3179615278432092,family_four:9;family_three:9;single_average:2;single_low:2;two_person_average:9;two_person_low:9,423.83719403542636
0.5,3,1.8|9|10,44440.00419726919,44080.00419726919,360.0,0.6117568581292989,0.3197787646148845,family_four:10;family_three:9;single_average:1.8;single_low:1.8;two_person_average:9;two_person_low:9,465.15418974907516
0.5,3,1.8|2.25|10,44442.4774760517,44082.4774760517,360.0,0.432305908109238,0.33231373999686087,family_four:10;family_three:10;single_average:2.25;single_low:2.25;two_person_average:10;two_person_low:2.25,467.6274685315875
0.5,3,2|2.25|10,44442.4774760517,44082.4774760517,360.0,0.432305908109238,0.33231373999686087,family_four:10;family_three:10;single_average:2.25;single_low:2.25;two_person_average:10;two_person_low:2.25,467.6274685315875
0.5,3,2.1|2.25|10,44442.4774760517,44082.4774760517,360.0,0.432305908109238,0.33231373999686087,family_four:10;family_three:10;single_average:2.25;single_low:2.25;two_person_average:10;two_person_low:2.25,467.6274685315875
0.5,3,1.8|2.1|10,44482.8907735599,44122.8907735599,360.0,0.8014530428758848,0.3060006945663257,family_four:10;family_three:10;single_average:2.1;single_low:2.1;two_person_average:10;two_person_low:10,508.0407660397832
0.5,3,2|2.1|10,44482.8907735599,44122.8907735599,360.0,0.8014530428758848,0.3060006945663257,family_four:10;family_three:10;single_average:2.1;single_low:2.1;two_person_average:10;two_person_low:10,508.0407660397832
0.5,3,1.8|2|10,44508.84230604966,44148.84230604966,360.0,0.7955320002563875,0.30848921028585974,family_four:10;family_three:10;single_average:2;single_low:2;two_person_average:10;two_person_low:10,533.9922985295416
0.5,3,3|4.5|5,44648.03698122052,44288.03698122052,360.0,0.28856457930692087,0.3608004965977755,family_four:5;family_three:5;single_average:4.5;single_low:3;two_person_average:5;two_person_low:5,673.1869737004017
0.5,3,2.4|4.5|5,44648.73644476255,44288.73644476255,360.0,0.2453891634475252,0.36421389826927353,family_four:5;family_three:5;single_average:4.5;single_low:2.4;two_person_average:5;two_person_low:5,673.8864372424359
0.5,3,2.25|4.5|5,44652.61002274913,44292.61002274913,360.0,0.23585441006024477,0.36511994344595766,family_four:5;family_three:5;single_average:4.5;single_low:2.25;two_person_average:5;two_person_low:5,677.7600152290179
0.5,3,2.1|4.5|5,44659.36845024996,44299.36845024996,360.0,0.2270039588774413,0.3662837990900974,family_four:5;family_three:5;single_average:4.5;single_low:2.1;two_person_average:5;two_person_low:5,684.5184427298445
0.5,3,1.8|3|5,44661.87667313374,44301.87667313374,360.0,0.19566673616514313,0.36887222502770706,family_four:5;family_three:5;single_average:3;single_low:3;two_person_average:5;two_person_low:5,687.0266656136228
0.5,3,2|3|5,44661.87667313374,44301.87667313374,360.0,0.19566673616514313,0.36887222502770706,family_four:5;family_three:5;single_average:3;single_low:3;two_person_average:5;two_person_low:5,687.0266656136228
0.5,3,2.1|3|5,44661.87667313374,44301.87667313374,360.0,0.19566673616514313,0.36887222502770706,family_four:5;family_three:5;single_average:3;single_low:3;two_person_average:5;two_person_low:5,687.0266656136228
0.5,3,2.25|3|5,44661.87667313374,44301.87667313374,360.0,0.19566673616514313,0.36887222502770706,family_four:5;family_three:5;single_average:3;single_low:3;two_person_average:5;two_person_low:5,687.0266656136228
0.5,3,2.4|3|5,44661.87667313374,44301.87667313374,360.0,0.19566673616514313,0.36887222502770706,family_four:5;family_three:5;single_average:3;single_low:3;two_person_average:5;two_person_low:5,687.0266656136228
0.5,3,2|4.5|5,44665.76616649909,44305.76616649909,360.0,0.22180243583019582,0.367224182391739,family_four:5;family_three:5;single_average:4.5;single_low:2;two_person_average:5;two_person_low:5,690.9161589789728
0.5,3,1.8|2.4|5,44666.880634816305,44306.880634816305,360.0,0.28283035367928216,0.362772033981097,family_four:5;family_three:5;single_average:5;single_low:2.4;two_person_average:5;two_person_low:5,692.0306272961898
0.5,3,2|2.4|5,44666.880634816305,44306.880634816305,360.0,0.28283035367928216,0.362772033981097,family_four:5;family_three:5;single_average:5;single_low:2.4;two_person_average:5;two_person_low:5,692.0306272961898
0.5,3,2.1|2.4|5,44666.880634816305,44306.880634816305,360.0,0.28283035367928216,0.362772033981097,family_four:5;family_three:5;single_average:5;single_low:2.4;two_person_average:5;two_person_low:5,692.0306272961898
0.5,3,2.25|2.4|5,44666.880634816305,44306.880634816305,360.0,0.28283035367928216,0.362772033981097,family_four:5;family_three:5;single_average:5;single_low:2.4;two_person_average:5;two_person_low:5,692.0306272961898
0.5,3,1.8|2.25|5,44670.754212802894,44310.754212802894,360.0,0.27329560029200173,0.36367807915778105,family_four:5;family_three:5;single_average:5;single_low:2.25;two_person_average:5;two_person_low:5,695.904205282779
0.5,3,2|2.25|5,44670.754212802894,44310.754212802894,360.0,0.27329560029200173,0.36367807915778105,family_four:5;family_three:5;single_average:5;single_low:2.25;two_person_average:5;two_person_low:5,695.904205282779
0.5,3,2.1|2.25|5,44670.754212802894,44310.754212802894,360.0,0.27329560029200173,0.36367807915778105,family_four:5;family_three:5;single_average:5;single_low:2.25;two_person_average:5;two_person_low:5,695.904205282779
0.5,3,1.8|2.1|5,44677.512640303714,44317.512640303714,360.0,0.26444514910919825,0.36484193480192084,family_four:5;family_three:5;single_average:5;single_low:2.1;two_person_average:5;two_person_low:5,702.6626327835984
0.5,3,2|2.1|5,44677.512640303714,44317.512640303714,360.0,0.26444514910919825,0.36484193480192084,family_four:5;family_three:5;single_average:5;single_low:2.1;two_person_average:5;two_person_low:5,702.6626327835984
0.5,3,1.8|4.5|5,44683.41663124475,44323.41663124475,360.0,0.21188114835161598,0.36938433742561627,family_four:5;family_three:5;single_average:4.5;single_low:1.8;two_person_average:5;two_person_low:5,708.5666237246332
0.5,3,1.8|2|5,44683.91035655284,44323.91035655284,360.0,0.2592436260619528,0.36578231810356243,family_four:5;family_three:5;single_average:5;single_low:2;two_person_average:5;two_person_low:5,709.0603490327267
0.5,3,1.8|3|4.5,44827.60333059942,44467.60333059942,360.0,0.25841754402769,0.3764149122959462,family_four:4.5;family_three:4.5;single_average:4.5;single_low:3;two_person_average:4.5;two_person_low:4.5,852.7533230793051
0.5,3,2|3|4.5,44827.60333059942,44467.60333059942,360.0,0.25841754402769,0.3764149122959462,family_four:4.5;family_three:4.5;single_average:4.5;single_low:3;two_person_average:4.5;two_person_low:4.5,852.7533230793051
0.5,3,2.1|3|4.5,44827.60333059942,44467.60333059942,360.0,0.25841754402769,0.3764149122959462,family_four:4.5;family_three:4.5;single_average:4.5;single_low:3;two_person_average:4.5;two_person_low:4.5,852.7533230793051
0.5,3,2.25|3|4.5,44827.60333059942,44467.60333059942,360.0,0.25841754402769,0.3764149122959462,family_four:4.5;family_three:4.5;single_average:4.5;single_low:3;two_person_average:4.5;two_person_low:4.5,852.7533230793051
0.5,3,2.4|3|4.5,44827.60333059942,44467.60333059942,360.0,0.25841754402769,0.3764149122959462,family_four:4.5;family_three:4.5;single_average:4.5;single_low:3;two_person_average:4.5;two_person_low:4.5,852.7533230793051
0.5,3,1.8|2.4|4.5,44828.30279414145,44468.30279414145,360.0,0.21524212816829436,0.37982831396744426,family_four:4.5;family_three:4.5;single_average:4.5;single_low:2.4;two_person_average:4.5;two_person_low:4.5,853.452786621332
0.5,3,2|2.4|4.5,44828.30279414145,44468.30279414145,360.0,0.21524212816829436,0.37982831396744426,family_four:4.5;family_three:4.5;single_average:4.5;single_low:2.4;two_person_average:4.5;two_person_low:4.5,853.452786621332
0.5,3,2.1|2.4|4.5,44828.30279414145,44468.30279414145,360.0,0.21524212816829436,0.37982831396744426,family_four:4.5;family_three:4.5;single_average:4.5;single_low:2.4;two_person_average:4.5;two_person_low:4.5,853.452786621332
0.5,3,2.25|2.4|4.5,44828.30279414145,44468.30279414145,360.0,0.21524212816829436,0.37982831396744426,family_four:4.5;family_three:4.5;single_average:4.5;single_low:2.4;two_person_average:4.5;two_person_low:4.5,853.452786621332
0.5,3,1.8|2.25|4.5,44832.17637212803,44472.17637212803,360.0,0.20570737478101392,0.3807343591441284,family_four:4.5;family_three:4.5;single_average:4.5;single_low:2.25;two_person_average:4.5;two_person_low:4.5,857.326364607914
0.5,3,2|2.25|4.5,44832.17637212803,44472.17637212803,360.0,0.20570737478101392,0.3807343591441284,family_four:4.5;family_three:4.5;single_average:4.5;single_low:2.25;two_person_average:4.5;two_person_low:4.5,857.326364607914
0.5,3,2.1|2.25|4.5,44832.17637212803,44472.17637212803,360.0,0.20570737478101392,0.3807343591441284,family_four:4.5;family_three:4.5;single_average:4.5;single_low:2.25;two_person_average:4.5;two_person_low:4.5,857.326364607914
0.5,3,1.8|2.1|4.5,44838.934799628856,44478.934799628856,360.0,0.19685692359821041,0.38189821478826813,family_four:4.5;family_three:4.5;single_average:4.5;single_low:2.1;two_person_average:4.5;two_person_low:4.5,864.0847921087407
0.5,3,2|2.1|4.5,44838.934799628856,44478.934799628856,360.0,0.19685692359821041,0.38189821478826813,family_four:4.5;family_three:4.5;single_average:4.5;single_low:2.1;two_person_average:4.5;two_person_low:4.5,864.0847921087407
0.5,3,1.8|2|4.5,44845.33251587799,44485.33251587799,360.0,0.19165540055096497,0.3828385980899097,family_four:4.5;family_three:4.5;single_average:4.5;single_low:2;two_person_average:4.5;two_person_low:4.5,870.4825083578762
0.5,3,1.8|2|3,45752.17693836866,45392.17693836866,360.0,0.12150943532137047,0.4562257420866749,family_four:3;family_three:3;single_average:3;single_low:3;two_person_average:3;two_person_low:3,1777.326930848547
0.5,3,1.8|2.1|3,45752.17693836866,45392.17693836866,360.0,0.12150943532137047,0.4562257420866749,family_four:3;family_three:3;single_average:3;single_low:3;two_person_average:3;two_person_low:3,1777.326930848547
0.5,3,1.8|2.25|3,45752.17693836866,45392.17693836866,360.0,0.12150943532137047,0.4562257420866749,family_four:3;family_three:3;single_average:3;single_low:3;two_person_average:3;two_person_low:3,1777.326930848547
0.5,3,1.8|2.4|3,45752.17693836866,45392.17693836866,360.0,0.12150943532137047,0.4562257420866749,family_four:3;family_three:3;single_average:3;single_low:3;two_person_average:3;two_person_low:3,1777.326930848547
0.5,3,2|2.1|3,45752.17693836866,45392.17693836866,360.0,0.12150943532137047,0.4562257420866749,family_four:3;family_three:3;single_average:3;single_low:3;two_person_average:3;two_person_low:3,1777.326930848547
0.5,3,2|2.25|3,45752.17693836866,45392.17693836866,360.0,0.12150943532137047,0.4562257420866749,family_four:3;family_three:3;single_average:3;single_low:3;two_person_average:3;two_person_low:3,1777.326930848547
0.5,3,2|2.4|3,45752.17693836866,45392.17693836866,360.0,0.12150943532137047,0.4562257420866749,family_four:3;family_three:3;single_average:3;single_low:3;two_person_average:3;two_person_low:3,1777.326930848547
0.5,3,2.1|2.25|3,45752.17693836866,45392.17693836866,360.0,0.12150943532137047,0.4562257420866749,family_four:3;family_three:3;single_average:3;single_low:3;two_person_average:3;two_person_low:3,1777.326930848547
0.5,3,2.1|2.4|3,45752.17693836866,45392.17693836866,360.0,0.12150943532137047,0.4562257420866749,family_four:3;family_three:3;single_average:3;single_low:3;two_person_average:3;two_person_low:3,1777.326930848547
0.5,3,2.25|2.4|3,45752.17693836866,45392.17693836866,360.0,0.12150943532137047,0.4562257420866749,family_four:3;family_three:3;single_average:3;single_low:3;two_person_average:3;two_person_low:3,1777.326930848547
0.5,3,1.8|2|2.4,46451.84866652214,46091.84866652214,360.0,0.056736585595744356,0.5144041875979314,family_four:2.4;family_three:2.4;single_average:2.4;single_low:2.4;two_person_average:2.4;two_person_low:2.4,2476.998659002027
0.5,3,1.8|2.1|2.4,46451.84866652214,46091.84866652214,360.0,0.056736585595744356,0.5144041875979314,family_four:2.4;family_three:2.4;single_average:2.4;single_low:2.4;two_person_average:2.4;two_person_low:2.4,2476.998659002027
0.5,3,1.8|2.25|2.4,46451.84866652214,46091.84866652214,360.0,0.056736585595744356,0.5144041875979314,family_four:2.4;family_three:2.4;single_average:2.4;single_low:2.4;two_person_average:2.4;two_person_low:2.4,2476.998659002027
0.5,3,2|2.1|2.4,46451.84866652214,46091.84866652214,360.0,0.056736585595744356,0.5144041875979314,family_four:2.4;family_three:2.4;single_average:2.4;single_low:2.4;two_person_average:2.4;two_person_low:2.4,2476.998659002027
0.5,3,2|2.25|2.4,46451.84866652214,46091.84866652214,360.0,0.056736585595744356,0.5144041875979314,family_four:2.4;family_three:2.4;single_average:2.4;single_low:2.4;two_person_average:2.4;two_person_low:2.4,2476.998659002027
0.5,3,2.1|2.25|2.4,46451.84866652214,46091.84866652214,360.0,0.056736585595744356,0.5144041875979314,family_four:2.4;family_three:2.4;single_average:2.4;single_low:2.4;two_person_average:2.4;two_person_low:2.4,2476.998659002027
0.5,3,1.8|2|2.25,46683.145437771775,46323.145437771775,360.0,0.044458018748796346,0.5330173077577459,family_four:2.25;family_three:2.25;single_average:2.25;single_low:2.25;two_person_average:2.25;two_person_low:2.25,2708.295430251659
0.5,3,1.8|2.1|2.25,46683.145437771775,46323.145437771775,360.0,0.044458018748796346,0.5330173077577459,family_four:2.25;family_three:2.25;single_average:2.25;single_low:2.25;two_person_average:2.25;two_person_low:2.25,2708.295430251659
0.5,3,2|2.1|2.25,46683.145437771775,46323.145437771775,360.0,0.044458018748796346,0.5330173077577459,family_four:2.25;family_three:2.25;single_average:2.25;single_low:2.25;two_person_average:2.25;two_person_low:2.25,2708.295430251659
0.5,3,1.8|2|2.1,46948.950681655115,46588.950681655115,360.0,0.03386104757426175,0.5541333890056926,family_four:2.1;family_three:2.1;single_average:2.1;single_low:2.1;two_person_average:2.1;two_person_low:2.1,2974.1006741349993
0.6,1,9,52934.76343689046,52934.76343689046,0.0,1.418716213527822,0.3270317848474845,family_four:9;family_three:9;single_average:9;single_low:9;two_person_average:9;two_person_low:9,513.7808859870347
0.6,1,5,53092.09448753254,53092.09448753254,0.0,0.3768084979645308,0.42395233662832676,family_four:5;family_three:5;single_average:5;single_low:5;two_person_average:5;two_person_low:5,671.1119366291096
0.6,1,10,53170.27798019198,53170.27798019198,0.0,1.7515025867514153,0.3136036869287397,family_four:10;family_three:10;single_average:10;single_low:10;two_person_average:10;two_person_low:10,749.2954292885552
0.6,1,4.5,53294.68419651566,53294.68419651566,0.0,0.2853528910139006,0.4458956151759303,family_four:4.5;family_three:4.5;single_average:4.5;single_low:4.5;two_person_average:4.5;two_person_low:4.5,873.7016456122292
0.6,1,3,54442.971200914246,54442.971200914246,0.0,0.07881014060515047,0.5474942363714674,family_four:3;family_three:3;single_average:3;single_low:3;two_person_average:3;two_person_low:3,2021.9886500108187
0.6,1,2.4,55317.7012901615,55317.7012901615,0.0,0.03247384802598104,0.6175335390436676,family_four:2.4;family_three:2.4;single_average:2.4;single_low:2.4;two_person_average:2.4;two_person_low:2.4,2896.7187392580745
0.6,1,2.25,55605.17726071582,55605.17726071582,0.0,0.024402526553169202,0.6400094340296429,family_four:2.25;family_three:2.25;single_average:2.25;single_low:2.25;two_person_average:2.25;two_person_low:2.25,3184.194709812393
0.6,1,2.1,55928.23497878326,55928.23497878326,0.0,0.01749672307826947,0.665181136786613,family_four:2.1;family_three:2.1;single_average:2.1;single_low:2.1;two_person_average:2.1;two_person_low:2.1,3507.25242787983
0.6,1,2,56176.08159768684,56176.08159768684,0.0,0.013621377864952407,0.6841232580665187,family_four:2;family_three:2;single_average:2;single_low:2;two_person_average:2;two_person_low:2,3755.0990467834126
0.6,1,1.8,56724.49038192135,56724.49038192135,0.0,0.007307408093014416,0.7273030971131168,family_four:1.8;family_three:1.8;single_average:1.8;single_low:1.8;two_person_average:1.8;two_person_low:1.8,4303.507831017923
0.6,2,4.5|10,52420.98255090343,52240.98255090343,180.0,0.5211151386725151,0.3463123930976237,family_four:10;family_three:10;single_average:4.5;single_low:4.5;two_person_average:10;two_person_low:4.5,0.0
0.6,2,4.5|9,52426.692570627725,52246.692570627725,180.0,0.4371409912782862,0.3560579053812191,family_four:9;family_three:9;single_average:4.5;single_low:4.5;two_person_average:9;two_person_low:4.5,5.710019724298036
0.6,2,5|10,52438.004672198644,52258.004672198644,180.0,0.6110015653578394,0.34060152639266295,family_four:10;family_three:10;single_average:5;single_low:5;two_person_average:10;two_person_low:5,17.022121295216493
0.6,2,5|9,52443.714691922934,52263.714691922934,180.0,0.5270274179636106,0.3503470386762584,family_four:9;family_three:9;single_average:5;single_low:5;two_person_average:9;two_person_low:5,22.732141019507253
0.6,2,3|9,52521.19761745775,52341.19761745775,180.0,0.48654971557993476,0.3580199390575779,family_four:9;family_three:9;single_average:3;single_low:3;two_person_average:9;two_person_low:9,100.21506655432313
0.6,2,3|10,52571.58324639317,52391.58324639317,180.0,0.31519847253140315,0.37292139358701365,family_four:10;family_three:10;single_average:3;single_low:3;two_person_average:10;two_person_low:3,150.6006954897457
0.6,2,2.4|9,52619.15671671461,52439.15671671461,180.0,0.4405924173658388,0.36888158477281036,family_four:9;family_three:9;single_average:2.4;single_low:2.4;two_person_average:9;two_person_low:9,198.17416581118596
0.6,2,2.25|9,52657.80768292842,52477.80768292842,180.0,0.4325276976316778,0.37232218281053453,family_four:9;family_three:9;single_average:2.25;single_low:2.25;two_person_average:9;two_person_low:9,236.82513202499103
0.6,2,2.4|10,52671.79720062989,52491.79720062989,180.0,0.5851466113149465,0.35840551685643723,family_four:10;family_three:10;single_average:2.4;single_low:2.4;two_person_average:10;two_person_low:10,250.81464972646063
0.6,2,2.1|9,52702.43421960656,52522.43421960656,180.0,0.425626745401671,0.37621301869455237,family_four:9;family_three:9;single_average:2.1;single_low:2.1;two_person_average:9;two_person_low:9,281.4516687031355
0.6,2,2.25|10,52710.4481668437,52530.4481668437,180.0,0.5770818915807855,0.3618461148941614,family_four:10;family_three:10;single_average:2.25;single_low:2.25;two_person_average:10;two_person_low:10,289.465615940273
0.6,2,2|9,52737.06479917868,52557.06479917868,180.0,0.42175168220713866,0.37947872343897837,family_four:9;family_three:9;single_average:2;single_low:2;two_person_average:9;two_person_low:9,316.08224827525555
0.6,2,2.1|10,52755.074703521845,52575.074703521845,180.0,0.5701809393507786,0.3657369507781792,family_four:10;family_three:10;single_average:2.1;single_low:2.1;two_person_average:10;two_person_low:10,334.09215261841746
0.6,2,2|10,52789.705283093965,52609.705283093965,180.0,0.5663058761562463,0.36900265552260525,family_four:10;family_three:10;single_average:2;single_low:2;two_person_average:10;two_person_low:10,368.7227321905375
0.6,2,1.8|9,52804.991114089324,52624.991114089324,180.0,0.848590424808788,0.3486793042123393,family_four:9;family_three:9;single_average:9;single_low:1.8;two_person_average:9;two_person_low:9,384.0085631858965
0.6,2,1.8|10,52870.859737638275,52690.859737638275,180.0,0.5599920061674397,0.3757446023456974,family_four:10;family_three:10;single_average:1.8;single_low:1.8;two_person_average:10;two_person_low:10,449.8771867348478
0.6,2,9|10,53061.138156138426,52881.138156138426,180.0,1.4466873746237843,0.31914929581592627,family_four:10;family_three:10;single_average:9;single_low:9;two_person_average:9;two_person_low:9,640.1556052349988
0.6,2,3|5,53201.03557240731,53021.03557240731,180.0,0.21799166228653,0.43037214008887564,family_four:5;family_three:5;single_average:5;single_low:3;two_person_average:5;two_person_low:5,780.0530215038816
0.6,2,2.4|5,53215.726248744206,53035.726248744206,180.0,0.18021603892922308,0.43439660071051367,family_four:5;family_three:5;single_average:5;single_low:2.4;two_person_average:5;two_person_low:5,794.7436978407786
0.6,2,2.25|5,53224.96362765011,53044.96362765011,180.0,0.17300002102278686,0.43560829076935853,family_four:5;family_three:5;single_average:5;single_low:2.25;two_person_average:5;two_person_low:5,803.9810767466843
0.6,2,2.1|5,53237.32634257252,53057.32634257252,180.0,0.166517076699233,0.43702404625219804,family_four:5;family_three:5;single_average:5;single_low:2.1;two_person_average:5;two_person_low:5,816.3437916690964
0.6,2,4.5|5,53238.12062854421,53058.12062854421,180.0,0.3032277124501961,0.42719089590944426,family_four:5;family_three:5;single_average:4.5;single_low:4.5;two_person_average:5;two_person_low:5,817.1380776407823
0.6,2,2|5,53248.222732702074,53068.222732702074,180.0,0.16282213358487857,0.43821099529878577,family_four:5;family_three:5;single_average:5;single_low:2;two_person_average:5;two_person_low:5,827.2401817986465
0.6,2,1.8|5,53272.09448753254,53092.09448753254,180.0,0.3768084979645308,0.42395233662832676,family_four:5;family_three:5;single_average:5;single_low:5;two_person_average:5;two_person_low:5,851.1119366291096
0.6,2,3|4.5,53429.96262890586,53249.96262890586,180.0,0.16671526141020643,0.45128317673154644,family_four:4.5;family_three:4.5;single_average:4.5;single_low:3;two_person_average:4.5;two_person_low:4.5,1008.9800780024307
0.6,2,2.4|4.5,53444.65330524275,53264.65330524275,180.0,0.12893963805289954,0.45530763735318447,family_four:4.5;family_three:4.5;single_average:4.5;single_low:2.4;two_person_average:4.5;two_person_low:4.5,1023.6707543393204
0.6,2,2.25|4.5,53453.89068414865,53273.89068414865,180.0,0.1217236201464633,0.45651932741202933,family_four:4.5;family_three:4.5;single_average:4.5;single_low:2.25;two_person_average:4.5;two_person_low:4.5,1032.908133245226
0.6,2,2.1|4.5,53466.25339907107,53286.25339907107,180.0,0.11524067582290942,0.45793508289486884,family_four:4.5;family_three:4.5;single_average:4.5;single_low:2.1;two_person_average:4.5;two_person_low:4.5,1045.2708481676455
0.6,2,1.8|4.5,53474.68419651566,53294.68419651566,180.0,0.2853528910139006,0.4458956151759303,family_four:4.5;family_three:4.5;single_average:4.5;single_low:4.5;two_person_average:4.5;two_person_low:4.5,1053.7016456122292
0.6,2,2|4.5,53474.68419651566,53294.68419651566,180.0,0.2853528910139006,0.4458956151759303,family_four:4.5;family_three:4.5;single_average:4.5;single_low:4.5;two_person_average:4.5;two_person_low:4.5,1053.7016456122292
0.6,2,1.8|3,54622.971200914246,54442.971200914246,180.0,0.07881014060515047,0.5474942363714674,family_four:3;family_three:3;single_average:3;single_low:3;two_person_average:3;two_person_low:3,2201.9886500108187
0.6,2,2|3,54622.971200914246,54442.971200914246,180.0,0.07881014060515047,0.5474942363714674,family_four:3;family_three:3;single_average:3;single_low:3;two_person_average:3;two_person_low:3,2201.9886500108187
0.6,2,2.1|3,54622.971200914246,54442.971200914246,180.0,0.07881014060515047,0.5474942363714674,family_four:3;family_three:3;single_average:3;single_low:3;two_person_average:3;two_person_low:3,2201.9886500108187
0.6,2,2.25|3,54622.971200914246,54442.971200914246,180.0,0.07881014060515047,0.5474942363714674,family_four:3;family_three:3;single_average:3;single_low:3;two_person_average:3;two_person_low:3,2201.9886500108187
0.6,2,2.4|3,54622.971200914246,54442.971200914246,180.0,0.07881014060515047,0.5474942363714674,family_four:3;family_three:3;single_average:3;single_low:3;two_person_average:3;two_person_low:3,2201.9886500108187
0.6,2,1.8|2.4,55497.7012901615,55317.7012901615,180.0,0.03247384802598104,0.6175335390436676,family_four:2.4;family_three:2.4;single_average:2.4;single_low:2.4;two_person_average:2.4;two_person_low:2.4,3076.7187392580745
0.6,2,2|2.4,55497.7012901615,55317.7012901615,180.0,0.03247384802598104,0.6175335390436676,family_four:2.4;family_three:2.4;single_average:2.4;single_low:2.4;two_person_average:2.4;two_person_low:2.4,3076.7187392580745
0.6,2,2.1|2.4,55497.7012901615,55317.7012901615,180.0,0.03247384802598104,0.6175335390436676,family_four:2.4;family_three:2.4;single_average:2.4;single_low:2.4;two_person_average:2.4;two_person_low:2.4,3076.7187392580745
0.6,2,2.25|2.4,55497.7012901615,55317.7012901615,180.0,0.03247384802598104,0.6175335390436676,family_four:2.4;family_three:2.4;single_average:2.4;single_low:2.4;two_person_average:2.4;two_person_low:2.4,3076.7187392580745
0.6,2,1.8|2.25,55785.17726071582,55605.17726071582,180.0,0.024402526553169202,0.6400094340296429,family_four:2.25;family_three:2.25;single_average:2.25;single_low:2.25;two_person_average:2.25;two_person_low:2.25,3364.194709812393
0.6,2,2|2.25,55785.17726071582,55605.17726071582,180.0,0.024402526553169202,0.6400094340296429,family_four:2.25;family_three:2.25;single_average:2.25;single_low:2.25;two_person_average:2.25;two_person_low:2.25,3364.194709812393
0.6,2,2.1|2.25,55785.17726071582,55605.17726071582,180.0,0.024402526553169202,0.6400094340296429,family_four:2.25;family_three:2.25;single_average:2.25;single_low:2.25;two_person_average:2.25;two_person_low:2.25,3364.194709812393
0.6,2,1.8|2.1,56108.23497878326,55928.23497878326,180.0,0.01749672307826947,0.665181136786613,family_four:2.1;family_three:2.1;single_average:2.1;single_low:2.1;two_person_average:2.1;two_person_low:2.1,3687.25242787983
0.6,2,2|2.1,56108.23497878326,55928.23497878326,180.0,0.01749672307826947,0.665181136786613,family_four:2.1;family_three:2.1;single_average:2.1;single_low:2.1;two_person_average:2.1;two_person_low:2.1,3687.25242787983
0.6,2,1.8|2,56356.08159768684,56176.08159768684,180.0,0.013621377864952407,0.6841232580665187,family_four:2;family_three:2;single_average:2;single_low:2;two_person_average:2;two_person_low:2,3935.0990467834126
0.6,3,3|5|10,52546.945757073416,52186.945757073416,360.0,0.4521847296798386,0.3470213298532118,family_four:10;family_three:10;single_average:5;single_low:3;two_person_average:10;two_person_low:5,125.96320616998855
0.6,3,3|5|9,52552.65577679771,52192.65577679771,360.0,0.36821058228560977,0.3567668421368072,family_four:9;family_three:9;single_average:5;single_low:3;two_person_average:9;two_person_low:5,131.6732258942793
0.6,3,4.5|9|10,52553.06728987569,52193.06728987569,360.0,0.46511215237424836,0.34817541634966087,family_four:10;family_three:10;single_average:4.5;single_low:4.5;two_person_average:9;two_person_low:4.5,132.08473897226213
0.6,3,3|4.5|10,52556.26098329362,52196.26098329362,360.0,0.40247750906882085,0.35169995465323983,family_four:10;family_three:10;single_average:4.5;single_low:3;two_person_average:10;two_person_low:4.5,135.2784323901942
0.6,3,2.4|5|10,52561.63643341031,52201.63643341031,360.0,0.41440910632253164,0.35104579047484985,family_four:10;family_three:10;single_average:5;single_low:2.4;two_person_average:10;two_person_low:5,140.65388250688557
0.6,3,3|4.5|9,52561.97100301792,52201.97100301792,360.0,0.31850336167459203,0.36144546693683527,family_four:9;family_three:9;single_average:4.5;single_low:3;two_person_average:9;two_person_low:4.5,140.98845211449225
0.6,3,2.4|5|9,52567.3464531346,52207.3464531346,360.0,0.3304349589283028,0.36079130275844523,family_four:9;family_three:9;single_average:5;single_low:2.4;two_person_average:9;two_person_low:5,146.36390223117633
0.6,3,5|9|10,52570.089411170906,52210.089411170906,360.0,0.5549985790595727,0.3424645496447002,family_four:10;family_three:10;single_average:5;single_low:5;two_person_average:9;two_person_low:5,149.10686026747862
0.6,3,2.25|5|10,52570.87381231622,52210.87381231622,360.0,0.4071930884160954,0.3522574805336947,family_four:10;family_three:10;single_average:5;single_low:2.25;two_person_average:10;two_person_low:5,149.8912614127912
0.6,3,2.4|4.5|10,52570.95165963052,52210.95165963052,360.0,0.36470188571151396,0.35572441527487786,family_four:10;family_three:10;single_average:4.5;single_low:2.4;two_person_average:10;two_person_low:4.5,149.96910872709122
0.6,3,2.25|5|9,52576.58383204051,52216.58383204051,360.0,0.3232189410218666,0.3620029928172901,family_four:9;family_three:9;single_average:5;single_low:2.25;two_person_average:9;two_person_low:5,155.60128113708197
0.6,3,2.4|4.5|9,52576.66167935482,52216.66167935482,360.0,0.28072773831728515,0.3654699275584733,family_four:9;family_three:9;single_average:4.5;single_low:2.4;two_person_average:9;two_person_low:4.5,155.67912845138926
0.6,3,2.25|4.5|10,52580.189038536424,52220.189038536424,360.0,0.35748586780507774,0.3569361053337227,family_four:10;family_three:10;single_average:4.5;single_low:2.25;two_person_average:10;two_person_low:4.5,159.20648763299687
0.6,3,2.1|5|10,52583.23652723863,52223.23652723863,360.0,0.4007101440925416,0.3536732360165342,family_four:10;family_three:10;single_average:5;single_low:2.1;two_person_average:10;two_person_low:5,162.25397633520333
0.6,3,4.5|5|10,52584.03081321031,52224.03081321031,360.0,0.5374207798435048,0.3438400856737804,family_four:10;family_three:10;single_average:4.5;single_low:4.5;two_person_average:10;two_person_low:5,163.04826230688195
0.6,3,2.25|4.5|9,52585.89905826072,52225.89905826072,360.0,0.2735117204108489,0.36668161761731816,family_four:9;family_three:9;single_average:4.5;single_low:2.25;two_person_average:9;two_person_low:4.5,164.9165073572949
0.6,3,2.1|5|9,52588.94654696292,52228.94654696292,360.0,0.31673599669831276,0.3634187483001296,family_four:9;family_three:9;single_average:5;single_low:2.1;two_person_average:9;two_person_low:5,167.9639960594941
0.6,3,4.5|5|9,52589.74083293461,52229.74083293461,360.0,0.4534466324492758,0.3535855979573758,family_four:9;family_three:9;single_average:4.5;single_low:4.5;two_person_average:9;two_person_low:5,168.75828203118
0.6,3,2.1|4.5|10,52592.551753458836,52232.551753458836,360.0,0.35100292348152384,0.35835186081656223,family_four:10;family_three:10;single_average:4.5;single_low:2.1;two_person_average:10;two_person_low:4.5,171.569202555409
0.6,3,2|5|10,52594.13291736818,52234.13291736818,360.0,0.39701520097818715,0.35486018506312195,family_four:10;family_three:10;single_average:5;single_low:2;two_person_average:10;two_person_low:5,173.15036646475346
0.6,3,2.1|4.5|9,52598.261773183134,52238.261773183134,360.0,0.26702877608729503,0.36809737310015767,family_four:9;family_three:9;single_average:4.5;single_low:2.1;two_person_average:9;two_person_low:4.5,177.27922227970703
0.6,3,2|5|9,52599.84293709247,52239.84293709247,360.0,0.31304105358395834,0.36460569734671733,family_four:9;family_three:9;single_average:5;single_low:2;two_person_average:9;two_person_low:5,178.86038618904422
0.6,3,1.8|4.5|10,52600.98255090343,52240.98255090343,360.0,0.5211151386725151,0.3463123930976237,family_four:10;family_three:10;single_average:4.5;single_low:4.5;two_person_average:10;two_person_low:4.5,180.0
0.6,3,2|4.5|10,52600.98255090343,52240.98255090343,360.0,0.5211151386725151,0.3463123930976237,family_four:10;family_three:10;single_average:4.5;single_low:4.5;two_person_average:10;two_person_low:4.5,180.0
0.6,3,1.8|4.5|9,52606.692570627725,52246.692570627725,360.0,0.4371409912782862,0.3560579053812191,family_four:9;family_three:9;single_average:4.5;single_low:4.5;two_person_average:9;two_person_low:4.5,185.71001972429804
0.6,3,2|4.5|9,52606.692570627725,52246.692570627725,360.0,0.4371409912782862,0.3560579053812191,family_four:9;family_three:9;single_average:4.5;single_low:4.5;two_person_average:9;two_person_low:4.5,185.71001972429804
0.6,3,1.8|5|10,52618.004672198644,52258.004672198644,360.0,0.6110015653578394,0.34060152639266295,family_four:10;family_three:10;single_average:5;single_low:5;two_person_average:10;two_person_low:5,197.0221212952165
0.6,3,1.8|5|9,52623.714691922934,52263.714691922934,360.0,0.5270274179636106,0.3503470386762584,family_four:9;family_three:9;single_average:5;single_low:5;two_person_average:9;two_person_low:5,202.73214101950725
0.6,3,3|9|10,52647.572336705714,52287.572336705714,360.0,0.5145208766758969,0.35013745002601965,family_four:10;family_three:10;single_average:3;single_low:3;two_person_average:9;two_person_low:9,226.58978580228722
0.6,3,1.8|3|9,52701.19761745775,52341.19761745775,360.0,0.48654971557993476,0.3580199390575779,family_four:9;family_three:9;single_average:3;single_low:3;two_person_average:9;two_person_low:9,280.21506655432313
0.6,3,2|3|9,52701.19761745775,52341.19761745775,360.0,0.48654971557993476,0.3580199390575779,family_four:9;family_three:9;single_average:3;single_low:3;two_person_average:9;two_person_low:9,280.21506655432313
0.6,3,2.1|3|9,52701.19761745775,52341.19761745775,360.0,0.48654971557993476,0.3580199390575779,family_four:9;family_three:9;single_average:3;single_low:3;two_person_average:9;two_person_low:9,280.21506655432313
0.6,3,2.25|3|9,52701.19761745775,52341.19761745775,360.0,0.48654971557993476,0.3580199390575779,family_four:9;family_three:9;single_average:3;single_low:3;two_person_average:9;two_person_low:9,280.21506655432313
0.6,3,2.4|3|9,52701.19761745775,52341.19761745775,360.0,0.48654971557993476,0.3580199390575779,family_four:9;family_three:9;single_average:3;single_low:3;two_person_average:9;two_person_low:9,280.21506655432313
0.6,3,2.4|9|10,52745.53143596258,52385.53143596258,360.0,0.4685635784618009,0.36099909574125216,family_four:10;family_three:10;single_average:2.4;single_low:2.4;two_person_average:9;two_person_low:9,324.54888505915005
0.6,3,1.8|3|10,52751.58324639317,52391.58324639317,360.0,0.31519847253140315,0.37292139358701365,family_four:10;family_three:10;single_average:3;single_low:3;two_person_average:10;two_person_low:3,330.6006954897457
0.6,3,2|3|10,52751.58324639317,52391.58324639317,360.0,0.31519847253140315,0.37292139358701365,family_four:10;family_three:10;single_average:3;single_low:3;two_person_average:10;two_person_low:3,330.6006954897457
0.6,3,2.1|3|10,52751.58324639317,52391.58324639317,360.0,0.31519847253140315,0.37292139358701365,family_four:10;family_three:10;single_average:3;single_low:3;two_person_average:10;two_person_low:3,330.6006954897457
0.6,3,2.25|3|10,52751.58324639317,52391.58324639317,360.0,0.31519847253140315,0.37292139358701365,family_four:10;family_three:10;single_average:3;single_low:3;two_person_average:10;two_person_low:3,330.6006954897457
0.6,3,2.4|3|10,52751.58324639317,52391.58324639317,360.0,0.31519847253140315,0.37292139358701365,family_four:10;family_three:10;single_average:3;single_low:3;two_person_average:10;two_person_low:3,330.6006954897457
0.6,3,2.25|9|10,52784.18240217639,52424.18240217639,360.0,0.4604988587276399,0.36443969377897634,family_four:10;family_three:10;single_average:2.25;single_low:2.25;two_person_average:9;two_person_low:9,363.1998512729624
0.6,3,1.8|2.4|9,52799.15671671461,52439.15671671461,360.0,0.4405924173658388,0.36888158477281036,family_four:9;family_three:9;single_average:2.4;single_low:2.4;two_person_average:9;two_person_low:9,378.17416581118596
0.6,3,2|2.4|9,52799.15671671461,52439.15671671461,360.0,0.4405924173658388,0.36888158477281036,family_four:9;family_three:9;single_average:2.4;single_low:2.4;two_person_average:9;two_person_low:9,378.17416581118596
0.6,3,2.1|2.4|9,52799.15671671461,52439.15671671461,360.0,0.4405924173658388,0.36888158477281036,family_four:9;family_three:9;single_average:2.4;single_low:2.4;two_person_average:9;two_person_low:9,378.17416581118596
0.6,3,2.25|2.4|9,52799.15671671461,52439.15671671461,360.0,0.4405924173658388,0.36888158477281036,family_four:9;family_three:9;single_average:2.4;single_low:2.4;two_person_average:9;two_person_low:9,378.17416581118596
0.6,3,2.1|9|10,52828.808938854534,52468.808938854534,360.0,0.4535979064976331,0.3683305296629941,family_four:10;family_three:10;single_average:2.1;single_low:2.1;two_person_average:9;two_person_low:9,407.8263879511069
0.6,3,1.8|2.25|9,52837.80768292842,52477.80768292842,360.0,0.4325276976316778,0.37232218281053453,family_four:9;family_three:9;single_average:2.25;single_low:2.25;two_person_average:9;two_person_low:9,416.82513202499103
0.6,3,2|2.25|9,52837.80768292842,52477.80768292842,360.0,0.4325276976316778,0.37232218281053453,family_four:9;family_three:9;single_average:2.25;single_low:2.25;two_person_average:9;two_person_low:9,416.82513202499103
0.6,3,2.1|2.25|9,52837.80768292842,52477.80768292842,360.0,0.4325276976316778,0.37232218281053453,family_four:9;family_three:9;single_average:2.25;single_low:2.25;two_person_average:9;two_person_low:9,416.82513202499103
0.6,3,1.8|2.4|10,52851.79720062989,52491.79720062989,360.0,0.5851466113149465,0.35840551685643723,family_four:10;family_three:10;single_average:2.4;single_low:2.4;two_person_average:10;two_person_low:10,430.81464972646063
0.6,3,2|2.4|10,52851.79720062989,52491.79720062989,360.0,0.5851466113149465,0.35840551685643723,family_four:10;family_three:10;single_average:2.4;single_low:2.4;two_person_average:10;two_person_low:10,430.81464972646063
0.6,3,2.1|2.4|10,52851.79720062989,52491.79720062989,360.0,0.5851466113149465,0.35840551685643723,family_four:10;family_three:10;single_average:2.4;single_low:2.4;two_person_average:10;two_person_low:10,430.81464972646063
0.6,3,2.25|2.4|10,52851.79720062989,52491.79720062989,360.0,0.5851466113149465,0.35840551685643723,family_four:10;family_three:10;single_average:2.4;single_low:2.4;two_person_average:10;two_person_low:10,430.81464972646063
0.6,3,2|9|10,52863.439518426654,52503.439518426654,360.0,0.44972284330310075,0.3715962344074202,family_four:10;family_three:10;single_average:2;single_low:2;two_person_average:9;two_person_low:9,442.4569675232269
0.6,3,1.8|2.1|9,52882.43421960656,52522.43421960656,360.0,0.425626745401671,0.37621301869455237,family_four:9;family_three:9;single_average:2.1;single_low:2.1;two_person_average:9;two_person_low:9,461.4516687031355
0.6,3,2|2.1|9,52882.43421960656,52522.43421960656,360.0,0.425626745401671,0.37621301869455237,family_four:9;family_three:9;single_average:2.1;single_low:2.1;two_person_average:9;two_person_low:9,461.4516687031355
0.6,3,1.8|2.25|10,52890.4481668437,52530.4481668437,360.0,0.5770818915807855,0.3618461148941614,family_four:10;family_three:10;single_average:2.25;single_low:2.25;two_person_average:10;two_person_low:10,469.465615940273
0.6,3,2|2.25|10,52890.4481668437,52530.4481668437,360.0,0.5770818915807855,0.3618461148941614,family_four:10;family_three:10;single_average:2.25;single_low:2.25;two_person_average:10;two_person_low:10,469.465615940273
0.6,3,2.1|2.25|10,52890.4481668437,52530.4481668437,360.0,0.5770818915807855,0.3618461148941614,family_four:10;family_three:10;single_average:2.25;single_low:2.25;two_person_average:10;two_person_low:10,469.465615940273
0.6,3,1.8|2|9,52917.06479917868,52557.06479917868,360.0,0.42175168220713866,0.37947872343897837,family_four:9;family_three:9;single_average:2;single_low:2;two_person_average:9;two_person_low:9,496.08224827525555
0.6,3,1.8|9|10,52931.36583333729,52571.36583333729,360.0,0.8765615859047501,0.34079681518078103,family_four:10;family_three:10;single_average:9;single_low:1.8;two_person_average:9;two_person_low:9,510.3832824338606
0.6,3,1.8|2.1|10,52935.074703521845,52575.074703521845,360.0,0.5701809393507786,0.3657369507781792,family_four:10;family_three:10;single_average:2.1;single_low:2.1;two_person_average:10;two_person_low:10,514.0921526184175
0.6,3,2|2.1|10,52935.074703521845,52575.074703521845,360.0,0.5701809393507786,0.3657369507781792,family_four:10;family_three:10;single_average:2.1;single_low:2.1;two_person_average:10;two_person_low:10,514.0921526184175
0.6,3,1.8|2|10,52969.705283093965,52609.705283093965,360.0,0.5663058761562463,0.36900265552260525,family_four:10;family_three:10;single_average:2;single_low:2;two_person_average:10;two_person_low:10,548.7227321905375
0.6,3,3|4.5|5,53373.399060934404,53013.399060934404,360.0,0.1845900828465019,0.4325784574650604,family_four:5;family_three:5;single_average:4.5;single_low:3;two_person_average:5;two_person_low:5,952.4165100309765
0.6,3,1.8|3|5,53381.03557240731,53021.03557240731,360.0,0.21799166228653,0.43037214008887564,family_four:5;family_three:5;single_average:5;single_low:3;two_person_average:5;two_person_low:5,960.0530215038816
0.6,3,2|3|5,53381.03557240731,53021.03557240731,360.0,0.21799166228653,0.43037214008887564,family_four:5;family_three:5;single_average:5;single_low:3;two_person_average:5;two_person_low:5,960.0530215038816
0.6,3,2.1|3|5,53381.03557240731,53021.03557240731,360.0,0.21799166228653,0.43037214008887564,family_four:5;family_three:5;single_average:5;single_low:3;two_person_average:5;two_person_low:5,960.0530215038816
0.6,3,2.25|3|5,53381.03557240731,53021.03557240731,360.0,0.21799166228653,0.43037214008887564,family_four:5;family_three:5;single_average:5;single_low:3;two_person_average:5;two_person_low:5,960.0530215038816
0.6,3,2.4|3|5,53381.03557240731,53021.03557240731,360.0,0.21799166228653,0.43037214008887564,family_four:5;family_three:5;single_average:5;single_low:3;two_person_average:5;two_person_low:5,960.0530215038816
0.6,3,2.4|4.5|5,53388.0897372713,53028.0897372713,360.0,0.146814459489195,0.43660291808669843,family_four:5;family_three:5;single_average:4.5;single_low:2.4;two_person_average:5;two_person_low:5,967.1071863678735
0.6,3,1.8|2.4|5,53395.726248744206,53035.726248744206,360.0,0.18021603892922308,0.43439660071051367,family_four:5;family_three:5;single_average:5;single_low:2.4;two_person_average:5;two_person_low:5,974.7436978407786
0.6,3,2|2.4|5,53395.726248744206,53035.726248744206,360.0,0.18021603892922308,0.43439660071051367,family_four:5;family_three:5;single_average:5;single_low:2.4;two_person_average:5;two_person_low:5,974.7436978407786
0.6,3,2.1|2.4|5,53395.726248744206,53035.726248744206,360.0,0.18021603892922308,0.43439660071051367,family_four:5;family_three:5;single_average:5;single_low:2.4;two_person_average:5;two_person_low:5,974.7436978407786
0.6,3,2.25|2.4|5,53395.726248744206,53035.726248744206,360.0,0.18021603892922308,0.43439660071051367,family_four:5;family_three:5;single_average:5;single_low:2.4;two_person_average:5;two_person_low:5,974.7436978407786
0.6,3,2.25|4.5|5,53397.327116177206,53037.327116177206,360.0,0.13959844158275878,0.4378146081455433,family_four:5;family_three:5;single_average:4.5;single_low:2.25;two_person_average:5;two_person_low:5,976.3445652737792
0.6,3,1.8|2.25|5,53404.96362765011,53044.96362765011,360.0,0.17300002102278686,0.43560829076935853,family_four:5;family_three:5;single_average:5;single_low:2.25;two_person_average:5;two_person_low:5,983.9810767466843
0.6,3,2|2.25|5,53404.96362765011,53044.96362765011,360.0,0.17300002102278686,0.43560829076935853,family_four:5;family_three:5;single_average:5;single_low:2.25;two_person_average:5;two_person_low:5,983.9810767466843
0.6,3,2.1|2.25|5,53404.96362765011,53044.96362765011,360.0,0.17300002102278686,0.43560829076935853,family_four:5;family_three:5;single_average:5;single_low:2.25;two_person_average:5;two_person_low:5,983.9810767466843
0.6,3,2.1|4.5|5,53409.68983109962,53049.68983109962,360.0,0.1331154972592049,0.4392303636283828,family_four:5;family_three:5;single_average:4.5;single_low:2.1;two_person_average:5;two_person_low:5,988.7072801961913
0.6,3,1.8|2.1|5,53417.32634257252,53057.32634257252,360.0,0.166517076699233,0.43702404625219804,family_four:5;family_three:5;single_average:5;single_low:2.1;two_person_average:5;two_person_low:5,996.3437916690964
0.6,3,2|2.1|5,53417.32634257252,53057.32634257252,360.0,0.166517076699233,0.43702404625219804,family_four:5;family_three:5;single_average:5;single_low:2.1;two_person_average:5;two_person_low:5,996.3437916690964
0.6,3,1.8|4.5|5,53418.12062854421,53058.12062854421,360.0,0.3032277124501961,0.42719089590944426,family_four:5;family_three:5;single_average:4.5;single_low:4.5;two_person_average:5;two_person_low:5,997.1380776407823
0.6,3,2|4.5|5,53418.12062854421,53058.12062854421,360.0,0.3032277124501961,0.42719089590944426,family_four:5;family_three:5;single_average:4.5;single_low:4.5;two_person_average:5;two_person_low:5,997.1380776407823
0.6,3,1.8|2|5,53428.222732702074,53068.222732702074,360.0,0.16282213358487857,0.43821099529878577,family_four:5;family_three:5;single_average:5;single_low:2;two_person_average:5;two_person_low:5,1007.2401817986465
0.6,3,1.8|3|4.5,53609.96262890586,53249.96262890586,360.0,0.16671526141020643,0.45128317673154644,family_four:4.5;family_three:4.5;single_average:4.5;single_low:3;two_person_average:4.5;two_person_low:4.5,1188.9800780024307
0.6,3,2|3|4.5,53609.96262890586,53249.96262890586,360.0,0.16671526141020643,0.45128317673154644,family_four:4.5;family_three:4.5;single_average:4.5;single_low:3;two_person_average:4.5;two_person_low:4.5,1188.9800780024307
0.6,3,2.1|3|4.5,53609.96262890586,53249.96262890586,360.0,0.16671526141020643,0.45128317673154644,family_four:4.5;family_three:4.5;single_average:4.5;single_low:3;two_person_average:4.5;two_person_low:4.5,1188.9800780024307
0.6,3,2.25|3|4.5,53609.96262890586,53249.96262890586,360.0,0.16671526141020643,0.45128317673154644,family_four:4.5;family_three:4.5;single_average:4.5;single_low:3;two_person_average:4.5;two_person_low:4.5,1188.9800780024307
0.6,3,2.4|3|4.5,53609.96262890586,53249.96262890586,360.0,0.16671526141020643,0.45128317673154644,family_four:4.5;family_three:4.5;single_average:4.5;single_low:3;two_person_average:4.5;two_person_low:4.5,1188.9800780024307
0.6,3,1.8|2.4|4.5,53624.65330524275,53264.65330524275,360.0,0.12893963805289954,0.45530763735318447,family_four:4.5;family_three:4.5;single_average:4.5;single_low:2.4;two_person_average:4.5;two_person_low:4.5,1203.6707543393204
0.6,3,2|2.4|4.5,53624.65330524275,53264.65330524275,360.0,0.12893963805289954,0.45530763735318447,family_four:4.5;family_three:4.5;single_average:4.5;single_low:2.4;two_person_average:4.5;two_person_low:4.5,1203.6707543393204
0.6,3,2.1|2.4|4.5,53624.65330524275,53264.65330524275,360.0,0.12893963805289954,0.45530763735318447,family_four:4.5;family_three:4.5;single_average:4.5;single_low:2.4;two_person_average:4.5;two_person_low:4.5,1203.6707543393204
0.6,3,2.25|2.4|4.5,53624.65330524275,53264.65330524275,360.0,0.12893963805289954,0.45530763735318447,family_four:4.5;family_three:4.5;single_average:4.5;single_low:2.4;two_person_average:4.5;two_person_low:4.5,1203.6707543393204
0.6,3,1.8|2.25|4.5,53633.89068414865,53273.89068414865,360.0,0.1217236201464633,0.45651932741202933,family_four:4.5;family_three:4.5;single_average:4.5;single_low:2.25;two_person_average:4.5;two_person_low:4.5,1212.908133245226
0.6,3,2|2.25|4.5,53633.89068414865,53273.89068414865,360.0,0.1217236201464633,0.45651932741202933,family_four:4.5;family_three:4.5;single_average:4.5;single_low:2.25;two_person_average:4.5;two_person_low:4.5,1212.908133245226
0.6,3,2.1|2.25|4.5,53633.89068414865,53273.89068414865,360.0,0.1217236201464633,0.45651932741202933,family_four:4.5;family_three:4.5;single_average:4.5;single_low:2.25;two_person_average:4.5;two_person_low:4.5,1212.908133245226
0.6,3,1.8|2.1|4.5,53646.25339907107,53286.25339907107,360.0,0.11524067582290942,0.45793508289486884,family_four:4.5;family_three:4.5;single_average:4.5;single_low:2.1;two_person_average:4.5;two_person_low:4.5,1225.2708481676455
0.6,3,2|2.1|4.5,53646.25339907107,53286.25339907107,360.0,0.11524067582290942,0.45793508289486884,family_four:4.5;family_three:4.5;single_average:4.5;single_low:2.1;two_person_average:4.5;two_person_low:4.5,1225.2708481676455
0.6,3,1.8|2|4.5,53654.68419651566,53294.68419651566,360.0,0.2853528910139006,0.4458956151759303,family_four:4.5;family_three:4.5;single_average:4.5;single_low:4.5;two_person_average:4.5;two_person_low:4.5,1233.7016456122292
0.6,3,1.8|2|3,54802.971200914246,54442.971200914246,360.0,0.07881014060515047,0.5474942363714674,family_four:3;family_three:3;single_average:3;single_low:3;two_person_average:3;two_person_low:3,2381.9886500108187
0.6,3,1.8|2.1|3,54802.971200914246,54442.971200914246,360.0,0.07881014060515047,0.5474942363714674,family_four:3;family_three:3;single_average:3;single_low:3;two_person_average:3;two_person_low:3,2381.9886500108187
0.6,3,1.8|2.25|3,54802.971200914246,54442.971200914246,360.0,0.07881014060515047,0.5474942363714674,family_four:3;family_three:3;single_average:3;single_low:3;two_person_average:3;two_person_low:3,2381.9886500108187
0.6,3,1.8|2.4|3,54802.971200914246,54442.971200914246,360.0,0.07881014060515047,0.5474942363714674,family_four:3;family_three:3;single_average:3;single_low:3;two_person_average:3;two_person_low:3,2381.9886500108187
0.6,3,2|2.1|3,54802.971200914246,54442.971200914246,360.0,0.07881014060515047,0.5474942363714674,family_four:3;family_three:3;single_average:3;single_low:3;two_person_average:3;two_person_low:3,2381.9886500108187
0.6,3,2|2.25|3,54802.971200914246,54442.971200914246,360.0,0.07881014060515047,0.5474942363714674,family_four:3;family_three:3;single_average:3;single_low:3;two_person_average:3;two_person_low:3,2381.9886500108187
0.6,3,2|2.4|3,54802.971200914246,54442.971200914246,360.0,0.07881014060515047,0.5474942363714674,family_four:3;family_three:3;single_average:3;single_low:3;two_person_average:3;two_person_low:3,2381.9886500108187
0.6,3,2.1|2.25|3,54802.971200914246,54442.971200914246,360.0,0.07881014060515047,0.5474942363714674,family_four:3;family_three:3;single_average:3;single_low:3;two_person_average:3;two_person_low:3,2381.9886500108187
0.6,3,2.1|2.4|3,54802.971200914246,54442.971200914246,360.0,0.07881014060515047,0.5474942363714674,family_four:3;family_three:3;single_average:3;single_low:3;two_person_average:3;two_person_low:3,2381.9886500108187
0.6,3,2.25|2.4|3,54802.971200914246,54442.971200914246,360.0,0.07881014060515047,0.5474942363714674,family_four:3;family_three:3;single_average:3;single_low:3;two_person_average:3;two_person_low:3,2381.9886500108187
0.6,3,1.8|2|2.4,55677.7012901615,55317.7012901615,360.0,0.03247384802598104,0.6175335390436676,family_four:2.4;family_three:2.4;single_average:2.4;single_low:2.4;two_person_average:2.4;two_person_low:2.4,3256.7187392580745
0.6,3,1.8|2.1|2.4,55677.7012901615,55317.7012901615,360.0,0.03247384802598104,0.6175335390436676,family_four:2.4;family_three:2.4;single_average:2.4;single_low:2.4;two_person_average:2.4;two_person_low:2.4,3256.7187392580745
0.6,3,1.8|2.25|2.4,55677.7012901615,55317.7012901615,360.0,0.03247384802598104,0.6175335390436676,family_four:2.4;family_three:2.4;single_average:2.4;single_low:2.4;two_person_average:2.4;two_person_low:2.4,3256.7187392580745
0.6,3,2|2.1|2.4,55677.7012901615,55317.7012901615,360.0,0.03247384802598104,0.6175335390436676,family_four:2.4;family_three:2.4;single_average:2.4;single_low:2.4;two_person_average:2.4;two_person_low:2.4,3256.7187392580745
0.6,3,2|2.25|2.4,55677.7012901615,55317.7012901615,360.0,0.03247384802598104,0.6175335390436676,family_four:2.4;family_three:2.4;single_average:2.4;single_low:2.4;two_person_average:2.4;two_person_low:2.4,3256.7187392580745
0.6,3,2.1|2.25|2.4,55677.7012901615,55317.7012901615,360.0,0.03247384802598104,0.6175335390436676,family_four:2.4;family_three:2.4;single_average:2.4;single_low:2.4;two_person_average:2.4;two_person_low:2.4,3256.7187392580745
0.6,3,1.8|2|2.25,55965.17726071582,55605.17726071582,360.0,0.024402526553169202,0.6400094340296429,family_four:2.25;family_three:2.25;single_average:2.25;single_low:2.25;two_person_average:2.25;two_person_low:2.25,3544.194709812393
0.6,3,1.8|2.1|2.25,55965.17726071582,55605.17726071582,360.0,0.024402526553169202,0.6400094340296429,family_four:2.25;family_three:2.25;single_average:2.25;single_low:2.25;two_person_average:2.25;two_person_low:2.25,3544.194709812393
0.6,3,2|2.1|2.25,55965.17726071582,55605.17726071582,360.0,0.024402526553169202,0.6400094340296429,family_four:2.25;family_three:2.25;single_average:2.25;single_low:2.25;two_person_average:2.25;two_person_low:2.25,3544.194709812393
0.6,3,1.8|2|2.1,56288.23497878326,55928.23497878326,360.0,0.01749672307826947,0.665181136786613,family_four:2.1;family_three:2.1;single_average:2.1;single_low:2.1;two_person_average:2.1;two_person_low:2.1,3867.25242787983
0.7,1,9,61164.9590244502,61164.9590244502,0.0,1.2043497100500844,0.3796747227876218,family_four:9;family_three:9;single_average:9;single_low:9;two_person_average:9;two_person_low:9,438.32842146102485
0.7,1,10,61347.807355182806,61347.807355182806,0.0,1.4947768154773304,0.36420302136962324,family_four:10;family_three:10;single_average:10;single_low:10;two_person_average:10;two_person_low:10,621.1767521936272
0.7,1,5,61654.50854725406,61654.50854725406,0.0,0.28686468691374895,0.49286030225579797,family_four:5;family_three:5;single_average:5;single_low:5;two_person_average:5;two_person_low:5,927.8779442648811
0.7,1,4.5,61917.28045631367,61917.28045631367,0.0,0.20872736877880177,0.5182220127639847,family_four:4.5;family_three:4.5;single_average:4.5;single_low:4.5;two_person_average:4.5;two_person_low:4.5,1190.6498533244885
0.7,1,3,63343.290793241424,63343.290793241424,0.0,0.04988647362316515,0.6370663802631734,family_four:3;family_three:3;single_average:3;single_low:3;two_person_average:3;two_person_low:3,2616.6601902522452
0.7,1,2.4,64385.65664947883,64385.65664947883,0.0,0.017264275170043173,0.7187462921157781,family_four:2.4;family_three:2.4;single_average:2.4;single_low:2.4;two_person_average:2.4;two_person_low:2.4,3659.026046489649
0.7,1,2.25,64724.704185494295,64724.704185494295,0.0,0.012072950131080385,0.7452131590009181,family_four:2.25;family_three:2.25;single_average:2.25;single_low:2.25;two_person_average:2.25;two_person_low:2.25,3998.073582505116
0.7,1,2.1,65106.66878975525,65106.66878975525,0.0,0.007848354627317868,0.7748575394757937,family_four:2.1;family_three:2.1;single_average:2.1;single_low:2.1;two_person_average:2.1;two_person_low:2.1,4380.038186766069
0.7,1,2,65396.33559301702,65396.33559301702,0.0,0.005543057670018765,0.7966166895151915,family_four:2;family_three:2;single_average:2;single_low:2;two_person_average:2;two_person_low:2,4669.704990027843
0.7,1,1.8,66039.81790002316,66039.81790002316,0.0,0.0026411762310441607,0.8466948124927227,family_four:1.8;family_three:1.8;single_average:1.8;single_low:1.8;two_person_average:1.8;two_person_low:1.8,5313.187297033983
0.7,2,5|10,60726.63060298918,60546.63060298918,180.0,0.43045497900254803,0.39568080785451404,family_four:10;family_three:10;single_average:5;single_low:5;two_person_average:10;two_person_low:5,0.0
0.7,2,4.5|10,60732.632217014834,60552.632217014834,180.0,0.3525578271254802,0.40204920632999586,family_four:10;family_three:10;single_average:4.5;single_low:4.5;two_person_average:10;two_person_low:4.5,6.001614025655726
0.7,2,5|9,60773.69758940286,60593.69758940286,180.0,0.3713949742463042,0.40736298800727583,family_four:9;family_three:9;single_average:5;single_low:5;two_person_average:9;two_person_low:5,47.06698641367984
0.7,2,4.5|9,60779.699203428514,60599.699203428514,180.0,0.2934978223692364,0.4137313864827577,family_four:9;family_three:9;single_average:4.5;single_low:4.5;two_person_average:9;two_person_low:4.5,53.06860043933557
0.7,2,3|9,60878.24208016925,60698.24208016925,180.0,0.33515326342727025,0.4167493677706263,family_four:9;family_three:9;single_average:3;single_low:3;two_person_average:9;two_person_low:9,151.61147718007123
0.7,2,3|10,60891.14580177745,60711.14580177745,180.0,0.46131474161852903,0.40334261366878277,family_four:10;family_three:10;single_average:3;single_low:3;two_person_average:10;two_person_low:10,164.51519878827094
0.7,2,2.4|9,61014.8357333218,60834.8357333218,180.0,0.30255450258668604,0.42948873061476434,family_four:9;family_three:9;single_average:2.4;single_low:2.4;two_person_average:9;two_person_low:9,288.2051303326225
0.7,2,2.4|10,61027.73945493,60847.73945493,180.0,0.4287159807779448,0.4160819765129208,family_four:10;family_three:10;single_average:2.4;single_low:2.4;two_person_average:10;two_person_low:10,301.1088519408222
0.7,2,2.25|9,61048.18011470527,60868.18011470527,180.0,0.6838418946173503,0.3984586600259764,family_four:9;family_three:9;single_average:9;single_low:2.25;two_person_average:9;two_person_low:9,321.5495117160899
0.7,2,2.1|9,61066.24832684952,60886.24832684952,180.0,0.6796726858468516,0.4001344218624896,family_four:9;family_three:9;single_average:9;single_low:2.1;two_person_average:9;two_person_low:9,339.61772386034136
0.7,2,2.25|10,61076.72692297858,60896.72692297858,180.0,0.4235258049797058,0.42046512525875374,family_four:10;family_three:10;single_average:2.25;single_low:2.25;two_person_average:10;two_person_low:10,350.0963199894031
0.7,2,2|9,61080.895308233674,60900.895308233674,180.0,0.6773749047577777,0.4013807264491087,family_four:9;family_three:9;single_average:9;single_low:2;two_person_average:9;two_person_low:9,354.2647052444954
0.7,2,1.8|9,61116.53379472401,60936.53379472401,180.0,0.6744818349627103,0.4043388005341043,family_four:9;family_three:9;single_average:9;single_low:1.8;two_person_average:9;two_person_low:9,389.90319173483294
0.7,2,2.1|10,61132.18351225762,60952.18351225762,180.0,0.4193012094759433,0.4250926905569737,family_four:10;family_three:10;single_average:2.1;single_low:2.1;two_person_average:10;two_person_low:10,405.55290926844464
0.7,2,2|10,61175.446012161025,60995.446012161025,180.0,0.4169959125186442,0.4285198010573213,family_four:10;family_three:10;single_average:2;single_low:2;two_person_average:10;two_person_low:10,448.8154091718461
0.7,2,1.8|10,61213.77305376069,61033.77305376069,180.0,0.8807310460229629,0.39001171222980524,family_four:10;family_three:10;single_average:10;single_low:1.8;two_person_average:10;two_person_low:10,487.1424507715128
0.7,2,9|10,61259.935729965066,61079.935729965066,180.0,1.2155047029560182,0.37024256325984484,family_four:10;family_three:10;single_average:9;single_low:9;two_person_average:9;two_person_low:9,533.3051269758871
0.7,2,3|5,61790.39508833481,61610.39508833481,180.0,0.1390089467819863,0.5006253938539286,family_four:5;family_three:5;single_average:5;single_low:3;two_person_average:5;two_person_low:5,1063.7644853456295
0.7,2,4.5|5,61809.38433631318,61629.38433631318,180.0,0.21747277031423137,0.4962386653472826,family_four:5;family_three:5;single_average:4.5;single_low:4.5;two_person_average:5;two_person_low:5,1082.7537333240034
0.7,2,2.4|5,61821.591145071834,61641.591145071834,180.0,0.10903065957192332,0.505235238616361,family_four:5;family_three:5;single_average:5;single_low:2.4;two_person_average:5;two_person_low:5,1094.9605420826556
0.7,2,1.8|5,61834.50854725406,61654.50854725406,180.0,0.28686468691374895,0.49286030225579797,family_four:5;family_three:5;single_average:5;single_low:5;two_person_average:5;two_person_low:5,1107.877944264881
0.7,2,2|5,61834.50854725406,61654.50854725406,180.0,0.28686468691374895,0.49286030225579797,family_four:5;family_three:5;single_average:5;single_low:5;two_person_average:5;two_person_low:5,1107.877944264881
0.7,2,2.1|5,61834.50854725406,61654.50854725406,180.0,0.28686468691374895,0.49286030225579797,family_four:5;family_three:5;single_average:5;single_low:5;two_person_average:5;two_person_low:5,1107.877944264881
0.7,2,2.25|5,61834.50854725406,61654.50854725406,180.0,0.28686468691374895,0.49286030225579797,family_four:5;family_three:5;single_average:5;single_low:5;two_person_average:5;two_person_low:5,1107.877944264881
0.7,2,3|4.5,62078.074677674806,61898.074677674806,180.0,0.10212442988622665,0.5247424788073041,family_four:4.5;family_three:4.5;single_average:4.5;single_low:3;two_person_average:4.5;two_person_low:4.5,1351.4440746856271
0.7,2,1.8|4.5,62097.28045631367,61917.28045631367,180.0,0.20872736877880177,0.5182220127639847,family_four:4.5;family_three:4.5;single_average:4.5;single_low:4.5;two_person_average:4.5;two_person_low:4.5,1370.6498533244885
0.7,2,2|4.5,62097.28045631367,61917.28045631367,180.0,0.20872736877880177,0.5182220127639847,family_four:4.5;family_three:4.5;single_average:4.5;single_low:4.5;two_person_average:4.5;two_person_low:4.5,1370.6498533244885
0.7,2,2.1|4.5,62097.28045631367,61917.28045631367,180.0,0.20872736877880177,0.5182220127639847,family_four:4.5;family_three:4.5;single_average:4.5;single_low:4.5;two_person_average:4.5;two_person_low:4.5,1370.6498533244885
0.7,2,2.25|4.5,62097.28045631367,61917.28045631367,180.0,0.20872736877880177,0.5182220127639847,family_four:4.5;family_three:4.5;single_average:4.5;single_low:4.5;two_person_average:4.5;two_person_low:4.5,1370.6498533244885
0.7,2,2.4|4.5,62097.28045631367,61917.28045631367,180.0,0.20872736877880177,0.5182220127639847,family_four:4.5;family_three:4.5;single_average:4.5;single_low:4.5;two_person_average:4.5;two_person_low:4.5,1370.6498533244885
0.7,2,1.8|3,63523.290793241424,63343.290793241424,180.0,0.04988647362316515,0.6370663802631734,family_four:3;family_three:3;single_average:3;single_low:3;two_person_average:3;two_person_low:3,2796.6601902522452
0.7,2,2|3,63523.290793241424,63343.290793241424,180.0,0.04988647362316515,0.6370663802631734,family_four:3;family_three:3;single_average:3;single_low:3;two_person_average:3;two_person_low:3,2796.6601902522452
0.7,2,2.1|3,63523.290793241424,63343.290793241424,180.0,0.04988647362316515,0.6370663802631734,family_four:3;family_three:3;single_average:3;single_low:3;two_person_average:3;two_person_low:3,2796.6601902522452
0.7,2,2.25|3,63523.290793241424,63343.290793241424,180.0,0.04988647362316515,0.6370663802631734,family_four:3;family_three:3;single_average:3;single_low:3;two_person_average:3;two_person_low:3,2796.6601902522452
0.7,2,2.4|3,63523.290793241424,63343.290793241424,180.0,0.04988647362316515,0.6370663802631734,family_four:3;family_three:3;single_average:3;single_low:3;two_person_average:3;two_person_low:3,2796.6601902522452
0.7,2,1.8|2.4,64565.65664947883,64385.65664947883,180.0,0.017264275170043173,0.7187462921157781,family_four:2.4;family_three:2.4;single_average:2.4;single_low:2.4;two_person_average:2.4;two_person_low:2.4,3839.026046489649
0.7,2,2|2.4,64565.65664947883,64385.65664947883,180.0,0.017264275170043173,0.7187462921157781,family_four:2.4;family_three:2.4;single_average:2.4;single_low:2.4;two_person_average:2.4;two_person_low:2.4,3839.026046489649
0.7,2,2.1|2.4,64565.65664947883,64385.65664947883,180.0,0.017264275170043173,0.7187462921157781,family_four:2.4;family_three:2.4;single_average:2.4;single_low:2.4;two_person_average:2.4;two_person_low:2.4,3839.026046489649
0.7,2,2.25|2.4,64565.65664947883,64385.65664947883,180.0,0.017264275170043173,0.7187462921157781,family_four:2.4;family_three:2.4;single_average:2.4;single_low:2.4;two_person_average:2.4;two_person_low:2.4,3839.026046489649
0.7,2,1.8|2.25,64904.704185494295,64724.704185494295,180.0,0.012072950131080385,0.7452131590009181,family_four:2.25;family_three:2.25;single_average:2.25;single_low:2.25;two_person_average:2.25;two_person_low:2.25,4178.073582505116
0.7,2,2|2.25,64904.704185494295,64724.704185494295,180.0,0.012072950131080385,0.7452131590009181,family_four:2.25;family_three:2.25;single_average:2.25;single_low:2.25;two_person_average:2.25;two_person_low:2.25,4178.073582505116
0.7,2,2.1|2.25,64904.704185494295,64724.704185494295,180.0,0.012072950131080385,0.7452131590009181,family_four:2.25;family_three:2.25;single_average:2.25;single_low:2.25;two_person_average:2.25;two_person_low:2.25,4178.073582505116
0.7,2,1.8|2.1,65286.66878975525,65106.66878975525,180.0,0.007848354627317868,0.7748575394757937,family_four:2.1;family_three:2.1;single_average:2.1;single_low:2.1;two_person_average:2.1;two_person_low:2.1,4560.038186766069
0.7,2,2|2.1,65286.66878975525,65106.66878975525,180.0,0.007848354627317868,0.7748575394757937,family_four:2.1;family_three:2.1;single_average:2.1;single_low:2.1;two_person_average:2.1;two_person_low:2.1,4560.038186766069
0.7,2,1.8|2,65576.33559301702,65396.33559301702,180.0,0.005543057670018765,0.7966166895151915,family_four:2;family_three:2;single_average:2;single_low:2;two_person_average:2;two_person_low:2,4849.704990027843
0.7,3,3|5|10,60862.51714406991,60502.51714406991,360.0,0.2825992388707853,0.40344589945264464,family_four:10;family_three:10;single_average:5;single_low:3;two_person_average:10;two_person_low:5,135.88654108073388
0.7,3,5|9|10,60868.67429491772,60508.67429491772,360.0,0.38254996715223805,0.39793082847949884,family_four:10;family_three:10;single_average:5;single_low:5;two_person_average:9;two_person_low:5,142.0436919285421
0.7,3,4.5|9|10,60874.67590894338,60514.67590894338,360.0,0.30465281527517024,0.4042992269549807,family_four:10;family_three:10;single_average:4.5;single_low:4.5;two_person_average:9;two_person_low:4.5,148.0453059542051
0.7,3,4.5|5|10,60881.5063920483,60521.5063920483,360.0,0.36106306240303043,0.39905917094599863,family_four:10;family_three:10;single_average:4.5;single_low:4.5;two_person_average:10;two_person_low:5,154.87578905912233
0.7,3,3|4.5|10,60893.42643837597,60533.42643837597,360.0,0.24595488823290512,0.40856967237331526,family_four:10;family_three:10;single_average:4.5;single_low:3;two_person_average:10;two_person_low:4.5,166.79583538679435
0.7,3,2.4|5|10,60893.71320080695,60533.71320080695,360.0,0.25262095166072235,0.4080557442150772,family_four:10;family_three:10;single_average:5;single_low:2.4;two_person_average:10;two_person_low:5,167.0825978177745
0.7,3,1.8|5|10,60906.63060298918,60546.63060298918,360.0,0.43045497900254803,0.39568080785451404,family_four:10;family_three:10;single_average:5;single_low:5;two_person_average:10;two_person_low:5,180.0
0.7,3,2|5|10,60906.63060298918,60546.63060298918,360.0,0.43045497900254803,0.39568080785451404,family_four:10;family_three:10;single_average:5;single_low:5;two_person_average:10;two_person_low:5,180.0
0.7,3,2.1|5|10,60906.63060298918,60546.63060298918,360.0,0.43045497900254803,0.39568080785451404,family_four:10;family_three:10;single_average:5;single_low:5;two_person_average:10;two_person_low:5,180.0
0.7,3,2.25|5|10,60906.63060298918,60546.63060298918,360.0,0.43045497900254803,0.39568080785451404,family_four:10;family_three:10;single_average:5;single_low:5;two_person_average:10;two_person_low:5,180.0
0.7,3,3|5|9,60909.58413048361,60549.58413048361,360.0,0.22353923411454152,0.4151280796054065,family_four:9;family_three:9;single_average:5;single_low:3;two_person_average:9;two_person_low:5,182.95352749442827
0.7,3,1.8|4.5|10,60912.632217014834,60552.632217014834,360.0,0.3525578271254802,0.40204920632999586,family_four:10;family_three:10;single_average:4.5;single_low:4.5;two_person_average:10;two_person_low:4.5,186.00161402565573
0.7,3,2|4.5|10,60912.632217014834,60552.632217014834,360.0,0.3525578271254802,0.40204920632999586,family_four:10;family_three:10;single_average:4.5;single_low:4.5;two_person_average:10;two_person_low:4.5,186.00161402565573
0.7,3,2.1|4.5|10,60912.632217014834,60552.632217014834,360.0,0.3525578271254802,0.40204920632999586,family_four:10;family_three:10;single_average:4.5;single_low:4.5;two_person_average:10;two_person_low:4.5,186.00161402565573
0.7,3,2.25|4.5|10,60912.632217014834,60552.632217014834,360.0,0.3525578271254802,0.40204920632999586,family_four:10;family_three:10;single_average:4.5;single_low:4.5;two_person_average:10;two_person_low:4.5,186.00161402565573
0.7,3,2.4|4.5|10,60912.632217014834,60552.632217014834,360.0,0.3525578271254802,0.40204920632999586,family_four:10;family_three:10;single_average:4.5;single_low:4.5;two_person_average:10;two_person_low:4.5,186.00161402565573
0.7,3,4.5|5|9,60928.57337846198,60568.57337846198,360.0,0.3020030576467866,0.4107413510987605,family_four:9;family_three:9;single_average:4.5;single_low:4.5;two_person_average:9;two_person_low:5,201.94277547280217
0.7,3,3|4.5|9,60940.49342478965,60580.49342478965,360.0,0.18689488347666125,0.42025185252607705,family_four:9;family_three:9;single_average:4.5;single_low:3;two_person_average:9;two_person_low:4.5,213.8628218004742
0.7,3,2.4|5|9,60940.78018722063,60580.78018722063,360.0,0.19356094690447853,0.419737924367839,family_four:9;family_three:9;single_average:5;single_low:2.4;two_person_average:9;two_person_low:5,214.14958423145436
0.7,3,1.8|5|9,60953.69758940286,60593.69758940286,360.0,0.3713949742463042,0.40736298800727583,family_four:9;family_three:9;single_average:5;single_low:5;two_person_average:9;two_person_low:5,227.06698641367984
0.7,3,2|5|9,60953.69758940286,60593.69758940286,360.0,0.3713949742463042,0.40736298800727583,family_four:9;family_three:9;single_average:5;single_low:5;two_person_average:9;two_person_low:5,227.06698641367984
0.7,3,2.1|5|9,60953.69758940286,60593.69758940286,360.0,0.3713949742463042,0.40736298800727583,family_four:9;family_three:9;single_average:5;single_low:5;two_person_average:9;two_person_low:5,227.06698641367984
0.7,3,2.25|5|9,60953.69758940286,60593.69758940286,360.0,0.3713949742463042,0.40736298800727583,family_four:9;family_three:9;single_average:5;single_low:5;two_person_average:9;two_person_low:5,227.06698641367984
0.7,3,1.8|4.5|9,60959.699203428514,60599.699203428514,360.0,0.2934978223692364,0.4137313864827577,family_four:9;family_three:9;single_average:4.5;single_low:4.5;two_person_average:9;two_person_low:4.5,233.06860043933557
0.7,3,2|4.5|9,60959.699203428514,60599.699203428514,360.0,0.2934978223692364,0.4137313864827577,family_four:9;family_three:9;single_average:4.5;single_low:4.5;two_person_average:9;two_person_low:4.5,233.06860043933557
0.7,3,2.1|4.5|9,60959.699203428514,60599.699203428514,360.0,0.2934978223692364,0.4137313864827577,family_four:9;family_three:9;single_average:4.5;single_low:4.5;two_person_average:9;two_person_low:4.5,233.06860043933557
0.7,3,2.25|4.5|9,60959.699203428514,60599.699203428514,360.0,0.2934978223692364,0.4137313864827577,family_four:9;family_three:9;single_average:4.5;single_low:4.5;two_person_average:9;two_person_low:4.5,233.06860043933557
0.7,3,2.4|4.5|9,60959.699203428514,60599.699203428514,360.0,0.2934978223692364,0.4137313864827577,family_four:9;family_three:9;single_average:4.5;single_low:4.5;two_person_average:9;two_person_low:4.5,233.06860043933557
0.7,3,3|9|10,60973.21878568412,60613.21878568412,360.0,0.3463082563332041,0.40731720824284934,family_four:10;family_three:10;single_average:3;single_low:3;two_person_average:9;two_person_low:9,246.58818269494077
0.7,3,1.8|3|9,61058.24208016925,60698.24208016925,360.0,0.33515326342727025,0.4167493677706263,family_four:9;family_three:9;single_average:3;single_low:3;two_person_average:9;two_person_low:9,331.61147718007123
0.7,3,2|3|9,61058.24208016925,60698.24208016925,360.0,0.33515326342727025,0.4167493677706263,family_four:9;family_three:9;single_average:3;single_low:3;two_person_average:9;two_person_low:9,331.61147718007123
0.7,3,2.1|3|9,61058.24208016925,60698.24208016925,360.0,0.33515326342727025,0.4167493677706263,family_four:9;family_three:9;single_average:3;single_low:3;two_person_average:9;two_person_low:9,331.61147718007123
0.7,3,2.25|3|9,61058.24208016925,60698.24208016925,360.0,0.33515326342727025,0.4167493677706263,family_four:9;family_three:9;single_average:3;single_low:3;two_person_average:9;two_person_low:9,331.61147718007123
0.7,3,2.4|3|9,61058.24208016925,60698.24208016925,360.0,0.33515326342727025,0.4167493677706263,family_four:9;family_three:9;single_average:3;single_low:3;two_person_average:9;two_person_low:9,331.61147718007123
0.7,3,1.8|3|10,61071.14580177745,60711.14580177745,360.0,0.46131474161852903,0.40334261366878277,family_four:10;family_three:10;single_average:3;single_low:3;two_person_average:10;two_person_low:10,344.51519878827094
0.7,3,2|3|10,61071.14580177745,60711.14580177745,360.0,0.46131474161852903,0.40334261366878277,family_four:10;family_three:10;single_average:3;single_low:3;two_person_average:10;two_person_low:10,344.51519878827094
0.7,3,2.1|3|10,61071.14580177745,60711.14580177745,360.0,0.46131474161852903,0.40334261366878277,family_four:10;family_three:10;single_average:3;single_low:3;two_person_average:10;two_person_low:10,344.51519878827094
0.7,3,2.25|3|10,61071.14580177745,60711.14580177745,360.0,0.46131474161852903,0.40334261366878277,family_four:10;family_three:10;single_average:3;single_low:3;two_person_average:10;two_person_low:10,344.51519878827094
0.7,3,2.4|3|10,61071.14580177745,60711.14580177745,360.0,0.46131474161852903,0.40334261366878277,family_four:10;family_three:10;single_average:3;single_low:3;two_person_average:10;two_person_low:10,344.51519878827094
0.7,3,2.4|9|10,61109.81243883666,60749.81243883666,360.0,0.31370949549261995,0.42005657108698735,family_four:10;family_three:10;single_average:2.4;single_low:2.4;two_person_average:9;two_person_low:9,383.18183584748476
0.7,3,2.25|9|10,61143.15682022013,60783.15682022013,360.0,0.6949968875232843,0.3890265004981994,family_four:10;family_three:10;single_average:9;single_low:2.25;two_person_average:9;two_person_low:9,416.52621723095217
0.7,3,2.1|9|10,61161.22503236438,60801.22503236438,360.0,0.6908276787527854,0.3907022623347126,family_four:10;family_three:10;single_average:9;single_low:2.1;two_person_average:9;two_person_low:9,434.5944293752036
0.7,3,2|9|10,61175.872013748536,60815.872013748536,360.0,0.6885298976637115,0.39194856692133173,family_four:10;family_three:10;single_average:9;single_low:2;two_person_average:9;two_person_low:9,449.2414107593577
0.7,3,1.8|2.4|9,61194.8357333218,60834.8357333218,360.0,0.30255450258668604,0.42948873061476434,family_four:9;family_three:9;single_average:2.4;single_low:2.4;two_person_average:9;two_person_low:9,468.2051303326225
0.7,3,2|2.4|9,61194.8357333218,60834.8357333218,360.0,0.30255450258668604,0.42948873061476434,family_four:9;family_three:9;single_average:2.4;single_low:2.4;two_person_average:9;two_person_low:9,468.2051303326225
0.7,3,2.1|2.4|9,61194.8357333218,60834.8357333218,360.0,0.30255450258668604,0.42948873061476434,family_four:9;family_three:9;single_average:2.4;single_low:2.4;two_person_average:9;two_person_low:9,468.2051303326225
0.7,3,2.25|2.4|9,61194.8357333218,60834.8357333218,360.0,0.30255450258668604,0.42948873061476434,family_four:9;family_three:9;single_average:2.4;single_low:2.4;two_person_average:9;two_person_low:9,468.2051303326225
0.7,3,1.8|2.4|10,61207.73945493,60847.73945493,360.0,0.4287159807779448,0.4160819765129208,family_four:10;family_three:10;single_average:2.4;single_low:2.4;two_person_average:10;two_person_low:10,481.1088519408222
0.7,3,2|2.4|10,61207.73945493,60847.73945493,360.0,0.4287159807779448,0.4160819765129208,family_four:10;family_three:10;single_average:2.4;single_low:2.4;two_person_average:10;two_person_low:10,481.1088519408222
0.7,3,2.1|2.4|10,61207.73945493,60847.73945493,360.0,0.4287159807779448,0.4160819765129208,family_four:10;family_three:10;single_average:2.4;single_low:2.4;two_person_average:10;two_person_low:10,481.1088519408222
0.7,3,2.25|2.4|10,61207.73945493,60847.73945493,360.0,0.4287159807779448,0.4160819765129208,family_four:10;family_three:10;single_average:2.4;single_low:2.4;two_person_average:10;two_person_low:10,481.1088519408222
0.7,3,1.8|9|10,61211.510500238874,60851.510500238874,360.0,0.6856368278686442,0.39490664100632733,family_four:10;family_three:10;single_average:9;single_low:1.8;two_person_average:9;two_person_low:9,484.8798972496952
0.7,3,1.8|2.25|9,61228.18011470527,60868.18011470527,360.0,0.6838418946173503,0.3984586600259764,family_four:9;family_three:9;single_average:9;single_low:2.25;two_person_average:9;two_person_low:9,501.5495117160899
0.7,3,2|2.25|9,61228.18011470527,60868.18011470527,360.0,0.6838418946173503,0.3984586600259764,family_four:9;family_three:9;single_average:9;single_low:2.25;two_person_average:9;two_person_low:9,501.5495117160899
0.7,3,2.1|2.25|9,61228.18011470527,60868.18011470527,360.0,0.6838418946173503,0.3984586600259764,family_four:9;family_three:9;single_average:9;single_low:2.25;two_person_average:9;two_person_low:9,501.5495117160899
0.7,3,1.8|2.1|9,61246.24832684952,60886.24832684952,360.0,0.6796726858468516,0.4001344218624896,family_four:9;family_three:9;single_average:9;single_low:2.1;two_person_average:9;two_person_low:9,519.6177238603414
0.7,3,2|2.1|9,61246.24832684952,60886.24832684952,360.0,0.6796726858468516,0.4001344218624896,family_four:9;family_three:9;single_average:9;single_low:2.1;two_person_average:9;two_person_low:9,519.6177238603414
0.7,3,1.8|2.25|10,61256.72692297858,60896.72692297858,360.0,0.4235258049797058,0.42046512525875374,family_four:10;family_three:10;single_average:2.25;single_low:2.25;two_person_average:10;two_person_low:10,530.0963199894031
0.7,3,2|2.25|10,61256.72692297858,60896.72692297858,360.0,0.4235258049797058,0.42046512525875374,family_four:10;family_three:10;single_average:2.25;single_low:2.25;two_person_average:10;two_person_low:10,530.0963199894031
0.7,3,2.1|2.25|10,61256.72692297858,60896.72692297858,360.0,0.4235258049797058,0.42046512525875374,family_four:10;family_three:10;single_average:2.25;single_low:2.25;two_person_average:10;two_person_low:10,530.0963199894031
0.7,3,1.8|2|9,61260.895308233674,60900.895308233674,360.0,0.6773749047577777,0.4013807264491087,family_four:9;family_three:9;single_average:9;single_low:2;two_person_average:9;two_person_low:9,534.2647052444954
0.7,3,1.8|2.1|10,61312.18351225762,60952.18351225762,360.0,0.4193012094759433,0.4250926905569737,family_four:10;family_three:10;single_average:2.1;single_low:2.1;two_person_average:10;two_person_low:10,585.5529092684446
0.7,3,2|2.1|10,61312.18351225762,60952.18351225762,360.0,0.4193012094759433,0.4250926905569737,family_four:10;family_three:10;single_average:2.1;single_low:2.1;two_person_average:10;two_person_low:10,585.5529092684446
0.7,3,1.8|2|10,61355.446012161025,60995.446012161025,360.0,0.4169959125186442,0.4285198010573213,family_four:10;family_three:10;single_average:2;single_low:2;two_person_average:10;two_person_low:10,628.8154091718461
0.7,3,3|4.5|5,61970.17855767432,61610.17855767432,360.0,0.11086983142165627,0.5027591313906019,family_four:5;family_three:5;single_average:4.5;single_low:3;two_person_average:5;two_person_low:5,1243.547954685142
0.7,3,1.8|3|5,61970.39508833481,61610.39508833481,360.0,0.1390089467819863,0.5006253938539286,family_four:5;family_three:5;single_average:5;single_low:3;two_person_average:5;two_person_low:5,1243.7644853456295
0.7,3,2|3|5,61970.39508833481,61610.39508833481,360.0,0.1390089467819863,0.5006253938539286,family_four:5;family_three:5;single_average:5;single_low:3;two_person_average:5;two_person_low:5,1243.7644853456295
0.7,3,2.1|3|5,61970.39508833481,61610.39508833481,360.0,0.1390089467819863,0.5006253938539286,family_four:5;family_three:5;single_average:5;single_low:3;two_person_average:5;two_person_low:5,1243.7644853456295
0.7,3,2.25|3|5,61970.39508833481,61610.39508833481,360.0,0.1390089467819863,0.5006253938539286,family_four:5;family_three:5;single_average:5;single_low:3;two_person_average:5;two_person_low:5,1243.7644853456295
0.7,3,2.4|3|5,61970.39508833481,61610.39508833481,360.0,0.1390089467819863,0.5006253938539286,family_four:5;family_three:5;single_average:5;single_low:3;two_person_average:5;two_person_low:5,1243.7644853456295
0.7,3,1.8|4.5|5,61989.38433631318,61629.38433631318,360.0,0.21747277031423137,0.4962386653472826,family_four:5;family_three:5;single_average:4.5;single_low:4.5;two_person_average:5;two_person_low:5,1262.7537333240034
0.7,3,2|4.5|5,61989.38433631318,61629.38433631318,360.0,0.21747277031423137,0.4962386653472826,family_four:5;family_three:5;single_average:4.5;single_low:4.5;two_person_average:5;two_person_low:5,1262.7537333240034
0.7,3,2.1|4.5|5,61989.38433631318,61629.38433631318,360.0,0.21747277031423137,0.4962386653472826,family_four:5;family_three:5;single_average:4.5;single_low:4.5;two_person_average:5;two_person_low:5,1262.7537333240034
0.7,3,2.25|4.5|5,61989.38433631318,61629.38433631318,360.0,0.21747277031423137,0.4962386653472826,family_four:5;family_three:5;single_average:4.5;single_low:4.5;two_person_average:5;two_person_low:5,1262.7537333240034
0.7,3,2.4|4.5|5,61989.38433631318,61629.38433631318,360.0,0.21747277031423137,0.4962386653472826,family_four:5;family_three:5;single_average:4.5;single_low:4.5;two_person_average:5;two_person_low:5,1262.7537333240034
0.7,3,1.8|2.4|5,62001.591145071834,61641.591145071834,360.0,0.10903065957192332,0.505235238616361,family_four:5;family_three:5;single_average:5;single_low:2.4;two_person_average:5;two_person_low:5,1274.9605420826556
0.7,3,2|2.4|5,62001.591145071834,61641.591145071834,360.0,0.10903065957192332,0.505235238616361,family_four:5;family_three:5;single_average:5;single_low:2.4;two_person_average:5;two_person_low:5,1274.9605420826556
0.7,3,2.1|2.4|5,62001.591145071834,61641.591145071834,360.0,0.10903065957192332,0.505235238616361,family_four:5;family_three:5;single_average:5;single_low:2.4;two_person_average:5;two_person_low:5,1274.9605420826556
0.7,3,2.25|2.4|5,62001.591145071834,61641.591145071834,360.0,0.10903065957192332,0.505235238616361,family_four:5;family_three:5;single_average:5;single_low:2.4;two_person_average:5;two_person_low:5,1274.9605420826556
0.7,3,1.8|2|5,62014.50854725406,61654.50854725406,360.0,0.28686468691374895,0.49286030225579797,family_four:5;family_three:5;single_average:5;single_low:5;two_person_average:5;two_person_low:5,1287.877944264881
0.7,3,1.8|2.1|5,62014.50854725406,61654.50854725406,360.0,0.28686468691374895,0.49286030225579797,family_four:5;family_three:5;single_average:5;single_low:5;two_person_average:5;two_person_low:5,1287.877944264881
0.7,3,1.8|2.25|5,62014.50854725406,61654.50854725406,360.0,0.28686468691374895,0.49286030225579797,family_four:5;family_three:5;single_average:5;single_low:5;two_person_average:5;two_person_low:5,1287.877944264881
0.7,3,2|2.1|5,62014.50854725406,61654.50854725406,360.0,0.28686468691374895,0.49286030225579797,family_four:5;family_three:5;single_average:5;single_low:5;two_person_average:5;two_person_low:5,1287.877944264881
0.7,3,2|2.25|5,62014.50854725406,61654.50854725406,360.0,0.28686468691374895,0.49286030225579797,family_four:5;family_three:5;single_average:5;single_low:5;two_person_average:5;two_person_low:5,1287.877944264881
0.7,3,2.1|2.25|5,62014.50854725406,61654.50854725406,360.0,0.28686468691374895,0.49286030225579797,family_four:5;family_three:5;single_average:5;single_low:5;two_person_average:5;two_person_low:5,1287.877944264881
0.7,3,1.8|3|4.5,62258.074677674806,61898.074677674806,360.0,0.10212442988622665,0.5247424788073041,family_four:4.5;family_three:4.5;single_average:4.5;single_low:3;two_person_average:4.5;two_person_low:4.5,1531.4440746856271
0.7,3,2|3|4.5,62258.074677674806,61898.074677674806,360.0,0.10212442988622665,0.5247424788073041,family_four:4.5;family_three:4.5;single_average:4.5;single_low:3;two_person_average:4.5;two_person_low:4.5,1531.4440746856271
0.7,3,2.1|3|4.5,62258.074677674806,61898.074677674806,360.0,0.10212442988622665,0.5247424788073041,family_four:4.5;family_three:4.5;single_average:4.5;single_low:3;two_person_average:4.5;two_person_low:4.5,1531.4440746856271
0.7,3,2.25|3|4.5,62258.074677674806,61898.074677674806,360.0,0.10212442988622665,0.5247424788073041,family_four:4.5;family_three:4.5;single_average:4.5;single_low:3;two_person_average:4.5;two_person_low:4.5,1531.4440746856271
0.7,3,2.4|3|4.5,62258.074677674806,61898.074677674806,360.0,0.10212442988622665,0.5247424788073041,family_four:4.5;family_three:4.5;single_average:4.5;single_low:3;two_person_average:4.5;two_person_low:4.5,1531.4440746856271
0.7,3,1.8|2|4.5,62277.28045631367,61917.28045631367,360.0,0.20872736877880177,0.5182220127639847,family_four:4.5;family_three:4.5;single_average:4.5;single_low:4.5;two_person_average:4.5;two_person_low:4.5,1550.6498533244885
0.7,3,1.8|2.1|4.5,62277.28045631367,61917.28045631367,360.0,0.20872736877880177,0.5182220127639847,family_four:4.5;family_three:4.5;single_average:4.5;single_low:4.5;two_person_average:4.5;two_person_low:4.5,1550.6498533244885
0.7,3,1.8|2.25|4.5,62277.28045631367,61917.28045631367,360.0,0.20872736877880177,0.5182220127639847,family_four:4.5;family_three:4.5;single_average:4.5;single_low:4.5;two_person_average:4.5;two_person_low:4.5,1550.6498533244885
0.7,3,1.8|2.4|4.5,62277.28045631367,61917.28045631367,360.0,0.20872736877880177,0.5182220127639847,family_four:4.5;family_three:4.5;single_average:4.5;single_low:4.5;two_person_average:4.5;two_person_low:4.5,1550.6498533244885
0.7,3,2|2.1|4.5,62277.28045631367,61917.28045631367,360.0,0.20872736877880177,0.5182220127639847,family_four:4.5;family_three:4.5;single_average:4.5;single_low:4.5;two_person_average:4.5;two_person_low:4.5,1550.6498533244885
0.7,3,2|2.25|4.5,62277.28045631367,61917.28045631367,360.0,0.20872736877880177,0.5182220127639847,family_four:4.5;family_three:4.5;single_average:4.5;single_low:4.5;two_person_average:4.5;two_person_low:4.5,1550.6498533244885
0.7,3,2|2.4|4.5,62277.28045631367,61917.28045631367,360.0,0.20872736877880177,0.5182220127639847,family_four:4.5;family_three:4.5;single_average:4.5;single_low:4.5;two_person_average:4.5;two_person_low:4.5,1550.6498533244885
0.7,3,2.1|2.25|4.5,62277.28045631367,61917.28045631367,360.0,0.20872736877880177,0.5182220127639847,family_four:4.5;family_three:4.5;single_average:4.5;single_low:4.5;two_person_average:4.5;two_person_low:4.5,1550.6498533244885
0.7,3,2.1|2.4|4.5,62277.28045631367,61917.28045631367,360.0,0.20872736877880177,0.5182220127639847,family_four:4.5;family_three:4.5;single_average:4.5;single_low:4.5;two_person_average:4.5;two_person_low:4.5,1550.6498533244885
0.7,3,2.25|2.4|4.5,62277.28045631367,61917.28045631367,360.0,0.20872736877880177,0.5182220127639847,family_four:4.5;family_three:4.5;single_average:4.5;single_low:4.5;two_person_average:4.5;two_person_low:4.5,1550.6498533244885
0.7,3,1.8|2|3,63703.290793241424,63343.290793241424,360.0,0.04988647362316515,0.6370663802631734,family_four:3;family_three:3;single_average:3;single_low:3;two_person_average:3;two_person_low:3,2976.6601902522452
0.7,3,1.8|2.1|3,63703.290793241424,63343.290793241424,360.0,0.04988647362316515,0.6370663802631734,family_four:3;family_three:3;single_average:3;single_low:3;two_person_average:3;two_person_low:3,2976.6601902522452
0.7,3,1.8|2.25|3,63703.290793241424,63343.290793241424,360.0,0.04988647362316515,0.6370663802631734,family_four:3;family_three:3;single_average:3;single_low:3;two_person_average:3;two_person_low:3,2976.6601902522452
0.7,3,1.8|2.4|3,63703.290793241424,63343.290793241424,360.0,0.04988647362316515,0.6370663802631734,family_four:3;family_three:3;single_average:3;single_low:3;two_person_average:3;two_person_low:3,2976.6601902522452
0.7,3,2|2.1|3,63703.290793241424,63343.290793241424,360.0,0.04988647362316515,0.6370663802631734,family_four:3;family_three:3;single_average:3;single_low:3;two_person_average:3;two_person_low:3,2976.6601902522452
0.7,3,2|2.25|3,63703.290793241424,63343.290793241424,360.0,0.04988647362316515,0.6370663802631734,family_four:3;family_three:3;single_average:3;single_low:3;two_person_average:3;two_person_low:3,2976.6601902522452
0.7,3,2|2.4|3,63703.290793241424,63343.290793241424,360.0,0.04988647362316515,0.6370663802631734,family_four:3;family_three:3;single_average:3;single_low:3;two_person_average:3;two_person_low:3,2976.6601902522452
0.7,3,2.1|2.25|3,63703.290793241424,63343.290793241424,360.0,0.04988647362316515,0.6370663802631734,family_four:3;family_three:3;single_average:3;single_low:3;two_person_average:3;two_person_low:3,2976.6601902522452
0.7,3,2.1|2.4|3,63703.290793241424,63343.290793241424,360.0,0.04988647362316515,0.6370663802631734,family_four:3;family_three:3;single_average:3;single_low:3;two_person_average:3;two_person_low:3,2976.6601902522452
0.7,3,2.25|2.4|3,63703.290793241424,63343.290793241424,360.0,0.04988647362316515,0.6370663802631734,family_four:3;family_three:3;single_average:3;single_low:3;two_person_average:3;two_person_low:3,2976.6601902522452
0.7,3,1.8|2|2.4,64745.65664947883,64385.65664947883,360.0,0.017264275170043173,0.7187462921157781,family_four:2.4;family_three:2.4;single_average:2.4;single_low:2.4;two_person_average:2.4;two_person_low:2.4,4019.026046489649
0.7,3,1.8|2.1|2.4,64745.65664947883,64385.65664947883,360.0,0.017264275170043173,0.7187462921157781,family_four:2.4;family_three:2.4;single_average:2.4;single_low:2.4;two_person_average:2.4;two_person_low:2.4,4019.026046489649
0.7,3,1.8|2.25|2.4,64745.65664947883,64385.65664947883,360.0,0.017264275170043173,0.7187462921157781,family_four:2.4;family_three:2.4;single_average:2.4;single_low:2.4;two_person_average:2.4;two_person_low:2.4,4019.026046489649
0.7,3,2|2.1|2.4,64745.65664947883,64385.65664947883,360.0,0.017264275170043173,0.7187462921157781,family_four:2.4;family_three:2.4;single_average:2.4;single_low:2.4;two_person_average:2.4;two_person_low:2.4,4019.026046489649
0.7,3,2|2.25|2.4,64745.65664947883,64385.65664947883,360.0,0.017264275170043173,0.7187462921157781,family_four:2.4;family_three:2.4;single_average:2.4;single_low:2.4;two_person_average:2.4;two_person_low:2.4,4019.026046489649
0.7,3,2.1|2.25|2.4,64745.65664947883,64385.65664947883,360.0,0.017264275170043173,0.7187462921157781,family_four:2.4;family_three:2.4;single_average:2.4;single_low:2.4;two_person_average:2.4;two_person_low:2.4,4019.026046489649
0.7,3,1.8|2|2.25,65084.704185494295,64724.704185494295,360.0,0.012072950131080385,0.7452131590009181,family_four:2.25;family_three:2.25;single_average:2.25;single_low:2.25;two_person_average:2.25;two_person_low:2.25,4358.073582505116
0.7,3,1.8|2.1|2.25,65084.704185494295,64724.704185494295,360.0,0.012072950131080385,0.7452131590009181,family_four:2.25;family_three:2.25;single_average:2.25;single_low:2.25;two_person_average:2.25;two_person_low:2.25,4358.073582505116
0.7,3,2|2.1|2.25,65084.704185494295,64724.704185494295,360.0,0.012072950131080385,0.7452131590009181,family_four:2.25;family_three:2.25;single_average:2.25;single_low:2.25;two_person_average:2.25;two_person_low:2.25,4358.073582505116
0.7,3,1.8|2|2.1,65466.66878975525,65106.66878975525,360.0,0.007848354627317868,0.7748575394757937,family_four:2.1;family_three:2.1;single_average:2.1;single_low:2.1;two_person_average:2.1;two_person_low:2.1,4740.038186766069
0.8,1,9,69624.7808759228,69624.7808759228,0.0,1.0342409048171262,0.43197990744600256,family_four:9;family_three:9;single_average:9;single_low:9;two_person_average:9;two_person_low:9,363.90095882145397
0.8,1,10,69769.58623691056,69769.58623691056,0.0,1.3032699725785437,0.4142928821537498,family_four:10;family_three:10;single_average:10;single_low:10;two_person_average:10;two_person_low:10,508.70631980920734
0.8,1,5,70437.44675135937,70437.44675135937,0.0,0.22246064153933384,0.5625637951050145,family_four:5;family_three:5;single_average:5;single_low:5;two_person_average:5;two_person_low:5,1176.5668342580175
0.8,1,4.5,70767.11201616353,70767.11201616353,0.0,0.15708212336313132,0.5924322506994557,family_four:4.5;family_three:4.5;single_average:4.5;single_low:4.5;two_person_average:4.5;two_person_low:4.5,1506.232099062181
0.8,1,3,72462.11913036802,72462.11913036802,0.0,0.03154411301183228,0.7288335575856253,family_four:3;family_three:3;single_average:3;single_low:3;two_person_average:3;two_person_low:3,3201.239213266672
0.8,1,2.4,73667.69043876245,73667.69043876245,0.0,0.008381977118722461,0.8225489809928596,family_four:2.4;family_three:2.4;single_average:2.4;single_low:2.4;two_person_average:2.4;two_person_low:2.4,4406.8105216611
0.8,1,2.25,74059.45653373278,74059.45653373278,0.0,0.005443127423892105,0.8528843720478899,family_four:2.25;family_three:2.25;single_average:2.25;single_low:2.25;two_person_average:2.25;two_person_low:2.25,4798.576616631428
0.8,1,2.1,74499.96564132319,74499.96564132319,0.0,0.0032372154443649475,0.886534655116044,family_four:2.1;family_three:2.1;single_average:2.1;single_low:2.1;two_person_average:2.1;two_person_low:2.1,5239.0857242218335
0.8,1,2,74836.8075125253,74836.8075125253,0.0,0.001966998490878936,0.9115944395010139,family_four:2;family_three:2;single_average:2;single_low:2;two_person_average:2;two_person_low:2,5575.927595423942
0.8,1,1.8,75575.9429777846,75575.9429777846,0.0,0.0008122995809236379,0.9689716411090175,family_four:1.8;family_three:1.8;single_average:1.8;single_low:1.8;two_person_average:1.8;two_person_low:1.8,6315.063060683242
0.8,2,5|10,69260.87991710135,69080.87991710135,180.0,0.3047911783608064,0.4508531937865632,family_four:10;family_three:10;single_average:5;single_low:5;two_person_average:10;two_person_low:5,0.0
0.8,2,4.5|10,69278.01933560168,69098.01933560168,180.0,0.4465111576841899,0.4389591666630145,family_four:10;family_three:10;single_average:4.5;single_low:4.5;two_person_average:10;two_person_low:10,17.139418500330066
0.8,2,4.5|9,69314.4389142631,69134.4389142631,180.0,0.3500085857454357,0.4548279078654395,family_four:9;family_three:9;single_average:4.5;single_low:4.5;two_person_average:9;two_person_low:9,53.55899716174463
0.8,2,5|9,69321.89272196326,69141.89272196326,180.0,0.4124556076081428,0.45013222738960124,family_four:9;family_three:9;single_average:5;single_low:5;two_person_average:9;two_person_low:9,61.01280486190808
0.8,2,3|10,69432.40970056002,69252.40970056002,180.0,0.3222299797607008,0.459825452248823,family_four:10;family_three:10;single_average:3;single_low:3;two_person_average:10;two_person_low:10,171.52978345866723
0.8,2,3|9,69468.82927922142,69288.82927922142,180.0,0.2257274078219465,0.47569419345124797,family_four:9;family_three:9;single_average:3;single_low:3;two_person_average:9;two_person_low:9,207.94936212006724
0.8,2,2.4|9,69545.20282382908,69365.20282382908,180.0,0.5322239822771176,0.45309650061658,family_four:9;family_three:9;single_average:9;single_low:2.4;two_person_average:9;two_person_low:9,284.32290672772797
0.8,2,2.25|9,69564.87020454936,69384.87020454936,180.0,0.5292943273916847,0.45478829803480747,family_four:9;family_three:9;single_average:9;single_low:2.25;two_person_average:9;two_person_low:9,303.9902874480031
0.8,2,2.1|9,69590.04194329857,69410.04194329857,180.0,0.5271004921000592,0.456876784780918,family_four:9;family_three:9;single_average:9;single_low:2.1;two_person_average:9;two_person_low:9,329.162026197213
0.8,2,2.4|10,69598.0051744381,69418.0051744381,180.0,0.29906963426016286,0.47448958406785646,family_four:10;family_three:10;single_average:2.4;single_low:2.4;two_person_average:10;two_person_low:10,337.12525733675284
0.8,2,2|9,69607.44338584575,69427.44338584575,180.0,0.525831518455523,0.45832402417969376,family_four:9;family_three:9;single_average:9;single_low:2;two_person_average:9;two_person_low:9,346.56346874439623
0.8,2,2.25|10,69618.26511930028,69438.26511930028,180.0,0.7168110544754119,0.43689879295523937,family_four:10;family_three:10;single_average:10;single_low:2.25;two_person_average:10;two_person_low:10,357.3852021989296
0.8,2,2.1|10,69643.4368580495,69463.4368580495,180.0,0.7146172191837864,0.4389872797013499,family_four:10;family_three:10;single_average:10;single_low:2.1;two_person_average:10;two_person_low:10,382.5569409481541
0.8,2,1.8|9,69653.21499882964,69473.21499882964,180.0,0.5246765691987575,0.46182430826317566,family_four:9;family_three:9;single_average:9;single_low:1.8;two_person_average:9;two_person_low:9,392.3350817282917
0.8,2,2|10,69660.83830059668,69480.83830059668,180.0,0.7133482455392502,0.44043451910012565,family_four:10;family_three:10;single_average:10;single_low:2;two_person_average:10;two_person_low:10,399.9583834953228
0.8,2,9|10,69696.56650813455,69516.56650813455,180.0,1.0368440487939445,0.42127433274895654,family_four:10;family_three:10;single_average:9;single_low:9;two_person_average:9;two_person_low:9,435.68659103319806
0.8,2,1.8|10,69706.60991358057,69526.60991358057,180.0,0.7121932962824847,0.44393480318360756,family_four:10;family_three:10;single_average:10;single_low:1.8;two_person_average:10;two_person_low:10,445.72999647921824
0.8,2,4.5|5,70598.24950681071,70418.24950681071,180.0,0.18250559130669702,0.5643917908486559,family_four:5;family_three:5;single_average:5;single_low:4.5;two_person_average:5;two_person_low:5,1337.3695897093567
0.8,2,3|5,70600.68759355947,70420.68759355947,180.0,0.08482904359919294,0.571768511434438,family_four:5;family_three:5;single_average:5;single_low:3;two_person_average:5;two_person_low:5,1339.80767645812
0.8,2,1.8|5,70617.44675135937,70437.44675135937,180.0,0.22246064153933384,0.5625637951050145,family_four:5;family_three:5;single_average:5;single_low:5;two_person_average:5;two_person_low:5,1356.5668342580175
0.8,2,2|5,70617.44675135937,70437.44675135937,180.0,0.22246064153933384,0.5625637951050145,family_four:5;family_three:5;single_average:5;single_low:5;two_person_average:5;two_person_low:5,1356.5668342580175
0.8,2,2.1|5,70617.44675135937,70437.44675135937,180.0,0.22246064153933384,0.5625637951050145,family_four:5;family_three:5;single_average:5;single_low:5;two_person_average:5;two_person_low:5,1356.5668342580175
0.8,2,2.25|5,70617.44675135937,70437.44675135937,180.0,0.22246064153933384,0.5625637951050145,family_four:5;family_three:5;single_average:5;single_low:5;two_person_average:5;two_person_low:5,1356.5668342580175
0.8,2,2.4|5,70617.44675135937,70437.44675135937,180.0,0.22246064153933384,0.5625637951050145,family_four:5;family_three:5;single_average:5;single_low:5;two_person_average:5;two_person_low:5,1356.5668342580175
0.8,2,1.8|4.5,70947.11201616353,70767.11201616353,180.0,0.15708212336313132,0.5924322506994557,family_four:4.5;family_three:4.5;single_average:4.5;single_low:4.5;two_person_average:4.5;two_person_low:4.5,1686.232099062181
0.8,2,2|4.5,70947.11201616353,70767.11201616353,180.0,0.15708212336313132,0.5924322506994557,family_four:4.5;family_three:4.5;single_average:4.5;single_low:4.5;two_person_average:4.5;two_person_low:4.5,1686.232099062181
0.8,2,2.1|4.5,70947.11201616353,70767.11201616353,180.0,0.15708212336313132,0.5924322506994557,family_four:4.5;family_three:4.5;single_average:4.5;single_low:4.5;two_person_average:4.5;two_person_low:4.5,1686.232099062181
0.8,2,2.25|4.5,70947.11201616353,70767.11201616353,180.0,0.15708212336313132,0.5924322506994557,family_four:4.5;family_three:4.5;single_average:4.5;single_low:4.5;two_person_average:4.5;two_person_low:4.5,1686.232099062181
0.8,2,2.4|4.5,70947.11201616353,70767.11201616353,180.0,0.15708212336313132,0.5924322506994557,family_four:4.5;family_three:4.5;single_average:4.5;single_low:4.5;two_person_average:4.5;two_person_low:4.5,1686.232099062181
0.8,2,3|4.5,70947.11201616353,70767.11201616353,180.0,0.15708212336313132,0.5924322506994557,family_four:4.5;family_three:4.5;single_average:4.5;single_low:4.5;two_person_average:4.5;two_person_low:4.5,1686.232099062181
0.8,2,1.8|3,72642.11913036802,72462.11913036802,180.0,0.03154411301183228,0.7288335575856253,family_four:3;family_three:3;single_average:3;single_low:3;two_person_average:3;two_person_low:3,3381.239213266672
0.8,2,2|3,72642.11913036802,72462.11913036802,180.0,0.03154411301183228,0.7288335575856253,family_four:3;family_three:3;single_average:3;single_low:3;two_person_average:3;two_person_low:3,3381.239213266672
0.8,2,2.1|3,72642.11913036802,72462.11913036802,180.0,0.03154411301183228,0.7288335575856253,family_four:3;family_three:3;single_average:3;single_low:3;two_person_average:3;two_person_low:3,3381.239213266672
0.8,2,2.25|3,72642.11913036802,72462.11913036802,180.0,0.03154411301183228,0.7288335575856253,family_four:3;family_three:3;single_average:3;single_low:3;two_person_average:3;two_person_low:3,3381.239213266672
0.8,2,2.4|3,72642.11913036802,72462.11913036802,180.0,0.03154411301183228,0.7288335575856253,family_four:3;family_three:3;single_average:3;single_low:3;two_person_average:3;two_person_low:3,3381.239213266672
0.8,2,1.8|2.4,73847.69043876245,73667.69043876245,180.0,0.008381977118722461,0.8225489809928596,family_four:2.4;family_three:2.4;single_average:2.4;single_low:2.4;two_person_average:2.4;two_person_low:2.4,4586.8105216611
0.8,2,2|2.4,73847.69043876245,73667.69043876245,180.0,0.008381977118722461,0.8225489809928596,family_four:2.4;family_three:2.4;single_average:2.4;single_low:2.4;two_person_average:2.4;two_person_low:2.4,4586.8105216611
0.8,2,2.1|2.4,73847.69043876245,73667.69043876245,180.0,0.008381977118722461,0.8225489809928596,family_four:2.4;family_three:2.4;single_average:2.4;single_low:2.4;two_person_average:2.4;two_person_low:2.4,4586.8105216611
0.8,2,2.25|2.4,73847.69043876245,73667.69043876245,180.0,0.008381977118722461,0.8225489809928596,family_four:2.4;family_three:2.4;single_average:2.4;single_low:2.4;two_person_average:2.4;two_person_low:2.4,4586.8105216611
0.8,2,1.8|2.25,74239.45653373278,74059.45653373278,180.0,0.005443127423892105,0.8528843720478899,family_four:2.25;family_three:2.25;single_average:2.25;single_low:2.25;two_person_average:2.25;two_person_low:2.25,4978.576616631428
0.8,2,2|2.25,74239.45653373278,74059.45653373278,180.0,0.005443127423892105,0.8528843720478899,family_four:2.25;family_three:2.25;single_average:2.25;single_low:2.25;two_person_average:2.25;two_person_low:2.25,4978.576616631428
0.8,2,2.1|2.25,74239.45653373278,74059.45653373278,180.0,0.005443127423892105,0.8528843720478899,family_four:2.25;family_three:2.25;single_average:2.25;single_low:2.25;two_person_average:2.25;two_person_low:2.25,4978.576616631428
0.8,2,1.8|2.1,74679.96564132319,74499.96564132319,180.0,0.0032372154443649475,0.886534655116044,family_four:2.1;family_three:2.1;single_average:2.1;single_low:2.1;two_person_average:2.1;two_person_low:2.1,5419.0857242218335
0.8,2,2|2.1,74679.96564132319,74499.96564132319,180.0,0.0032372154443649475,0.886534655116044,family_four:2.1;family_three:2.1;single_average:2.1;single_low:2.1;two_person_average:2.1;two_person_low:2.1,5419.0857242218335
0.8,2,1.8|2,75016.8075125253,74836.8075125253,180.0,0.001966998490878936,0.9115944395010139,family_four:2;family_three:2;single_average:2;single_low:2;two_person_average:2;two_person_low:2,5755.927595423942
0.8,3,4.5|9|10,69386.22454647484,69026.22454647484,360.0,0.3526117297222541,0.44412233316839345,family_four:10;family_three:10;single_average:4.5;single_low:4.5;two_person_average:9;two_person_low:9,125.34462937348871
0.8,3,5|9|10,69393.678354175,69033.678354175,360.0,0.4150587515849612,0.4394266526925552,family_four:10;family_three:10;single_average:5;single_low:5;two_person_average:9;two_person_low:9,132.79843707365217
0.8,3,4.5|5|10,69421.68267255269,69061.68267255269,360.0,0.2648361281281696,0.45268118953020464,family_four:10;family_three:10;single_average:5;single_low:4.5;two_person_average:10;two_person_low:5,160.80275545133918
0.8,3,3|5|10,69424.12075930146,69064.12075930146,360.0,0.16715958042066553,0.4600579101159866,family_four:10;family_three:10;single_average:5;single_low:3;two_person_average:10;two_person_low:5,163.24084220010263
0.8,3,1.8|5|10,69440.87991710135,69080.87991710135,360.0,0.3047911783608064,0.4508531937865632,family_four:10;family_three:10;single_average:5;single_low:5;two_person_average:10;two_person_low:5,180.0
0.8,3,2|5|10,69440.87991710135,69080.87991710135,360.0,0.3047911783608064,0.4508531937865632,family_four:10;family_three:10;single_average:5;single_low:5;two_person_average:10;two_person_low:5,180.0
0.8,3,2.1|5|10,69440.87991710135,69080.87991710135,360.0,0.3047911783608064,0.4508531937865632,family_four:10;family_three:10;single_average:5;single_low:5;two_person_average:10;two_person_low:5,180.0
0.8,3,2.25|5|10,69440.87991710135,69080.87991710135,360.0,0.3047911783608064,0.4508531937865632,family_four:10;family_three:10;single_average:5;single_low:5;two_person_average:10;two_person_low:5,180.0
0.8,3,2.4|5|10,69440.87991710135,69080.87991710135,360.0,0.3047911783608064,0.4508531937865632,family_four:10;family_three:10;single_average:5;single_low:5;two_person_average:10;two_person_low:5,180.0
0.8,3,1.8|4.5|10,69458.01933560168,69098.01933560168,360.0,0.4465111576841899,0.4389591666630145,family_four:10;family_three:10;single_average:4.5;single_low:4.5;two_person_average:10;two_person_low:10,197.13941850033007
0.8,3,2|4.5|10,69458.01933560168,69098.01933560168,360.0,0.4465111576841899,0.4389591666630145,family_four:10;family_three:10;single_average:4.5;single_low:4.5;two_person_average:10;two_person_low:10,197.13941850033007
0.8,3,2.1|4.5|10,69458.01933560168,69098.01933560168,360.0,0.4465111576841899,0.4389591666630145,family_four:10;family_three:10;single_average:4.5;single_low:4.5;two_person_average:10;two_person_low:10,197.13941850033007
0.8,3,2.25|4.5|10,69458.01933560168,69098.01933560168,360.0,0.4465111576841899,0.4389591666630145,family_four:10;family_three:10;single_average:4.5;single_low:4.5;two_person_average:10;two_person_low:10,197.13941850033007
0.8,3,2.4|4.5|10,69458.01933560168,69098.01933560168,360.0,0.4465111576841899,0.4389591666630145,family_four:10;family_three:10;single_average:4.5;single_low:4.5;two_person_average:10;two_person_low:10,197.13941850033007
0.8,3,3|4.5|10,69458.01933560168,69098.01933560168,360.0,0.4465111576841899,0.4389591666630145,family_four:10;family_three:10;single_average:4.5;single_low:4.5;two_person_average:10;two_person_low:10,197.13941850033007
0.8,3,4.5|5|9,69482.6954774146,69122.6954774146,360.0,0.372500557375506,0.4519602231332427,family_four:9;family_three:9;single_average:5;single_low:4.5;two_person_average:9;two_person_low:9,221.81556031324726
0.8,3,3|5|9,69485.13356416336,69125.13356416336,360.0,0.2748240096680019,0.45933694371902467,family_four:9;family_three:9;single_average:5;single_low:3;two_person_average:9;two_person_low:9,224.2536470620107
0.8,3,1.8|4.5|9,69494.4389142631,69134.4389142631,360.0,0.3500085857454357,0.4548279078654395,family_four:9;family_three:9;single_average:4.5;single_low:4.5;two_person_average:9;two_person_low:9,233.55899716174463
0.8,3,2|4.5|9,69494.4389142631,69134.4389142631,360.0,0.3500085857454357,0.4548279078654395,family_four:9;family_three:9;single_average:4.5;single_low:4.5;two_person_average:9;two_person_low:9,233.55899716174463
0.8,3,2.1|4.5|9,69494.4389142631,69134.4389142631,360.0,0.3500085857454357,0.4548279078654395,family_four:9;family_three:9;single_average:4.5;single_low:4.5;two_person_average:9;two_person_low:9,233.55899716174463
0.8,3,2.25|4.5|9,69494.4389142631,69134.4389142631,360.0,0.3500085857454357,0.4548279078654395,family_four:9;family_three:9;single_average:4.5;single_low:4.5;two_person_average:9;two_person_low:9,233.55899716174463
0.8,3,2.4|4.5|9,69494.4389142631,69134.4389142631,360.0,0.3500085857454357,0.4548279078654395,family_four:9;family_three:9;single_average:4.5;single_low:4.5;two_person_average:9;two_person_low:9,233.55899716174463
0.8,3,3|4.5|9,69494.4389142631,69134.4389142631,360.0,0.3500085857454357,0.4548279078654395,family_four:9;family_three:9;single_average:4.5;single_low:4.5;two_person_average:9;two_person_low:9,233.55899716174463
0.8,3,1.8|5|9,69501.89272196326,69141.89272196326,360.0,0.4124556076081428,0.45013222738960124,family_four:9;family_three:9;single_average:5;single_low:5;two_person_average:9;two_person_low:9,241.01280486190808
0.8,3,2|5|9,69501.89272196326,69141.89272196326,360.0,0.4124556076081428,0.45013222738960124,family_four:9;family_three:9;single_average:5;single_low:5;two_person_average:9;two_person_low:9,241.01280486190808
0.8,3,2.1|5|9,69501.89272196326,69141.89272196326,360.0,0.4124556076081428,0.45013222738960124,family_four:9;family_three:9;single_average:5;single_low:5;two_person_average:9;two_person_low:9,241.01280486190808
0.8,3,2.25|5|9,69501.89272196326,69141.89272196326,360.0,0.4124556076081428,0.45013222738960124,family_four:9;family_three:9;single_average:5;single_low:5;two_person_average:9;two_person_low:9,241.01280486190808
0.8,3,2.4|5|9,69501.89272196326,69141.89272196326,360.0,0.4124556076081428,0.45013222738960124,family_four:9;family_three:9;single_average:5;single_low:5;two_person_average:9;two_person_low:9,241.01280486190808
0.8,3,3|9|10,69540.61491143316,69180.61491143316,360.0,0.22833055179876494,0.46498861875420194,family_four:10;family_three:10;single_average:3;single_low:3;two_person_average:9;two_person_low:9,279.7349943318113
0.8,3,1.8|3|10,69612.40970056002,69252.40970056002,360.0,0.3222299797607008,0.459825452248823,family_four:10;family_three:10;single_average:3;single_low:3;two_person_average:10;two_person_low:10,351.5297834586672
0.8,3,2|3|10,69612.40970056002,69252.40970056002,360.0,0.3222299797607008,0.459825452248823,family_four:10;family_three:10;single_average:3;single_low:3;two_person_average:10;two_person_low:10,351.5297834586672
0.8,3,2.1|3|10,69612.40970056002,69252.40970056002,360.0,0.3222299797607008,0.459825452248823,family_four:10;family_three:10;single_average:3;single_low:3;two_person_average:10;two_person_low:10,351.5297834586672
0.8,3,2.25|3|10,69612.40970056002,69252.40970056002,360.0,0.3222299797607008,0.459825452248823,family_four:10;family_three:10;single_average:3;single_low:3;two_person_average:10;two_person_low:10,351.5297834586672
0.8,3,2.4|3|10,69612.40970056002,69252.40970056002,360.0,0.3222299797607008,0.459825452248823,family_four:10;family_three:10;single_average:3;single_low:3;two_person_average:10;two_person_low:10,351.5297834586672
0.8,3,2.4|9|10,69616.98845604082,69256.98845604082,360.0,0.5348271262539361,0.442390925919534,family_four:10;family_three:10;single_average:9;single_low:2.4;two_person_average:9;two_person_low:9,356.10853893947206
0.8,3,2.25|9|10,69636.6558367611,69276.6558367611,360.0,0.5318974713685031,0.44408272333776144,family_four:10;family_three:10;single_average:9;single_low:2.25;two_person_average:9;two_person_low:9,375.77591965974716
0.8,3,1.8|3|9,69648.82927922142,69288.82927922142,360.0,0.2257274078219465,0.47569419345124797,family_four:9;family_three:9;single_average:3;single_low:3;two_person_average:9;two_person_low:9,387.94936212006724
0.8,3,2|3|9,69648.82927922142,69288.82927922142,360.0,0.2257274078219465,0.47569419345124797,family_four:9;family_three:9;single_average:3;single_low:3;two_person_average:9;two_person_low:9,387.94936212006724
0.8,3,2.1|3|9,69648.82927922142,69288.82927922142,360.0,0.2257274078219465,0.47569419345124797,family_four:9;family_three:9;single_average:3;single_low:3;two_person_average:9;two_person_low:9,387.94936212006724
0.8,3,2.25|3|9,69648.82927922142,69288.82927922142,360.0,0.2257274078219465,0.47569419345124797,family_four:9;family_three:9;single_average:3;single_low:3;two_person_average:9;two_person_low:9,387.94936212006724
0.8,3,2.4|3|9,69648.82927922142,69288.82927922142,360.0,0.2257274078219465,0.47569419345124797,family_four:9;family_three:9;single_average:3;single_low:3;two_person_average:9;two_person_low:9,387.94936212006724
0.8,3,2.1|9|10,69661.82757551031,69301.82757551031,360.0,0.5297036360768775,0.44617121008387195,family_four:10;family_three:10;single_average:9;single_low:2.1;two_person_average:9;two_person_low:9,400.94765840895707
0.8,3,2|9|10,69679.2290180575,69319.2290180575,360.0,0.5284346624323414,0.44761844948264773,family_four:10;family_three:10;single_average:9;single_low:2;two_person_average:9;two_person_low:9,418.3491009561403
0.8,3,1.8|9|10,69725.00063104139,69365.00063104139,360.0,0.5272797131755759,0.45111873356612964,family_four:10;family_three:10;single_average:9;single_low:1.8;two_person_average:9;two_person_low:9,464.1207139400358
0.8,3,1.8|2.4|9,69725.20282382908,69365.20282382908,360.0,0.5322239822771176,0.45309650061658,family_four:9;family_three:9;single_average:9;single_low:2.4;two_person_average:9;two_person_low:9,464.32290672772797
0.8,3,2|2.4|9,69725.20282382908,69365.20282382908,360.0,0.5322239822771176,0.45309650061658,family_four:9;family_three:9;single_average:9;single_low:2.4;two_person_average:9;two_person_low:9,464.32290672772797
0.8,3,2.1|2.4|9,69725.20282382908,69365.20282382908,360.0,0.5322239822771176,0.45309650061658,family_four:9;family_three:9;single_average:9;single_low:2.4;two_person_average:9;two_person_low:9,464.32290672772797
0.8,3,2.25|2.4|9,69725.20282382908,69365.20282382908,360.0,0.5322239822771176,0.45309650061658,family_four:9;family_three:9;single_average:9;single_low:2.4;two_person_average:9;two_person_low:9,464.32290672772797
0.8,3,1.8|2.25|9,69744.87020454936,69384.87020454936,360.0,0.5292943273916847,0.45478829803480747,family_four:9;family_three:9;single_average:9;single_low:2.25;two_person_average:9;two_person_low:9,483.9902874480031
0.8,3,2|2.25|9,69744.87020454936,69384.87020454936,360.0,0.5292943273916847,0.45478829803480747,family_four:9;family_three:9;single_average:9;single_low:2.25;two_person_average:9;two_person_low:9,483.9902874480031
0.8,3,2.1|2.25|9,69744.87020454936,69384.87020454936,360.0,0.5292943273916847,0.45478829803480747,family_four:9;family_three:9;single_average:9;single_low:2.25;two_person_average:9;two_person_low:9,483.9902874480031
0.8,3,1.8|2.1|9,69770.04194329857,69410.04194329857,360.0,0.5271004921000592,0.456876784780918,family_four:9;family_three:9;single_average:9;single_low:2.1;two_person_average:9;two_person_low:9,509.162026197213
0.8,3,2|2.1|9,69770.04194329857,69410.04194329857,360.0,0.5271004921000592,0.456876784780918,family_four:9;family_three:9;single_average:9;single_low:2.1;two_person_average:9;two_person_low:9,509.162026197213
0.8,3,1.8|2.4|10,69778.0051744381,69418.0051744381,360.0,0.29906963426016286,0.47448958406785646,family_four:10;family_three:10;single_average:2.4;single_low:2.4;two_person_average:10;two_person_low:10,517.1252573367528
0.8,3,2|2.4|10,69778.0051744381,69418.0051744381,360.0,0.29906963426016286,0.47448958406785646,family_four:10;family_three:10;single_average:2.4;single_low:2.4;two_person_average:10;two_person_low:10,517.1252573367528
0.8,3,2.1|2.4|10,69778.0051744381,69418.0051744381,360.0,0.29906963426016286,0.47448958406785646,family_four:10;family_three:10;single_average:2.4;single_low:2.4;two_person_average:10;two_person_low:10,517.1252573367528
0.8,3,2.25|2.4|10,69778.0051744381,69418.0051744381,360.0,0.29906963426016286,0.47448958406785646,family_four:10;family_three:10;single_average:2.4;single_low:2.4;two_person_average:10;two_person_low:10,517.1252573367528
0.8,3,1.8|2|9,69787.44338584575,69427.44338584575,360.0,0.525831518455523,0.45832402417969376,family_four:9;family_three:9;single_average:9;single_low:2;two_person_average:9;two_person_low:9,526.5634687443962
0.8,3,1.8|2.25|10,69798.26511930028,69438.26511930028,360.0,0.7168110544754119,0.43689879295523937,family_four:10;family_three:10;single_average:10;single_low:2.25;two_person_average:10;two_person_low:10,537.3852021989296
0.8,3,2|2.25|10,69798.26511930028,69438.26511930028,360.0,0.7168110544754119,0.43689879295523937,family_four:10;family_three:10;single_average:10;single_low:2.25;two_person_average:10;two_person_low:10,537.3852021989296
0.8,3,2.1|2.25|10,69798.26511930028,69438.26511930028,360.0,0.7168110544754119,0.43689879295523937,family_four:10;family_three:10;single_average:10;single_low:2.25;two_person_average:10;two_person_low:10,537.3852021989296
0.8,3,1.8|2.1|10,69823.4368580495,69463.4368580495,360.0,0.7146172191837864,0.4389872797013499,family_four:10;family_three:10;single_average:10;single_low:2.1;two_person_average:10;two_person_low:10,562.5569409481541
0.8,3,2|2.1|10,69823.4368580495,69463.4368580495,360.0,0.7146172191837864,0.4389872797013499,family_four:10;family_three:10;single_average:10;single_low:2.1;two_person_average:10;two_person_low:10,562.5569409481541
0.8,3,1.8|2|10,69840.83830059668,69480.83830059668,360.0,0.7133482455392502,0.44043451910012565,family_four:10;family_three:10;single_average:10;single_low:2;two_person_average:10;two_person_low:10,579.9583834953228
0.8,3,1.8|4.5|5,70778.24950681071,70418.24950681071,360.0,0.18250559130669702,0.5643917908486559,family_four:5;family_three:5;single_average:5;single_low:4.5;two_person_average:5;two_person_low:5,1517.3695897093567
0.8,3,2|4.5|5,70778.24950681071,70418.24950681071,360.0,0.18250559130669702,0.5643917908486559,family_four:5;family_three:5;single_average:5;single_low:4.5;two_person_average:5;two_person_low:5,1517.3695897093567
0.8,3,2.1|4.5|5,70778.24950681071,70418.24950681071,360.0,0.18250559130669702,0.5643917908486559,family_four:5;family_three:5;single_average:5;single_low:4.5;two_person_average:5;two_person_low:5,1517.3695897093567
0.8,3,2.25|4.5|5,70778.24950681071,70418.24950681071,360.0,0.18250559130669702,0.5643917908486559,family_four:5;family_three:5;single_average:5;single_low:4.5;two_person_average:5;two_person_low:5,1517.3695897093567
0.8,3,2.4|4.5|5,70778.24950681071,70418.24950681071,360.0,0.18250559130669702,0.5643917908486559,family_four:5;family_three:5;single_average:5;single_low:4.5;two_person_average:5;two_person_low:5,1517.3695897093567
0.8,3,3|4.5|5,70778.24950681071,70418.24950681071,360.0,0.18250559130669702,0.5643917908486559,family_four:5;family_three:5;single_average:5;single_low:4.5;two_person_average:5;two_person_low:5,1517.3695897093567
0.8,3,1.8|3|5,70780.68759355947,70420.68759355947,360.0,0.08482904359919294,0.571768511434438,family_four:5;family_three:5;single_average:5;single_low:3;two_person_average:5;two_person_low:5,1519.80767645812
0.8,3,2|3|5,70780.68759355947,70420.68759355947,360.0,0.08482904359919294,0.571768511434438,family_four:5;family_three:5;single_average:5;single_low:3;two_person_average:5;two_person_low:5,1519.80767645812
0.8,3,2.1|3|5,70780.68759355947,70420.68759355947,360.0,0.08482904359919294,0.571768511434438,family_four:5;family_three:5;single_average:5;single_low:3;two_person_average:5;two_person_low:5,1519.80767645812
0.8,3,2.25|3|5,70780.68759355947,70420.68759355947,360.0,0.08482904359919294,0.571768511434438,family_four:5;family_three:5;single_average:5;single_low:3;two_person_average:5;two_person_low:5,1519.80767645812
0.8,3,2.4|3|5,70780.68759355947,70420.68759355947,360.0,0.08482904359919294,0.571768511434438,family_four:5;family_three:5;single_average:5;single_low:3;two_person_average:5;two_person_low:5,1519.80767645812
0.8,3,1.8|2|5,70797.44675135937,70437.44675135937,360.0,0.22246064153933384,0.5625637951050145,family_four:5;family_three:5;single_average:5;single_low:5;two_person_average:5;two_person_low:5,1536.5668342580175
0.8,3,1.8|2.1|5,70797.44675135937,70437.44675135937,360.0,0.22246064153933384,0.5625637951050145,family_four:5;family_three:5;single_average:5;single_low:5;two_person_average:5;two_person_low:5,1536.5668342580175
0.8,3,1.8|2.25|5,70797.44675135937,70437.44675135937,360.0,0.22246064153933384,0.5625637951050145,family_four:5;family_three:5;single_average:5;single_low:5;two_person_average:5;two_person_low:5,1536.5668342580175
0.8,3,1.8|2.4|5,70797.44675135937,70437.44675135937,360.0,0.22246064153933384,0.5625637951050145,family_four:5;family_three:5;single_average:5;single_low:5;two_person_average:5;two_person_low:5,1536.5668342580175
0.8,3,2|2.1|5,70797.44675135937,70437.44675135937,360.0,0.22246064153933384,0.5625637951050145,family_four:5;family_three:5;single_average:5;single_low:5;two_person_average:5;two_person_low:5,1536.5668342580175
0.8,3,2|2.25|5,70797.44675135937,70437.44675135937,360.0,0.22246064153933384,0.5625637951050145,family_four:5;family_three:5;single_average:5;single_low:5;two_person_average:5;two_person_low:5,1536.5668342580175
0.8,3,2|2.4|5,70797.44675135937,70437.44675135937,360.0,0.22246064153933384,0.5625637951050145,family_four:5;family_three:5;single_average:5;single_low:5;two_person_average:5;two_person_low:5,1536.5668342580175
0.8,3,2.1|2.25|5,70797.44675135937,70437.44675135937,360.0,0.22246064153933384,0.5625637951050145,family_four:5;family_three:5;single_average:5;single_low:5;two_person_average:5;two_person_low:5,1536.5668342580175
0.8,3,2.1|2.4|5,70797.44675135937,70437.44675135937,360.0,0.22246064153933384,0.5625637951050145,family_four:5;family_three:5;single_average:5;single_low:5;two_person_average:5;two_person_low:5,1536.5668342580175
0.8,3,2.25|2.4|5,70797.44675135937,70437.44675135937,360.0,0.22246064153933384,0.5625637951050145,family_four:5;family_three:5;single_average:5;single_low:5;two_person_average:5;two_person_low:5,1536.5668342580175
0.8,3,1.8|2|4.5,71127.11201616353,70767.11201616353,360.0,0.15708212336313132,0.5924322506994557,family_four:4.5;family_three:4.5;single_average:4.5;single_low:4.5;two_person_average:4.5;two_person_low:4.5,1866.232099062181
0.8,3,1.8|2.1|4.5,71127.11201616353,70767.11201616353,360.0,0.15708212336313132,0.5924322506994557,family_four:4.5;family_three:4.5;single_average:4.5;single_low:4.5;two_person_average:4.5;two_person_low:4.5,1866.232099062181
0.8,3,1.8|2.25|4.5,71127.11201616353,70767.11201616353,360.0,0.15708212336313132,0.5924322506994557,family_four:4.5;family_three:4.5;single_average:4.5;single_low:4.5;two_person_average:4.5;two_person_low:4.5,1866.232099062181
0.8,3,1.8|2.4|4.5,71127.11201616353,70767.11201616353,360.0,0.15708212336313132,0.5924322506994557,family_four:4.5;family_three:4.5;single_average:4.5;single_low:4.5;two_person_average:4.5;two_person_low:4.5,1866.232099062181
0.8,3,1.8|3|4.5,71127.11201616353,70767.11201616353,360.0,0.15708212336313132,0.5924322506994557,family_four:4.5;family_three:4.5;single_average:4.5;single_low:4.5;two_person_average:4.5;two_person_low:4.5,1866.232099062181
0.8,3,2|2.1|4.5,71127.11201616353,70767.11201616353,360.0,0.15708212336313132,0.5924322506994557,family_four:4.5;family_three:4.5;single_average:4.5;single_low:4.5;two_person_average:4.5;two_person_low:4.5,1866.232099062181
0.8,3,2|2.25|4.5,71127.11201616353,70767.11201616353,360.0,0.15708212336313132,0.5924322506994557,family_four:4.5;family_three:4.5;single_average:4.5;single_low:4.5;two_person_average:4.5;two_person_low:4.5,1866.232099062181
0.8,3,2|2.4|4.5,71127.11201616353,70767.11201616353,360.0,0.15708212336313132,0.5924322506994557,family_four:4.5;family_three:4.5;single_average:4.5;single_low:4.5;two_person_average:4.5;two_person_low:4.5,1866.232099062181
0.8,3,2|3|4.5,71127.11201616353,70767.11201616353,360.0,0.15708212336313132,0.5924322506994557,family_four:4.5;family_three:4.5;single_average:4.5;single_low:4.5;two_person_average:4.5;two_person_low:4.5,1866.232099062181
0.8,3,2.1|2.25|4.5,71127.11201616353,70767.11201616353,360.0,0.15708212336313132,0.5924322506994557,family_four:4.5;family_three:4.5;single_average:4.5;single_low:4.5;two_person_average:4.5;two_person_low:4.5,1866.232099062181
0.8,3,2.1|2.4|4.5,71127.11201616353,70767.11201616353,360.0,0.15708212336313132,0.5924322506994557,family_four:4.5;family_three:4.5;single_average:4.5;single_low:4.5;two_person_average:4.5;two_person_low:4.5,1866.232099062181
0.8,3,2.1|3|4.5,71127.11201616353,70767.11201616353,360.0,0.15708212336313132,0.5924322506994557,family_four:4.5;family_three:4.5;single_average:4.5;single_low:4.5;two_person_average:4.5;two_person_low:4.5,1866.232099062181
0.8,3,2.25|2.4|4.5,71127.11201616353,70767.11201616353,360.0,0.15708212336313132,0.5924322506994557,family_four:4.5;family_three:4.5;single_average:4.5;single_low:4.5;two_person_average:4.5;two_person_low:4.5,1866.232099062181
0.8,3,2.25|3|4.5,71127.11201616353,70767.11201616353,360.0,0.15708212336313132,0.5924322506994557,family_four:4.5;family_three:4.5;single_average:4.5;single_low:4.5;two_person_average:4.5;two_person_low:4.5,1866.232099062181
0.8,3,2.4|3|4.5,71127.11201616353,70767.11201616353,360.0,0.15708212336313132,0.5924322506994557,family_four:4.5;family_three:4.5;single_average:4.5;single_low:4.5;two_person_average:4.5;two_person_low:4.5,1866.232099062181
0.8,3,1.8|2|3,72822.11913036802,72462.11913036802,360.0,0.03154411301183228,0.7288335575856253,family_four:3;family_three:3;single_average:3;single_low:3;two_person_average:3;two_person_low:3,3561.239213266672
0.8,3,1.8|2.1|3,72822.11913036802,72462.11913036802,360.0,0.03154411301183228,0.7288335575856253,family_four:3;family_three:3;single_average:3;single_low:3;two_person_average:3;two_person_low:3,3561.239213266672
0.8,3,1.8|2.25|3,72822.11913036802,72462.11913036802,360.0,0.03154411301183228,0.7288335575856253,family_four:3;family_three:3;single_average:3;single_low:3;two_person_average:3;two_person_low:3,3561.239213266672
0.8,3,1.8|2.4|3,72822.11913036802,72462.11913036802,360.0,0.03154411301183228,0.7288335575856253,family_four:3;family_three:3;single_average:3;single_low:3;two_person_average:3;two_person_low:3,3561.239213266672
0.8,3,2|2.1|3,72822.11913036802,72462.11913036802,360.0,0.03154411301183228,0.7288335575856253,family_four:3;family_three:3;single_average:3;single_low:3;two_person_average:3;two_person_low:3,3561.239213266672
0.8,3,2|2.25|3,72822.11913036802,72462.11913036802,360.0,0.03154411301183228,0.7288335575856253,family_four:3;family_three:3;single_average:3;single_low:3;two_person_average:3;two_person_low:3,3561.239213266672
0.8,3,2|2.4|3,72822.11913036802,72462.11913036802,360.0,0.03154411301183228,0.7288335575856253,family_four:3;family_three:3;single_average:3;single_low:3;two_person_average:3;two_person_low:3,3561.239213266672
0.8,3,2.1|2.25|3,72822.11913036802,72462.11913036802,360.0,0.03154411301183228,0.7288335575856253,family_four:3;family_three:3;single_average:3;single_low:3;two_person_average:3;two_person_low:3,3561.239213266672
0.8,3,2.1|2.4|3,72822.11913036802,72462.11913036802,360.0,0.03154411301183228,0.7288335575856253,family_four:3;family_three:3;single_average:3;single_low:3;two_person_average:3;two_person_low:3,3561.239213266672
0.8,3,2.25|2.4|3,72822.11913036802,72462.11913036802,360.0,0.03154411301183228,0.7288335575856253,family_four:3;family_three:3;single_average:3;single_low:3;two_person_average:3;two_person_low:3,3561.239213266672
0.8,3,1.8|2|2.4,74027.69043876245,73667.69043876245,360.0,0.008381977118722461,0.8225489809928596,family_four:2.4;family_three:2.4;single_average:2.4;single_low:2.4;two_person_average:2.4;two_person_low:2.4,4766.8105216611
0.8,3,1.8|2.1|2.4,74027.69043876245,73667.69043876245,360.0,0.008381977118722461,0.8225489809928596,family_four:2.4;family_three:2.4;single_average:2.4;single_low:2.4;two_person_average:2.4;two_person_low:2.4,4766.8105216611
0.8,3,1.8|2.25|2.4,74027.69043876245,73667.69043876245,360.0,0.008381977118722461,0.8225489809928596,family_four:2.4;family_three:2.4;single_average:2.4;single_low:2.4;two_person_average:2.4;two_person_low:2.4,4766.8105216611
0.8,3,2|2.1|2.4,74027.69043876245,73667.69043876245,360.0,0.008381977118722461,0.8225489809928596,family_four:2.4;family_three:2.4;single_average:2.4;single_low:2.4;two_person_average:2.4;two_person_low:2.4,4766.8105216611
0.8,3,2|2.25|2.4,74027.69043876245,73667.69043876245,360.0,0.008381977118722461,0.8225489809928596,family_four:2.4;family_three:2.4;single_average:2.4;single_low:2.4;two_person_average:2.4;two_person_low:2.4,4766.8105216611
0.8,3,2.1|2.25|2.4,74027.69043876245,73667.69043876245,360.0,0.008381977118722461,0.8225489809928596,family_four:2.4;family_three:2.4;single_average:2.4;single_low:2.4;two_person_average:2.4;two_person_low:2.4,4766.8105216611
0.8,3,1.8|2|2.25,74419.45653373278,74059.45653373278,360.0,0.005443127423892105,0.8528843720478899,family_four:2.25;family_three:2.25;single_average:2.25;single_low:2.25;two_person_average:2.25;two_person_low:2.25,5158.576616631428
0.8,3,1.8|2.1|2.25,74419.45653373278,74059.45653373278,360.0,0.005443127423892105,0.8528843720478899,family_four:2.25;family_three:2.25;single_average:2.25;single_low:2.25;two_person_average:2.25;two_person_low:2.25,5158.576616631428
0.8,3,2|2.1|2.25,74419.45653373278,74059.45653373278,360.0,0.005443127423892105,0.8528843720478899,family_four:2.25;family_three:2.25;single_average:2.25;single_low:2.25;two_person_average:2.25;two_person_low:2.25,5158.576616631428
0.8,3,1.8|2|2.1,74859.96564132319,74499.96564132319,360.0,0.0032372154443649475,0.886534655116044,family_four:2.1;family_three:2.1;single_average:2.1;single_low:2.1;two_person_average:2.1;two_person_low:2.1,5599.0857242218335
0.9,1,9,77988.08746220215,77988.08746220215,0.0,0.8918215118839014,0.4840494716010949,family_four:9;family_three:9;single_average:9;single_low:9;two_person_average:9;two_person_low:9,321.58198092202656
0.9,1,10,78089.2370841059,78089.2370841059,0.0,1.142320059877531,0.46341966209073154,family_four:10;family_three:10;single_average:10;single_low:10;two_person_average:10;two_person_low:10,422.7316028257774
0.9,1,5,79102.85104064722,79102.85104064722,0.0,0.16696934073153008,0.6324760445920649,family_four:5;family_three:5;single_average:5;single_low:5;two_person_average:5;two_person_low:5,1436.3455593670951
0.9,1,4.5,79494.64026589962,79494.64026589962,0.0,0.11563181291860855,0.6656643098081314,family_four:4.5;family_three:4.5;single_average:4.5;single_low:4.5;two_person_average:4.5;two_person_low:4.5,1828.1347846194985
0.9,1,3,81446.89340659144,81446.89340659144,0.0,0.018155923016597936,0.8195886515422451,family_four:3;family_three:3;single_average:3;single_low:3;two_person_average:3;two_person_low:3,3780.387925311312
0.9,1,2.4,82818.96448193784,82818.96448193784,0.0,0.0034237250380007023,0.9251398636023282,family_four:2.4;family_three:2.4;single_average:2.4;single_low:2.4;two_person_average:2.4;two_person_low:2.4,5152.45900065772
0.9,1,2.25,83261.65708292785,83261.65708292785,0.0,0.002041195278386982,0.9589489189832704,family_four:2.25;family_three:2.25;single_average:2.25;single_low:2.25;two_person_average:2.25;two_person_low:2.25,5595.151601647725
0.9,1,2.1,83760.18894801289,83760.18894801289,0.0,0.0009721315302038803,0.9969984343954125,family_four:2.1;family_three:2.1;single_average:2.1;single_low:2.1;two_person_average:2.1;two_person_low:2.1,6093.683466732764
0.9,1,2,84138.5658766387,84138.5658766387,0.0,0.0005215264087787958,1.0251754168650793,family_four:2;family_three:2;single_average:2;single_low:2;two_person_average:2;two_person_low:2,6472.060395358581
0.9,1,1.8,84968.82743527097,84968.82743527097,0.0,0.00018533231922612765,1.0893850720111726,family_four:1.8;family_three:1.8;single_average:1.8;single_low:1.8;two_person_average:1.8;two_person_low:1.8,7302.321953990846
0.9,2,5|10,77666.50548128012,77486.50548128012,180.0,0.37591110578910186,0.4883728875500422,family_four:10;family_three:10;single_average:5;single_low:5;two_person_average:10;two_person_low:10,0.0
0.9,2,4.5|10,77675.93532214014,77495.93532214014,180.0,0.325442411598872,0.4932229379540033,family_four:10;family_three:10;single_average:4.5;single_low:4.5;two_person_average:10;two_person_low:10,9.429840860015247
0.9,2,5|9,77735.79750554953,77555.79750554953,180.0,0.2984628964150059,0.5055881666478715,family_four:9;family_three:9;single_average:5;single_low:5;two_person_average:9;two_person_low:9,69.29202426940901
0.9,2,4.5|9,77745.22734640955,77565.22734640955,180.0,0.24799420222477603,0.5104382170518327,family_four:9;family_three:9;single_average:4.5;single_low:4.5;two_person_average:9;two_person_low:9,78.72186512942426
0.9,2,3|10,77894.51489899785,77714.51489899785,180.0,0.22814830428512278,0.5173185433255522,family_four:10;family_three:10;single_average:3;single_low:3;two_person_average:10;two_person_low:10,228.0094177177234
0.9,2,3|9,77906.46494234182,77726.46494234182,180.0,0.43596557512746115,0.5023248577091904,family_four:9;family_three:9;single_average:9;single_low:3;two_person_average:9;two_person_low:9,239.9594610616914
0.9,2,2.4|9,77972.2331073539,77792.2331073539,180.0,0.42129920093706164,0.5083338088160967,family_four:9;family_three:9;single_average:9;single_low:2.4;two_person_average:9;two_person_low:9,305.7276260737708
0.9,2,2.4|10,77980.71893430903,77800.71893430903,180.0,0.5750864529215428,0.4892094807198634,family_four:10;family_three:10;single_average:10;single_low:2.4;two_person_average:10;two_person_low:10,314.21345302890404
0.9,2,2.25|9,77997.44961779621,77817.44961779621,180.0,0.4199177922117904,0.510323161833866,family_four:9;family_three:9;single_average:9;single_low:2.25;two_person_average:9;two_person_low:9,330.9441365160892
0.9,2,2.25|10,78005.93544475135,77825.93544475135,180.0,0.5737050441962717,0.49119883373763273,family_four:10;family_three:10;single_average:10;single_low:2.25;two_person_average:10;two_person_low:10,339.42996347122244
0.9,2,2.1|9,78027.00212206907,77847.00212206907,180.0,0.41884875744763483,0.5126326960601219,family_four:9;family_three:9;single_average:9;single_low:2.1;two_person_average:9;two_person_low:9,360.4966407889442
0.9,2,2.1|10,78035.48794902422,77855.48794902422,180.0,0.5726360094321161,0.49350836796388864,family_four:10;family_three:10;single_average:10;single_low:2.1;two_person_average:10;two_person_low:10,368.982467744092
0.9,2,9|10,78044.35554529555,77864.35554529555,180.0,0.8922162891870951,0.47191686292931406,family_four:10;family_three:10;single_average:9;single_low:9;two_person_average:9;two_person_low:9,377.8500640154234
0.9,2,2|9,78048.04799845834,77868.04799845834,180.0,0.4183981523262098,0.5144319085593676,family_four:9;family_three:9;single_average:9;single_low:2;two_person_average:9;two_person_low:9,381.5425171782117
0.9,2,2|10,78056.53382541347,77876.53382541347,180.0,0.572185404310691,0.4953075804631344,family_four:10;family_three:10;single_average:10;single_low:2;two_person_average:10;two_person_low:10,390.02834413334494
0.9,2,1.8|9,78098.36708136075,77918.36708136075,180.0,0.41806195823665715,0.5182484702207647,family_four:9;family_three:9;single_average:9;single_low:1.8;two_person_average:9;two_person_low:9,431.86160008062143
0.9,2,1.8|10,78106.8529083159,77926.8529083159,180.0,0.5718492102211383,0.4991241421245315,family_four:10;family_three:10;single_average:10;single_low:1.8;two_person_average:10;two_person_low:10,440.3474270357692
0.9,2,4.5|5,79269.2081170264,79089.2081170264,180.0,0.13146600579411202,0.6342493527266542,family_four:5;family_three:5;single_average:5;single_low:4.5;two_person_average:5;two_person_low:5,1602.7026357462746
0.9,2,1.8|5,79282.85104064722,79102.85104064722,180.0,0.16696934073153008,0.6324760445920649,family_four:5;family_three:5;single_average:5;single_low:5;two_person_average:5;two_person_low:5,1616.3455593670951
0.9,2,2|5,79282.85104064722,79102.85104064722,180.0,0.16696934073153008,0.6324760445920649,family_four:5;family_three:5;single_average:5;single_low:5;two_person_average:5;two_person_low:5,1616.3455593670951
0.9,2,2.1|5,79282.85104064722,79102.85104064722,180.0,0.16696934073153008,0.6324760445920649,family_four:5;family_three:5;single_average:5;single_low:5;two_person_average:5;two_person_low:5,1616.3455593670951
0.9,2,2.25|5,79282.85104064722,79102.85104064722,180.0,0.16696934073153008,0.6324760445920649,family_four:5;family_three:5;single_average:5;single_low:5;two_person_average:5;two_person_low:5,1616.3455593670951
0.9,2,2.4|5,79282.85104064722,79102.85104064722,180.0,0.16696934073153008,0.6324760445920649,family_four:5;family_three:5;single_average:5;single_low:5;two_person_average:5;two_person_low:5,1616.3455593670951
0.9,2,3|5,79282.85104064722,79102.85104064722,180.0,0.16696934073153008,0.6324760445920649,family_four:5;family_three:5;single_average:5;single_low:5;two_person_average:5;two_person_low:5,1616.3455593670951
0.9,2,1.8|4.5,79674.64026589962,79494.64026589962,180.0,0.11563181291860855,0.6656643098081314,family_four:4.5;family_three:4.5;single_average:4.5;single_low:4.5;two_person_average:4.5;two_person_low:4.5,2008.1347846194985
0.9,2,2|4.5,79674.64026589962,79494.64026589962,180.0,0.11563181291860855,0.6656643098081314,family_four:4.5;family_three:4.5;single_average:4.5;single_low:4.5;two_person_average:4.5;two_person_low:4.5,2008.1347846194985
0.9,2,2.1|4.5,79674.64026589962,79494.64026589962,180.0,0.11563181291860855,0.6656643098081314,family_four:4.5;family_three:4.5;single_average:4.5;single_low:4.5;two_person_average:4.5;two_person_low:4.5,2008.1347846194985
0.9,2,2.25|4.5,79674.64026589962,79494.64026589962,180.0,0.11563181291860855,0.6656643098081314,family_four:4.5;family_three:4.5;single_average:4.5;single_low:4.5;two_person_average:4.5;two_person_low:4.5,2008.1347846194985
0.9,2,2.4|4.5,79674.64026589962,79494.64026589962,180.0,0.11563181291860855,0.6656643098081314,family_four:4.5;family_three:4.5;single_average:4.5;single_low:4.5;two_person_average:4.5;two_person_low:4.5,2008.1347846194985
0.9,2,3|4.5,79674.64026589962,79494.64026589962,180.0,0.11563181291860855,0.6656643098081314,family_four:4.5;family_three:4.5;single_average:4.5;single_low:4.5;two_person_average:4.5;two_person_low:4.5,2008.1347846194985
0.9,2,1.8|3,81626.89340659144,81446.89340659144,180.0,0.018155923016597936,0.8195886515422451,family_four:3;family_three:3;single_average:3;single_low:3;two_person_average:3;two_person_low:3,3960.387925311312
0.9,2,2|3,81626.89340659144,81446.89340659144,180.0,0.018155923016597936,0.8195886515422451,family_four:3;family_three:3;single_average:3;single_low:3;two_person_average:3;two_person_low:3,3960.387925311312
0.9,2,2.1|3,81626.89340659144,81446.89340659144,180.0,0.018155923016597936,0.8195886515422451,family_four:3;family_three:3;single_average:3;single_low:3;two_person_average:3;two_person_low:3,3960.387925311312
0.9,2,2.25|3,81626.89340659144,81446.89340659144,180.0,0.018155923016597936,0.8195886515422451,family_four:3;family_three:3;single_average:3;single_low:3;two_person_average:3;two_person_low:3,3960.387925311312
0.9,2,2.4|3,81626.89340659144,81446.89340659144,180.0,0.018155923016597936,0.8195886515422451,family_four:3;family_three:3;single_average:3;single_low:3;two_person_average:3;two_person_low:3,3960.387925311312
0.9,2,1.8|2.4,82998.96448193784,82818.96448193784,180.0,0.0034237250380007023,0.9251398636023282,family_four:2.4;family_three:2.4;single_average:2.4;single_low:2.4;two_person_average:2.4;two_person_low:2.4,5332.45900065772
0.9,2,2|2.4,82998.96448193784,82818.96448193784,180.0,0.0034237250380007023,0.9251398636023282,family_four:2.4;family_three:2.4;single_average:2.4;single_low:2.4;two_person_average:2.4;two_person_low:2.4,5332.45900065772
0.9,2,2.1|2.4,82998.96448193784,82818.96448193784,180.0,0.0034237250380007023,0.9251398636023282,family_four:2.4;family_three:2.4;single_average:2.4;single_low:2.4;two_person_average:2.4;two_person_low:2.4,5332.45900065772
0.9,2,2.25|2.4,82998.96448193784,82818.96448193784,180.0,0.0034237250380007023,0.9251398636023282,family_four:2.4;family_three:2.4;single_average:2.4;single_low:2.4;two_person_average:2.4;two_person_low:2.4,5332.45900065772
0.9,2,1.8|2.25,83441.65708292785,83261.65708292785,180.0,0.002041195278386982,0.9589489189832704,family_four:2.25;family_three:2.25;single_average:2.25;single_low:2.25;two_person_average:2.25;two_person_low:2.25,5775.151601647725
0.9,2,2|2.25,83441.65708292785,83261.65708292785,180.0,0.002041195278386982,0.9589489189832704,family_four:2.25;family_three:2.25;single_average:2.25;single_low:2.25;two_person_average:2.25;two_person_low:2.25,5775.151601647725
0.9,2,2.1|2.25,83441.65708292785,83261.65708292785,180.0,0.002041195278386982,0.9589489189832704,family_four:2.25;family_three:2.25;single_average:2.25;single_low:2.25;two_person_average:2.25;two_person_low:2.25,5775.151601647725
0.9,2,1.8|2.1,83940.18894801289,83760.18894801289,180.0,0.0009721315302038803,0.9969984343954125,family_four:2.1;family_three:2.1;single_average:2.1;single_low:2.1;two_person_average:2.1;two_person_low:2.1,6273.683466732764
0.9,2,2|2.1,83940.18894801289,83760.18894801289,180.0,0.0009721315302038803,0.9969984343954125,family_four:2.1;family_three:2.1;single_average:2.1;single_low:2.1;two_person_average:2.1;two_person_low:2.1,6273.683466732764
0.9,2,1.8|2,84318.5658766387,84138.5658766387,180.0,0.0005215264087787958,1.0251754168650793,family_four:2;family_three:2;single_average:2;single_low:2;two_person_average:2;two_person_low:2,6652.060395358581
0.9,3,5|9|10,77792.06558864293,77432.06558864293,360.0,0.2988576737181997,0.49345555797609075,family_four:10;family_three:10;single_average:5;single_low:5;two_person_average:9;two_person_low:9,125.56010736280587
0.9,3,4.5|9|10,77801.49542950295,77441.49542950295,360.0,0.24838897952796976,0.49830560838005183,family_four:10;family_three:10;single_average:4.5;single_low:4.5;two_person_average:9;two_person_low:9,134.9899482228211
0.9,3,4.5|5|10,77832.8625576593,77472.8625576593,360.0,0.34040777085168383,0.49014619568463147,family_four:10;family_three:10;single_average:5;single_low:4.5;two_person_average:10;two_person_low:10,166.3570763791795
0.9,3,1.8|5|10,77846.50548128012,77486.50548128012,360.0,0.37591110578910186,0.4883728875500422,family_four:10;family_three:10;single_average:5;single_low:5;two_person_average:10;two_person_low:10,180.0
0.9,3,2|5|10,77846.50548128012,77486.50548128012,360.0,0.37591110578910186,0.4883728875500422,family_four:10;family_three:10;single_average:5;single_low:5;two_person_average:10;two_person_low:10,180.0
0.9,3,2.1|5|10,77846.50548128012,77486.50548128012,360.0,0.37591110578910186,0.4883728875500422,family_four:10;family_three:10;single_average:5;single_low:5;two_person_average:10;two_person_low:10,180.0
0.9,3,2.25|5|10,77846.50548128012,77486.50548128012,360.0,0.37591110578910186,0.4883728875500422,family_four:10;family_three:10;single_average:5;single_low:5;two_person_average:10;two_person_low:10,180.0
0.9,3,2.4|5|10,77846.50548128012,77486.50548128012,360.0,0.37591110578910186,0.4883728875500422,family_four:10;family_three:10;single_average:5;single_low:5;two_person_average:10;two_person_low:10,180.0
0.9,3,3|5|10,77846.50548128012,77486.50548128012,360.0,0.37591110578910186,0.4883728875500422,family_four:10;family_three:10;single_average:5;single_low:5;two_person_average:10;two_person_low:10,180.0
0.9,3,1.8|4.5|10,77855.93532214014,77495.93532214014,360.0,0.325442411598872,0.4932229379540033,family_four:10;family_three:10;single_average:4.5;single_low:4.5;two_person_average:10;two_person_low:10,189.42984086001525
0.9,3,2|4.5|10,77855.93532214014,77495.93532214014,360.0,0.325442411598872,0.4932229379540033,family_four:10;family_three:10;single_average:4.5;single_low:4.5;two_person_average:10;two_person_low:10,189.42984086001525
0.9,3,2.1|4.5|10,77855.93532214014,77495.93532214014,360.0,0.325442411598872,0.4932229379540033,family_four:10;family_three:10;single_average:4.5;single_low:4.5;two_person_average:10;two_person_low:10,189.42984086001525
0.9,3,2.25|4.5|10,77855.93532214014,77495.93532214014,360.0,0.325442411598872,0.4932229379540033,family_four:10;family_three:10;single_average:4.5;single_low:4.5;two_person_average:10;two_person_low:10,189.42984086001525
0.9,3,2.4|4.5|10,77855.93532214014,77495.93532214014,360.0,0.325442411598872,0.4932229379540033,family_four:10;family_three:10;single_average:4.5;single_low:4.5;two_person_average:10;two_person_low:10,189.42984086001525
0.9,3,3|4.5|10,77855.93532214014,77495.93532214014,360.0,0.325442411598872,0.4932229379540033,family_four:10;family_three:10;single_average:4.5;single_low:4.5;two_person_average:10;two_person_low:10,189.42984086001525
0.9,3,4.5|5|9,77902.15458192871,77542.15458192871,360.0,0.2629595614775879,0.5073614747824609,family_four:9;family_three:9;single_average:5;single_low:4.5;two_person_average:9;two_person_low:9,235.6491006485885
0.9,3,1.8|5|9,77915.79750554953,77555.79750554953,360.0,0.2984628964150059,0.5055881666478715,family_four:9;family_three:9;single_average:5;single_low:5;two_person_average:9;two_person_low:9,249.292024269409
0.9,3,2|5|9,77915.79750554953,77555.79750554953,360.0,0.2984628964150059,0.5055881666478715,family_four:9;family_three:9;single_average:5;single_low:5;two_person_average:9;two_person_low:9,249.292024269409
0.9,3,2.1|5|9,77915.79750554953,77555.79750554953,360.0,0.2984628964150059,0.5055881666478715,family_four:9;family_three:9;single_average:5;single_low:5;two_person_average:9;two_person_low:9,249.292024269409
0.9,3,2.25|5|9,77915.79750554953,77555.79750554953,360.0,0.2984628964150059,0.5055881666478715,family_four:9;family_three:9;single_average:5;single_low:5;two_person_average:9;two_person_low:9,249.292024269409
0.9,3,2.4|5|9,77915.79750554953,77555.79750554953,360.0,0.2984628964150059,0.5055881666478715,family_four:9;family_three:9;single_average:5;single_low:5;two_person_average:9;two_person_low:9,249.292024269409
0.9,3,3|5|9,77915.79750554953,77555.79750554953,360.0,0.2984628964150059,0.5055881666478715,family_four:9;family_three:9;single_average:5;single_low:5;two_person_average:9;two_person_low:9,249.292024269409
0.9,3,1.8|4.5|9,77925.22734640955,77565.22734640955,360.0,0.24799420222477603,0.5104382170518327,family_four:9;family_three:9;single_average:4.5;single_low:4.5;two_person_average:9;two_person_low:9,258.72186512942426
0.9,3,2|4.5|9,77925.22734640955,77565.22734640955,360.0,0.24799420222477603,0.5104382170518327,family_four:9;family_three:9;single_average:4.5;single_low:4.5;two_person_average:9;two_person_low:9,258.72186512942426
0.9,3,2.1|4.5|9,77925.22734640955,77565.22734640955,360.0,0.24799420222477603,0.5104382170518327,family_four:9;family_three:9;single_average:4.5;single_low:4.5;two_person_average:9;two_person_low:9,258.72186512942426
0.9,3,2.25|4.5|9,77925.22734640955,77565.22734640955,360.0,0.24799420222477603,0.5104382170518327,family_four:9;family_three:9;single_average:4.5;single_low:4.5;two_person_average:9;two_person_low:9,258.72186512942426
0.9,3,2.4|4.5|9,77925.22734640955,77565.22734640955,360.0,0.24799420222477603,0.5104382170518327,family_four:9;family_three:9;single_average:4.5;single_low:4.5;two_person_average:9;two_person_low:9,258.72186512942426
0.9,3,3|4.5|9,77925.22734640955,77565.22734640955,360.0,0.24799420222477603,0.5104382170518327,family_four:9;family_three:9;single_average:4.5;single_low:4.5;two_person_average:9;two_person_low:9,258.72186512942426
0.9,3,3|9|10,77962.73302543521,77602.73302543521,360.0,0.43636035243065485,0.49019224903740966,family_four:10;family_three:10;single_average:9;single_low:3;two_person_average:9;two_person_low:9,296.22754415508825
0.9,3,2.4|9|10,78028.50119044729,77668.50119044729,360.0,0.42169397824025534,0.49620120014431585,family_four:10;family_three:10;single_average:9;single_low:2.4;two_person_average:9;two_person_low:9,361.99570916716766
0.9,3,2.25|9|10,78053.71770088961,77693.71770088961,360.0,0.4203125695149842,0.4981905531620851,family_four:10;family_three:10;single_average:9;single_low:2.25;two_person_average:9;two_person_low:9,387.21221960948606
0.9,3,1.8|3|10,78074.51489899785,77714.51489899785,360.0,0.22814830428512278,0.5173185433255522,family_four:10;family_three:10;single_average:3;single_low:3;two_person_average:10;two_person_low:10,408.0094177177234
0.9,3,2|3|10,78074.51489899785,77714.51489899785,360.0,0.22814830428512278,0.5173185433255522,family_four:10;family_three:10;single_average:3;single_low:3;two_person_average:10;two_person_low:10,408.0094177177234
0.9,3,2.1|3|10,78074.51489899785,77714.51489899785,360.0,0.22814830428512278,0.5173185433255522,family_four:10;family_three:10;single_average:3;single_low:3;two_person_average:10;two_person_low:10,408.0094177177234
0.9,3,2.25|3|10,78074.51489899785,77714.51489899785,360.0,0.22814830428512278,0.5173185433255522,family_four:10;family_three:10;single_average:3;single_low:3;two_person_average:10;two_person_low:10,408.0094177177234
0.9,3,2.4|3|10,78074.51489899785,77714.51489899785,360.0,0.22814830428512278,0.5173185433255522,family_four:10;family_three:10;single_average:3;single_low:3;two_person_average:10;two_person_low:10,408.0094177177234
0.9,3,2.1|9|10,78083.27020516247,77723.27020516247,360.0,0.41924353475082865,0.5005000873883411,family_four:10;family_three:10;single_average:9;single_low:2.1;two_person_average:9;two_person_low:9,416.76472388234106
0.9,3,1.8|3|9,78086.46494234182,77726.46494234182,360.0,0.43596557512746115,0.5023248577091904,family_four:9;family_three:9;single_average:9;single_low:3;two_person_average:9;two_person_low:9,419.9594610616914
0.9,3,2|3|9,78086.46494234182,77726.46494234182,360.0,0.43596557512746115,0.5023248577091904,family_four:9;family_three:9;single_average:9;single_low:3;two_person_average:9;two_person_low:9,419.9594610616914
0.9,3,2.1|3|9,78086.46494234182,77726.46494234182,360.0,0.43596557512746115,0.5023248577091904,family_four:9;family_three:9;single_average:9;single_low:3;two_person_average:9;two_person_low:9,419.9594610616914
0.9,3,2.25|3|9,78086.46494234182,77726.46494234182,360.0,0.43596557512746115,0.5023248577091904,family_four:9;family_three:9;single_average:9;single_low:3;two_person_average:9;two_person_low:9,419.9594610616914
0.9,3,2.4|3|9,78086.46494234182,77726.46494234182,360.0,0.43596557512746115,0.5023248577091904,family_four:9;family_three:9;single_average:9;single_low:3;two_person_average:9;two_person_low:9,419.9594610616914
0.9,3,2|9|10,78104.31608155173,77744.31608155173,360.0,0.4187929296294035,0.5022992998875868,family_four:10;family_three:10;single_average:9;single_low:2;two_person_average:9;two_person_low:9,437.81060027160856
0.9,3,1.8|2.4|9,78152.2331073539,77792.2331073539,360.0,0.42129920093706164,0.5083338088160967,family_four:9;family_three:9;single_average:9;single_low:2.4;two_person_average:9;two_person_low:9,485.7276260737708
0.9,3,2|2.4|9,78152.2331073539,77792.2331073539,360.0,0.42129920093706164,0.5083338088160967,family_four:9;family_three:9;single_average:9;single_low:2.4;two_person_average:9;two_person_low:9,485.7276260737708
0.9,3,2.1|2.4|9,78152.2331073539,77792.2331073539,360.0,0.42129920093706164,0.5083338088160967,family_four:9;family_three:9;single_average:9;single_low:2.4;two_person_average:9;two_person_low:9,485.7276260737708
0.9,3,2.25|2.4|9,78152.2331073539,77792.2331073539,360.0,0.42129920093706164,0.5083338088160967,family_four:9;family_three:9;single_average:9;single_low:2.4;two_person_average:9;two_person_low:9,485.7276260737708
0.9,3,1.8|9|10,78154.63516445414,77794.63516445414,360.0,0.41845673553985085,0.5061158615489839,family_four:10;family_three:10;single_average:9;single_low:1.8;two_person_average:9;two_person_low:9,488.1296831740183
0.9,3,1.8|2.4|10,78160.71893430903,77800.71893430903,360.0,0.5750864529215428,0.4892094807198634,family_four:10;family_three:10;single_average:10;single_low:2.4;two_person_average:10;two_person_low:10,494.21345302890404
0.9,3,2|2.4|10,78160.71893430903,77800.71893430903,360.0,0.5750864529215428,0.4892094807198634,family_four:10;family_three:10;single_average:10;single_low:2.4;two_person_average:10;two_person_low:10,494.21345302890404
0.9,3,2.1|2.4|10,78160.71893430903,77800.71893430903,360.0,0.5750864529215428,0.4892094807198634,family_four:10;family_three:10;single_average:10;single_low:2.4;two_person_average:10;two_person_low:10,494.21345302890404
0.9,3,2.25|2.4|10,78160.71893430903,77800.71893430903,360.0,0.5750864529215428,0.4892094807198634,family_four:10;family_three:10;single_average:10;single_low:2.4;two_person_average:10;two_person_low:10,494.21345302890404
0.9,3,1.8|2.25|9,78177.44961779621,77817.44961779621,360.0,0.4199177922117904,0.510323161833866,family_four:9;family_three:9;single_average:9;single_low:2.25;two_person_average:9;two_person_low:9,510.9441365160892
0.9,3,2|2.25|9,78177.44961779621,77817.44961779621,360.0,0.4199177922117904,0.510323161833866,family_four:9;family_three:9;single_average:9;single_low:2.25;two_person_average:9;two_person_low:9,510.9441365160892
0.9,3,2.1|2.25|9,78177.44961779621,77817.44961779621,360.0,0.4199177922117904,0.510323161833866,family_four:9;family_three:9;single_average:9;single_low:2.25;two_person_average:9;two_person_low:9,510.9441365160892
0.9,3,1.8|2.25|10,78185.93544475135,77825.93544475135,360.0,0.5737050441962717,0.49119883373763273,family_four:10;family_three:10;single_average:10;single_low:2.25;two_person_average:10;two_person_low:10,519.4299634712224
0.9,3,2|2.25|10,78185.93544475135,77825.93544475135,360.0,0.5737050441962717,0.49119883373763273,family_four:10;family_three:10;single_average:10;single_low:2.25;two_person_average:10;two_person_low:10,519.4299634712224
0.9,3,2.1|2.25|10,78185.93544475135,77825.93544475135,360.0,0.5737050441962717,0.49119883373763273,family_four:10;family_three:10;single_average:10;single_low:2.25;two_person_average:10;two_person_low:10,519.4299634712224
0.9,3,1.8|2.1|9,78207.00212206907,77847.00212206907,360.0,0.41884875744763483,0.5126326960601219,family_four:9;family_three:9;single_average:9;single_low:2.1;two_person_average:9;two_person_low:9,540.4966407889442
0.9,3,2|2.1|9,78207.00212206907,77847.00212206907,360.0,0.41884875744763483,0.5126326960601219,family_four:9;family_three:9;single_average:9;single_low:2.1;two_person_average:9;two_person_low:9,540.4966407889442
0.9,3,1.8|2.1|10,78215.48794902422,77855.48794902422,360.0,0.5726360094321161,0.49350836796388864,family_four:10;family_three:10;single_average:10;single_low:2.1;two_person_average:10;two_person_low:10,548.982467744092
0.9,3,2|2.1|10,78215.48794902422,77855.48794902422,360.0,0.5726360094321161,0.49350836796388864,family_four:10;family_three:10;single_average:10;single_low:2.1;two_person_average:10;two_person_low:10,548.982467744092
0.9,3,1.8|2|9,78228.04799845834,77868.04799845834,360.0,0.4183981523262098,0.5144319085593676,family_four:9;family_three:9;single_average:9;single_low:2;two_person_average:9;two_person_low:9,561.5425171782117
0.9,3,1.8|2|10,78236.53382541347,77876.53382541347,360.0,0.572185404310691,0.4953075804631344,family_four:10;family_three:10;single_average:10;single_low:2;two_person_average:10;two_person_low:10,570.028344133345
0.9,3,1.8|4.5|5,79449.2081170264,79089.2081170264,360.0,0.13146600579411202,0.6342493527266542,family_four:5;family_three:5;single_average:5;single_low:4.5;two_person_average:5;two_person_low:5,1782.7026357462746
0.9,3,2|4.5|5,79449.2081170264,79089.2081170264,360.0,0.13146600579411202,0.6342493527266542,family_four:5;family_three:5;single_average:5;single_low:4.5;two_person_average:5;two_person_low:5,1782.7026357462746
0.9,3,2.1|4.5|5,79449.2081170264,79089.2081170264,360.0,0.13146600579411202,0.6342493527266542,family_four:5;family_three:5;single_average:5;single_low:4.5;two_person_average:5;two_person_low:5,1782.7026357462746
0.9,3,2.25|4.5|5,79449.2081170264,79089.2081170264,360.0,0.13146600579411202,0.6342493527266542,family_four:5;family_three:5;single_average:5;single_low:4.5;two_person_average:5;two_person_low:5,1782.7026357462746
0.9,3,2.4|4.5|5,79449.2081170264,79089.2081170264,360.0,0.13146600579411202,0.6342493527266542,family_four:5;family_three:5;single_average:5;single_low:4.5;two_person_average:5;two_person_low:5,1782.7026357462746
0.9,3,3|4.5|5,79449.2081170264,79089.2081170264,360.0,0.13146600579411202,0.6342493527266542,family_four:5;family_three:5;single_average:5;single_low:4.5;two_person_average:5;two_person_low:5,1782.7026357462746
0.9,3,1.8|2|5,79462.85104064722,79102.85104064722,360.0,0.16696934073153008,0.6324760445920649,family_four:5;family_three:5;single_average:5;single_low:5;two_person_average:5;two_person_low:5,1796.3455593670951
0.9,3,1.8|2.1|5,79462.85104064722,79102.85104064722,360.0,0.16696934073153008,0.6324760445920649,family_four:5;family_three:5;single_average:5;single_low:5;two_person_average:5;two_person_low:5,1796.3455593670951
0.9,3,1.8|2.25|5,79462.85104064722,79102.85104064722,360.0,0.16696934073153008,0.6324760445920649,family_four:5;family_three:5;single_average:5;single_low:5;two_person_average:5;two_person_low:5,1796.3455593670951
0.9,3,1.8|2.4|5,79462.85104064722,79102.85104064722,360.0,0.16696934073153008,0.6324760445920649,family_four:5;family_three:5;single_average:5;single_low:5;two_person_average:5;two_person_low:5,1796.3455593670951
0.9,3,1.8|3|5,79462.85104064722,79102.85104064722,360.0,0.16696934073153008,0.6324760445920649,family_four:5;family_three:5;single_average:5;single_low:5;two_person_average:5;two_person_low:5,1796.3455593670951
0.9,3,2|2.1|5,79462.85104064722,79102.85104064722,360.0,0.16696934073153008,0.6324760445920649,family_four:5;family_three:5;single_average:5;single_low:5;two_person_average:5;two_person_low:5,1796.3455593670951
0.9,3,2|2.25|5,79462.85104064722,79102.85104064722,360.0,0.16696934073153008,0.6324760445920649,family_four:5;family_three:5;single_average:5;single_low:5;two_person_average:5;two_person_low:5,1796.3455593670951
0.9,3,2|2.4|5,79462.85104064722,79102.85104064722,360.0,0.16696934073153008,0.6324760445920649,family_four:5;family_three:5;single_average:5;single_low:5;two_person_average:5;two_person_low:5,1796.3455593670951
0.9,3,2|3|5,79462.85104064722,79102.85104064722,360.0,0.16696934073153008,0.6324760445920649,family_four:5;family_three:5;single_average:5;single_low:5;two_person_average:5;two_person_low:5,1796.3455593670951
0.9,3,2.1|2.25|5,79462.85104064722,79102.85104064722,360.0,0.16696934073153008,0.6324760445920649,family_four:5;family_three:5;single_average:5;single_low:5;two_person_average:5;two_person_low:5,1796.3455593670951
0.9,3,2.1|2.4|5,79462.85104064722,79102.85104064722,360.0,0.16696934073153008,0.6324760445920649,family_four:5;family_three:5;single_average:5;single_low:5;two_person_average:5;two_person_low:5,1796.3455593670951
0.9,3,2.1|3|5,79462.85104064722,79102.85104064722,360.0,0.16696934073153008,0.6324760445920649,family_four:5;family_three:5;single_average:5;single_low:5;two_person_average:5;two_person_low:5,1796.3455593670951
0.9,3,2.25|2.4|5,79462.85104064722,79102.85104064722,360.0,0.16696934073153008,0.6324760445920649,family_four:5;family_three:5;single_average:5;single_low:5;two_person_average:5;two_person_low:5,1796.3455593670951
0.9,3,2.25|3|5,79462.85104064722,79102.85104064722,360.0,0.16696934073153008,0.6324760445920649,family_four:5;family_three:5;single_average:5;single_low:5;two_person_average:5;two_person_low:5,1796.3455593670951
0.9,3,2.4|3|5,79462.85104064722,79102.85104064722,360.0,0.16696934073153008,0.6324760445920649,family_four:5;family_three:5;single_average:5;single_low:5;two_person_average:5;two_person_low:5,1796.3455593670951
0.9,3,1.8|2|4.5,79854.64026589962,79494.64026589962,360.0,0.11563181291860855,0.6656643098081314,family_four:4.5;family_three:4.5;single_average:4.5;single_low:4.5;two_person_average:4.5;two_person_low:4.5,2188.1347846194985
0.9,3,1.8|2.1|4.5,79854.64026589962,79494.64026589962,360.0,0.11563181291860855,0.6656643098081314,family_four:4.5;family_three:4.5;single_average:4.5;single_low:4.5;two_person_average:4.5;two_person_low:4.5,2188.1347846194985
0.9,3,1.8|2.25|4.5,79854.64026589962,79494.64026589962,360.0,0.11563181291860855,0.6656643098081314,family_four:4.5;family_three:4.5;single_average:4.5;single_low:4.5;two_person_average:4.5;two_person_low:4.5,2188.1347846194985
0.9,3,1.8|2.4|4.5,79854.64026589962,79494.64026589962,360.0,0.11563181291860855,0.6656643098081314,family_four:4.5;family_three:4.5;single_average:4.5;single_low:4.5;two_person_average:4.5;two_person_low:4.5,2188.1347846194985
0.9,3,1.8|3|4.5,79854.64026589962,79494.64026589962,360.0,0.11563181291860855,0.6656643098081314,family_four:4.5;family_three:4.5;single_average:4.5;single_low:4.5;two_person_average:4.5;two_person_low:4.5,2188.1347846194985
0.9,3,2|2.1|4.5,79854.64026589962,79494.64026589962,360.0,0.11563181291860855,0.6656643098081314,family_four:4.5;family_three:4.5;single_average:4.5;single_low:4.5;two_person_average:4.5;two_person_low:4.5,2188.1347846194985
0.9,3,2|2.25|4.5,79854.64026589962,79494.64026589962,360.0,0.11563181291860855,0.6656643098081314,family_four:4.5;family_three:4.5;single_average:4.5;single_low:4.5;two_person_average:4.5;two_person_low:4.5,2188.1347846194985
0.9,3,2|2.4|4.5,79854.64026589962,79494.64026589962,360.0,0.11563181291860855,0.6656643098081314,family_four:4.5;family_three:4.5;single_average:4.5;single_low:4.5;two_person_average:4.5;two_person_low:4.5,2188.1347846194985
0.9,3,2|3|4.5,79854.64026589962,79494.64026589962,360.0,0.11563181291860855,0.6656643098081314,family_four:4.5;family_three:4.5;single_average:4.5;single_low:4.5;two_person_average:4.5;two_person_low:4.5,2188.1347846194985
0.9,3,2.1|2.25|4.5,79854.64026589962,79494.64026589962,360.0,0.11563181291860855,0.6656643098081314,family_four:4.5;family_three:4.5;single_average:4.5;single_low:4.5;two_person_average:4.5;two_person_low:4.5,2188.1347846194985
0.9,3,2.1|2.4|4.5,79854.64026589962,79494.64026589962,360.0,0.11563181291860855,0.6656643098081314,family_four:4.5;family_three:4.5;single_average:4.5;single_low:4.5;two_person_average:4.5;two_person_low:4.5,2188.1347846194985
0.9,3,2.1|3|4.5,79854.64026589962,79494.64026589962,360.0,0.11563181291860855,0.6656643098081314,family_four:4.5;family_three:4.5;single_average:4.5;single_low:4.5;two_person_average:4.5;two_person_low:4.5,2188.1347846194985
0.9,3,2.25|2.4|4.5,79854.64026589962,79494.64026589962,360.0,0.11563181291860855,0.6656643098081314,family_four:4.5;family_three:4.5;single_average:4.5;single_low:4.5;two_person_average:4.5;two_person_low:4.5,2188.1347846194985
0.9,3,2.25|3|4.5,79854.64026589962,79494.64026589962,360.0,0.11563181291860855,0.6656643098081314,family_four:4.5;family_three:4.5;single_average:4.5;single_low:4.5;two_person_average:4.5;two_person_low:4.5,2188.1347846194985
0.9,3,2.4|3|4.5,79854.64026589962,79494.64026589962,360.0,0.11563181291860855,0.6656643098081314,family_four:4.5;family_three:4.5;single_average:4.5;single_low:4.5;two_person_average:4.5;two_person_low:4.5,2188.1347846194985
0.9,3,1.8|2|3,81806.89340659144,81446.89340659144,360.0,0.018155923016597936,0.8195886515422451,family_four:3;family_three:3;single_average:3;single_low:3;two_person_average:3;two_person_low:3,4140.387925311312
0.9,3,1.8|2.1|3,81806.89340659144,81446.89340659144,360.0,0.018155923016597936,0.8195886515422451,family_four:3;family_three:3;single_average:3;single_low:3;two_person_average:3;two_person_low:3,4140.387925311312
0.9,3,1.8|2.25|3,81806.89340659144,81446.89340659144,360.0,0.018155923016597936,0.8195886515422451,family_four:3;family_three:3;single_average:3;single_low:3;two_person_average:3;two_person_low:3,4140.387925311312
0.9,3,1.8|2.4|3,81806.89340659144,81446.89340659144,360.0,0.018155923016597936,0.8195886515422451,family_four:3;family_three:3;single_average:3;single_low:3;two_person_average:3;two_person_low:3,4140.387925311312
0.9,3,2|2.1|3,81806.89340659144,81446.89340659144,360.0,0.018155923016597936,0.8195886515422451,family_four:3;family_three:3;single_average:3;single_low:3;two_person_average:3;two_person_low:3,4140.387925311312
0.9,3,2|2.25|3,81806.89340659144,81446.89340659144,360.0,0.018155923016597936,0.8195886515422451,family_four:3;family_three:3;single_average:3;single_low:3;two_person_average:3;two_person_low:3,4140.387925311312
0.9,3,2|2.4|3,81806.89340659144,81446.89340659144,360.0,0.018155923016597936,0.8195886515422451,family_four:3;family_three:3;single_average:3;single_low:3;two_person_average:3;two_person_low:3,4140.387925311312
0.9,3,2.1|2.25|3,81806.89340659144,81446.89340659144,360.0,0.018155923016597936,0.8195886515422451,family_four:3;family_three:3;single_average:3;single_low:3;two_person_average:3;two_person_low:3,4140.387925311312
0.9,3,2.1|2.4|3,81806.89340659144,81446.89340659144,360.0,0.018155923016597936,0.8195886515422451,family_four:3;family_three:3;single_average:3;single_low:3;two_person_average:3;two_person_low:3,4140.387925311312
0.9,3,2.25|2.4|3,81806.89340659144,81446.89340659144,360.0,0.018155923016597936,0.8195886515422451,family_four:3;family_three:3;single_average:3;single_low:3;two_person_average:3;two_person_low:3,4140.387925311312
0.9,3,1.8|2|2.4,83178.96448193784,82818.96448193784,360.0,0.0034237250380007023,0.9251398636023282,family_four:2.4;family_three:2.4;single_average:2.4;single_low:2.4;two_person_average:2.4;two_person_low:2.4,5512.45900065772
0.9,3,1.8|2.1|2.4,83178.96448193784,82818.96448193784,360.0,0.0034237250380007023,0.9251398636023282,family_four:2.4;family_three:2.4;single_average:2.4;single_low:2.4;two_person_average:2.4;two_person_low:2.4,5512.45900065772
0.9,3,1.8|2.25|2.4,83178.96448193784,82818.96448193784,360.0,0.0034237250380007023,0.9251398636023282,family_four:2.4;family_three:2.4;single_average:2.4;single_low:2.4;two_person_average:2.4;two_person_low:2.4,5512.45900065772
0.9,3,2|2.1|2.4,83178.96448193784,82818.96448193784,360.0,0.0034237250380007023,0.9251398636023282,family_four:2.4;family_three:2.4;single_average:2.4;single_low:2.4;two_person_average:2.4;two_person_low:2.4,5512.45900065772
0.9,3,2|2.25|2.4,83178.96448193784,82818.96448193784,360.0,0.0034237250380007023,0.9251398636023282,family_four:2.4;family_three:2.4;single_average:2.4;single_low:2.4;two_person_average:2.4;two_person_low:2.4,5512.45900065772
0.9,3,2.1|2.25|2.4,83178.96448193784,82818.96448193784,360.0,0.0034237250380007023,0.9251398636023282,family_four:2.4;family_three:2.4;single_average:2.4;single_low:2.4;two_person_average:2.4;two_person_low:2.4,5512.45900065772
0.9,3,1.8|2|2.25,83621.65708292785,83261.65708292785,360.0,0.002041195278386982,0.9589489189832704,family_four:2.25;family_three:2.25;single_average:2.25;single_low:2.25;two_person_average:2.25;two_person_low:2.25,5955.151601647725
0.9,3,1.8|2.1|2.25,83621.65708292785,83261.65708292785,360.0,0.002041195278386982,0.9589489189832704,family_four:2.25;family_three:2.25;single_average:2.25;single_low:2.25;two_person_average:2.25;two_person_low:2.25,5955.151601647725
0.9,3,2|2.1|2.25,83621.65708292785,83261.65708292785,360.0,0.002041195278386982,0.9589489189832704,family_four:2.25;family_three:2.25;single_average:2.25;single_low:2.25;two_person_average:2.25;two_person_low:2.25,5955.151601647725
0.9,3,1.8|2|2.1,84120.18894801289,83760.18894801289,360.0,0.0009721315302038803,0.9969984343954125,family_four:2.1;family_three:2.1;single_average:2.1;single_low:2.1;two_person_average:2.1;two_person_low:2.1,6453.683466732764
1.0,1,9,86455.68812282186,86455.68812282186,0.0,0.752312324771139,0.5381186011945993,family_four:9;family_three:9;single_average:9;single_low:9;two_person_average:9;two_person_low:9,294.2591118437267
1.0,1,10,86519.46572474718,86519.46572474718,0.0,0.9839942718505826,0.513880108089123,family_four:10;family_three:10;single_average:10;single_low:10;two_person_average:10;two_person_low:10,358.0367137690482
1.0,1,5,87877.96299703272,87877.96299703272,0.0,0.12536919104412433,0.7026776579461125,family_four:5;family_three:5;single_average:5;single_low:5;two_person_average:5;two_person_low:5,1716.5339860545937
1.0,1,4.5,88331.60413311454,88331.60413311454,0.0,0.08368399977183709,0.7401792305609556,family_four:4.5;family_three:4.5;single_average:4.5;single_low:4.5;two_person_average:4.5;two_person_low:4.5,2170.17512213641
1.0,1,3,90538.23536207929,90538.23536207929,0.0,0.009420432465799078,0.9113759390158003,family_four:3;family_three:3;single_average:3;single_low:3;two_person_average:3;two_person_low:3,4376.806351101157
1.0,1,2.4,92074.71309488743,92074.71309488743,0.0,0.0011945703631141644,1.0283278194119556,family_four:2.4;family_three:2.4;single_average:2.4;single_low:2.4;two_person_average:2.4;two_person_low:2.4,5913.284083909297
1.0,1,2.25,92569.15918223595,92569.15918223595,0.0,0.0006223310970966307,1.0660649403420261,family_four:2.25;family_three:2.25;single_average:2.25;single_low:2.25;two_person_average:2.25;two_person_low:2.25,6407.730171257819
1.0,1,2.1,93123.11077294913,93123.11077294913,0.0,0.00026273450836844763,1.108289181349819,family_four:2.1;family_three:2.1;single_average:2.1;single_low:2.1;two_person_average:2.1;two_person_low:2.1,6961.6817619710055
1.0,1,2,93543.99971244643,93543.99971244643,0.0,0.00015764658115026328,1.1396601046354513,family_four:2;family_three:2;single_average:2;single_low:2;two_person_average:2;two_person_low:2,7382.570701468299
1.0,1,1.8,94466.97491943667,94466.97491943667,0.0,4.664218921403298e-05,1.211358181122788,family_four:1.8;family_three:1.8;single_average:1.8;single_low:1.8;two_person_average:1.8;two_person_low:1.8,8305.545908458545
1.0,2,5|10,86161.42901097813,85981.42901097813,180.0,0.26812475653826895,0.5412666229008657,family_four:10;family_three:10;single_average:5;single_low:5;two_person_average:10;two_person_low:10,0.0
1.0,2,4.5|10,86187.81412357787,86007.81412357787,180.0,0.22657902827096116,0.5467516557392733,family_four:10;family_three:10;single_average:4.5;single_low:4.5;two_person_average:10;two_person_low:10,26.385112599746208
1.0,2,5|9,86272.96144238836,86092.96144238836,180.0,0.2090512986951118,0.5621337131823764,family_four:9;family_three:9;single_average:5;single_low:5;two_person_average:9;two_person_low:9,111.53243141023268
1.0,2,4.5|9,86299.3465549881,86119.3465549881,180.0,0.167505570427804,0.567618746020784,family_four:9;family_three:9;single_average:4.5;single_low:4.5;two_person_average:9;two_person_low:9,137.91754400996433
1.0,2,3|10,86400.60422590178,86220.60422590178,180.0,0.4684528728549816,0.5356150391384031,family_four:10;family_three:10;single_average:10;single_low:3;two_person_average:10;two_person_low:10,239.1752149236563
1.0,2,3|9,86426.31286813041,86246.31286813041,180.0,0.32790228904117985,0.5580550277419051,family_four:9;family_three:9;single_average:9;single_low:3;two_person_average:9;two_person_low:9,264.88385715227923
1.0,2,2.4|10,86484.15582009367,86304.15582009367,180.0,0.4602330691857527,0.542402604905073,family_four:10;family_three:10;single_average:10;single_low:2.4;two_person_average:10;two_person_low:10,322.726809115542
1.0,2,9|10,86490.36913850208,86310.36913850208,180.0,0.7658372022726653,0.5199486850300684,family_four:10;family_three:10;single_average:9;single_low:9;two_person_average:10;two_person_low:9,328.94012752395065
1.0,2,2.4|9,86509.8644623223,86329.8644623223,180.0,0.3196824853719509,0.5648425935085749,family_four:9;family_three:9;single_average:9;single_low:2.4;two_person_average:9;two_person_low:9,348.4354513441649
1.0,2,2.25|10,86514.0898838639,86334.0898838639,180.0,0.4596608299197351,0.5446719867433765,family_four:10;family_three:10;single_average:10;single_low:2.25;two_person_average:10;two_person_low:10,352.6608728857682
1.0,2,2.25|9,86539.79852609253,86359.79852609253,180.0,0.31911024610593336,0.5671119753468784,family_four:9;family_three:9;single_average:9;single_low:2.25;two_person_average:9;two_person_low:9,378.36951511440566
1.0,2,2.1|10,86546.26537435569,86366.26537435569,180.0,0.4593012333310069,0.5471846474821085,family_four:10;family_three:10;single_average:10;single_low:2.1;two_person_average:10;two_person_low:10,384.8363633775589
1.0,2,2|10,86568.75777100988,86388.75777100988,180.0,0.4591961454037887,0.5489698483247569,family_four:10;family_three:10;single_average:10;single_low:2;two_person_average:10;two_person_low:10,407.32876003175625
1.0,2,2.1|9,86571.97401658431,86391.97401658431,180.0,0.31875064951720516,0.5696246360856104,family_four:9;family_three:9;single_average:9;single_low:2.1;two_person_average:9;two_person_low:9,410.5450056061818
1.0,2,2|9,86594.46641323852,86414.46641323852,180.0,0.31864556158998697,0.5714098369282589,family_four:9;family_three:9;single_average:9;single_low:2;two_person_average:9;two_person_low:9,433.0374022603937
1.0,2,1.8|10,86623.14745445325,86443.14745445325,180.0,0.4590851410118525,0.5533045826483467,family_four:10;family_three:10;single_average:10;single_low:1.8;two_person_average:10;two_person_low:10,461.71844347512524
1.0,2,1.8|9,86635.68812282186,86455.68812282186,180.0,0.752312324771139,0.5381186011945993,family_four:9;family_three:9;single_average:9;single_low:9;two_person_average:9;two_person_low:9,474.2591118437267
1.0,2,4.5|5,88049.54008497692,87869.54008497692,180.0,0.09237962997205355,0.7046151329772856,family_four:5;family_three:5;single_average:5;single_low:4.5;two_person_average:5;two_person_low:5,1888.1110739987926
1.0,2,1.8|5,88057.96299703272,87877.96299703272,180.0,0.12536919104412433,0.7026776579461125,family_four:5;family_three:5;single_average:5;single_low:5;two_person_average:5;two_person_low:5,1896.5339860545937
1.0,2,2|5,88057.96299703272,87877.96299703272,180.0,0.12536919104412433,0.7026776579461125,family_four:5;family_three:5;single_average:5;single_low:5;two_person_average:5;two_person_low:5,1896.5339860545937
1.0,2,2.1|5,88057.96299703272,87877.96299703272,180.0,0.12536919104412433,0.7026776579461125,family_four:5;family_three:5;single_average:5;single_low:5;two_person_average:5;two_person_low:5,1896.5339860545937
1.0,2,2.25|5,88057.96299703272,87877.96299703272,180.0,0.12536919104412433,0.7026776579461125,family_four:5;family_three:5;single_average:5;single_low:5;two_person_average:5;two_person_low:5,1896.5339860545937
1.0,2,2.4|5,88057.96299703272,87877.96299703272,180.0,0.12536919104412433,0.7026776579461125,family_four:5;family_three:5;single_average:5;single_low:5;two_person_average:5;two_person_low:5,1896.5339860545937
1.0,2,3|5,88057.96299703272,87877.96299703272,180.0,0.12536919104412433,0.7026776579461125,family_four:5;family_three:5;single_average:5;single_low:5;two_person_average:5;two_person_low:5,1896.5339860545937
1.0,2,1.8|4.5,88511.60413311454,88331.60413311454,180.0,0.08368399977183709,0.7401792305609556,family_four:4.5;family_three:4.5;single_average:4.5;single_low:4.5;two_person_average:4.5;two_person_low:4.5,2350.17512213641
1.0,2,2|4.5,88511.60413311454,88331.60413311454,180.0,0.08368399977183709,0.7401792305609556,family_four:4.5;family_three:4.5;single_average:4.5;single_low:4.5;two_person_average:4.5;two_person_low:4.5,2350.17512213641
1.0,2,2.1|4.5,88511.60413311454,88331.60413311454,180.0,0.08368399977183709,0.7401792305609556,family_four:4.5;family_three:4.5;single_average:4.5;single_low:4.5;two_person_average:4.5;two_person_low:4.5,2350.17512213641
1.0,2,2.25|4.5,88511.60413311454,88331.60413311454,180.0,0.08368399977183709,0.7401792305609556,family_four:4.5;family_three:4.5;single_average:4.5;single_low:4.5;two_person_average:4.5;two_person_low:4.5,2350.17512213641
1.0,2,2.4|4.5,88511.60413311454,88331.60413311454,180.0,0.08368399977183709,0.7401792305609556,family_four:4.5;family_three:4.5;single_average:4.5;single_low:4.5;two_person_average:4.5;two_person_low:4.5,2350.17512213641
1.0,2,3|4.5,88511.60413311454,88331.60413311454,180.0,0.08368399977183709,0.7401792305609556,family_four:4.5;family_three:4.5;single_average:4.5;single_low:4.5;two_person_average:4.5;two_person_low:4.5,2350.17512213641
1.0,2,1.8|3,90718.23536207929,90538.23536207929,180.0,0.009420432465799078,0.9113759390158003,family_four:3;family_three:3;single_average:3;single_low:3;two_person_average:3;two_person_low:3,4556.806351101157
1.0,2,2|3,90718.23536207929,90538.23536207929,180.0,0.009420432465799078,0.9113759390158003,family_four:3;family_three:3;single_average:3;single_low:3;two_person_average:3;two_person_low:3,4556.806351101157
1.0,2,2.1|3,90718.23536207929,90538.23536207929,180.0,0.009420432465799078,0.9113759390158003,family_four:3;family_three:3;single_average:3;single_low:3;two_person_average:3;two_person_low:3,4556.806351101157
1.0,2,2.25|3,90718.23536207929,90538.23536207929,180.0,0.009420432465799078,0.9113759390158003,family_four:3;family_three:3;single_average:3;single_low:3;two_person_average:3;two_person_low:3,4556.806351101157
1.0,2,2.4|3,90718.23536207929,90538.23536207929,180.0,0.009420432465799078,0.9113759390158003,family_four:3;family_three:3;single_average:3;single_low:3;two_person_average:3;two_person_low:3,4556.806351101157
1.0,2,1.8|2.4,92254.71309488743,92074.71309488743,180.0,0.0011945703631141644,1.0283278194119556,family_four:2.4;family_three:2.4;single_average:2.4;single_low:2.4;two_person_average:2.4;two_person_low:2.4,6093.284083909297
1.0,2,2|2.4,92254.71309488743,92074.71309488743,180.0,0.0011945703631141644,1.0283278194119556,family_four:2.4;family_three:2.4;single_average:2.4;single_low:2.4;two_person_average:2.4;two_person_low:2.4,6093.284083909297
1.0,2,2.1|2.4,92254.71309488743,92074.71309488743,180.0,0.0011945703631141644,1.0283278194119556,family_four:2.4;family_three:2.4;single_average:2.4;single_low:2.4;two_person_average:2.4;two_person_low:2.4,6093.284083909297
1.0,2,2.25|2.4,92254.71309488743,92074.71309488743,180.0,0.0011945703631141644,1.0283278194119556,family_four:2.4;family_three:2.4;single_average:2.4;single_low:2.4;two_person_average:2.4;two_person_low:2.4,6093.284083909297
1.0,2,1.8|2.25,92749.15918223595,92569.15918223595,180.0,0.0006223310970966307,1.0660649403420261,family_four:2.25;family_three:2.25;single_average:2.25;single_low:2.25;two_person_average:2.25;two_person_low:2.25,6587.730171257819
1.0,2,2|2.25,92749.15918223595,92569.15918223595,180.0,0.0006223310970966307,1.0660649403420261,family_four:2.25;family_three:2.25;single_average:2.25;single_low:2.25;two_person_average:2.25;two_person_low:2.25,6587.730171257819
1.0,2,2.1|2.25,92749.15918223595,92569.15918223595,180.0,0.0006223310970966307,1.0660649403420261,family_four:2.25;family_three:2.25;single_average:2.25;single_low:2.25;two_person_average:2.25;two_person_low:2.25,6587.730171257819
1.0,2,1.8|2.1,93303.11077294913,93123.11077294913,180.0,0.00026273450836844763,1.108289181349819,family_four:2.1;family_three:2.1;single_average:2.1;single_low:2.1;two_person_average:2.1;two_person_low:2.1,7141.6817619710055
1.0,2,2|2.1,93303.11077294913,93123.11077294913,180.0,0.00026273450836844763,1.108289181349819,family_four:2.1;family_three:2.1;single_average:2.1;single_low:2.1;two_person_average:2.1;two_person_low:2.1,7141.6817619710055
1.0,2,1.8|2,93723.99971244643,93543.99971244643,180.0,0.00015764658115026328,1.1396601046354513,family_four:2;family_three:2;single_average:2;single_low:2;two_person_average:2;two_person_low:2,7562.570701468299
1.0,3,5|9|10,86307.64245806857,85947.64245806857,360.0,0.22257617619663816,0.5439637970178454,family_four:10;family_three:10;single_average:5;single_low:5;two_person_average:10;two_person_low:9,146.21344709044206
1.0,3,4.5|5|10,86333.00609892233,85973.00609892233,360.0,0.23513519546619815,0.5432040979320388,family_four:10;family_three:10;single_average:5;single_low:4.5;two_person_average:10;two_person_low:10,171.57708794419887
1.0,3,4.5|9|10,86334.02757066832,85974.02757066832,360.0,0.18103044792933037,0.5494488298562531,family_four:10;family_three:10;single_average:4.5;single_low:4.5;two_person_average:10;two_person_low:9,172.59855969018827
1.0,3,1.8|5|10,86341.42901097813,85981.42901097813,360.0,0.26812475653826895,0.5412666229008657,family_four:10;family_three:10;single_average:5;single_low:5;two_person_average:10;two_person_low:10,180.0
1.0,3,2|5|10,86341.42901097813,85981.42901097813,360.0,0.26812475653826895,0.5412666229008657,family_four:10;family_three:10;single_average:5;single_low:5;two_person_average:10;two_person_low:10,180.0
1.0,3,2.1|5|10,86341.42901097813,85981.42901097813,360.0,0.26812475653826895,0.5412666229008657,family_four:10;family_three:10;single_average:5;single_low:5;two_person_average:10;two_person_low:10,180.0
1.0,3,2.25|5|10,86341.42901097813,85981.42901097813,360.0,0.26812475653826895,0.5412666229008657,family_four:10;family_three:10;single_average:5;single_low:5;two_person_average:10;two_person_low:10,180.0
1.0,3,2.4|5|10,86341.42901097813,85981.42901097813,360.0,0.26812475653826895,0.5412666229008657,family_four:10;family_three:10;single_average:5;single_low:5;two_person_average:10;two_person_low:10,180.0
1.0,3,3|5|10,86341.42901097813,85981.42901097813,360.0,0.26812475653826895,0.5412666229008657,family_four:10;family_three:10;single_average:5;single_low:5;two_person_average:10;two_person_low:10,180.0
1.0,3,1.8|4.5|10,86367.81412357787,86007.81412357787,360.0,0.22657902827096116,0.5467516557392733,family_four:10;family_three:10;single_average:4.5;single_low:4.5;two_person_average:10;two_person_low:10,206.3851125997462
1.0,3,2|4.5|10,86367.81412357787,86007.81412357787,360.0,0.22657902827096116,0.5467516557392733,family_four:10;family_three:10;single_average:4.5;single_low:4.5;two_person_average:10;two_person_low:10,206.3851125997462
1.0,3,2.1|4.5|10,86367.81412357787,86007.81412357787,360.0,0.22657902827096116,0.5467516557392733,family_four:10;family_three:10;single_average:4.5;single_low:4.5;two_person_average:10;two_person_low:10,206.3851125997462
1.0,3,2.25|4.5|10,86367.81412357787,86007.81412357787,360.0,0.22657902827096116,0.5467516557392733,family_four:10;family_three:10;single_average:4.5;single_low:4.5;two_person_average:10;two_person_low:10,206.3851125997462
1.0,3,2.4|4.5|10,86367.81412357787,86007.81412357787,360.0,0.22657902827096116,0.5467516557392733,family_four:10;family_three:10;single_average:4.5;single_low:4.5;two_person_average:10;two_person_low:10,206.3851125997462
1.0,3,3|4.5|10,86367.81412357787,86007.81412357787,360.0,0.22657902827096116,0.5467516557392733,family_four:10;family_three:10;single_average:4.5;single_low:4.5;two_person_average:10;two_person_low:10,206.3851125997462
1.0,3,4.5|5|9,86444.53853033256,86084.53853033256,360.0,0.176061737623041,0.5640711882135495,family_four:9;family_three:9;single_average:5;single_low:4.5;two_person_average:9;two_person_low:9,283.10951935443154
1.0,3,1.8|5|9,86452.96144238836,86092.96144238836,360.0,0.2090512986951118,0.5621337131823764,family_four:9;family_three:9;single_average:5;single_low:5;two_person_average:9;two_person_low:9,291.5324314102327
1.0,3,2|5|9,86452.96144238836,86092.96144238836,360.0,0.2090512986951118,0.5621337131823764,family_four:9;family_three:9;single_average:5;single_low:5;two_person_average:9;two_person_low:9,291.5324314102327
1.0,3,2.1|5|9,86452.96144238836,86092.96144238836,360.0,0.2090512986951118,0.5621337131823764,family_four:9;family_three:9;single_average:5;single_low:5;two_person_average:9;two_person_low:9,291.5324314102327
1.0,3,2.25|5|9,86452.96144238836,86092.96144238836,360.0,0.2090512986951118,0.5621337131823764,family_four:9;family_three:9;single_average:5;single_low:5;two_person_average:9;two_person_low:9,291.5324314102327
1.0,3,2.4|5|9,86452.96144238836,86092.96144238836,360.0,0.2090512986951118,0.5621337131823764,family_four:9;family_three:9;single_average:5;single_low:5;two_person_average:9;two_person_low:9,291.5324314102327
1.0,3,3|5|9,86452.96144238836,86092.96144238836,360.0,0.2090512986951118,0.5621337131823764,family_four:9;family_three:9;single_average:5;single_low:5;two_person_average:9;two_person_low:9,291.5324314102327
1.0,3,3|9|10,86460.99388381063,86100.99388381063,360.0,0.3414271665427062,0.5398851115773741,family_four:10;family_three:10;single_average:9;single_low:3;two_person_average:10;two_person_low:9,299.56487283250317
1.0,3,1.8|4.5|9,86479.3465549881,86119.3465549881,360.0,0.167505570427804,0.567618746020784,family_four:9;family_three:9;single_average:4.5;single_low:4.5;two_person_average:9;two_person_low:9,317.91754400996433
1.0,3,2|4.5|9,86479.3465549881,86119.3465549881,360.0,0.167505570427804,0.567618746020784,family_four:9;family_three:9;single_average:4.5;single_low:4.5;two_person_average:9;two_person_low:9,317.91754400996433
1.0,3,2.1|4.5|9,86479.3465549881,86119.3465549881,360.0,0.167505570427804,0.567618746020784,family_four:9;family_three:9;single_average:4.5;single_low:4.5;two_person_average:9;two_person_low:9,317.91754400996433
1.0,3,2.25|4.5|9,86479.3465549881,86119.3465549881,360.0,0.167505570427804,0.567618746020784,family_four:9;family_three:9;single_average:4.5;single_low:4.5;two_person_average:9;two_person_low:9,317.91754400996433
1.0,3,2.4|4.5|9,86479.3465549881,86119.3465549881,360.0,0.167505570427804,0.567618746020784,family_four:9;family_three:9;single_average:4.5;single_low:4.5;two_person_average:9;two_person_low:9,317.91754400996433
1.0,3,3|4.5|9,86479.3465549881,86119.3465549881,360.0,0.167505570427804,0.567618746020784,family_four:9;family_three:9;single_average:4.5;single_low:4.5;two_person_average:9;two_person_low:9,317.91754400996433
1.0,3,2.4|9|10,86544.54547800252,86184.54547800252,360.0,0.33320736287347724,0.5466726773440439,family_four:10;family_three:10;single_average:9;single_low:2.4;two_person_average:10;two_person_low:9,383.11646702438884
1.0,3,2.25|9|10,86574.47954177274,86214.47954177274,360.0,0.3326351236074597,0.5489420591823475,family_four:10;family_three:10;single_average:9;single_low:2.25;two_person_average:10;two_person_low:9,413.05053079461504
1.0,3,1.8|3|10,86580.60422590178,86220.60422590178,360.0,0.4684528728549816,0.5356150391384031,family_four:10;family_three:10;single_average:10;single_low:3;two_person_average:10;two_person_low:10,419.1752149236563
1.0,3,2|3|10,86580.60422590178,86220.60422590178,360.0,0.4684528728549816,0.5356150391384031,family_four:10;family_three:10;single_average:10;single_low:3;two_person_average:10;two_person_low:10,419.1752149236563
1.0,3,2.1|3|10,86580.60422590178,86220.60422590178,360.0,0.4684528728549816,0.5356150391384031,family_four:10;family_three:10;single_average:10;single_low:3;two_person_average:10;two_person_low:10,419.1752149236563
1.0,3,2.25|3|10,86580.60422590178,86220.60422590178,360.0,0.4684528728549816,0.5356150391384031,family_four:10;family_three:10;single_average:10;single_low:3;two_person_average:10;two_person_low:10,419.1752149236563
1.0,3,2.4|3|10,86580.60422590178,86220.60422590178,360.0,0.4684528728549816,0.5356150391384031,family_four:10;family_three:10;single_average:10;single_low:3;two_person_average:10;two_person_low:10,419.1752149236563
1.0,3,1.8|3|9,86606.31286813041,86246.31286813041,360.0,0.32790228904117985,0.5580550277419051,family_four:9;family_three:9;single_average:9;single_low:3;two_person_average:9;two_person_low:9,444.88385715227923
1.0,3,2|3|9,86606.31286813041,86246.31286813041,360.0,0.32790228904117985,0.5580550277419051,family_four:9;family_three:9;single_average:9;single_low:3;two_person_average:9;two_person_low:9,444.88385715227923
1.0,3,2.1|3|9,86606.31286813041,86246.31286813041,360.0,0.32790228904117985,0.5580550277419051,family_four:9;family_three:9;single_average:9;single_low:3;two_person_average:9;two_person_low:9,444.88385715227923
1.0,3,2.25|3|9,86606.31286813041,86246.31286813041,360.0,0.32790228904117985,0.5580550277419051,family_four:9;family_three:9;single_average:9;single_low:3;two_person_average:9;two_person_low:9,444.88385715227923
1.0,3,2.4|3|9,86606.31286813041,86246.31286813041,360.0,0.32790228904117985,0.5580550277419051,family_four:9;family_three:9;single_average:9;single_low:3;two_person_average:9;two_person_low:9,444.88385715227923
1.0,3,2.1|9|10,86606.65503226453,86246.65503226453,360.0,0.33227552701873153,0.5514547199210795,family_four:10;family_three:10;single_average:9;single_low:2.1;two_person_average:10;two_person_low:9,445.22602128640574
1.0,3,2|9|10,86629.14742891873,86269.14742891873,360.0,0.33217043909151334,0.5532399207637279,family_four:10;family_three:10;single_average:9;single_low:2;two_person_average:10;two_person_low:9,467.7184179406031
1.0,3,1.8|2.4|10,86664.15582009367,86304.15582009367,360.0,0.4602330691857527,0.542402604905073,family_four:10;family_three:10;single_average:10;single_low:2.4;two_person_average:10;two_person_low:10,502.726809115542
1.0,3,2|2.4|10,86664.15582009367,86304.15582009367,360.0,0.4602330691857527,0.542402604905073,family_four:10;family_three:10;single_average:10;single_low:2.4;two_person_average:10;two_person_low:10,502.726809115542
1.0,3,2.1|2.4|10,86664.15582009367,86304.15582009367,360.0,0.4602330691857527,0.542402604905073,family_four:10;family_three:10;single_average:10;single_low:2.4;two_person_average:10;two_person_low:10,502.726809115542
1.0,3,2.25|2.4|10,86664.15582009367,86304.15582009367,360.0,0.4602330691857527,0.542402604905073,family_four:10;family_three:10;single_average:10;single_low:2.4;two_person_average:10;two_person_low:10,502.726809115542
1.0,3,1.8|9|10,86670.36913850208,86310.36913850208,360.0,0.7658372022726653,0.5199486850300684,family_four:10;family_three:10;single_average:9;single_low:9;two_person_average:10;two_person_low:9,508.94012752395065
1.0,3,1.8|2.4|9,86689.8644623223,86329.8644623223,360.0,0.3196824853719509,0.5648425935085749,family_four:9;family_three:9;single_average:9;single_low:2.4;two_person_average:9;two_person_low:9,528.4354513441649
1.0,3,2|2.4|9,86689.8644623223,86329.8644623223,360.0,0.3196824853719509,0.5648425935085749,family_four:9;family_three:9;single_average:9;single_low:2.4;two_person_average:9;two_person_low:9,528.4354513441649
1.0,3,2.1|2.4|9,86689.8644623223,86329.8644623223,360.0,0.3196824853719509,0.5648425935085749,family_four:9;family_three:9;single_average:9;single_low:2.4;two_person_average:9;two_person_low:9,528.4354513441649
1.0,3,2.25|2.4|9,86689.8644623223,86329.8644623223,360.0,0.3196824853719509,0.5648425935085749,family_four:9;family_three:9;single_average:9;single_low:2.4;two_person_average:9;two_person_low:9,528.4354513441649
1.0,3,1.8|2.25|10,86694.0898838639,86334.0898838639,360.0,0.4596608299197351,0.5446719867433765,family_four:10;family_three:10;single_average:10;single_low:2.25;two_person_average:10;two_person_low:10,532.6608728857682
1.0,3,2|2.25|10,86694.0898838639,86334.0898838639,360.0,0.4596608299197351,0.5446719867433765,family_four:10;family_three:10;single_average:10;single_low:2.25;two_person_average:10;two_person_low:10,532.6608728857682
1.0,3,2.1|2.25|10,86694.0898838639,86334.0898838639,360.0,0.4596608299197351,0.5446719867433765,family_four:10;family_three:10;single_average:10;single_low:2.25;two_person_average:10;two_person_low:10,532.6608728857682
1.0,3,1.8|2.25|9,86719.79852609253,86359.79852609253,360.0,0.31911024610593336,0.5671119753468784,family_four:9;family_three:9;single_average:9;single_low:2.25;two_person_average:9;two_person_low:9,558.3695151144057
1.0,3,2|2.25|9,86719.79852609253,86359.79852609253,360.0,0.31911024610593336,0.5671119753468784,family_four:9;family_three:9;single_average:9;single_low:2.25;two_person_average:9;two_person_low:9,558.3695151144057
1.0,3,2.1|2.25|9,86719.79852609253,86359.79852609253,360.0,0.31911024610593336,0.5671119753468784,family_four:9;family_three:9;single_average:9;single_low:2.25;two_person_average:9;two_person_low:9,558.3695151144057
1.0,3,1.8|2.1|10,86726.26537435569,86366.26537435569,360.0,0.4593012333310069,0.5471846474821085,family_four:10;family_three:10;single_average:10;single_low:2.1;two_person_average:10;two_person_low:10,564.8363633775589
1.0,3,2|2.1|10,86726.26537435569,86366.26537435569,360.0,0.4593012333310069,0.5471846474821085,family_four:10;family_three:10;single_average:10;single_low:2.1;two_person_average:10;two_person_low:10,564.8363633775589
1.0,3,1.8|2|10,86748.75777100988,86388.75777100988,360.0,0.4591961454037887,0.5489698483247569,family_four:10;family_three:10;single_average:10;single_low:2;two_person_average:10;two_person_low:10,587.3287600317562
1.0,3,1.8|2.1|9,86751.97401658431,86391.97401658431,360.0,0.31875064951720516,0.5696246360856104,family_four:9;family_three:9;single_average:9;single_low:2.1;two_person_average:9;two_person_low:9,590.5450056061818
1.0,3,2|2.1|9,86751.97401658431,86391.97401658431,360.0,0.31875064951720516,0.5696246360856104,family_four:9;family_three:9;single_average:9;single_low:2.1;two_person_average:9;two_person_low:9,590.5450056061818
1.0,3,1.8|2|9,86774.46641323852,86414.46641323852,360.0,0.31864556158998697,0.5714098369282589,family_four:9;family_three:9;single_average:9;single_low:2;two_person_average:9;two_person_low:9,613.0374022603937
1.0,3,1.8|4.5|5,88229.54008497692,87869.54008497692,360.0,0.09237962997205355,0.7046151329772856,family_four:5;family_three:5;single_average:5;single_low:4.5;two_person_average:5;two_person_low:5,2068.1110739987926
1.0,3,2|4.5|5,88229.54008497692,87869.54008497692,360.0,0.09237962997205355,0.7046151329772856,family_four:5;family_three:5;single_average:5;single_low:4.5;two_person_average:5;two_person_low:5,2068.1110739987926
1.0,3,2.1|4.5|5,88229.54008497692,87869.54008497692,360.0,0.09237962997205355,0.7046151329772856,family_four:5;family_three:5;single_average:5;single_low:4.5;two_person_average:5;two_person_low:5,2068.1110739987926
1.0,3,2.25|4.5|5,88229.54008497692,87869.54008497692,360.0,0.09237962997205355,0.7046151329772856,family_four:5;family_three:5;single_average:5;single_low:4.5;two_person_average:5;two_person_low:5,2068.1110739987926
1.0,3,2.4|4.5|5,88229.54008497692,87869.54008497692,360.0,0.09237962997205355,0.7046151329772856,family_four:5;family_three:5;single_average:5;single_low:4.5;two_person_average:5;two_person_low:5,2068.1110739987926
1.0,3,3|4.5|5,88229.54008497692,87869.54008497692,360.0,0.09237962997205355,0.7046151329772856,family_four:5;family_three:5;single_average:5;single_low:4.5;two_person_average:5;two_person_low:5,2068.1110739987926
1.0,3,1.8|2|5,88237.96299703272,87877.96299703272,360.0,0.12536919104412433,0.7026776579461125,family_four:5;family_three:5;single_average:5;single_low:5;two_person_average:5;two_person_low:5,2076.5339860545937
1.0,3,1.8|2.1|5,88237.96299703272,87877.96299703272,360.0,0.12536919104412433,0.7026776579461125,family_four:5;family_three:5;single_average:5;single_low:5;two_person_average:5;two_person_low:5,2076.5339860545937
1.0,3,1.8|2.25|5,88237.96299703272,87877.96299703272,360.0,0.12536919104412433,0.7026776579461125,family_four:5;family_three:5;single_average:5;single_low:5;two_person_average:5;two_person_low:5,2076.5339860545937
1.0,3,1.8|2.4|5,88237.96299703272,87877.96299703272,360.0,0.12536919104412433,0.7026776579461125,family_four:5;family_three:5;single_average:5;single_low:5;two_person_average:5;two_person_low:5,2076.5339860545937
1.0,3,1.8|3|5,88237.96299703272,87877.96299703272,360.0,0.12536919104412433,0.7026776579461125,family_four:5;family_three:5;single_average:5;single_low:5;two_person_average:5;two_person_low:5,2076.5339860545937
1.0,3,2|2.1|5,88237.96299703272,87877.96299703272,360.0,0.12536919104412433,0.7026776579461125,family_four:5;family_three:5;single_average:5;single_low:5;two_person_average:5;two_person_low:5,2076.5339860545937
1.0,3,2|2.25|5,88237.96299703272,87877.96299703272,360.0,0.12536919104412433,0.7026776579461125,family_four:5;family_three:5;single_average:5;single_low:5;two_person_average:5;two_person_low:5,2076.5339860545937
1.0,3,2|2.4|5,88237.96299703272,87877.96299703272,360.0,0.12536919104412433,0.7026776579461125,family_four:5;family_three:5;single_average:5;single_low:5;two_person_average:5;two_person_low:5,2076.5339860545937
1.0,3,2|3|5,88237.96299703272,87877.96299703272,360.0,0.12536919104412433,0.7026776579461125,family_four:5;family_three:5;single_average:5;single_low:5;two_person_average:5;two_person_low:5,2076.5339860545937
1.0,3,2.1|2.25|5,88237.96299703272,87877.96299703272,360.0,0.12536919104412433,0.7026776579461125,family_four:5;family_three:5;single_average:5;single_low:5;two_person_average:5;two_person_low:5,2076.5339860545937
1.0,3,2.1|2.4|5,88237.96299703272,87877.96299703272,360.0,0.12536919104412433,0.7026776579461125,family_four:5;family_three:5;single_average:5;single_low:5;two_person_average:5;two_person_low:5,2076.5339860545937
1.0,3,2.1|3|5,88237.96299703272,87877.96299703272,360.0,0.12536919104412433,0.7026776579461125,family_four:5;family_three:5;single_average:5;single_low:5;two_person_average:5;two_person_low:5,2076.5339860545937
1.0,3,2.25|2.4|5,88237.96299703272,87877.96299703272,360.0,0.12536919104412433,0.7026776579461125,family_four:5;family_three:5;single_average:5;single_low:5;two_person_average:5;two_person_low:5,2076.5339860545937
1.0,3,2.25|3|5,88237.96299703272,87877.96299703272,360.0,0.12536919104412433,0.7026776579461125,family_four:5;family_three:5;single_average:5;single_low:5;two_person_average:5;two_person_low:5,2076.5339860545937
1.0,3,2.4|3|5,88237.96299703272,87877.96299703272,360.0,0.12536919104412433,0.7026776579461125,family_four:5;family_three:5;single_average:5;single_low:5;two_person_average:5;two_person_low:5,2076.5339860545937
1.0,3,1.8|2|4.5,88691.60413311454,88331.60413311454,360.0,0.08368399977183709,0.7401792305609556,family_four:4.5;family_three:4.5;single_average:4.5;single_low:4.5;two_person_average:4.5;two_person_low:4.5,2530.17512213641
1.0,3,1.8|2.1|4.5,88691.60413311454,88331.60413311454,360.0,0.08368399977183709,0.7401792305609556,family_four:4.5;family_three:4.5;single_average:4.5;single_low:4.5;two_person_average:4.5;two_person_low:4.5,2530.17512213641
1.0,3,1.8|2.25|4.5,88691.60413311454,88331.60413311454,360.0,0.08368399977183709,0.7401792305609556,family_four:4.5;family_three:4.5;single_average:4.5;single_low:4.5;two_person_average:4.5;two_person_low:4.5,2530.17512213641
1.0,3,1.8|2.4|4.5,88691.60413311454,88331.60413311454,360.0,0.08368399977183709,0.7401792305609556,family_four:4.5;family_three:4.5;single_average:4.5;single_low:4.5;two_person_average:4.5;two_person_low:4.5,2530.17512213641
1.0,3,1.8|3|4.5,88691.60413311454,88331.60413311454,360.0,0.08368399977183709,0.7401792305609556,family_four:4.5;family_three:4.5;single_average:4.5;single_low:4.5;two_person_average:4.5;two_person_low:4.5,2530.17512213641
1.0,3,2|2.1|4.5,88691.60413311454,88331.60413311454,360.0,0.08368399977183709,0.7401792305609556,family_four:4.5;family_three:4.5;single_average:4.5;single_low:4.5;two_person_average:4.5;two_person_low:4.5,2530.17512213641
1.0,3,2|2.25|4.5,88691.60413311454,88331.60413311454,360.0,0.08368399977183709,0.7401792305609556,family_four:4.5;family_three:4.5;single_average:4.5;single_low:4.5;two_person_average:4.5;two_person_low:4.5,2530.17512213641
1.0,3,2|2.4|4.5,88691.60413311454,88331.60413311454,360.0,0.08368399977183709,0.7401792305609556,family_four:4.5;family_three:4.5;single_average:4.5;single_low:4.5;two_person_average:4.5;two_person_low:4.5,2530.17512213641
1.0,3,2|3|4.5,88691.60413311454,88331.60413311454,360.0,0.08368399977183709,0.7401792305609556,family_four:4.5;family_three:4.5;single_average:4.5;single_low:4.5;two_person_average:4.5;two_person_low:4.5,2530.17512213641
1.0,3,2.1|2.25|4.5,88691.60413311454,88331.60413311454,360.0,0.08368399977183709,0.7401792305609556,family_four:4.5;family_three:4.5;single_average:4.5;single_low:4.5;two_person_average:4.5;two_person_low:4.5,2530.17512213641
1.0,3,2.1|2.4|4.5,88691.60413311454,88331.60413311454,360.0,0.08368399977183709,0.7401792305609556,family_four:4.5;family_three:4.5;single_average:4.5;single_low:4.5;two_person_average:4.5;two_person_low:4.5,2530.17512213641
1.0,3,2.1|3|4.5,88691.60413311454,88331.60413311454,360.0,0.08368399977183709,0.7401792305609556,family_four:4.5;family_three:4.5;single_average:4.5;single_low:4.5;two_person_average:4.5;two_person_low:4.5,2530.17512213641
1.0,3,2.25|2.4|4.5,88691.60413311454,88331.60413311454,360.0,0.08368399977183709,0.7401792305609556,family_four:4.5;family_three:4.5;single_average:4.5;single_low:4.5;two_person_average:4.5;two_person_low:4.5,2530.17512213641
1.0,3,2.25|3|4.5,88691.60413311454,88331.60413311454,360.0,0.08368399977183709,0.7401792305609556,family_four:4.5;family_three:4.5;single_average:4.5;single_low:4.5;two_person_average:4.5;two_person_low:4.5,2530.17512213641
1.0,3,2.4|3|4.5,88691.60413311454,88331.60413311454,360.0,0.08368399977183709,0.7401792305609556,family_four:4.5;family_three:4.5;single_average:4.5;single_low:4.5;two_person_average:4.5;two_person_low:4.5,2530.17512213641
1.0,3,1.8|2|3,90898.23536207929,90538.23536207929,360.0,0.009420432465799078,0.9113759390158003,family_four:3;family_three:3;single_average:3;single_low:3;two_person_average:3;two_person_low:3,4736.806351101157
1.0,3,1.8|2.1|3,90898.23536207929,90538.23536207929,360.0,0.009420432465799078,0.9113759390158003,family_four:3;family_three:3;single_average:3;single_low:3;two_person_average:3;two_person_low:3,4736.806351101157
1.0,3,1.8|2.25|3,90898.23536207929,90538.23536207929,360.0,0.009420432465799078,0.9113759390158003,family_four:3;family_three:3;single_average:3;single_low:3;two_person_average:3;two_person_low:3,4736.806351101157
1.0,3,1.8|2.4|3,90898.23536207929,90538.23536207929,360.0,0.009420432465799078,0.9113759390158003,family_four:3;family_three:3;single_average:3;single_low:3;two_person_average:3;two_person_low:3,4736.806351101157
1.0,3,2|2.1|3,90898.23536207929,90538.23536207929,360.0,0.009420432465799078,0.9113759390158003,family_four:3;family_three:3;single_average:3;single_low:3;two_person_average:3;two_person_low:3,4736.806351101157
1.0,3,2|2.25|3,90898.23536207929,90538.23536207929,360.0,0.009420432465799078,0.9113759390158003,family_four:3;family_three:3;single_average:3;single_low:3;two_person_average:3;two_person_low:3,4736.806351101157
1.0,3,2|2.4|3,90898.23536207929,90538.23536207929,360.0,0.009420432465799078,0.9113759390158003,family_four:3;family_three:3;single_average:3;single_low:3;two_person_average:3;two_person_low:3,4736.806351101157
1.0,3,2.1|2.25|3,90898.23536207929,90538.23536207929,360.0,0.009420432465799078,0.9113759390158003,family_four:3;family_three:3;single_average:3;single_low:3;two_person_average:3;two_person_low:3,4736.806351101157
1.0,3,2.1|2.4|3,90898.23536207929,90538.23536207929,360.0,0.009420432465799078,0.9113759390158003,family_four:3;family_three:3;single_average:3;single_low:3;two_person_average:3;two_person_low:3,4736.806351101157
1.0,3,2.25|2.4|3,90898.23536207929,90538.23536207929,360.0,0.009420432465799078,0.9113759390158003,family_four:3;family_three:3;single_average:3;single_low:3;two_person_average:3;two_person_low:3,4736.806351101157
1.0,3,1.8|2|2.4,92434.71309488743,92074.71309488743,360.0,0.0011945703631141644,1.0283278194119556,family_four:2.4;family_three:2.4;single_average:2.4;single_low:2.4;two_person_average:2.4;two_person_low:2.4,6273.284083909297
1.0,3,1.8|2.1|2.4,92434.71309488743,92074.71309488743,360.0,0.0011945703631141644,1.0283278194119556,family_four:2.4;family_three:2.4;single_average:2.4;single_low:2.4;two_person_average:2.4;two_person_low:2.4,6273.284083909297
1.0,3,1.8|2.25|2.4,92434.71309488743,92074.71309488743,360.0,0.0011945703631141644,1.0283278194119556,family_four:2.4;family_three:2.4;single_average:2.4;single_low:2.4;two_person_average:2.4;two_person_low:2.4,6273.284083909297
1.0,3,2|2.1|2.4,92434.71309488743,92074.71309488743,360.0,0.0011945703631141644,1.0283278194119556,family_four:2.4;family_three:2.4;single_average:2.4;single_low:2.4;two_person_average:2.4;two_person_low:2.4,6273.284083909297
1.0,3,2|2.25|2.4,92434.71309488743,92074.71309488743,360.0,0.0011945703631141644,1.0283278194119556,family_four:2.4;family_three:2.4;single_average:2.4;single_low:2.4;two_person_average:2.4;two_person_low:2.4,6273.284083909297
1.0,3,2.1|2.25|2.4,92434.71309488743,92074.71309488743,360.0,0.0011945703631141644,1.0283278194119556,family_four:2.4;family_three:2.4;single_average:2.4;single_low:2.4;two_person_average:2.4;two_person_low:2.4,6273.284083909297
1.0,3,1.8|2|2.25,92929.15918223595,92569.15918223595,360.0,0.0006223310970966307,1.0660649403420261,family_four:2.25;family_three:2.25;single_average:2.25;single_low:2.25;two_person_average:2.25;two_person_low:2.25,6767.730171257819
1.0,3,1.8|2.1|2.25,92929.15918223595,92569.15918223595,360.0,0.0006223310970966307,1.0660649403420261,family_four:2.25;family_three:2.25;single_average:2.25;single_low:2.25;two_person_average:2.25;two_person_low:2.25,6767.730171257819
1.0,3,2|2.1|2.25,92929.15918223595,92569.15918223595,360.0,0.0006223310970966307,1.0660649403420261,family_four:2.25;family_three:2.25;single_average:2.25;single_low:2.25;two_person_average:2.25;two_person_low:2.25,6767.730171257819
1.0,3,1.8|2|2.1,93483.11077294913,93123.11077294913,360.0,0.00026273450836844763,1.108289181349819,family_four:2.1;family_three:2.1;single_average:2.1;single_low:2.1;two_person_average:2.1;two_person_low:2.1,7321.6817619710055
1.1,1,9,94886.7043069198,94886.7043069198,0.0,0.6557002565820836,0.5893527057752563,family_four:9;family_three:9;single_average:9;single_low:9;two_person_average:9;two_person_low:9,262.1216393982904
1.1,1,10,94905.37125631128,94905.37125631128,0.0,0.8495540089719147,0.5646612353817052,family_four:10;family_three:10;single_average:10;single_low:10;two_person_average:10;two_person_low:10,280.7885887897719
1.1,1,5,96599.51933726296,96599.51933726296,0.0,0.09724143234719514,0.7726492457925471,family_four:5;family_three:5;single_average:5;single_low:5;two_person_average:5;two_person_low:5,1974.9366697414516
1.1,1,4.5,97108.954015554,97108.954015554,0.0,0.06231766981260451,0.8134112049531521,family_four:4.5;family_three:4.5;single_average:4.5;single_low:4.5;two_person_average:4.5;two_person_low:4.5,2484.371348032495
1.1,1,3,99562.85134275512,99562.85134275512,0.0,0.004527309337257994,1.0018541182792835,family_four:3;family_three:3;single_average:3;single_low:3;two_person_average:3;two_person_low:3,4938.268675233616
1.1,1,2.4,101262.6393601313,101262.6393601313,0.0,0.00043688013013389114,1.1311519253934352,family_four:2.4;family_three:2.4;single_average:2.4;single_low:2.4;two_person_average:2.4;two_person_low:2.4,6638.056692609796
1.1,1,2.25,101804.62548964999,101804.62548964999,0.0,0.00019970436651606596,1.1726280909459161,family_four:2.25;family_three:2.25;single_average:2.25;single_low:2.25;two_person_average:2.25;two_person_low:2.25,7180.042822128482
1.1,1,2.1,102413.42195862431,102413.42195862431,0.0,7.383192922078103e-05,1.219211310411665,family_four:2.1;family_three:2.1;single_average:2.1;single_low:2.1;two_person_average:2.1;two_person_low:2.1,7788.839291102806
1.1,1,2,102877.05066266409,102877.05066266409,0.0,3.2630980054896576e-05,1.2533734667812768,family_four:2;family_three:2;single_average:2;single_low:2;two_person_average:2;two_person_low:2,8252.467995142579
1.1,1,1.8,103889.55297155146,103889.55297155146,0.0,5.009211797642986e-06,1.3319114529008866,family_four:1.8;family_three:1.8;single_average:1.8;single_low:1.8;two_person_average:1.8;two_person_low:1.8,9264.97030402995
1.1,2,5|10,94624.5826675215,94444.5826675215,180.0,0.19306798617018284,0.5945393306010778,family_four:10;family_three:10;single_average:5;single_low:5;two_person_average:10;two_person_low:10,0.0
1.1,2,4.5|10,94666.88875476355,94486.88875476355,180.0,0.15815486621795066,0.6009167668442419,family_four:10;family_three:10;single_average:4.5;single_low:4.5;two_person_average:10;two_person_low:10,42.30608724204649
1.1,2,5|9,94766.23156578065,94586.23156578065,180.0,0.14833710925420657,0.6166211869735739,family_four:9;family_three:9;single_average:5;single_low:5;two_person_average:9;two_person_low:9,141.64889825913997
1.1,2,4.5|9,94808.53765302271,94628.53765302271,180.0,0.11342398930197437,0.622998623216738,family_four:9;family_three:9;single_average:4.5;single_low:4.5;two_person_average:9;two_person_low:9,183.954985501201
1.1,2,3|10,94838.93316283073,94658.93316283073,180.0,0.3700713082644173,0.5876884720790343,family_four:10;family_three:10;single_average:10;single_low:3;two_person_average:10;two_person_low:10,214.3504953092197
1.1,2,9|10,94898.17411604582,94718.17411604582,180.0,0.6608838250481939,0.5700977259297455,family_four:10;family_three:10;single_average:9;single_low:9;two_person_average:10;two_person_low:9,273.591448524312
1.1,2,3|9,94909.63739953292,94729.63739953292,180.0,0.25407999052012753,0.6123645655399904,family_four:9;family_three:9;single_average:9;single_low:3;two_person_average:9;two_person_low:9,285.05473201141285
1.1,2,2.4|10,94939.006674238,94759.006674238,180.0,0.3659808790572932,0.5955677174391927,family_four:10;family_three:10;single_average:10;single_low:2.4;two_person_average:10;two_person_low:10,314.42400671649375
1.1,2,2.25|10,94970.3683063425,94790.3683063425,180.0,0.3657437032936754,0.5981134067869986,family_four:10;family_three:10;single_average:10;single_low:2.25;two_person_average:10;two_person_low:10,345.78563882099115
1.1,2,2.1|10,95004.71685465195,94824.71685465195,180.0,0.3656178308563801,0.6008272909351183,family_four:10;family_three:10;single_average:10;single_low:2.1;two_person_average:10;two_person_low:10,380.13418713044666
1.1,2,2.4|9,95009.7109109402,94829.7109109402,180.0,0.2499895613130034,0.6202438109001488,family_four:9;family_three:9;single_average:9;single_low:2.4;two_person_average:9;two_person_low:9,385.1282434186869
1.1,2,2|10,95030.02718275056,94850.02718275056,180.0,0.36557662990721423,0.6027235706664713,family_four:10;family_three:10;single_average:10;single_low:2;two_person_average:10;two_person_low:10,405.4445152290573
1.1,2,2.25|9,95041.07254304466,94861.07254304466,180.0,0.24975238554938556,0.6227895002479548,family_four:9;family_three:9;single_average:9;single_low:2.25;two_person_average:9;two_person_low:9,416.4898755231552
1.1,2,1.8|9,95066.7043069198,94886.7043069198,180.0,0.6557002565820836,0.5893527057752563,family_four:9;family_three:9;single_average:9;single_low:9;two_person_average:9;two_person_low:9,442.1216393982904
1.1,2,2|9,95066.7043069198,94886.7043069198,180.0,0.6557002565820836,0.5893527057752563,family_four:9;family_three:9;single_average:9;single_low:9;two_person_average:9;two_person_low:9,442.1216393982904
1.1,2,2.1|9,95066.7043069198,94886.7043069198,180.0,0.6557002565820836,0.5893527057752563,family_four:9;family_three:9;single_average:9;single_low:9;two_person_average:9;two_person_low:9,442.1216393982904
1.1,2,1.8|10,95085.37125631128,94905.37125631128,180.0,0.8495540089719147,0.5646612353817052,family_four:10;family_three:10;single_average:10;single_low:10;two_person_average:10;two_person_low:10,460.7885887897719
1.1,2,4.5|5,96777.38808683363,96597.38808683363,180.0,0.06614221840853307,0.7752364160557629,family_four:5;family_three:5;single_average:5;single_low:4.5;two_person_average:5;two_person_low:5,2152.8054193121206
1.1,2,1.8|5,96779.51933726296,96599.51933726296,180.0,0.09724143234719514,0.7726492457925471,family_four:5;family_three:5;single_average:5;single_low:5;two_person_average:5;two_person_low:5,2154.9366697414516
1.1,2,2|5,96779.51933726296,96599.51933726296,180.0,0.09724143234719514,0.7726492457925471,family_four:5;family_three:5;single_average:5;single_low:5;two_person_average:5;two_person_low:5,2154.9366697414516
1.1,2,2.1|5,96779.51933726296,96599.51933726296,180.0,0.09724143234719514,0.7726492457925471,family_four:5;family_three:5;single_average:5;single_low:5;two_person_average:5;two_person_low:5,2154.9366697414516
1.1,2,2.25|5,96779.51933726296,96599.51933726296,180.0,0.09724143234719514,0.7726492457925471,family_four:5;family_three:5;single_average:5;single_low:5;two_person_average:5;two_person_low:5,2154.9366697414516
1.1,2,2.4|5,96779.51933726296,96599.51933726296,180.0,0.09724143234719514,0.7726492457925471,family_four:5;family_three:5;single_average:5;single_low:5;two_person_average:5;two_person_low:5,2154.9366697414516
1.1,2,3|5,96779.51933726296,96599.51933726296,180.0,0.09724143234719514,0.7726492457925471,family_four:5;family_three:5;single_average:5;single_low:5;two_person_average:5;two_person_low:5,2154.9366697414516
1.1,2,1.8|4.5,97288.954015554,97108.954015554,180.0,0.06231766981260451,0.8134112049531521,family_four:4.5;family_three:4.5;single_average:4.5;single_low:4.5;two_person_average:4.5;two_person_low:4.5,2664.371348032495
1.1,2,2|4.5,97288.954015554,97108.954015554,180.0,0.06231766981260451,0.8134112049531521,family_four:4.5;family_three:4.5;single_average:4.5;single_low:4.5;two_person_average:4.5;two_person_low:4.5,2664.371348032495
1.1,2,2.1|4.5,97288.954015554,97108.954015554,180.0,0.06231766981260451,0.8134112049531521,family_four:4.5;family_three:4.5;single_average:4.5;single_low:4.5;two_person_average:4.5;two_person_low:4.5,2664.371348032495
1.1,2,2.25|4.5,97288.954015554,97108.954015554,180.0,0.06231766981260451,0.8134112049531521,family_four:4.5;family_three:4.5;single_average:4.5;single_low:4.5;two_person_average:4.5;two_person_low:4.5,2664.371348032495
1.1,2,2.4|4.5,97288.954015554,97108.954015554,180.0,0.06231766981260451,0.8134112049531521,family_four:4.5;family_three:4.5;single_average:4.5;single_low:4.5;two_person_average:4.5;two_person_low:4.5,2664.371348032495
1.1,2,3|4.5,97288.954015554,97108.954015554,180.0,0.06231766981260451,0.8134112049531521,family_four:4.5;family_three:4.5;single_average:4.5;single_low:4.5;two_person_average:4.5;two_person_low:4.5,2664.371348032495
1.1,2,1.8|3,99742.85134275512,99562.85134275512,180.0,0.004527309337257994,1.0018541182792835,family_four:3;family_three:3;single_average:3;single_low:3;two_person_average:3;two_person_low:3,5118.268675233616
1.1,2,2|3,99742.85134275512,99562.85134275512,180.0,0.004527309337257994,1.0018541182792835,family_four:3;family_three:3;single_average:3;single_low:3;two_person_average:3;two_person_low:3,5118.268675233616
1.1,2,2.1|3,99742.85134275512,99562.85134275512,180.0,0.004527309337257994,1.0018541182792835,family_four:3;family_three:3;single_average:3;single_low:3;two_person_average:3;two_person_low:3,5118.268675233616
1.1,2,2.25|3,99742.85134275512,99562.85134275512,180.0,0.004527309337257994,1.0018541182792835,family_four:3;family_three:3;single_average:3;single_low:3;two_person_average:3;two_person_low:3,5118.268675233616
1.1,2,2.4|3,99742.85134275512,99562.85134275512,180.0,0.004527309337257994,1.0018541182792835,family_four:3;family_three:3;single_average:3;single_low:3;two_person_average:3;two_person_low:3,5118.268675233616
1.1,2,1.8|2.4,101442.6393601313,101262.6393601313,180.0,0.00043688013013389114,1.1311519253934352,family_four:2.4;family_three:2.4;single_average:2.4;single_low:2.4;two_person_average:2.4;two_person_low:2.4,6818.056692609796
1.1,2,2|2.4,101442.6393601313,101262.6393601313,180.0,0.00043688013013389114,1.1311519253934352,family_four:2.4;family_three:2.4;single_average:2.4;single_low:2.4;two_person_average:2.4;two_person_low:2.4,6818.056692609796
1.1,2,2.1|2.4,101442.6393601313,101262.6393601313,180.0,0.00043688013013389114,1.1311519253934352,family_four:2.4;family_three:2.4;single_average:2.4;single_low:2.4;two_person_average:2.4;two_person_low:2.4,6818.056692609796
1.1,2,2.25|2.4,101442.6393601313,101262.6393601313,180.0,0.00043688013013389114,1.1311519253934352,family_four:2.4;family_three:2.4;single_average:2.4;single_low:2.4;two_person_average:2.4;two_person_low:2.4,6818.056692609796
1.1,2,1.8|2.25,101984.62548964999,101804.62548964999,180.0,0.00019970436651606596,1.1726280909459161,family_four:2.25;family_three:2.25;single_average:2.25;single_low:2.25;two_person_average:2.25;two_person_low:2.25,7360.042822128482
1.1,2,2|2.25,101984.62548964999,101804.62548964999,180.0,0.00019970436651606596,1.1726280909459161,family_four:2.25;family_three:2.25;single_average:2.25;single_low:2.25;two_person_average:2.25;two_person_low:2.25,7360.042822128482
1.1,2,2.1|2.25,101984.62548964999,101804.62548964999,180.0,0.00019970436651606596,1.1726280909459161,family_four:2.25;family_three:2.25;single_average:2.25;single_low:2.25;two_person_average:2.25;two_person_low:2.25,7360.042822128482
1.1,2,1.8|2.1,102593.42195862431,102413.42195862431,180.0,7.383192922078103e-05,1.219211310411665,family_four:2.1;family_three:2.1;single_average:2.1;single_low:2.1;two_person_average:2.1;two_person_low:2.1,7968.839291102806
1.1,2,2|2.1,102593.42195862431,102413.42195862431,180.0,7.383192922078103e-05,1.219211310411665,family_four:2.1;family_three:2.1;single_average:2.1;single_low:2.1;two_person_average:2.1;two_person_low:2.1,7968.839291102806
1.1,2,1.8|2,103057.05066266409,102877.05066266409,180.0,3.2630980054896576e-05,1.2533734667812768,family_four:2;family_three:2;single_average:2;single_low:2;two_person_average:2;two_person_low:2,8432.467995142579
1.1,3,5|9|10,94777.7013749067,94417.7013749067,360.0,0.15352067772031672,0.5973662071280631,family_four:10;family_three:10;single_average:5;single_low:5;two_person_average:10;two_person_low:9,153.11870738519065
1.1,3,4.5|5|10,94802.45141709218,94442.45141709218,360.0,0.16196877223152079,0.5971265008642935,family_four:10;family_three:10;single_average:5;single_low:4.5;two_person_average:10;two_person_low:10,177.86874957066902
1.1,3,1.8|5|10,94804.5826675215,94444.5826675215,360.0,0.19306798617018284,0.5945393306010778,family_four:10;family_three:10;single_average:5;single_low:5;two_person_average:10;two_person_low:10,180.0
1.1,3,2|5|10,94804.5826675215,94444.5826675215,360.0,0.19306798617018284,0.5945393306010778,family_four:10;family_three:10;single_average:5;single_low:5;two_person_average:10;two_person_low:10,180.0
1.1,3,2.1|5|10,94804.5826675215,94444.5826675215,360.0,0.19306798617018284,0.5945393306010778,family_four:10;family_three:10;single_average:5;single_low:5;two_person_average:10;two_person_low:10,180.0
1.1,3,2.25|5|10,94804.5826675215,94444.5826675215,360.0,0.19306798617018284,0.5945393306010778,family_four:10;family_three:10;single_average:5;single_low:5;two_person_average:10;two_person_low:10,180.0
1.1,3,2.4|5|10,94804.5826675215,94444.5826675215,360.0,0.19306798617018284,0.5945393306010778,family_four:10;family_three:10;single_average:5;single_low:5;two_person_average:10;two_person_low:10,180.0
1.1,3,3|5|10,94804.5826675215,94444.5826675215,360.0,0.19306798617018284,0.5945393306010778,family_four:10;family_three:10;single_average:5;single_low:5;two_person_average:10;two_person_low:10,180.0
1.1,3,4.5|9|10,94820.00746214876,94460.00746214876,360.0,0.11860755776808454,0.6037436433712272,family_four:10;family_three:10;single_average:4.5;single_low:4.5;two_person_average:10;two_person_low:9,195.42479462725169
1.1,3,1.8|4.5|10,94846.88875476355,94486.88875476355,360.0,0.15815486621795066,0.6009167668442419,family_four:10;family_three:10;single_average:4.5;single_low:4.5;two_person_average:10;two_person_low:10,222.3060872420465
1.1,3,2|4.5|10,94846.88875476355,94486.88875476355,360.0,0.15815486621795066,0.6009167668442419,family_four:10;family_three:10;single_average:4.5;single_low:4.5;two_person_average:10;two_person_low:10,222.3060872420465
1.1,3,2.1|4.5|10,94846.88875476355,94486.88875476355,360.0,0.15815486621795066,0.6009167668442419,family_four:10;family_three:10;single_average:4.5;single_low:4.5;two_person_average:10;two_person_low:10,222.3060872420465
1.1,3,2.25|4.5|10,94846.88875476355,94486.88875476355,360.0,0.15815486621795066,0.6009167668442419,family_four:10;family_three:10;single_average:4.5;single_low:4.5;two_person_average:10;two_person_low:10,222.3060872420465
1.1,3,2.4|4.5|10,94846.88875476355,94486.88875476355,360.0,0.15815486621795066,0.6009167668442419,family_four:10;family_three:10;single_average:4.5;single_low:4.5;two_person_average:10;two_person_low:10,222.3060872420465
1.1,3,3|4.5|10,94846.88875476355,94486.88875476355,360.0,0.15815486621795066,0.6009167668442419,family_four:10;family_three:10;single_average:4.5;single_low:4.5;two_person_average:10;two_person_low:10,222.3060872420465
1.1,3,3|9|10,94921.10720865897,94561.10720865897,360.0,0.2592635589862377,0.5931095856944796,family_four:10;family_three:10;single_average:9;single_low:3;two_person_average:10;two_person_low:9,296.52454113746353
1.1,3,4.5|5|9,94944.10031535133,94584.10031535133,360.0,0.11723789531554449,0.6192083572367897,family_four:9;family_three:9;single_average:5;single_low:4.5;two_person_average:9;two_person_low:9,319.51764782982355
1.1,3,1.8|5|9,94946.23156578065,94586.23156578065,360.0,0.14833710925420657,0.6166211869735739,family_four:9;family_three:9;single_average:5;single_low:5;two_person_average:9;two_person_low:9,321.64889825913997
1.1,3,2|5|9,94946.23156578065,94586.23156578065,360.0,0.14833710925420657,0.6166211869735739,family_four:9;family_three:9;single_average:5;single_low:5;two_person_average:9;two_person_low:9,321.64889825913997
1.1,3,2.1|5|9,94946.23156578065,94586.23156578065,360.0,0.14833710925420657,0.6166211869735739,family_four:9;family_three:9;single_average:5;single_low:5;two_person_average:9;two_person_low:9,321.64889825913997
1.1,3,2.25|5|9,94946.23156578065,94586.23156578065,360.0,0.14833710925420657,0.6166211869735739,family_four:9;family_three:9;single_average:5;single_low:5;two_person_average:9;two_person_low:9,321.64889825913997
1.1,3,2.4|5|9,94946.23156578065,94586.23156578065,360.0,0.14833710925420657,0.6166211869735739,family_four:9;family_three:9;single_average:5;single_low:5;two_person_average:9;two_person_low:9,321.64889825913997
1.1,3,3|5|9,94946.23156578065,94586.23156578065,360.0,0.14833710925420657,0.6166211869735739,family_four:9;family_three:9;single_average:5;single_low:5;two_person_average:9;two_person_low:9,321.64889825913997
1.1,3,1.8|4.5|9,94988.53765302271,94628.53765302271,360.0,0.11342398930197437,0.622998623216738,family_four:9;family_three:9;single_average:4.5;single_low:4.5;two_person_average:9;two_person_low:9,363.954985501201
1.1,3,2|4.5|9,94988.53765302271,94628.53765302271,360.0,0.11342398930197437,0.622998623216738,family_four:9;family_three:9;single_average:4.5;single_low:4.5;two_person_average:9;two_person_low:9,363.954985501201
1.1,3,2.1|4.5|9,94988.53765302271,94628.53765302271,360.0,0.11342398930197437,0.622998623216738,family_four:9;family_three:9;single_average:4.5;single_low:4.5;two_person_average:9;two_person_low:9,363.954985501201
1.1,3,2.25|4.5|9,94988.53765302271,94628.53765302271,360.0,0.11342398930197437,0.622998623216738,family_four:9;family_three:9;single_average:4.5;single_low:4.5;two_person_average:9;two_person_low:9,363.954985501201
1.1,3,2.4|4.5|9,94988.53765302271,94628.53765302271,360.0,0.11342398930197437,0.622998623216738,family_four:9;family_three:9;single_average:4.5;single_low:4.5;two_person_average:9;two_person_low:9,363.954985501201
1.1,3,3|4.5|9,94988.53765302271,94628.53765302271,360.0,0.11342398930197437,0.622998623216738,family_four:9;family_three:9;single_average:4.5;single_low:4.5;two_person_average:9;two_person_low:9,363.954985501201
1.1,3,1.8|3|10,95018.93316283073,94658.93316283073,360.0,0.3700713082644173,0.5876884720790343,family_four:10;family_three:10;single_average:10;single_low:3;two_person_average:10;two_person_low:10,394.3504953092197
1.1,3,2|3|10,95018.93316283073,94658.93316283073,360.0,0.3700713082644173,0.5876884720790343,family_four:10;family_three:10;single_average:10;single_low:3;two_person_average:10;two_person_low:10,394.3504953092197
1.1,3,2.1|3|10,95018.93316283073,94658.93316283073,360.0,0.3700713082644173,0.5876884720790343,family_four:10;family_three:10;single_average:10;single_low:3;two_person_average:10;two_person_low:10,394.3504953092197
1.1,3,2.25|3|10,95018.93316283073,94658.93316283073,360.0,0.3700713082644173,0.5876884720790343,family_four:10;family_three:10;single_average:10;single_low:3;two_person_average:10;two_person_low:10,394.3504953092197
1.1,3,2.4|3|10,95018.93316283073,94658.93316283073,360.0,0.3700713082644173,0.5876884720790343,family_four:10;family_three:10;single_average:10;single_low:3;two_person_average:10;two_person_low:10,394.3504953092197
1.1,3,2.4|9|10,95021.18072006624,94661.18072006624,360.0,0.2551731297791136,0.600988831054638,family_four:10;family_three:10;single_average:9;single_low:2.4;two_person_average:10;two_person_low:9,396.5980525447376
1.1,3,2.25|9|10,95052.54235217071,94692.54235217071,360.0,0.25493595401549574,0.6035345204024439,family_four:10;family_three:10;single_average:9;single_low:2.25;two_person_average:10;two_person_low:9,427.9596846492059
1.1,3,1.8|9|10,95078.17411604582,94718.17411604582,360.0,0.6608838250481939,0.5700977259297455,family_four:10;family_three:10;single_average:9;single_low:9;two_person_average:10;two_person_low:9,453.591448524312
1.1,3,2|9|10,95078.17411604582,94718.17411604582,360.0,0.6608838250481939,0.5700977259297455,family_four:10;family_three:10;single_average:9;single_low:9;two_person_average:10;two_person_low:9,453.591448524312
1.1,3,2.1|9|10,95078.17411604582,94718.17411604582,360.0,0.6608838250481939,0.5700977259297455,family_four:10;family_three:10;single_average:9;single_low:9;two_person_average:10;two_person_low:9,453.591448524312
1.1,3,1.8|3|9,95089.63739953292,94729.63739953292,360.0,0.25407999052012753,0.6123645655399904,family_four:9;family_three:9;single_average:9;single_low:3;two_person_average:9;two_person_low:9,465.05473201141285
1.1,3,2|3|9,95089.63739953292,94729.63739953292,360.0,0.25407999052012753,0.6123645655399904,family_four:9;family_three:9;single_average:9;single_low:3;two_person_average:9;two_person_low:9,465.05473201141285
1.1,3,2.1|3|9,95089.63739953292,94729.63739953292,360.0,0.25407999052012753,0.6123645655399904,family_four:9;family_three:9;single_average:9;single_low:3;two_person_average:9;two_person_low:9,465.05473201141285
1.1,3,2.25|3|9,95089.63739953292,94729.63739953292,360.0,0.25407999052012753,0.6123645655399904,family_four:9;family_three:9;single_average:9;single_low:3;two_person_average:9;two_person_low:9,465.05473201141285
1.1,3,2.4|3|9,95089.63739953292,94729.63739953292,360.0,0.25407999052012753,0.6123645655399904,family_four:9;family_three:9;single_average:9;single_low:3;two_person_average:9;two_person_low:9,465.05473201141285
1.1,3,1.8|2.4|10,95119.006674238,94759.006674238,360.0,0.3659808790572932,0.5955677174391927,family_four:10;family_three:10;single_average:10;single_low:2.4;two_person_average:10;two_person_low:10,494.42400671649375
1.1,3,2|2.4|10,95119.006674238,94759.006674238,360.0,0.3659808790572932,0.5955677174391927,family_four:10;family_three:10;single_average:10;single_low:2.4;two_person_average:10;two_person_low:10,494.42400671649375
1.1,3,2.1|2.4|10,95119.006674238,94759.006674238,360.0,0.3659808790572932,0.5955677174391927,family_four:10;family_three:10;single_average:10;single_low:2.4;two_person_average:10;two_person_low:10,494.42400671649375
1.1,3,2.25|2.4|10,95119.006674238,94759.006674238,360.0,0.3659808790572932,0.5955677174391927,family_four:10;family_three:10;single_average:10;single_low:2.4;two_person_average:10;two_person_low:10,494.42400671649375
1.1,3,1.8|2.25|10,95150.3683063425,94790.3683063425,360.0,0.3657437032936754,0.5981134067869986,family_four:10;family_three:10;single_average:10;single_low:2.25;two_person_average:10;two_person_low:10,525.7856388209912
1.1,3,2|2.25|10,95150.3683063425,94790.3683063425,360.0,0.3657437032936754,0.5981134067869986,family_four:10;family_three:10;single_average:10;single_low:2.25;two_person_average:10;two_person_low:10,525.7856388209912
1.1,3,2.1|2.25|10,95150.3683063425,94790.3683063425,360.0,0.3657437032936754,0.5981134067869986,family_four:10;family_three:10;single_average:10;single_low:2.25;two_person_average:10;two_person_low:10,525.7856388209912
1.1,3,1.8|2.1|10,95184.71685465195,94824.71685465195,360.0,0.3656178308563801,0.6008272909351183,family_four:10;family_three:10;single_average:10;single_low:2.1;two_person_average:10;two_person_low:10,560.1341871304467
1.1,3,2|2.1|10,95184.71685465195,94824.71685465195,360.0,0.3656178308563801,0.6008272909351183,family_four:10;family_three:10;single_average:10;single_low:2.1;two_person_average:10;two_person_low:10,560.1341871304467
1.1,3,1.8|2.4|9,95189.7109109402,94829.7109109402,360.0,0.2499895613130034,0.6202438109001488,family_four:9;family_three:9;single_average:9;single_low:2.4;two_person_average:9;two_person_low:9,565.1282434186869
1.1,3,2|2.4|9,95189.7109109402,94829.7109109402,360.0,0.2499895613130034,0.6202438109001488,family_four:9;family_three:9;single_average:9;single_low:2.4;two_person_average:9;two_person_low:9,565.1282434186869
1.1,3,2.1|2.4|9,95189.7109109402,94829.7109109402,360.0,0.2499895613130034,0.6202438109001488,family_four:9;family_three:9;single_average:9;single_low:2.4;two_person_average:9;two_person_low:9,565.1282434186869
1.1,3,2.25|2.4|9,95189.7109109402,94829.7109109402,360.0,0.2499895613130034,0.6202438109001488,family_four:9;family_three:9;single_average:9;single_low:2.4;two_person_average:9;two_person_low:9,565.1282434186869
1.1,3,1.8|2|10,95210.02718275056,94850.02718275056,360.0,0.36557662990721423,0.6027235706664713,family_four:10;family_three:10;single_average:10;single_low:2;two_person_average:10;two_person_low:10,585.4445152290573
1.1,3,1.8|2.25|9,95221.07254304466,94861.07254304466,360.0,0.24975238554938556,0.6227895002479548,family_four:9;family_three:9;single_average:9;single_low:2.25;two_person_average:9;two_person_low:9,596.4898755231552
1.1,3,2|2.25|9,95221.07254304466,94861.07254304466,360.0,0.24975238554938556,0.6227895002479548,family_four:9;family_three:9;single_average:9;single_low:2.25;two_person_average:9;two_person_low:9,596.4898755231552
1.1,3,2.1|2.25|9,95221.07254304466,94861.07254304466,360.0,0.24975238554938556,0.6227895002479548,family_four:9;family_three:9;single_average:9;single_low:2.25;two_person_average:9;two_person_low:9,596.4898755231552
1.1,3,1.8|2|9,95246.7043069198,94886.7043069198,360.0,0.6557002565820836,0.5893527057752563,family_four:9;family_three:9;single_average:9;single_low:9;two_person_average:9;two_person_low:9,622.1216393982904
1.1,3,1.8|2.1|9,95246.7043069198,94886.7043069198,360.0,0.6557002565820836,0.5893527057752563,family_four:9;family_three:9;single_average:9;single_low:9;two_person_average:9;two_person_low:9,622.1216393982904
1.1,3,2|2.1|9,95246.7043069198,94886.7043069198,360.0,0.6557002565820836,0.5893527057752563,family_four:9;family_three:9;single_average:9;single_low:9;two_person_average:9;two_person_low:9,622.1216393982904
1.1,3,1.8|4.5|5,96957.38808683363,96597.38808683363,360.0,0.06614221840853307,0.7752364160557629,family_four:5;family_three:5;single_average:5;single_low:4.5;two_person_average:5;two_person_low:5,2332.8054193121206
1.1,3,2|4.5|5,96957.38808683363,96597.38808683363,360.0,0.06614221840853307,0.7752364160557629,family_four:5;family_three:5;single_average:5;single_low:4.5;two_person_average:5;two_person_low:5,2332.8054193121206
1.1,3,2.1|4.5|5,96957.38808683363,96597.38808683363,360.0,0.06614221840853307,0.7752364160557629,family_four:5;family_three:5;single_average:5;single_low:4.5;two_person_average:5;two_person_low:5,2332.8054193121206
1.1,3,2.25|4.5|5,96957.38808683363,96597.38808683363,360.0,0.06614221840853307,0.7752364160557629,family_four:5;family_three:5;single_average:5;single_low:4.5;two_person_average:5;two_person_low:5,2332.8054193121206
1.1,3,2.4|4.5|5,96957.38808683363,96597.38808683363,360.0,0.06614221840853307,0.7752364160557629,family_four:5;family_three:5;single_average:5;single_low:4.5;two_person_average:5;two_person_low:5,2332.8054193121206
1.1,3,3|4.5|5,96957.38808683363,96597.38808683363,360.0,0.06614221840853307,0.7752364160557629,family_four:5;family_three:5;single_average:5;single_low:4.5;two_person_average:5;two_person_low:5,2332.8054193121206
1.1,3,1.8|2|5,96959.51933726296,96599.51933726296,360.0,0.09724143234719514,0.7726492457925471,family_four:5;family_three:5;single_average:5;single_low:5;two_person_average:5;two_person_low:5,2334.9366697414516
1.1,3,1.8|2.1|5,96959.51933726296,96599.51933726296,360.0,0.09724143234719514,0.7726492457925471,family_four:5;family_three:5;single_average:5;single_low:5;two_person_average:5;two_person_low:5,2334.9366697414516
1.1,3,1.8|2.25|5,96959.51933726296,96599.51933726296,360.0,0.09724143234719514,0.7726492457925471,family_four:5;family_three:5;single_average:5;single_low:5;two_person_average:5;two_person_low:5,2334.9366697414516
1.1,3,1.8|2.4|5,96959.51933726296,96599.51933726296,360.0,0.09724143234719514,0.7726492457925471,family_four:5;family_three:5;single_average:5;single_low:5;two_person_average:5;two_person_low:5,2334.9366697414516
1.1,3,1.8|3|5,96959.51933726296,96599.51933726296,360.0,0.09724143234719514,0.7726492457925471,family_four:5;family_three:5;single_average:5;single_low:5;two_person_average:5;two_person_low:5,2334.9366697414516
1.1,3,2|2.1|5,96959.51933726296,96599.51933726296,360.0,0.09724143234719514,0.7726492457925471,family_four:5;family_three:5;single_average:5;single_low:5;two_person_average:5;two_person_low:5,2334.9366697414516
1.1,3,2|2.25|5,96959.51933726296,96599.51933726296,360.0,0.09724143234719514,0.7726492457925471,family_four:5;family_three:5;single_average:5;single_low:5;two_person_average:5;two_person_low:5,2334.9366697414516
1.1,3,2|2.4|5,96959.51933726296,96599.51933726296,360.0,0.09724143234719514,0.7726492457925471,family_four:5;family_three:5;single_average:5;single_low:5;two_person_average:5;two_person_low:5,2334.9366697414516
1.1,3,2|3|5,96959.51933726296,96599.51933726296,360.0,0.09724143234719514,0.7726492457925471,family_four:5;family_three:5;single_average:5;single_low:5;two_person_average:5;two_person_low:5,2334.9366697414516
1.1,3,2.1|2.25|5,96959.51933726296,96599.51933726296,360.0,0.09724143234719514,0.7726492457925471,family_four:5;family_three:5;single_average:5;single_low:5;two_person_average:5;two_person_low:5,2334.9366697414516
1.1,3,2.1|2.4|5,96959.51933726296,96599.51933726296,360.0,0.09724143234719514,0.7726492457925471,family_four:5;family_three:5;single_average:5;single_low:5;two_person_average:5;two_person_low:5,2334.9366697414516
1.1,3,2.1|3|5,96959.51933726296,96599.51933726296,360.0,0.09724143234719514,0.7726492457925471,family_four:5;family_three:5;single_average:5;single_low:5;two_person_average:5;two_person_low:5,2334.9366697414516
1.1,3,2.25|2.4|5,96959.51933726296,96599.51933726296,360.0,0.09724143234719514,0.7726492457925471,family_four:5;family_three:5;single_average:5;single_low:5;two_person_average:5;two_person_low:5,2334.9366697414516
1.1,3,2.25|3|5,96959.51933726296,96599.51933726296,360.0,0.09724143234719514,0.7726492457925471,family_four:5;family_three:5;single_average:5;single_low:5;two_person_average:5;two_person_low:5,2334.9366697414516
1.1,3,2.4|3|5,96959.51933726296,96599.51933726296,360.0,0.09724143234719514,0.7726492457925471,family_four:5;family_three:5;single_average:5;single_low:5;two_person_average:5;two_person_low:5,2334.9366697414516
1.1,3,1.8|2|4.5,97468.954015554,97108.954015554,360.0,0.06231766981260451,0.8134112049531521,family_four:4.5;family_three:4.5;single_average:4.5;single_low:4.5;two_person_average:4.5;two_person_low:4.5,2844.371348032495
1.1,3,1.8|2.1|4.5,97468.954015554,97108.954015554,360.0,0.06231766981260451,0.8134112049531521,family_four:4.5;family_three:4.5;single_average:4.5;single_low:4.5;two_person_average:4.5;two_person_low:4.5,2844.371348032495
1.1,3,1.8|2.25|4.5,97468.954015554,97108.954015554,360.0,0.06231766981260451,0.8134112049531521,family_four:4.5;family_three:4.5;single_average:4.5;single_low:4.5;two_person_average:4.5;two_person_low:4.5,2844.371348032495
1.1,3,1.8|2.4|4.5,97468.954015554,97108.954015554,360.0,0.06231766981260451,0.8134112049531521,family_four:4.5;family_three:4.5;single_average:4.5;single_low:4.5;two_person_average:4.5;two_person_low:4.5,2844.371348032495
1.1,3,1.8|3|4.5,97468.954015554,97108.954015554,360.0,0.06231766981260451,0.8134112049531521,family_four:4.5;family_three:4.5;single_average:4.5;single_low:4.5;two_person_average:4.5;two_person_low:4.5,2844.371348032495
1.1,3,2|2.1|4.5,97468.954015554,97108.954015554,360.0,0.06231766981260451,0.8134112049531521,family_four:4.5;family_three:4.5;single_average:4.5;single_low:4.5;two_person_average:4.5;two_person_low:4.5,2844.371348032495
1.1,3,2|2.25|4.5,97468.954015554,97108.954015554,360.0,0.06231766981260451,0.8134112049531521,family_four:4.5;family_three:4.5;single_average:4.5;single_low:4.5;two_person_average:4.5;two_person_low:4.5,2844.371348032495
1.1,3,2|2.4|4.5,97468.954015554,97108.954015554,360.0,0.06231766981260451,0.8134112049531521,family_four:4.5;family_three:4.5;single_average:4.5;single_low:4.5;two_person_average:4.5;two_person_low:4.5,2844.371348032495
1.1,3,2|3|4.5,97468.954015554,97108.954015554,360.0,0.06231766981260451,0.8134112049531521,family_four:4.5;family_three:4.5;single_average:4.5;single_low:4.5;two_person_average:4.5;two_person_low:4.5,2844.371348032495
1.1,3,2.1|2.25|4.5,97468.954015554,97108.954015554,360.0,0.06231766981260451,0.8134112049531521,family_four:4.5;family_three:4.5;single_average:4.5;single_low:4.5;two_person_average:4.5;two_person_low:4.5,2844.371348032495
1.1,3,2.1|2.4|4.5,97468.954015554,97108.954015554,360.0,0.06231766981260451,0.8134112049531521,family_four:4.5;family_three:4.5;single_average:4.5;single_low:4.5;two_person_average:4.5;two_person_low:4.5,2844.371348032495
1.1,3,2.1|3|4.5,97468.954015554,97108.954015554,360.0,0.06231766981260451,0.8134112049531521,family_four:4.5;family_three:4.5;single_average:4.5;single_low:4.5;two_person_average:4.5;two_person_low:4.5,2844.371348032495
1.1,3,2.25|2.4|4.5,97468.954015554,97108.954015554,360.0,0.06231766981260451,0.8134112049531521,family_four:4.5;family_three:4.5;single_average:4.5;single_low:4.5;two_person_average:4.5;two_person_low:4.5,2844.371348032495
1.1,3,2.25|3|4.5,97468.954015554,97108.954015554,360.0,0.06231766981260451,0.8134112049531521,family_four:4.5;family_three:4.5;single_average:4.5;single_low:4.5;two_person_average:4.5;two_person_low:4.5,2844.371348032495
1.1,3,2.4|3|4.5,97468.954015554,97108.954015554,360.0,0.06231766981260451,0.8134112049531521,family_four:4.5;family_three:4.5;single_average:4.5;single_low:4.5;two_person_average:4.5;two_person_low:4.5,2844.371348032495
1.1,3,1.8|2|3,99922.85134275512,99562.85134275512,360.0,0.004527309337257994,1.0018541182792835,family_four:3;family_three:3;single_average:3;single_low:3;two_person_average:3;two_person_low:3,5298.268675233616
1.1,3,1.8|2.1|3,99922.85134275512,99562.85134275512,360.0,0.004527309337257994,1.0018541182792835,family_four:3;family_three:3;single_average:3;single_low:3;two_person_average:3;two_person_low:3,5298.268675233616
1.1,3,1.8|2.25|3,99922.85134275512,99562.85134275512,360.0,0.004527309337257994,1.0018541182792835,family_four:3;family_three:3;single_average:3;single_low:3;two_person_average:3;two_person_low:3,5298.268675233616
1.1,3,1.8|2.4|3,99922.85134275512,99562.85134275512,360.0,0.004527309337257994,1.0018541182792835,family_four:3;family_three:3;single_average:3;single_low:3;two_person_average:3;two_person_low:3,5298.268675233616
1.1,3,2|2.1|3,99922.85134275512,99562.85134275512,360.0,0.004527309337257994,1.0018541182792835,family_four:3;family_three:3;single_average:3;single_low:3;two_person_average:3;two_person_low:3,5298.268675233616
1.1,3,2|2.25|3,99922.85134275512,99562.85134275512,360.0,0.004527309337257994,1.0018541182792835,family_four:3;family_three:3;single_average:3;single_low:3;two_person_average:3;two_person_low:3,5298.268675233616
1.1,3,2|2.4|3,99922.85134275512,99562.85134275512,360.0,0.004527309337257994,1.0018541182792835,family_four:3;family_three:3;single_average:3;single_low:3;two_person_average:3;two_person_low:3,5298.268675233616
1.1,3,2.1|2.25|3,99922.85134275512,99562.85134275512,360.0,0.004527309337257994,1.0018541182792835,family_four:3;family_three:3;single_average:3;single_low:3;two_person_average:3;two_person_low:3,5298.268675233616
1.1,3,2.1|2.4|3,99922.85134275512,99562.85134275512,360.0,0.004527309337257994,1.0018541182792835,family_four:3;family_three:3;single_average:3;single_low:3;two_person_average:3;two_person_low:3,5298.268675233616
1.1,3,2.25|2.4|3,99922.85134275512,99562.85134275512,360.0,0.004527309337257994,1.0018541182792835,family_four:3;family_three:3;single_average:3;single_low:3;two_person_average:3;two_person_low:3,5298.268675233616
1.1,3,1.8|2|2.4,101622.6393601313,101262.6393601313,360.0,0.00043688013013389114,1.1311519253934352,family_four:2.4;family_three:2.4;single_average:2.4;single_low:2.4;two_person_average:2.4;two_person_low:2.4,6998.056692609796
1.1,3,1.8|2.1|2.4,101622.6393601313,101262.6393601313,360.0,0.00043688013013389114,1.1311519253934352,family_four:2.4;family_three:2.4;single_average:2.4;single_low:2.4;two_person_average:2.4;two_person_low:2.4,6998.056692609796
1.1,3,1.8|2.25|2.4,101622.6393601313,101262.6393601313,360.0,0.00043688013013389114,1.1311519253934352,family_four:2.4;family_three:2.4;single_average:2.4;single_low:2.4;two_person_average:2.4;two_person_low:2.4,6998.056692609796
1.1,3,2|2.1|2.4,101622.6393601313,101262.6393601313,360.0,0.00043688013013389114,1.1311519253934352,family_four:2.4;family_three:2.4;single_average:2.4;single_low:2.4;two_person_average:2.4;two_person_low:2.4,6998.056692609796
1.1,3,2|2.25|2.4,101622.6393601313,101262.6393601313,360.0,0.00043688013013389114,1.1311519253934352,family_four:2.4;family_three:2.4;single_average:2.4;single_low:2.4;two_person_average:2.4;two_person_low:2.4,6998.056692609796
1.1,3,2.1|2.25|2.4,101622.6393601313,101262.6393601313,360.0,0.00043688013013389114,1.1311519253934352,family_four:2.4;family_three:2.4;single_average:2.4;single_low:2.4;two_person_average:2.4;two_person_low:2.4,6998.056692609796
1.1,3,1.8|2|2.25,102164.62548964999,101804.62548964999,360.0,0.00019970436651606596,1.1726280909459161,family_four:2.25;family_three:2.25;single_average:2.25;single_low:2.25;two_person_average:2.25;two_person_low:2.25,7540.042822128482
1.1,3,1.8|2.1|2.25,102164.62548964999,101804.62548964999,360.0,0.00019970436651606596,1.1726280909459161,family_four:2.25;family_three:2.25;single_average:2.25;single_low:2.25;two_person_average:2.25;two_person_low:2.25,7540.042822128482
1.1,3,2|2.1|2.25,102164.62548964999,101804.62548964999,360.0,0.00019970436651606596,1.1726280909459161,family_four:2.25;family_three:2.25;single_average:2.25;single_low:2.25;two_person_average:2.25;two_person_low:2.25,7540.042822128482
1.1,3,1.8|2|2.1,102773.42195862431,102413.42195862431,360.0,7.383192922078103e-05,1.219211310411665,family_four:2.1;family_three:2.1;single_average:2.1;single_low:2.1;two_person_average:2.1;two_person_low:2.1,8148.839291102806
1.2,1,10,103272.84276410379,103272.84276410379,0.0,0.7515508682960357,0.6146831749863024,family_four:10;family_three:10;single_average:10;single_low:10;two_person_average:10;two_person_low:10,210.4482365050062
1.2,1,9,103288.96726664531,103288.96726664531,0.0,0.565636404868864,0.642691259006684,family_four:9;family_three:9;single_average:9;single_low:9;two_person_average:9;two_person_low:9,226.57273904653266
1.2,1,5,105276.95908301097,105276.95908301097,0.0,0.07325832162897479,0.8424806199554365,family_four:5;family_three:5;single_average:5;single_low:5;two_person_average:5;two_person_low:5,2214.5645554121875
1.2,1,4.5,105843.14098924786,105843.14098924786,0.0,0.04409423351085893,0.8868409923242226,family_four:4.5;family_three:4.5;single_average:4.5;single_low:4.5;two_person_average:4.5;two_person_low:4.5,2780.746461649076
1.2,1,3,108542.00553352147,108542.00553352147,0.0,0.0017851080958078175,1.0922463596998155,family_four:3;family_three:3;single_average:3;single_low:3;two_person_average:3;two_person_low:3,5479.611005922692
1.2,1,2.4,110395.79883048305,110395.79883048305,0.0,7.358360790559875e-05,1.2331367477528405,family_four:2.4;family_three:2.4;single_average:2.4;single_low:2.4;two_person_average:2.4;two_person_low:2.4,7333.404302884272
1.2,1,2.25,110987.47554281853,110987.47554281853,0.0,2.873859451509532e-05,1.278407590619591,family_four:2.25;family_three:2.25;single_average:2.25;single_low:2.25;two_person_average:2.25;two_person_low:2.25,7925.081015219752
1.2,1,2.1,111649.58923504753,111649.58923504753,0.0,4.319682857436971e-06,1.3291812086879446,family_four:2.1;family_three:2.1;single_average:2.1;single_low:2.1;two_person_average:2.1;two_person_low:2.1,8587.194707448754
1.2,1,2,112159.23253293996,112159.23253293996,0.0,3.6496036963455962e-06,1.3667816939029447,family_four:2;family_three:2;single_average:2;single_low:2;two_person_average:2;two_person_low:2,9096.838005341182
1.2,1,1.8,113263.81967838311,113263.81967838311,0.0,1.2832981262681027e-06,1.4523975244486043,family_four:1.8;family_three:1.8;single_average:1.8;single_low:1.8;two_person_average:1.8;two_person_low:1.8,10201.42515078433
1.2,2,5|10,103062.39452759878,102882.39452759878,180.0,0.13777114272818902,0.6482718343038566,family_four:10;family_three:10;single_average:5;single_low:5;two_person_average:10;two_person_low:10,0.0
1.2,2,4.5|10,103118.63541802371,102938.63541802371,180.0,0.10860750001918135,0.6552948794979532,family_four:10;family_three:10;single_average:4.5;single_low:4.5;two_person_average:10;two_person_low:10,56.24089042493142
1.2,2,5|9,103235.00216942001,103055.00216942001,180.0,0.1041491610363667,0.6726976088969174,family_four:9;family_three:9;single_average:5;single_low:5;two_person_average:9;two_person_low:9,172.6076418212324
1.2,2,4.5|9,103245.47435486966,103065.47435486966,180.0,0.23360800112563798,0.6556400887830911,family_four:9;family_three:9;single_average:9;single_low:4.5;two_person_average:9;two_person_low:9,183.079827270878
1.2,2,3|10,103261.14280219062,103081.14280219062,180.0,0.2943366914856815,0.6408507678014257,family_four:10;family_three:10;single_average:10;single_low:3;two_person_average:10;two_person_low:10,198.7482745918387
1.2,2,9|10,103279.13582822558,103099.13582822558,180.0,0.5671435021060469,0.6215521391688827,family_four:10;family_three:10;single_average:9;single_low:9;two_person_average:10;two_person_low:9,216.74130062680342
1.2,2,3|9,103362.51669907567,103182.51669907567,180.0,0.19161557099074028,0.6675783913965054,family_four:9;family_three:9;single_average:9;single_low:3;two_person_average:9;two_person_low:9,300.1221714768908
1.2,2,2.4|10,103368.51825493516,103188.51825493516,180.0,0.2926251669977793,0.6493025598977058,family_four:10;family_three:10;single_average:10;single_low:2.4;two_person_average:10;two_person_low:10,306.1237273363804
1.2,2,2.25|10,103402.18911943847,103222.18911943847,180.0,0.29258032198438877,0.6519808896495395,family_four:10;family_three:10;single_average:10;single_low:2.25;two_person_average:10;two_person_low:10,339.7945918396872
1.2,2,2.1|10,103440.93653449387,103260.93653449387,180.0,0.2925559030727311,0.6551895520622367,family_four:10;family_three:10;single_average:10;single_low:2.1;two_person_average:10;two_person_low:10,378.5420068950916
1.2,2,1.8|10,103452.84276410379,103272.84276410379,180.0,0.7515508682960357,0.6146831749863024,family_four:10;family_three:10;single_average:10;single_low:10;two_person_average:10;two_person_low:10,390.4482365050062
1.2,2,2|10,103452.84276410379,103272.84276410379,180.0,0.7515508682960357,0.6146831749863024,family_four:10;family_three:10;single_average:10;single_low:10;two_person_average:10;two_person_low:10,390.4482365050062
1.2,2,1.8|9,103468.96726664531,103288.96726664531,180.0,0.565636404868864,0.642691259006684,family_four:9;family_three:9;single_average:9;single_low:9;two_person_average:9;two_person_low:9,406.57273904653266
1.2,2,2|9,103468.96726664531,103288.96726664531,180.0,0.565636404868864,0.642691259006684,family_four:9;family_three:9;single_average:9;single_low:9;two_person_average:9;two_person_low:9,406.57273904653266
1.2,2,2.1|9,103468.96726664531,103288.96726664531,180.0,0.565636404868864,0.642691259006684,family_four:9;family_three:9;single_average:9;single_low:9;two_person_average:9;two_person_low:9,406.57273904653266
1.2,2,2.25|9,103468.96726664531,103288.96726664531,180.0,0.565636404868864,0.642691259006684,family_four:9;family_three:9;single_average:9;single_low:9;two_person_average:9;two_person_low:9,406.57273904653266
1.2,2,2.4|9,103468.96726664531,103288.96726664531,180.0,0.565636404868864,0.642691259006684,family_four:9;family_three:9;single_average:9;single_low:9;two_person_average:9;two_person_low:9,406.57273904653266
1.2,2,1.8|5,105456.95908301097,105276.95908301097,180.0,0.07325832162897479,0.8424806199554365,family_four:5;family_three:5;single_average:5;single_low:5;two_person_average:5;two_person_low:5,2394.5645554121875
1.2,2,2|5,105456.95908301097,105276.95908301097,180.0,0.07325832162897479,0.8424806199554365,family_four:5;family_three:5;single_average:5;single_low:5;two_person_average:5;two_person_low:5,2394.5645554121875
1.2,2,2.1|5,105456.95908301097,105276.95908301097,180.0,0.07325832162897479,0.8424806199554365,family_four:5;family_three:5;single_average:5;single_low:5;two_person_average:5;two_person_low:5,2394.5645554121875
1.2,2,2.25|5,105456.95908301097,105276.95908301097,180.0,0.07325832162897479,0.8424806199554365,family_four:5;family_three:5;single_average:5;single_low:5;two_person_average:5;two_person_low:5,2394.5645554121875
1.2,2,2.4|5,105456.95908301097,105276.95908301097,180.0,0.07325832162897479,0.8424806199554365,family_four:5;family_three:5;single_average:5;single_low:5;two_person_average:5;two_person_low:5,2394.5645554121875
1.2,2,3|5,105456.95908301097,105276.95908301097,180.0,0.07325832162897479,0.8424806199554365,family_four:5;family_three:5;single_average:5;single_low:5;two_person_average:5;two_person_low:5,2394.5645554121875
1.2,2,4.5|5,105456.95908301097,105276.95908301097,180.0,0.07325832162897479,0.8424806199554365,family_four:5;family_three:5;single_average:5;single_low:5;two_person_average:5;two_person_low:5,2394.5645554121875
1.2,2,1.8|4.5,106023.14098924786,105843.14098924786,180.0,0.04409423351085893,0.8868409923242226,family_four:4.5;family_three:4.5;single_average:4.5;single_low:4.5;two_person_average:4.5;two_person_low:4.5,2960.746461649076
1.2,2,2|4.5,106023.14098924786,105843.14098924786,180.0,0.04409423351085893,0.8868409923242226,family_four:4.5;family_three:4.5;single_average:4.5;single_low:4.5;two_person_average:4.5;two_person_low:4.5,2960.746461649076
1.2,2,2.1|4.5,106023.14098924786,105843.14098924786,180.0,0.04409423351085893,0.8868409923242226,family_four:4.5;family_three:4.5;single_average:4.5;single_low:4.5;two_person_average:4.5;two_person_low:4.5,2960.746461649076
1.2,2,2.25|4.5,106023.14098924786,105843.14098924786,180.0,0.04409423351085893,0.8868409923242226,family_four:4.5;family_three:4.5;single_average:4.5;single_low:4.5;two_person_average:4.5;two_person_low:4.5,2960.746461649076
1.2,2,2.4|4.5,106023.14098924786,105843.14098924786,180.0,0.04409423351085893,0.8868409923242226,family_four:4.5;family_three:4.5;single_average:4.5;single_low:4.5;two_person_average:4.5;two_person_low:4.5,2960.746461649076
1.2,2,3|4.5,106023.14098924786,105843.14098924786,180.0,0.04409423351085893,0.8868409923242226,family_four:4.5;family_three:4.5;single_average:4.5;single_low:4.5;two_person_average:4.5;two_person_low:4.5,2960.746461649076
1.2,2,1.8|3,108722.00553352147,108542.00553352147,180.0,0.0017851080958078175,1.0922463596998155,family_four:3;family_three:3;single_average:3;single_low:3;two_person_average:3;two_person_low:3,5659.611005922692
1.2,2,2|3,108722.00553352147,108542.00553352147,180.0,0.0017851080958078175,1.0922463596998155,family_four:3;family_three:3;single_average:3;single_low:3;two_person_average:3;two_person_low:3,5659.611005922692
1.2,2,2.1|3,108722.00553352147,108542.00553352147,180.0,0.0017851080958078175,1.0922463596998155,family_four:3;family_three:3;single_average:3;single_low:3;two_person_average:3;two_person_low:3,5659.611005922692
1.2,2,2.25|3,108722.00553352147,108542.00553352147,180.0,0.0017851080958078175,1.0922463596998155,family_four:3;family_three:3;single_average:3;single_low:3;two_person_average:3;two_person_low:3,5659.611005922692
1.2,2,2.4|3,108722.00553352147,108542.00553352147,180.0,0.0017851080958078175,1.0922463596998155,family_four:3;family_three:3;single_average:3;single_low:3;two_person_average:3;two_person_low:3,5659.611005922692
1.2,2,1.8|2.4,110575.79883048305,110395.79883048305,180.0,7.358360790559875e-05,1.2331367477528405,family_four:2.4;family_three:2.4;single_average:2.4;single_low:2.4;two_person_average:2.4;two_person_low:2.4,7513.404302884272
1.2,2,2|2.4,110575.79883048305,110395.79883048305,180.0,7.358360790559875e-05,1.2331367477528405,family_four:2.4;family_three:2.4;single_average:2.4;single_low:2.4;two_person_average:2.4;two_person_low:2.4,7513.404302884272
1.2,2,2.1|2.4,110575.79883048305,110395.79883048305,180.0,7.358360790559875e-05,1.2331367477528405,family_four:2.4;family_three:2.4;single_average:2.4;single_low:2.4;two_person_average:2.4;two_person_low:2.4,7513.404302884272
1.2,2,2.25|2.4,110575.79883048305,110395.79883048305,180.0,7.358360790559875e-05,1.2331367477528405,family_four:2.4;family_three:2.4;single_average:2.4;single_low:2.4;two_person_average:2.4;two_person_low:2.4,7513.404302884272
1.2,2,1.8|2.25,111167.47554281853,110987.47554281853,180.0,2.873859451509532e-05,1.278407590619591,family_four:2.25;family_three:2.25;single_average:2.25;single_low:2.25;two_person_average:2.25;two_person_low:2.25,8105.081015219752
1.2,2,2|2.25,111167.47554281853,110987.47554281853,180.0,2.873859451509532e-05,1.278407590619591,family_four:2.25;family_three:2.25;single_average:2.25;single_low:2.25;two_person_average:2.25;two_person_low:2.25,8105.081015219752
1.2,2,2.1|2.25,111167.47554281853,110987.47554281853,180.0,2.873859451509532e-05,1.278407590619591,family_four:2.25;family_three:2.25;single_average:2.25;single_low:2.25;two_person_average:2.25;two_person_low:2.25,8105.081015219752
1.2,2,1.8|2.1,111829.58923504753,111649.58923504753,180.0,4.319682857436971e-06,1.3291812086879446,family_four:2.1;family_three:2.1;single_average:2.1;single_low:2.1;two_person_average:2.1;two_person_low:2.1,8767.194707448754
1.2,2,2|2.1,111829.58923504753,111649.58923504753,180.0,4.319682857436971e-06,1.3291812086879446,family_four:2.1;family_three:2.1;single_average:2.1;single_low:2.1;two_person_average:2.1;two_person_low:2.1,8767.194707448754
1.2,2,1.8|2,112339.23253293996,112159.23253293996,180.0,3.6496036963455962e-06,1.3667816939029447,family_four:2;family_three:2;single_average:2;single_low:2;two_person_average:2;two_person_low:2,9276.838005341182
1.2,3,5|9|10,103225.17073100028,102865.17073100028,360.0,0.10565625827354956,0.6515584890591163,family_four:10;family_three:10;single_average:5;single_low:5;two_person_average:10;two_person_low:9,162.77620340150315
1.2,3,4.5|9|10,103235.64291644993,102875.64291644993,360.0,0.23511509836282085,0.6345009689452898,family_four:10;family_three:10;single_average:9;single_low:4.5;two_person_average:10;two_person_low:9,173.24838885114877
1.2,3,1.8|5|10,103242.39452759878,102882.39452759878,360.0,0.13777114272818902,0.6482718343038566,family_four:10;family_three:10;single_average:5;single_low:5;two_person_average:10;two_person_low:10,180.0
1.2,3,2|5|10,103242.39452759878,102882.39452759878,360.0,0.13777114272818902,0.6482718343038566,family_four:10;family_three:10;single_average:5;single_low:5;two_person_average:10;two_person_low:10,180.0
1.2,3,2.1|5|10,103242.39452759878,102882.39452759878,360.0,0.13777114272818902,0.6482718343038566,family_four:10;family_three:10;single_average:5;single_low:5;two_person_average:10;two_person_low:10,180.0
1.2,3,2.25|5|10,103242.39452759878,102882.39452759878,360.0,0.13777114272818902,0.6482718343038566,family_four:10;family_three:10;single_average:5;single_low:5;two_person_average:10;two_person_low:10,180.0
1.2,3,2.4|5|10,103242.39452759878,102882.39452759878,360.0,0.13777114272818902,0.6482718343038566,family_four:10;family_three:10;single_average:5;single_low:5;two_person_average:10;two_person_low:10,180.0
1.2,3,3|5|10,103242.39452759878,102882.39452759878,360.0,0.13777114272818902,0.6482718343038566,family_four:10;family_three:10;single_average:5;single_low:5;two_person_average:10;two_person_low:10,180.0
1.2,3,4.5|5|10,103242.39452759878,102882.39452759878,360.0,0.13777114272818902,0.6482718343038566,family_four:10;family_three:10;single_average:5;single_low:5;two_person_average:10;two_person_low:10,180.0
1.2,3,1.8|4.5|10,103298.63541802371,102938.63541802371,360.0,0.10860750001918135,0.6552948794979532,family_four:10;family_three:10;single_average:4.5;single_low:4.5;two_person_average:10;two_person_low:10,236.24089042493142
1.2,3,2|4.5|10,103298.63541802371,102938.63541802371,360.0,0.10860750001918135,0.6552948794979532,family_four:10;family_three:10;single_average:4.5;single_low:4.5;two_person_average:10;two_person_low:10,236.24089042493142
1.2,3,2.1|4.5|10,103298.63541802371,102938.63541802371,360.0,0.10860750001918135,0.6552948794979532,family_four:10;family_three:10;single_average:4.5;single_low:4.5;two_person_average:10;two_person_low:10,236.24089042493142
1.2,3,2.25|4.5|10,103298.63541802371,102938.63541802371,360.0,0.10860750001918135,0.6552948794979532,family_four:10;family_three:10;single_average:4.5;single_low:4.5;two_person_average:10;two_person_low:10,236.24089042493142
1.2,3,2.4|4.5|10,103298.63541802371,102938.63541802371,360.0,0.10860750001918135,0.6552948794979532,family_four:10;family_three:10;single_average:4.5;single_low:4.5;two_person_average:10;two_person_low:10,236.24089042493142
1.2,3,3|4.5|10,103298.63541802371,102938.63541802371,360.0,0.10860750001918135,0.6552948794979532,family_four:10;family_three:10;single_average:4.5;single_low:4.5;two_person_average:10;two_person_low:10,236.24089042493142
1.2,3,3|9|10,103352.68526065594,102992.68526065594,360.0,0.19312266822792315,0.6464392715587042,family_four:10;family_three:10;single_average:9;single_low:3;two_person_average:10;two_person_low:9,290.29073305716156
1.2,3,1.8|5|9,103415.00216942001,103055.00216942001,360.0,0.1041491610363667,0.6726976088969174,family_four:9;family_three:9;single_average:5;single_low:5;two_person_average:9;two_person_low:9,352.6076418212324
1.2,3,2|5|9,103415.00216942001,103055.00216942001,360.0,0.1041491610363667,0.6726976088969174,family_four:9;family_three:9;single_average:5;single_low:5;two_person_average:9;two_person_low:9,352.6076418212324
1.2,3,2.1|5|9,103415.00216942001,103055.00216942001,360.0,0.1041491610363667,0.6726976088969174,family_four:9;family_three:9;single_average:5;single_low:5;two_person_average:9;two_person_low:9,352.6076418212324
1.2,3,2.25|5|9,103415.00216942001,103055.00216942001,360.0,0.1041491610363667,0.6726976088969174,family_four:9;family_three:9;single_average:5;single_low:5;two_person_average:9;two_person_low:9,352.6076418212324
1.2,3,2.4|5|9,103415.00216942001,103055.00216942001,360.0,0.1041491610363667,0.6726976088969174,family_four:9;family_three:9;single_average:5;single_low:5;two_person_average:9;two_person_low:9,352.6076418212324
1.2,3,3|5|9,103415.00216942001,103055.00216942001,360.0,0.1041491610363667,0.6726976088969174,family_four:9;family_three:9;single_average:5;single_low:5;two_person_average:9;two_person_low:9,352.6076418212324
1.2,3,4.5|5|9,103415.00216942001,103055.00216942001,360.0,0.1041491610363667,0.6726976088969174,family_four:9;family_three:9;single_average:5;single_low:5;two_person_average:9;two_person_low:9,352.6076418212324
1.2,3,1.8|4.5|9,103425.47435486966,103065.47435486966,360.0,0.23360800112563798,0.6556400887830911,family_four:9;family_three:9;single_average:9;single_low:4.5;two_person_average:9;two_person_low:9,363.079827270878
1.2,3,2|4.5|9,103425.47435486966,103065.47435486966,360.0,0.23360800112563798,0.6556400887830911,family_four:9;family_three:9;single_average:9;single_low:4.5;two_person_average:9;two_person_low:9,363.079827270878
1.2,3,2.1|4.5|9,103425.47435486966,103065.47435486966,360.0,0.23360800112563798,0.6556400887830911,family_four:9;family_three:9;single_average:9;single_low:4.5;two_person_average:9;two_person_low:9,363.079827270878
1.2,3,2.25|4.5|9,103425.47435486966,103065.47435486966,360.0,0.23360800112563798,0.6556400887830911,family_four:9;family_three:9;single_average:9;single_low:4.5;two_person_average:9;two_person_low:9,363.079827270878
1.2,3,2.4|4.5|9,103425.47435486966,103065.47435486966,360.0,0.23360800112563798,0.6556400887830911,family_four:9;family_three:9;single_average:9;single_low:4.5;two_person_average:9;two_person_low:9,363.079827270878
1.2,3,3|4.5|9,103425.47435486966,103065.47435486966,360.0,0.23360800112563798,0.6556400887830911,family_four:9;family_three:9;single_average:9;single_low:4.5;two_person_average:9;two_person_low:9,363.079827270878
1.2,3,1.8|3|10,103441.14280219062,103081.14280219062,360.0,0.2943366914856815,0.6408507678014257,family_four:10;family_three:10;single_average:10;single_low:3;two_person_average:10;two_person_low:10,378.7482745918387
1.2,3,2|3|10,103441.14280219062,103081.14280219062,360.0,0.2943366914856815,0.6408507678014257,family_four:10;family_three:10;single_average:10;single_low:3;two_person_average:10;two_person_low:10,378.7482745918387
1.2,3,2.1|3|10,103441.14280219062,103081.14280219062,360.0,0.2943366914856815,0.6408507678014257,family_four:10;family_three:10;single_average:10;single_low:3;two_person_average:10;two_person_low:10,378.7482745918387
1.2,3,2.25|3|10,103441.14280219062,103081.14280219062,360.0,0.2943366914856815,0.6408507678014257,family_four:10;family_three:10;single_average:10;single_low:3;two_person_average:10;two_person_low:10,378.7482745918387
1.2,3,2.4|3|10,103441.14280219062,103081.14280219062,360.0,0.2943366914856815,0.6408507678014257,family_four:10;family_three:10;single_average:10;single_low:3;two_person_average:10;two_person_low:10,378.7482745918387
1.2,3,1.8|9|10,103459.13582822558,103099.13582822558,360.0,0.5671435021060469,0.6215521391688827,family_four:10;family_three:10;single_average:9;single_low:9;two_person_average:10;two_person_low:9,396.7413006268034
1.2,3,2|9|10,103459.13582822558,103099.13582822558,360.0,0.5671435021060469,0.6215521391688827,family_four:10;family_three:10;single_average:9;single_low:9;two_person_average:10;two_person_low:9,396.7413006268034
1.2,3,2.1|9|10,103459.13582822558,103099.13582822558,360.0,0.5671435021060469,0.6215521391688827,family_four:10;family_three:10;single_average:9;single_low:9;two_person_average:10;two_person_low:9,396.7413006268034
1.2,3,2.25|9|10,103459.13582822558,103099.13582822558,360.0,0.5671435021060469,0.6215521391688827,family_four:10;family_three:10;single_average:9;single_low:9;two_person_average:10;two_person_low:9,396.7413006268034
1.2,3,2.4|9|10,103459.13582822558,103099.13582822558,360.0,0.5671435021060469,0.6215521391688827,family_four:10;family_three:10;single_average:9;single_low:9;two_person_average:10;two_person_low:9,396.7413006268034
1.2,3,1.8|3|9,103542.51669907567,103182.51669907567,360.0,0.19161557099074028,0.6675783913965054,family_four:9;family_three:9;single_average:9;single_low:3;two_person_average:9;two_person_low:9,480.1221714768908
1.2,3,2|3|9,103542.51669907567,103182.51669907567,360.0,0.19161557099074028,0.6675783913965054,family_four:9;family_three:9;single_average:9;single_low:3;two_person_average:9;two_person_low:9,480.1221714768908
1.2,3,2.1|3|9,103542.51669907567,103182.51669907567,360.0,0.19161557099074028,0.6675783913965054,family_four:9;family_three:9;single_average:9;single_low:3;two_person_average:9;two_person_low:9,480.1221714768908
1.2,3,2.25|3|9,103542.51669907567,103182.51669907567,360.0,0.19161557099074028,0.6675783913965054,family_four:9;family_three:9;single_average:9;single_low:3;two_person_average:9;two_person_low:9,480.1221714768908
1.2,3,2.4|3|9,103542.51669907567,103182.51669907567,360.0,0.19161557099074028,0.6675783913965054,family_four:9;family_three:9;single_average:9;single_low:3;two_person_average:9;two_person_low:9,480.1221714768908
1.2,3,1.8|2.4|10,103548.51825493516,103188.51825493516,360.0,0.2926251669977793,0.6493025598977058,family_four:10;family_three:10;single_average:10;single_low:2.4;two_person_average:10;two_person_low:10,486.1237273363804
1.2,3,2|2.4|10,103548.51825493516,103188.51825493516,360.0,0.2926251669977793,0.6493025598977058,family_four:10;family_three:10;single_average:10;single_low:2.4;two_person_average:10;two_person_low:10,486.1237273363804
1.2,3,2.1|2.4|10,103548.51825493516,103188.51825493516,360.0,0.2926251669977793,0.6493025598977058,family_four:10;family_three:10;single_average:10;single_low:2.4;two_person_average:10;two_person_low:10,486.1237273363804
1.2,3,2.25|2.4|10,103548.51825493516,103188.51825493516,360.0,0.2926251669977793,0.6493025598977058,family_four:10;family_three:10;single_average:10;single_low:2.4;two_person_average:10;two_person_low:10,486.1237273363804
1.2,3,1.8|2.25|10,103582.18911943847,103222.18911943847,360.0,0.29258032198438877,0.6519808896495395,family_four:10;family_three:10;single_average:10;single_low:2.25;two_person_average:10;two_person_low:10,519.7945918396872
1.2,3,2|2.25|10,103582.18911943847,103222.18911943847,360.0,0.29258032198438877,0.6519808896495395,family_four:10;family_three:10;single_average:10;single_low:2.25;two_person_average:10;two_person_low:10,519.7945918396872
1.2,3,2.1|2.25|10,103582.18911943847,103222.18911943847,360.0,0.29258032198438877,0.6519808896495395,family_four:10;family_three:10;single_average:10;single_low:2.25;two_person_average:10;two_person_low:10,519.7945918396872
1.2,3,1.8|2.1|10,103620.93653449387,103260.93653449387,360.0,0.2925559030727311,0.6551895520622367,family_four:10;family_three:10;single_average:10;single_low:2.1;two_person_average:10;two_person_low:10,558.5420068950916
1.2,3,2|2.1|10,103620.93653449387,103260.93653449387,360.0,0.2925559030727311,0.6551895520622367,family_four:10;family_three:10;single_average:10;single_low:2.1;two_person_average:10;two_person_low:10,558.5420068950916
1.2,3,1.8|2|10,103632.84276410379,103272.84276410379,360.0,0.7515508682960357,0.6146831749863024,family_four:10;family_three:10;single_average:10;single_low:10;two_person_average:10;two_person_low:10,570.4482365050062
1.2,3,1.8|2|9,103648.96726664531,103288.96726664531,360.0,0.565636404868864,0.642691259006684,family_four:9;family_three:9;single_average:9;single_low:9;two_person_average:9;two_person_low:9,586.5727390465327
1.2,3,1.8|2.1|9,103648.96726664531,103288.96726664531,360.0,0.565636404868864,0.642691259006684,family_four:9;family_three:9;single_average:9;single_low:9;two_person_average:9;two_person_low:9,586.5727390465327
1.2,3,1.8|2.25|9,103648.96726664531,103288.96726664531,360.0,0.565636404868864,0.642691259006684,family_four:9;family_three:9;single_average:9;single_low:9;two_person_average:9;two_person_low:9,586.5727390465327
1.2,3,1.8|2.4|9,103648.96726664531,103288.96726664531,360.0,0.565636404868864,0.642691259006684,family_four:9;family_three:9;single_average:9;single_low:9;two_person_average:9;two_person_low:9,586.5727390465327
1.2,3,2|2.1|9,103648.96726664531,103288.96726664531,360.0,0.565636404868864,0.642691259006684,family_four:9;family_three:9;single_average:9;single_low:9;two_person_average:9;two_person_low:9,586.5727390465327
1.2,3,2|2.25|9,103648.96726664531,103288.96726664531,360.0,0.565636404868864,0.642691259006684,family_four:9;family_three:9;single_average:9;single_low:9;two_person_average:9;two_person_low:9,586.5727390465327
1.2,3,2|2.4|9,103648.96726664531,103288.96726664531,360.0,0.565636404868864,0.642691259006684,family_four:9;family_three:9;single_average:9;single_low:9;two_person_average:9;two_person_low:9,586.5727390465327
1.2,3,2.1|2.25|9,103648.96726664531,103288.96726664531,360.0,0.565636404868864,0.642691259006684,family_four:9;family_three:9;single_average:9;single_low:9;two_person_average:9;two_person_low:9,586.5727390465327
1.2,3,2.1|2.4|9,103648.96726664531,103288.96726664531,360.0,0.565636404868864,0.642691259006684,family_four:9;family_three:9;single_average:9;single_low:9;two_person_average:9;two_person_low:9,586.5727390465327
1.2,3,2.25|2.4|9,103648.96726664531,103288.96726664531,360.0,0.565636404868864,0.642691259006684,family_four:9;family_three:9;single_average:9;single_low:9;two_person_average:9;two_person_low:9,586.5727390465327
1.2,3,1.8|2|5,105636.95908301097,105276.95908301097,360.0,0.07325832162897479,0.8424806199554365,family_four:5;family_three:5;single_average:5;single_low:5;two_person_average:5;two_person_low:5,2574.5645554121875
1.2,3,1.8|2.1|5,105636.95908301097,105276.95908301097,360.0,0.07325832162897479,0.8424806199554365,family_four:5;family_three:5;single_average:5;single_low:5;two_person_average:5;two_person_low:5,2574.5645554121875
1.2,3,1.8|2.25|5,105636.95908301097,105276.95908301097,360.0,0.07325832162897479,0.8424806199554365,family_four:5;family_three:5;single_average:5;single_low:5;two_person_average:5;two_person_low:5,2574.5645554121875
1.2,3,1.8|2.4|5,105636.95908301097,105276.95908301097,360.0,0.07325832162897479,0.8424806199554365,family_four:5;family_three:5;single_average:5;single_low:5;two_person_average:5;two_person_low:5,2574.5645554121875
1.2,3,1.8|3|5,105636.95908301097,105276.95908301097,360.0,0.07325832162897479,0.8424806199554365,family_four:5;family_three:5;single_average:5;single_low:5;two_person_average:5;two_person_low:5,2574.5645554121875
1.2,3,1.8|4.5|5,105636.95908301097,105276.95908301097,360.0,0.07325832162897479,0.8424806199554365,family_four:5;family_three:5;single_average:5;single_low:5;two_person_average:5;two_person_low:5,2574.5645554121875
1.2,3,2|2.1|5,105636.95908301097,105276.95908301097,360.0,0.07325832162897479,0.8424806199554365,family_four:5;family_three:5;single_average:5;single_low:5;two_person_average:5;two_person_low:5,2574.5645554121875
1.2,3,2|2.25|5,105636.95908301097,105276.95908301097,360.0,0.07325832162897479,0.8424806199554365,family_four:5;family_three:5;single_average:5;single_low:5;two_person_average:5;two_person_low:5,2574.5645554121875
1.2,3,2|2.4|5,105636.95908301097,105276.95908301097,360.0,0.07325832162897479,0.8424806199554365,family_four:5;family_three:5;single_average:5;single_low:5;two_person_average:5;two_person_low:5,2574.5645554121875
1.2,3,2|3|5,105636.95908301097,105276.95908301097,360.0,0.07325832162897479,0.8424806199554365,family_four:5;family_three:5;single_average:5;single_low:5;two_person_average:5;two_person_low:5,2574.5645554121875
1.2,3,2|4.5|5,105636.95908301097,105276.95908301097,360.0,0.07325832162897479,0.8424806199554365,family_four:5;family_three:5;single_average:5;single_low:5;two_person_average:5;two_person_low:5,2574.5645554121875
1.2,3,2.1|2.25|5,105636.95908301097,105276.95908301097,360.0,0.07325832162897479,0.8424806199554365,family_four:5;family_three:5;single_average:5;single_low:5;two_person_average:5;two_person_low:5,2574.5645554121875
1.2,3,2.1|2.4|5,105636.95908301097,105276.95908301097,360.0,0.07325832162897479,0.8424806199554365,family_four:5;family_three:5;single_average:5;single_low:5;two_person_average:5;two_person_low:5,2574.5645554121875
1.2,3,2.1|3|5,105636.95908301097,105276.95908301097,360.0,0.07325832162897479,0.8424806199554365,family_four:5;family_three:5;single_average:5;single_low:5;two_person_average:5;two_person_low:5,2574.5645554121875
1.2,3,2.1|4.5|5,105636.95908301097,105276.95908301097,360.0,0.07325832162897479,0.8424806199554365,family_four:5;family_three:5;single_average:5;single_low:5;two_person_average:5;two_person_low:5,2574.5645554121875
1.2,3,2.25|2.4|5,105636.95908301097,105276.95908301097,360.0,0.07325832162897479,0.8424806199554365,family_four:5;family_three:5;single_average:5;single_low:5;two_person_average:5;two_person_low:5,2574.5645554121875
1.2,3,2.25|3|5,105636.95908301097,105276.95908301097,360.0,0.07325832162897479,0.8424806199554365,family_four:5;family_three:5;single_average:5;single_low:5;two_person_average:5;two_person_low:5,2574.5645554121875
1.2,3,2.25|4.5|5,105636.95908301097,105276.95908301097,360.0,0.07325832162897479,0.8424806199554365,family_four:5;family_three:5;single_average:5;single_low:5;two_person_average:5;two_person_low:5,2574.5645554121875
1.2,3,2.4|3|5,105636.95908301097,105276.95908301097,360.0,0.07325832162897479,0.8424806199554365,family_four:5;family_three:5;single_average:5;single_low:5;two_person_average:5;two_person_low:5,2574.5645554121875
1.2,3,2.4|4.5|5,105636.95908301097,105276.95908301097,360.0,0.07325832162897479,0.8424806199554365,family_four:5;family_three:5;single_average:5;single_low:5;two_person_average:5;two_person_low:5,2574.5645554121875
1.2,3,3|4.5|5,105636.95908301097,105276.95908301097,360.0,0.07325832162897479,0.8424806199554365,family_four:5;family_three:5;single_average:5;single_low:5;two_person_average:5;two_person_low:5,2574.5645554121875
1.2,3,1.8|2|4.5,106203.14098924786,105843.14098924786,360.0,0.04409423351085893,0.8868409923242226,family_four:4.5;family_three:4.5;single_average:4.5;single_low:4.5;two_person_average:4.5;two_person_low:4.5,3140.746461649076
1.2,3,1.8|2.1|4.5,106203.14098924786,105843.14098924786,360.0,0.04409423351085893,0.8868409923242226,family_four:4.5;family_three:4.5;single_average:4.5;single_low:4.5;two_person_average:4.5;two_person_low:4.5,3140.746461649076
1.2,3,1.8|2.25|4.5,106203.14098924786,105843.14098924786,360.0,0.04409423351085893,0.8868409923242226,family_four:4.5;family_three:4.5;single_average:4.5;single_low:4.5;two_person_average:4.5;two_person_low:4.5,3140.746461649076
1.2,3,1.8|2.4|4.5,106203.14098924786,105843.14098924786,360.0,0.04409423351085893,0.8868409923242226,family_four:4.5;family_three:4.5;single_average:4.5;single_low:4.5;two_person_average:4.5;two_person_low:4.5,3140.746461649076
1.2,3,1.8|3|4.5,106203.14098924786,105843.14098924786,360.0,0.04409423351085893,0.8868409923242226,family_four:4.5;family_three:4.5;single_average:4.5;single_low:4.5;two_person_average:4.5;two_person_low:4.5,3140.746461649076
1.2,3,2|2.1|4.5,106203.14098924786,105843.14098924786,360.0,0.04409423351085893,0.8868409923242226,family_four:4.5;family_three:4.5;single_average:4.5;single_low:4.5;two_person_average:4.5;two_person_low:4.5,3140.746461649076
1.2,3,2|2.25|4.5,106203.14098924786,105843.14098924786,360.0,0.04409423351085893,0.8868409923242226,family_four:4.5;family_three:4.5;single_average:4.5;single_low:4.5;two_person_average:4.5;two_person_low:4.5,3140.746461649076
1.2,3,2|2.4|4.5,106203.14098924786,105843.14098924786,360.0,0.04409423351085893,0.8868409923242226,family_four:4.5;family_three:4.5;single_average:4.5;single_low:4.5;two_person_average:4.5;two_person_low:4.5,3140.746461649076
1.2,3,2|3|4.5,106203.14098924786,105843.14098924786,360.0,0.04409423351085893,0.8868409923242226,family_four:4.5;family_three:4.5;single_average:4.5;single_low:4.5;two_person_average:4.5;two_person_low:4.5,3140.746461649076
1.2,3,2.1|2.25|4.5,106203.14098924786,105843.14098924786,360.0,0.04409423351085893,0.8868409923242226,family_four:4.5;family_three:4.5;single_average:4.5;single_low:4.5;two_person_average:4.5;two_person_low:4.5,3140.746461649076
1.2,3,2.1|2.4|4.5,106203.14098924786,105843.14098924786,360.0,0.04409423351085893,0.8868409923242226,family_four:4.5;family_three:4.5;single_average:4.5;single_low:4.5;two_person_average:4.5;two_person_low:4.5,3140.746461649076
1.2,3,2.1|3|4.5,106203.14098924786,105843.14098924786,360.0,0.04409423351085893,0.8868409923242226,family_four:4.5;family_three:4.5;single_average:4.5;single_low:4.5;two_person_average:4.5;two_person_low:4.5,3140.746461649076
1.2,3,2.25|2.4|4.5,106203.14098924786,105843.14098924786,360.0,0.04409423351085893,0.8868409923242226,family_four:4.5;family_three:4.5;single_average:4.5;single_low:4.5;two_person_average:4.5;two_person_low:4.5,3140.746461649076
1.2,3,2.25|3|4.5,106203.14098924786,105843.14098924786,360.0,0.04409423351085893,0.8868409923242226,family_four:4.5;family_three:4.5;single_average:4.5;single_low:4.5;two_person_average:4.5;two_person_low:4.5,3140.746461649076
1.2,3,2.4|3|4.5,106203.14098924786,105843.14098924786,360.0,0.04409423351085893,0.8868409923242226,family_four:4.5;family_three:4.5;single_average:4.5;single_low:4.5;two_person_average:4.5;two_person_low:4.5,3140.746461649076
1.2,3,1.8|2|3,108902.00553352147,108542.00553352147,360.0,0.0017851080958078175,1.0922463596998155,family_four:3;family_three:3;single_average:3;single_low:3;two_person_average:3;two_person_low:3,5839.611005922692
1.2,3,1.8|2.1|3,108902.00553352147,108542.00553352147,360.0,0.0017851080958078175,1.0922463596998155,family_four:3;family_three:3;single_average:3;single_low:3;two_person_average:3;two_person_low:3,5839.611005922692
1.2,3,1.8|2.25|3,108902.00553352147,108542.00553352147,360.0,0.0017851080958078175,1.0922463596998155,family_four:3;family_three:3;single_average:3;single_low:3;two_person_average:3;two_person_low:3,5839.611005922692
1.2,3,1.8|2.4|3,108902.00553352147,108542.00553352147,360.0,0.0017851080958078175,1.0922463596998155,family_four:3;family_three:3;single_average:3;single_low:3;two_person_average:3;two_person_low:3,5839.611005922692
1.2,3,2|2.1|3,108902.00553352147,108542.00553352147,360.0,0.0017851080958078175,1.0922463596998155,family_four:3;family_three:3;single_average:3;single_low:3;two_person_average:3;two_person_low:3,5839.611005922692
1.2,3,2|2.25|3,108902.00553352147,108542.00553352147,360.0,0.0017851080958078175,1.0922463596998155,family_four:3;family_three:3;single_average:3;single_low:3;two_person_average:3;two_person_low:3,5839.611005922692
1.2,3,2|2.4|3,108902.00553352147,108542.00553352147,360.0,0.0017851080958078175,1.0922463596998155,family_four:3;family_three:3;single_average:3;single_low:3;two_person_average:3;two_person_low:3,5839.611005922692
1.2,3,2.1|2.25|3,108902.00553352147,108542.00553352147,360.0,0.0017851080958078175,1.0922463596998155,family_four:3;family_three:3;single_average:3;single_low:3;two_person_average:3;two_person_low:3,5839.611005922692
1.2,3,2.1|2.4|3,108902.00553352147,108542.00553352147,360.0,0.0017851080958078175,1.0922463596998155,family_four:3;family_three:3;single_average:3;single_low:3;two_person_average:3;two_person_low:3,5839.611005922692
1.2,3,2.25|2.4|3,108902.00553352147,108542.00553352147,360.0,0.0017851080958078175,1.0922463596998155,family_four:3;family_three:3;single_average:3;single_low:3;two_person_average:3;two_person_low:3,5839.611005922692
1.2,3,1.8|2|2.4,110755.79883048305,110395.79883048305,360.0,7.358360790559875e-05,1.2331367477528405,family_four:2.4;family_three:2.4;single_average:2.4;single_low:2.4;two_person_average:2.4;two_person_low:2.4,7693.404302884272
1.2,3,1.8|2.1|2.4,110755.79883048305,110395.79883048305,360.0,7.358360790559875e-05,1.2331367477528405,family_four:2.4;family_three:2.4;single_average:2.4;single_low:2.4;two_person_average:2.4;two_person_low:2.4,7693.404302884272
1.2,3,1.8|2.25|2.4,110755.79883048305,110395.79883048305,360.0,7.358360790559875e-05,1.2331367477528405,family_four:2.4;family_three:2.4;single_average:2.4;single_low:2.4;two_person_average:2.4;two_person_low:2.4,7693.404302884272
1.2,3,2|2.1|2.4,110755.79883048305,110395.79883048305,360.0,7.358360790559875e-05,1.2331367477528405,family_four:2.4;family_three:2.4;single_average:2.4;single_low:2.4;two_person_average:2.4;two_person_low:2.4,7693.404302884272
1.2,3,2|2.25|2.4,110755.79883048305,110395.79883048305,360.0,7.358360790559875e-05,1.2331367477528405,family_four:2.4;family_three:2.4;single_average:2.4;single_low:2.4;two_person_average:2.4;two_person_low:2.4,7693.404302884272
1.2,3,2.1|2.25|2.4,110755.79883048305,110395.79883048305,360.0,7.358360790559875e-05,1.2331367477528405,family_four:2.4;family_three:2.4;single_average:2.4;single_low:2.4;two_person_average:2.4;two_person_low:2.4,7693.404302884272
1.2,3,1.8|2|2.25,111347.47554281853,110987.47554281853,360.0,2.873859451509532e-05,1.278407590619591,family_four:2.25;family_three:2.25;single_average:2.25;single_low:2.25;two_person_average:2.25;two_person_low:2.25,8285.081015219752
1.2,3,1.8|2.1|2.25,111347.47554281853,110987.47554281853,360.0,2.873859451509532e-05,1.278407590619591,family_four:2.25;family_three:2.25;single_average:2.25;single_low:2.25;two_person_average:2.25;two_person_low:2.25,8285.081015219752
1.2,3,2|2.1|2.25,111347.47554281853,110987.47554281853,360.0,2.873859451509532e-05,1.278407590619591,family_four:2.25;family_three:2.25;single_average:2.25;single_low:2.25;two_person_average:2.25;two_person_low:2.25,8285.081015219752
1.2,3,1.8|2|2.1,112009.58923504753,111649.58923504753,360.0,4.319682857436971e-06,1.3291812086879446,family_four:2.1;family_three:2.1;single_average:2.1;single_low:2.1;two_person_average:2.1;two_person_low:2.1,8947.194707448754
1.3,1,10,111566.16216849188,111566.16216849188,0.0,0.6531809608413827,0.6638348420730351,family_four:10;family_three:10;single_average:10;single_low:10;two_person_average:10;two_person_low:10,128.38626990199555
1.3,1,9,111619.51650232244,111619.51650232244,0.0,0.48395566844900434,0.6950287765434667,family_four:9;family_three:9;single_average:9;single_low:9;two_person_average:9;two_person_low:9,181.74060373255634
1.3,1,5,113880.63200345903,113880.63200345903,0.0,0.055088509523762604,0.9111631176902474,family_four:5;family_three:5;single_average:5;single_low:5;two_person_average:5;two_person_low:5,2442.856104869148
1.3,1,4.5,114498.04786621922,114498.04786621922,0.0,0.030916612427191428,0.9593228022933238,family_four:4.5;family_three:4.5;single_average:4.5;single_low:4.5;two_person_average:4.5;two_person_low:4.5,3060.2719676293345
1.3,1,3,117441.41225941527,117441.41225941527,0.0,0.0006789539572568411,1.1819445225660838,family_four:3;family_three:3;single_average:3;single_low:3;two_person_average:3;two_person_low:3,6003.636360825389
1.3,1,2.4,119446.59147084429,119446.59147084429,0.0,1.9876805693653678e-05,1.3345725744867545,family_four:2.4;family_three:2.4;single_average:2.4;single_low:2.4;two_person_average:2.4;two_person_low:2.4,8008.815572254403
1.3,1,2.25,120085.40310675424,120085.40310675424,0.0,4.727998109610303e-06,1.3832986919763302,family_four:2.25;family_three:2.25;single_average:2.25;single_low:2.25;two_person_average:2.25;two_person_low:2.25,8647.627208164355
1.3,1,2.1,120805.3695840158,120805.3695840158,0.0,7.226642560452767e-08,1.438154869621021,family_four:2.1;family_three:2.1;single_average:2.1;single_low:2.1;two_person_average:2.1;two_person_low:2.1,9367.59368542592
1.3,1,2,121354.85460897429,121354.85460897429,0.0,4.3850387082729476e-08,1.4786105607117475,family_four:2;family_three:2;single_average:2;single_low:2;two_person_average:2;two_person_low:2,9917.078710384405
1.3,1,1.8,122550.28649032931,122550.28649032931,0.0,0.0,1.571347844510772,family_four:1.8;family_three:1.8;single_average:1.8;single_low:1.8;two_person_average:1.8;two_person_low:1.8,11112.510591739425
1.3,2,5|10,111437.77589858988,111257.77589858988,180.0,0.09486106879573042,0.701350317931427,family_four:10;family_three:10;single_average:5;single_low:5;two_person_average:10;two_person_low:10,0.0
1.3,2,4.5|10,111470.20132810443,111290.20132810443,180.0,0.25753940162553784,0.6799541924316103,family_four:10;family_three:10;single_average:10;single_low:4.5;two_person_average:10;two_person_low:10,32.42542951455107
1.3,2,9|10,111595.12602262685,111415.12602262685,180.0,0.48428090212327707,0.6724128540466056,family_four:10;family_three:10;single_average:9;single_low:9;two_person_average:10;two_person_low:9,157.350124036966
1.3,2,5|9,111595.94546529,111415.94546529,180.0,0.1958075300959223,0.7061883172871373,family_four:9;family_three:9;single_average:9;single_low:5;two_person_average:9;two_person_low:9,158.1695667001186
1.3,2,4.5|9,111605.21334125096,111425.21334125096,180.0,0.17201222859444454,0.7089314125050984,family_four:9;family_three:9;single_average:9;single_low:4.5;two_person_average:9;two_person_low:9,167.43744266107387
1.3,2,3|10,111614.51348502356,111434.51348502356,180.0,0.22733655244062262,0.6931464295651921,family_four:10;family_three:10;single_average:10;single_low:3;two_person_average:10;two_person_low:10,176.7375864336791
1.3,2,2.4|10,111729.22872092108,111549.22872092108,180.0,0.22667747528905943,0.7022614115060413,family_four:10;family_three:10;single_average:10;single_low:2.4;two_person_average:10;two_person_low:10,291.4528223311936
1.3,2,1.8|10,111746.16216849188,111566.16216849188,180.0,0.6531809608413827,0.6638348420730351,family_four:10;family_three:10;single_average:10;single_low:10;two_person_average:10;two_person_low:10,308.38626990199555
1.3,2,2|10,111746.16216849188,111566.16216849188,180.0,0.6531809608413827,0.6638348420730351,family_four:10;family_three:10;single_average:10;single_low:10;two_person_average:10;two_person_low:10,308.38626990199555
1.3,2,2.1|10,111746.16216849188,111566.16216849188,180.0,0.6531809608413827,0.6638348420730351,family_four:10;family_three:10;single_average:10;single_low:10;two_person_average:10;two_person_low:10,308.38626990199555
1.3,2,2.25|10,111746.16216849188,111566.16216849188,180.0,0.6531809608413827,0.6638348420730351,family_four:10;family_three:10;single_average:10;single_low:10;two_person_average:10;two_person_low:10,308.38626990199555
1.3,2,3|9,111749.5254981701,111569.5254981701,180.0,0.14180937940952934,0.7221236496386803,family_four:9;family_three:9;single_average:9;single_low:3;two_person_average:9;two_person_low:9,311.74959958021645
1.3,2,1.8|9,111799.51650232244,111619.51650232244,180.0,0.48395566844900434,0.6950287765434667,family_four:9;family_three:9;single_average:9;single_low:9;two_person_average:9;two_person_low:9,361.74060373255634
1.3,2,2|9,111799.51650232244,111619.51650232244,180.0,0.48395566844900434,0.6950287765434667,family_four:9;family_three:9;single_average:9;single_low:9;two_person_average:9;two_person_low:9,361.74060373255634
1.3,2,2.1|9,111799.51650232244,111619.51650232244,180.0,0.48395566844900434,0.6950287765434667,family_four:9;family_three:9;single_average:9;single_low:9;two_person_average:9;two_person_low:9,361.74060373255634
1.3,2,2.25|9,111799.51650232244,111619.51650232244,180.0,0.48395566844900434,0.6950287765434667,family_four:9;family_three:9;single_average:9;single_low:9;two_person_average:9;two_person_low:9,361.74060373255634
1.3,2,2.4|9,111799.51650232244,111619.51650232244,180.0,0.48395566844900434,0.6950287765434667,family_four:9;family_three:9;single_average:9;single_low:9;two_person_average:9;two_person_low:9,361.74060373255634
1.3,2,1.8|5,114060.63200345903,113880.63200345903,180.0,0.055088509523762604,0.9111631176902474,family_four:5;family_three:5;single_average:5;single_low:5;two_person_average:5;two_person_low:5,2622.856104869148
1.3,2,2|5,114060.63200345903,113880.63200345903,180.0,0.055088509523762604,0.9111631176902474,family_four:5;family_three:5;single_average:5;single_low:5;two_person_average:5;two_person_low:5,2622.856104869148
1.3,2,2.1|5,114060.63200345903,113880.63200345903,180.0,0.055088509523762604,0.9111631176902474,family_four:5;family_three:5;single_average:5;single_low:5;two_person_average:5;two_person_low:5,2622.856104869148
1.3,2,2.25|5,114060.63200345903,113880.63200345903,180.0,0.055088509523762604,0.9111631176902474,family_four:5;family_three:5;single_average:5;single_low:5;two_person_average:5;two_person_low:5,2622.856104869148
1.3,2,2.4|5,114060.63200345903,113880.63200345903,180.0,0.055088509523762604,0.9111631176902474,family_four:5;family_three:5;single_average:5;single_low:5;two_person_average:5;two_person_low:5,2622.856104869148
1.3,2,3|5,114060.63200345903,113880.63200345903,180.0,0.055088509523762604,0.9111631176902474,family_four:5;family_three:5;single_average:5;single_low:5;two_person_average:5;two_person_low:5,2622.856104869148
1.3,2,4.5|5,114060.63200345903,113880.63200345903,180.0,0.055088509523762604,0.9111631176902474,family_four:5;family_three:5;single_average:5;single_low:5;two_person_average:5;two_person_low:5,2622.856104869148
1.3,2,1.8|4.5,114678.04786621922,114498.04786621922,180.0,0.030916612427191428,0.9593228022933238,family_four:4.5;family_three:4.5;single_average:4.5;single_low:4.5;two_person_average:4.5;two_person_low:4.5,3240.2719676293345
1.3,2,2|4.5,114678.04786621922,114498.04786621922,180.0,0.030916612427191428,0.9593228022933238,family_four:4.5;family_three:4.5;single_average:4.5;single_low:4.5;two_person_average:4.5;two_person_low:4.5,3240.2719676293345
1.3,2,2.1|4.5,114678.04786621922,114498.04786621922,180.0,0.030916612427191428,0.9593228022933238,family_four:4.5;family_three:4.5;single_average:4.5;single_low:4.5;two_person_average:4.5;two_person_low:4.5,3240.2719676293345
1.3,2,2.25|4.5,114678.04786621922,114498.04786621922,180.0,0.030916612427191428,0.9593228022933238,family_four:4.5;family_three:4.5;single_average:4.5;single_low:4.5;two_person_average:4.5;two_person_low:4.5,3240.2719676293345
1.3,2,2.4|4.5,114678.04786621922,114498.04786621922,180.0,0.030916612427191428,0.9593228022933238,family_four:4.5;family_three:4.5;single_average:4.5;single_low:4.5;two_person_average:4.5;two_person_low:4.5,3240.2719676293345
1.3,2,3|4.5,114678.04786621922,114498.04786621922,180.0,0.030916612427191428,0.9593228022933238,family_four:4.5;family_three:4.5;single_average:4.5;single_low:4.5;two_person_average:4.5;two_person_low:4.5,3240.2719676293345
1.3,2,1.8|3,117621.41225941527,117441.41225941527,180.0,0.0006789539572568411,1.1819445225660838,family_four:3;family_three:3;single_average:3;single_low:3;two_person_average:3;two_person_low:3,6183.636360825389
1.3,2,2|3,117621.41225941527,117441.41225941527,180.0,0.0006789539572568411,1.1819445225660838,family_four:3;family_three:3;single_average:3;single_low:3;two_person_average:3;two_person_low:3,6183.636360825389
1.3,2,2.1|3,117621.41225941527,117441.41225941527,180.0,0.0006789539572568411,1.1819445225660838,family_four:3;family_three:3;single_average:3;single_low:3;two_person_average:3;two_person_low:3,6183.636360825389
1.3,2,2.25|3,117621.41225941527,117441.41225941527,180.0,0.0006789539572568411,1.1819445225660838,family_four:3;family_three:3;single_average:3;single_low:3;two_person_average:3;two_person_low:3,6183.636360825389
1.3,2,2.4|3,117621.41225941527,117441.41225941527,180.0,0.0006789539572568411,1.1819445225660838,family_four:3;family_three:3;single_average:3;single_low:3;two_person_average:3;two_person_low:3,6183.636360825389
1.3,2,1.8|2.4,119626.59147084429,119446.59147084429,180.0,1.9876805693653678e-05,1.3345725744867545,family_four:2.4;family_three:2.4;single_average:2.4;single_low:2.4;two_person_average:2.4;two_person_low:2.4,8188.815572254403
1.3,2,2|2.4,119626.59147084429,119446.59147084429,180.0,1.9876805693653678e-05,1.3345725744867545,family_four:2.4;family_three:2.4;single_average:2.4;single_low:2.4;two_person_average:2.4;two_person_low:2.4,8188.815572254403
1.3,2,2.1|2.4,119626.59147084429,119446.59147084429,180.0,1.9876805693653678e-05,1.3345725744867545,family_four:2.4;family_three:2.4;single_average:2.4;single_low:2.4;two_person_average:2.4;two_person_low:2.4,8188.815572254403
1.3,2,2.25|2.4,119626.59147084429,119446.59147084429,180.0,1.9876805693653678e-05,1.3345725744867545,family_four:2.4;family_three:2.4;single_average:2.4;single_low:2.4;two_person_average:2.4;two_person_low:2.4,8188.815572254403
1.3,2,1.8|2.25,120265.40310675424,120085.40310675424,180.0,4.727998109610303e-06,1.3832986919763302,family_four:2.25;family_three:2.25;single_average:2.25;single_low:2.25;two_person_average:2.25;two_person_low:2.25,8827.627208164355
1.3,2,2|2.25,120265.40310675424,120085.40310675424,180.0,4.727998109610303e-06,1.3832986919763302,family_four:2.25;family_three:2.25;single_average:2.25;single_low:2.25;two_person_average:2.25;two_person_low:2.25,8827.627208164355
1.3,2,2.1|2.25,120265.40310675424,120085.40310675424,180.0,4.727998109610303e-06,1.3832986919763302,family_four:2.25;family_three:2.25;single_average:2.25;single_low:2.25;two_person_average:2.25;two_person_low:2.25,8827.627208164355
1.3,2,1.8|2.1,120985.3695840158,120805.3695840158,180.0,7.226642560452767e-08,1.438154869621021,family_four:2.1;family_three:2.1;single_average:2.1;single_low:2.1;two_person_average:2.1;two_person_low:2.1,9547.59368542592
1.3,2,2|2.1,120985.3695840158,120805.3695840158,180.0,7.226642560452767e-08,1.438154869621021,family_four:2.1;family_three:2.1;single_average:2.1;single_low:2.1;two_person_average:2.1;two_person_low:2.1,9547.59368542592
1.3,2,1.8|2,121534.85460897429,121354.85460897429,180.0,4.3850387082729476e-08,1.4786105607117475,family_four:2;family_three:2;single_average:2;single_low:2;two_person_average:2;two_person_low:2,10097.078710384405
1.3,3,5|9|10,111571.55498559441,111211.55498559441,360.0,0.19613276377019503,0.6835723947902761,family_four:10;family_three:10;single_average:9;single_low:5;two_person_average:10;two_person_low:9,133.77908700452826
1.3,3,4.5|9|10,111580.82286155538,111220.82286155538,360.0,0.17233746226871727,0.6863154900082372,family_four:10;family_three:10;single_average:9;single_low:4.5;two_person_average:10;two_person_low:9,143.0469629654981
1.3,3,1.8|5|10,111617.77589858988,111257.77589858988,360.0,0.09486106879573042,0.701350317931427,family_four:10;family_three:10;single_average:5;single_low:5;two_person_average:10;two_person_low:10,180.0
1.3,3,2|5|10,111617.77589858988,111257.77589858988,360.0,0.09486106879573042,0.701350317931427,family_four:10;family_three:10;single_average:5;single_low:5;two_person_average:10;two_person_low:10,180.0
1.3,3,2.1|5|10,111617.77589858988,111257.77589858988,360.0,0.09486106879573042,0.701350317931427,family_four:10;family_three:10;single_average:5;single_low:5;two_person_average:10;two_person_low:10,180.0
1.3,3,2.25|5|10,111617.77589858988,111257.77589858988,360.0,0.09486106879573042,0.701350317931427,family_four:10;family_three:10;single_average:5;single_low:5;two_person_average:10;two_person_low:10,180.0
1.3,3,2.4|5|10,111617.77589858988,111257.77589858988,360.0,0.09486106879573042,0.701350317931427,family_four:10;family_three:10;single_average:5;single_low:5;two_person_average:10;two_person_low:10,180.0
1.3,3,3|5|10,111617.77589858988,111257.77589858988,360.0,0.09486106879573042,0.701350317931427,family_four:10;family_three:10;single_average:5;single_low:5;two_person_average:10;two_person_low:10,180.0
1.3,3,4.5|5|10,111617.77589858988,111257.77589858988,360.0,0.09486106879573042,0.701350317931427,family_four:10;family_three:10;single_average:5;single_low:5;two_person_average:10;two_person_low:10,180.0
1.3,3,1.8|4.5|10,111650.20132810443,111290.20132810443,360.0,0.25753940162553784,0.6799541924316103,family_four:10;family_three:10;single_average:10;single_low:4.5;two_person_average:10;two_person_low:10,212.42542951455107
1.3,3,2|4.5|10,111650.20132810443,111290.20132810443,360.0,0.25753940162553784,0.6799541924316103,family_four:10;family_three:10;single_average:10;single_low:4.5;two_person_average:10;two_person_low:10,212.42542951455107
1.3,3,2.1|4.5|10,111650.20132810443,111290.20132810443,360.0,0.25753940162553784,0.6799541924316103,family_four:10;family_three:10;single_average:10;single_low:4.5;two_person_average:10;two_person_low:10,212.42542951455107
1.3,3,2.25|4.5|10,111650.20132810443,111290.20132810443,360.0,0.25753940162553784,0.6799541924316103,family_four:10;family_three:10;single_average:10;single_low:4.5;two_person_average:10;two_person_low:10,212.42542951455107
1.3,3,2.4|4.5|10,111650.20132810443,111290.20132810443,360.0,0.25753940162553784,0.6799541924316103,family_four:10;family_three:10;single_average:10;single_low:4.5;two_person_average:10;two_person_low:10,212.42542951455107
1.3,3,3|4.5|10,111650.20132810443,111290.20132810443,360.0,0.25753940162553784,0.6799541924316103,family_four:10;family_three:10;single_average:10;single_low:4.5;two_person_average:10;two_person_low:10,212.42542951455107
1.3,3,3|9|10,111725.13501847451,111365.13501847451,360.0,0.14213461308380207,0.6995077271418191,family_four:10;family_three:10;single_average:9;single_low:3;two_person_average:10;two_person_low:9,287.3591198846261
1.3,3,1.8|9|10,111775.12602262685,111415.12602262685,360.0,0.48428090212327707,0.6724128540466056,family_four:10;family_three:10;single_average:9;single_low:9;two_person_average:10;two_person_low:9,337.350124036966
1.3,3,2|9|10,111775.12602262685,111415.12602262685,360.0,0.48428090212327707,0.6724128540466056,family_four:10;family_three:10;single_average:9;single_low:9;two_person_average:10;two_person_low:9,337.350124036966
1.3,3,2.1|9|10,111775.12602262685,111415.12602262685,360.0,0.48428090212327707,0.6724128540466056,family_four:10;family_three:10;single_average:9;single_low:9;two_person_average:10;two_person_low:9,337.350124036966
1.3,3,2.25|9|10,111775.12602262685,111415.12602262685,360.0,0.48428090212327707,0.6724128540466056,family_four:10;family_three:10;single_average:9;single_low:9;two_person_average:10;two_person_low:9,337.350124036966
1.3,3,2.4|9|10,111775.12602262685,111415.12602262685,360.0,0.48428090212327707,0.6724128540466056,family_four:10;family_three:10;single_average:9;single_low:9;two_person_average:10;two_person_low:9,337.350124036966
1.3,3,1.8|5|9,111775.94546529,111415.94546529,360.0,0.1958075300959223,0.7061883172871373,family_four:9;family_three:9;single_average:9;single_low:5;two_person_average:9;two_person_low:9,338.1695667001186
1.3,3,2|5|9,111775.94546529,111415.94546529,360.0,0.1958075300959223,0.7061883172871373,family_four:9;family_three:9;single_average:9;single_low:5;two_person_average:9;two_person_low:9,338.1695667001186
1.3,3,2.1|5|9,111775.94546529,111415.94546529,360.0,0.1958075300959223,0.7061883172871373,family_four:9;family_three:9;single_average:9;single_low:5;two_person_average:9;two_person_low:9,338.1695667001186
1.3,3,2.25|5|9,111775.94546529,111415.94546529,360.0,0.1958075300959223,0.7061883172871373,family_four:9;family_three:9;single_average:9;single_low:5;two_person_average:9;two_person_low:9,338.1695667001186
1.3,3,2.4|5|9,111775.94546529,111415.94546529,360.0,0.1958075300959223,0.7061883172871373,family_four:9;family_three:9;single_average:9;single_low:5;two_person_average:9;two_person_low:9,338.1695667001186
1.3,3,3|5|9,111775.94546529,111415.94546529,360.0,0.1958075300959223,0.7061883172871373,family_four:9;family_three:9;single_average:9;single_low:5;two_person_average:9;two_person_low:9,338.1695667001186
1.3,3,4.5|5|9,111775.94546529,111415.94546529,360.0,0.1958075300959223,0.7061883172871373,family_four:9;family_three:9;single_average:9;single_low:5;two_person_average:9;two_person_low:9,338.1695667001186
1.3,3,1.8|4.5|9,111785.21334125096,111425.21334125096,360.0,0.17201222859444454,0.7089314125050984,family_four:9;family_three:9;single_average:9;single_low:4.5;two_person_average:9;two_person_low:9,347.4374426610739
1.3,3,2|4.5|9,111785.21334125096,111425.21334125096,360.0,0.17201222859444454,0.7089314125050984,family_four:9;family_three:9;single_average:9;single_low:4.5;two_person_average:9;two_person_low:9,347.4374426610739
1.3,3,2.1|4.5|9,111785.21334125096,111425.21334125096,360.0,0.17201222859444454,0.7089314125050984,family_four:9;family_three:9;single_average:9;single_low:4.5;two_person_average:9;two_person_low:9,347.4374426610739
1.3,3,2.25|4.5|9,111785.21334125096,111425.21334125096,360.0,0.17201222859444454,0.7089314125050984,family_four:9;family_three:9;single_average:9;single_low:4.5;two_person_average:9;two_person_low:9,347.4374426610739
1.3,3,2.4|4.5|9,111785.21334125096,111425.21334125096,360.0,0.17201222859444454,0.7089314125050984,family_four:9;family_three:9;single_average:9;single_low:4.5;two_person_average:9;two_person_low:9,347.4374426610739
1.3,3,3|4.5|9,111785.21334125096,111425.21334125096,360.0,0.17201222859444454,0.7089314125050984,family_four:9;family_three:9;single_average:9;single_low:4.5;two_person_average:9;two_person_low:9,347.4374426610739
1.3,3,1.8|3|10,111794.51348502356,111434.51348502356,360.0,0.22733655244062262,0.6931464295651921,family_four:10;family_three:10;single_average:10;single_low:3;two_person_average:10;two_person_low:10,356.7375864336791
1.3,3,2|3|10,111794.51348502356,111434.51348502356,360.0,0.22733655244062262,0.6931464295651921,family_four:10;family_three:10;single_average:10;single_low:3;two_person_average:10;two_person_low:10,356.7375864336791
1.3,3,2.1|3|10,111794.51348502356,111434.51348502356,360.0,0.22733655244062262,0.6931464295651921,family_four:10;family_three:10;single_average:10;single_low:3;two_person_average:10;two_person_low:10,356.7375864336791
1.3,3,2.25|3|10,111794.51348502356,111434.51348502356,360.0,0.22733655244062262,0.6931464295651921,family_four:10;family_three:10;single_average:10;single_low:3;two_person_average:10;two_person_low:10,356.7375864336791
1.3,3,2.4|3|10,111794.51348502356,111434.51348502356,360.0,0.22733655244062262,0.6931464295651921,family_four:10;family_three:10;single_average:10;single_low:3;two_person_average:10;two_person_low:10,356.7375864336791
1.3,3,1.8|2.4|10,111909.22872092108,111549.22872092108,360.0,0.22667747528905943,0.7022614115060413,family_four:10;family_three:10;single_average:10;single_low:2.4;two_person_average:10;two_person_low:10,471.4528223311936
1.3,3,2|2.4|10,111909.22872092108,111549.22872092108,360.0,0.22667747528905943,0.7022614115060413,family_four:10;family_three:10;single_average:10;single_low:2.4;two_person_average:10;two_person_low:10,471.4528223311936
1.3,3,2.1|2.4|10,111909.22872092108,111549.22872092108,360.0,0.22667747528905943,0.7022614115060413,family_four:10;family_three:10;single_average:10;single_low:2.4;two_person_average:10;two_person_low:10,471.4528223311936
1.3,3,2.25|2.4|10,111909.22872092108,111549.22872092108,360.0,0.22667747528905943,0.7022614115060413,family_four:10;family_three:10;single_average:10;single_low:2.4;two_person_average:10;two_person_low:10,471.4528223311936
1.3,3,1.8|2|10,111926.16216849188,111566.16216849188,360.0,0.6531809608413827,0.6638348420730351,family_four:10;family_three:10;single_average:10;single_low:10;two_person_average:10;two_person_low:10,488.38626990199555
1.3,3,1.8|2.1|10,111926.16216849188,111566.16216849188,360.0,0.6531809608413827,0.6638348420730351,family_four:10;family_three:10;single_average:10;single_low:10;two_person_average:10;two_person_low:10,488.38626990199555
1.3,3,1.8|2.25|10,111926.16216849188,111566.16216849188,360.0,0.6531809608413827,0.6638348420730351,family_four:10;family_three:10;single_average:10;single_low:10;two_person_average:10;two_person_low:10,488.38626990199555
1.3,3,2|2.1|10,111926.16216849188,111566.16216849188,360.0,0.6531809608413827,0.6638348420730351,family_four:10;family_three:10;single_average:10;single_low:10;two_person_average:10;two_person_low:10,488.38626990199555
1.3,3,2|2.25|10,111926.16216849188,111566.16216849188,360.0,0.6531809608413827,0.6638348420730351,family_four:10;family_three:10;single_average:10;single_low:10;two_person_average:10;two_person_low:10,488.38626990199555
1.3,3,2.1|2.25|10,111926.16216849188,111566.16216849188,360.0,0.6531809608413827,0.6638348420730351,family_four:10;family_three:10;single_average:10;single_low:10;two_person_average:10;two_person_low:10,488.38626990199555
1.3,3,1.8|3|9,111929.5254981701,111569.5254981701,360.0,0.14180937940952934,0.7221236496386803,family_four:9;family_three:9;single_average:9;single_low:3;two_person_average:9;two_person_low:9,491.74959958021645
1.3,3,2|3|9,111929.5254981701,111569.5254981701,360.0,0.14180937940952934,0.7221236496386803,family_four:9;family_three:9;single_average:9;single_low:3;two_person_average:9;two_person_low:9,491.74959958021645
1.3,3,2.1|3|9,111929.5254981701,111569.5254981701,360.0,0.14180937940952934,0.7221236496386803,family_four:9;family_three:9;single_average:9;single_low:3;two_person_average:9;two_person_low:9,491.74959958021645
1.3,3,2.25|3|9,111929.5254981701,111569.5254981701,360.0,0.14180937940952934,0.7221236496386803,family_four:9;family_three:9;single_average:9;single_low:3;two_person_average:9;two_person_low:9,491.74959958021645
1.3,3,2.4|3|9,111929.5254981701,111569.5254981701,360.0,0.14180937940952934,0.7221236496386803,family_four:9;family_three:9;single_average:9;single_low:3;two_person_average:9;two_person_low:9,491.74959958021645
1.3,3,1.8|2|9,111979.51650232244,111619.51650232244,360.0,0.48395566844900434,0.6950287765434667,family_four:9;family_three:9;single_average:9;single_low:9;two_person_average:9;two_person_low:9,541.7406037325563
1.3,3,1.8|2.1|9,111979.51650232244,111619.51650232244,360.0,0.48395566844900434,0.6950287765434667,family_four:9;family_three:9;single_average:9;single_low:9;two_person_average:9;two_person_low:9,541.7406037325563
1.3,3,1.8|2.25|9,111979.51650232244,111619.51650232244,360.0,0.48395566844900434,0.6950287765434667,family_four:9;family_three:9;single_average:9;single_low:9;two_person_average:9;two_person_low:9,541.7406037325563
1.3,3,1.8|2.4|9,111979.51650232244,111619.51650232244,360.0,0.48395566844900434,0.6950287765434667,family_four:9;family_three:9;single_average:9;single_low:9;two_person_average:9;two_person_low:9,541.7406037325563
1.3,3,2|2.1|9,111979.51650232244,111619.51650232244,360.0,0.48395566844900434,0.6950287765434667,family_four:9;family_three:9;single_average:9;single_low:9;two_person_average:9;two_person_low:9,541.7406037325563
1.3,3,2|2.25|9,111979.51650232244,111619.51650232244,360.0,0.48395566844900434,0.6950287765434667,family_four:9;family_three:9;single_average:9;single_low:9;two_person_average:9;two_person_low:9,541.7406037325563
1.3,3,2|2.4|9,111979.51650232244,111619.51650232244,360.0,0.48395566844900434,0.6950287765434667,family_four:9;family_three:9;single_average:9;single_low:9;two_person_average:9;two_person_low:9,541.7406037325563
1.3,3,2.1|2.25|9,111979.51650232244,111619.51650232244,360.0,0.48395566844900434,0.6950287765434667,family_four:9;family_three:9;single_average:9;single_low:9;two_person_average:9;two_person_low:9,541.7406037325563
1.3,3,2.1|2.4|9,111979.51650232244,111619.51650232244,360.0,0.48395566844900434,0.6950287765434667,family_four:9;family_three:9;single_average:9;single_low:9;two_person_average:9;two_person_low:9,541.7406037325563
1.3,3,2.25|2.4|9,111979.51650232244,111619.51650232244,360.0,0.48395566844900434,0.6950287765434667,family_four:9;family_three:9;single_average:9;single_low:9;two_person_average:9;two_person_low:9,541.7406037325563
1.3,3,1.8|2|5,114240.63200345903,113880.63200345903,360.0,0.055088509523762604,0.9111631176902474,family_four:5;family_three:5;single_average:5;single_low:5;two_person_average:5;two_person_low:5,2802.856104869148
1.3,3,1.8|2.1|5,114240.63200345903,113880.63200345903,360.0,0.055088509523762604,0.9111631176902474,family_four:5;family_three:5;single_average:5;single_low:5;two_person_average:5;two_person_low:5,2802.856104869148
1.3,3,1.8|2.25|5,114240.63200345903,113880.63200345903,360.0,0.055088509523762604,0.9111631176902474,family_four:5;family_three:5;single_average:5;single_low:5;two_person_average:5;two_person_low:5,2802.856104869148
1.3,3,1.8|2.4|5,114240.63200345903,113880.63200345903,360.0,0.055088509523762604,0.9111631176902474,family_four:5;family_three:5;single_average:5;single_low:5;two_person_average:5;two_person_low:5,2802.856104869148
1.3,3,1.8|3|5,114240.63200345903,113880.63200345903,360.0,0.055088509523762604,0.9111631176902474,family_four:5;family_three:5;single_average:5;single_low:5;two_person_average:5;two_person_low:5,2802.856104869148
1.3,3,1.8|4.5|5,114240.63200345903,113880.63200345903,360.0,0.055088509523762604,0.9111631176902474,family_four:5;family_three:5;single_average:5;single_low:5;two_person_average:5;two_person_low:5,2802.856104869148
1.3,3,2|2.1|5,114240.63200345903,113880.63200345903,360.0,0.055088509523762604,0.9111631176902474,family_four:5;family_three:5;single_average:5;single_low:5;two_person_average:5;two_person_low:5,2802.856104869148
1.3,3,2|2.25|5,114240.63200345903,113880.63200345903,360.0,0.055088509523762604,0.9111631176902474,family_four:5;family_three:5;single_average:5;single_low:5;two_person_average:5;two_person_low:5,2802.856104869148
1.3,3,2|2.4|5,114240.63200345903,113880.63200345903,360.0,0.055088509523762604,0.9111631176902474,family_four:5;family_three:5;single_average:5;single_low:5;two_person_average:5;two_person_low:5,2802.856104869148
1.3,3,2|3|5,114240.63200345903,113880.63200345903,360.0,0.055088509523762604,0.9111631176902474,family_four:5;family_three:5;single_average:5;single_low:5;two_person_average:5;two_person_low:5,2802.856104869148
1.3,3,2|4.5|5,114240.63200345903,113880.63200345903,360.0,0.055088509523762604,0.9111631176902474,family_four:5;family_three:5;single_average:5;single_low:5;two_person_average:5;two_person_low:5,2802.856104869148
1.3,3,2.1|2.25|5,114240.63200345903,113880.63200345903,360.0,0.055088509523762604,0.9111631176902474,family_four:5;family_three:5;single_average:5;single_low:5;two_person_average:5;two_person_low:5,2802.856104869148
1.3,3,2.1|2.4|5,114240.63200345903,113880.63200345903,360.0,0.055088509523762604,0.9111631176902474,family_four:5;family_three:5;single_average:5;single_low:5;two_person_average:5;two_person_low:5,2802.856104869148
1.3,3,2.1|3|5,114240.63200345903,113880.63200345903,360.0,0.055088509523762604,0.9111631176902474,family_four:5;family_three:5;single_average:5;single_low:5;two_person_average:5;two_person_low:5,2802.856104869148
1.3,3,2.1|4.5|5,114240.63200345903,113880.63200345903,360.0,0.055088509523762604,0.9111631176902474,family_four:5;family_three:5;single_average:5;single_low:5;two_person_average:5;two_person_low:5,2802.856104869148
1.3,3,2.25|2.4|5,114240.63200345903,113880.63200345903,360.0,0.055088509523762604,0.9111631176902474,family_four:5;family_three:5;single_average:5;single_low:5;two_person_average:5;two_person_low:5,2802.856104869148
1.3,3,2.25|3|5,114240.63200345903,113880.63200345903,360.0,0.055088509523762604,0.9111631176902474,family_four:5;family_three:5;single_average:5;single_low:5;two_person_average:5;two_person_low:5,2802.856104869148
1.3,3,2.25|4.5|5,114240.63200345903,113880.63200345903,360.0,0.055088509523762604,0.9111631176902474,family_four:5;family_three:5;single_average:5;single_low:5;two_person_average:5;two_person_low:5,2802.856104869148
1.3,3,2.4|3|5,114240.63200345903,113880.63200345903,360.0,0.055088509523762604,0.9111631176902474,family_four:5;family_three:5;single_average:5;single_low:5;two_person_average:5;two_person_low:5,2802.856104869148
1.3,3,2.4|4.5|5,114240.63200345903,113880.63200345903,360.0,0.055088509523762604,0.9111631176902474,family_four:5;family_three:5;single_average:5;single_low:5;two_person_average:5;two_person_low:5,2802.856104869148
1.3,3,3|4.5|5,114240.63200345903,113880.63200345903,360.0,0.055088509523762604,0.9111631176902474,family_four:5;family_three:5;single_average:5;single_low:5;two_person_average:5;two_person_low:5,2802.856104869148
1.3,3,1.8|2|4.5,114858.04786621922,114498.04786621922,360.0,0.030916612427191428,0.9593228022933238,family_four:4.5;family_three:4.5;single_average:4.5;single_low:4.5;two_person_average:4.5;two_person_low:4.5,3420.2719676293345
1.3,3,1.8|2.1|4.5,114858.04786621922,114498.04786621922,360.0,0.030916612427191428,0.9593228022933238,family_four:4.5;family_three:4.5;single_average:4.5;single_low:4.5;two_person_average:4.5;two_person_low:4.5,3420.2719676293345
1.3,3,1.8|2.25|4.5,114858.04786621922,114498.04786621922,360.0,0.030916612427191428,0.9593228022933238,family_four:4.5;family_three:4.5;single_average:4.5;single_low:4.5;two_person_average:4.5;two_person_low:4.5,3420.2719676293345
1.3,3,1.8|2.4|4.5,114858.04786621922,114498.04786621922,360.0,0.030916612427191428,0.9593228022933238,family_four:4.5;family_three:4.5;single_average:4.5;single_low:4.5;two_person_average:4.5;two_person_low:4.5,3420.2719676293345
1.3,3,1.8|3|4.5,114858.04786621922,114498.04786621922,360.0,0.030916612427191428,0.9593228022933238,family_four:4.5;family_three:4.5;single_average:4.5;single_low:4.5;two_person_average:4.5;two_person_low:4.5,3420.2719676293345
1.3,3,2|2.1|4.5,114858.04786621922,114498.04786621922,360.0,0.030916612427191428,0.9593228022933238,family_four:4.5;family_three:4.5;single_average:4.5;single_low:4.5;two_person_average:4.5;two_person_low:4.5,3420.2719676293345
1.3,3,2|2.25|4.5,114858.04786621922,114498.04786621922,360.0,0.030916612427191428,0.9593228022933238,family_four:4.5;family_three:4.5;single_average:4.5;single_low:4.5;two_person_average:4.5;two_person_low:4.5,3420.2719676293345
1.3,3,2|2.4|4.5,114858.04786621922,114498.04786621922,360.0,0.030916612427191428,0.9593228022933238,family_four:4.5;family_three:4.5;single_average:4.5;single_low:4.5;two_person_average:4.5;two_person_low:4.5,3420.2719676293345
1.3,3,2|3|4.5,114858.04786621922,114498.04786621922,360.0,0.030916612427191428,0.9593228022933238,family_four:4.5;family_three:4.5;single_average:4.5;single_low:4.5;two_person_average:4.5;two_person_low:4.5,3420.2719676293345
1.3,3,2.1|2.25|4.5,114858.04786621922,114498.04786621922,360.0,0.030916612427191428,0.9593228022933238,family_four:4.5;family_three:4.5;single_average:4.5;single_low:4.5;two_person_average:4.5;two_person_low:4.5,3420.2719676293345
1.3,3,2.1|2.4|4.5,114858.04786621922,114498.04786621922,360.0,0.030916612427191428,0.9593228022933238,family_four:4.5;family_three:4.5;single_average:4.5;single_low:4.5;two_person_average:4.5;two_person_low:4.5,3420.2719676293345
1.3,3,2.1|3|4.5,114858.04786621922,114498.04786621922,360.0,0.030916612427191428,0.9593228022933238,family_four:4.5;family_three:4.5;single_average:4.5;single_low:4.5;two_person_average:4.5;two_person_low:4.5,3420.2719676293345
1.3,3,2.25|2.4|4.5,114858.04786621922,114498.04786621922,360.0,0.030916612427191428,0.9593228022933238,family_four:4.5;family_three:4.5;single_average:4.5;single_low:4.5;two_person_average:4.5;two_person_low:4.5,3420.2719676293345
1.3,3,2.25|3|4.5,114858.04786621922,114498.04786621922,360.0,0.030916612427191428,0.9593228022933238,family_four:4.5;family_three:4.5;single_average:4.5;single_low:4.5;two_person_average:4.5;two_person_low:4.5,3420.2719676293345
1.3,3,2.4|3|4.5,114858.04786621922,114498.04786621922,360.0,0.030916612427191428,0.9593228022933238,family_four:4.5;family_three:4.5;single_average:4.5;single_low:4.5;two_person_average:4.5;two_person_low:4.5,3420.2719676293345
1.3,3,1.8|2|3,117801.41225941527,117441.41225941527,360.0,0.0006789539572568411,1.1819445225660838,family_four:3;family_three:3;single_average:3;single_low:3;two_person_average:3;two_person_low:3,6363.636360825389
1.3,3,1.8|2.1|3,117801.41225941527,117441.41225941527,360.0,0.0006789539572568411,1.1819445225660838,family_four:3;family_three:3;single_average:3;single_low:3;two_person_average:3;two_person_low:3,6363.636360825389
1.3,3,1.8|2.25|3,117801.41225941527,117441.41225941527,360.0,0.0006789539572568411,1.1819445225660838,family_four:3;family_three:3;single_average:3;single_low:3;two_person_average:3;two_person_low:3,6363.636360825389
1.3,3,1.8|2.4|3,117801.41225941527,117441.41225941527,360.0,0.0006789539572568411,1.1819445225660838,family_four:3;family_three:3;single_average:3;single_low:3;two_person_average:3;two_person_low:3,6363.636360825389
1.3,3,2|2.1|3,117801.41225941527,117441.41225941527,360.0,0.0006789539572568411,1.1819445225660838,family_four:3;family_three:3;single_average:3;single_low:3;two_person_average:3;two_person_low:3,6363.636360825389
1.3,3,2|2.25|3,117801.41225941527,117441.41225941527,360.0,0.0006789539572568411,1.1819445225660838,family_four:3;family_three:3;single_average:3;single_low:3;two_person_average:3;two_person_low:3,6363.636360825389
1.3,3,2|2.4|3,117801.41225941527,117441.41225941527,360.0,0.0006789539572568411,1.1819445225660838,family_four:3;family_three:3;single_average:3;single_low:3;two_person_average:3;two_person_low:3,6363.636360825389
1.3,3,2.1|2.25|3,117801.41225941527,117441.41225941527,360.0,0.0006789539572568411,1.1819445225660838,family_four:3;family_three:3;single_average:3;single_low:3;two_person_average:3;two_person_low:3,6363.636360825389
1.3,3,2.1|2.4|3,117801.41225941527,117441.41225941527,360.0,0.0006789539572568411,1.1819445225660838,family_four:3;family_three:3;single_average:3;single_low:3;two_person_average:3;two_person_low:3,6363.636360825389
1.3,3,2.25|2.4|3,117801.41225941527,117441.41225941527,360.0,0.0006789539572568411,1.1819445225660838,family_four:3;family_three:3;single_average:3;single_low:3;two_person_average:3;two_person_low:3,6363.636360825389
1.3,3,1.8|2|2.4,119806.59147084429,119446.59147084429,360.0,1.9876805693653678e-05,1.3345725744867545,family_four:2.4;family_three:2.4;single_average:2.4;single_low:2.4;two_person_average:2.4;two_person_low:2.4,8368.815572254403
1.3,3,1.8|2.1|2.4,119806.59147084429,119446.59147084429,360.0,1.9876805693653678e-05,1.3345725744867545,family_four:2.4;family_three:2.4;single_average:2.4;single_low:2.4;two_person_average:2.4;two_person_low:2.4,8368.815572254403
1.3,3,1.8|2.25|2.4,119806.59147084429,119446.59147084429,360.0,1.9876805693653678e-05,1.3345725744867545,family_four:2.4;family_three:2.4;single_average:2.4;single_low:2.4;two_person_average:2.4;two_person_low:2.4,8368.815572254403
1.3,3,2|2.1|2.4,119806.59147084429,119446.59147084429,360.0,1.9876805693653678e-05,1.3345725744867545,family_four:2.4;family_three:2.4;single_average:2.4;single_low:2.4;two_person_average:2.4;two_person_low:2.4,8368.815572254403
1.3,3,2|2.25|2.4,119806.59147084429,119446.59147084429,360.0,1.9876805693653678e-05,1.3345725744867545,family_four:2.4;family_three:2.4;single_average:2.4;single_low:2.4;two_person_average:2.4;two_person_low:2.4,8368.815572254403
1.3,3,2.1|2.25|2.4,119806.59147084429,119446.59147084429,360.0,1.9876805693653678e-05,1.3345725744867545,family_four:2.4;family_three:2.4;single_average:2.4;single_low:2.4;two_person_average:2.4;two_person_low:2.4,8368.815572254403
1.3,3,1.8|2|2.25,120445.40310675424,120085.40310675424,360.0,4.727998109610303e-06,1.3832986919763302,family_four:2.25;family_three:2.25;single_average:2.25;single_low:2.25;two_person_average:2.25;two_person_low:2.25,9007.627208164355
1.3,3,1.8|2.1|2.25,120445.40310675424,120085.40310675424,360.0,4.727998109610303e-06,1.3832986919763302,family_four:2.25;family_three:2.25;single_average:2.25;single_low:2.25;two_person_average:2.25;two_person_low:2.25,9007.627208164355
1.3,3,2|2.1|2.25,120445.40310675424,120085.40310675424,360.0,4.727998109610303e-06,1.3832986919763302,family_four:2.25;family_three:2.25;single_average:2.25;single_low:2.25;two_person_average:2.25;two_person_low:2.25,9007.627208164355
1.3,3,1.8|2|2.1,121165.3695840158,120805.3695840158,360.0,7.226642560452767e-08,1.438154869621021,family_four:2.1;family_three:2.1;single_average:2.1;single_low:2.1;two_person_average:2.1;two_person_low:2.1,9727.59368542592
1.4,1,10,120169.54172990008,120169.54172990008,0.0,0.5703254175691201,0.7154646600583067,family_four:10;family_three:10;single_average:10;single_low:10;two_person_average:10;two_person_low:10,82.39186006259115
1.4,1,9,120249.28987191772,120249.28987191772,0.0,0.41727384230003783,0.7478053244499304,family_four:9;family_three:9;single_average:9;single_low:9;two_person_average:9;two_person_low:9,162.1400020802248
1.4,1,5,122787.75522792047,122787.75522792047,0.0,0.039238522716879505,0.9826496210009624,family_four:5;family_three:5;single_average:5;single_low:5;two_person_average:5;two_person_low:5,2700.6053580829757
1.4,1,4.5,123461.29867320064,123461.29867320064,0.0,0.02003180244206574,1.0348420369067686,family_four:4.5;family_three:4.5;single_average:4.5;single_low:4.5;two_person_average:4.5;two_person_low:4.5,3374.1488033631467
1.4,1,3,126651.43792676297,126651.43792676297,0.0,0.00023207378496063456,1.2749127769235615,family_four:3;family_three:3;single_average:3;single_low:3;two_person_average:3;two_person_low:3,6564.288056925478
1.4,1,2.4,128814.03318342367,128814.03318342367,0.0,3.676559973387755e-06,1.4393747112983784,family_four:2.4;family_three:2.4;single_average:2.4;single_low:2.4;two_person_average:2.4;two_person_low:2.4,8726.883313586179
1.4,1,2.25,129503.87028180904,129503.87028180904,0.0,4.0883951390816134e-07,1.4918801995140796,family_four:2.25;family_three:2.25;single_average:2.25;single_low:2.25;two_person_average:2.25;two_person_low:2.25,9416.720411971546
1.4,1,2.1,130277.66298415363,130277.66298415363,0.0,0.0,1.550575533098094,family_four:2.1;family_three:2.1;single_average:2.1;single_low:2.1;two_person_average:2.1;two_person_low:2.1,10190.513114316142
1.4,1,2,130872.77104470738,130872.77104470738,0.0,0.0,1.59453340223031,family_four:2;family_three:2;single_average:2;single_low:2;two_person_average:2;two_person_low:2,10785.621174869884
1.4,1,1.8,132163.60468139703,132163.60468139703,0.0,0.0,1.6946846103419888,family_four:1.8;family_three:1.8;single_average:1.8;single_low:1.8;two_person_average:1.8;two_person_low:1.8,12076.454811559539
1.4,2,5|10,120087.14986983749,119907.14986983749,180.0,0.2163442902279887,0.7296399426346223,family_four:10;family_three:10;single_average:10;single_low:5;two_person_average:10;two_person_low:10,0.0
1.4,2,4.5|10,120103.42519401351,119923.42519401351,180.0,0.19723727722144865,0.7326458067709454,family_four:10;family_three:10;single_average:10;single_low:4.5;two_person_average:10;two_person_low:10,16.275324176021968
1.4,2,9|10,120205.25634594007,120025.25634594007,180.0,0.4319218219544656,0.7196248453522025,family_four:10;family_three:10;single_average:9;single_low:9;two_person_average:10;two_person_low:10,118.10647610257729
1.4,2,5|9,120254.53887357001,120074.53887357001,180.0,0.14448700374286924,0.7609387465943396,family_four:9;family_three:9;single_average:9;single_low:5;two_person_average:9;two_person_low:9,167.38900373251818
1.4,2,4.5|9,120270.81419774603,120090.81419774603,180.0,0.12537999073632922,0.7639446107306627,family_four:9;family_three:9;single_average:9;single_low:4.5;two_person_average:9;two_person_low:9,183.66432790854014
1.4,2,3|10,120272.4277190667,120092.4277190667,180.0,0.17744229250162674,0.7468602745946827,family_four:10;family_three:10;single_average:10;single_low:3;two_person_average:10;two_person_low:10,185.27784922921273
1.4,2,1.8|10,120349.54172990008,120169.54172990008,180.0,0.5703254175691201,0.7154646600583067,family_four:10;family_three:10;single_average:10;single_low:10;two_person_average:10;two_person_low:10,262.39186006259115
1.4,2,2|10,120349.54172990008,120169.54172990008,180.0,0.5703254175691201,0.7154646600583067,family_four:10;family_three:10;single_average:10;single_low:10;two_person_average:10;two_person_low:10,262.39186006259115
1.4,2,2.1|10,120349.54172990008,120169.54172990008,180.0,0.5703254175691201,0.7154646600583067,family_four:10;family_three:10;single_average:10;single_low:10;two_person_average:10;two_person_low:10,262.39186006259115
1.4,2,2.25|10,120349.54172990008,120169.54172990008,180.0,0.5703254175691201,0.7154646600583067,family_four:10;family_three:10;single_average:10;single_low:10;two_person_average:10;two_person_low:10,262.39186006259115
1.4,2,2.4|10,120349.54172990008,120169.54172990008,180.0,0.5703254175691201,0.7154646600583067,family_four:10;family_three:10;single_average:10;single_low:10;two_person_average:10;two_person_low:10,262.39186006259115
1.4,2,1.8|9,120429.28987191772,120249.28987191772,180.0,0.41727384230003783,0.7478053244499304,family_four:9;family_three:9;single_average:9;single_low:9;two_person_average:9;two_person_low:9,342.1400020802248
1.4,2,2|9,120429.28987191772,120249.28987191772,180.0,0.41727384230003783,0.7478053244499304,family_four:9;family_three:9;single_average:9;single_low:9;two_person_average:9;two_person_low:9,342.1400020802248
1.4,2,2.1|9,120429.28987191772,120249.28987191772,180.0,0.41727384230003783,0.7478053244499304,family_four:9;family_three:9;single_average:9;single_low:9;two_person_average:9;two_person_low:9,342.1400020802248
1.4,2,2.25|9,120429.28987191772,120249.28987191772,180.0,0.41727384230003783,0.7478053244499304,family_four:9;family_three:9;single_average:9;single_low:9;two_person_average:9;two_person_low:9,342.1400020802248
1.4,2,2.4|9,120429.28987191772,120249.28987191772,180.0,0.41727384230003783,0.7478053244499304,family_four:9;family_three:9;single_average:9;single_low:9;two_person_average:9;two_person_low:9,342.1400020802248
1.4,2,3|9,120429.28987191772,120249.28987191772,180.0,0.41727384230003783,0.7478053244499304,family_four:9;family_three:9;single_average:9;single_low:9;two_person_average:9;two_person_low:9,342.1400020802248
1.4,2,1.8|5,122967.75522792047,122787.75522792047,180.0,0.039238522716879505,0.9826496210009624,family_four:5;family_three:5;single_average:5;single_low:5;two_person_average:5;two_person_low:5,2880.6053580829757
1.4,2,2|5,122967.75522792047,122787.75522792047,180.0,0.039238522716879505,0.9826496210009624,family_four:5;family_three:5;single_average:5;single_low:5;two_person_average:5;two_person_low:5,2880.6053580829757
1.4,2,2.1|5,122967.75522792047,122787.75522792047,180.0,0.039238522716879505,0.9826496210009624,family_four:5;family_three:5;single_average:5;single_low:5;two_person_average:5;two_person_low:5,2880.6053580829757
1.4,2,2.25|5,122967.75522792047,122787.75522792047,180.0,0.039238522716879505,0.9826496210009624,family_four:5;family_three:5;single_average:5;single_low:5;two_person_average:5;two_person_low:5,2880.6053580829757
1.4,2,2.4|5,122967.75522792047,122787.75522792047,180.0,0.039238522716879505,0.9826496210009624,family_four:5;family_three:5;single_average:5;single_low:5;two_person_average:5;two_person_low:5,2880.6053580829757
1.4,2,3|5,122967.75522792047,122787.75522792047,180.0,0.039238522716879505,0.9826496210009624,family_four:5;family_three:5;single_average:5;single_low:5;two_person_average:5;two_person_low:5,2880.6053580829757
1.4,2,4.5|5,122967.75522792047,122787.75522792047,180.0,0.039238522716879505,0.9826496210009624,family_four:5;family_three:5;single_average:5;single_low:5;two_person_average:5;two_person_low:5,2880.6053580829757
1.4,2,1.8|4.5,123641.29867320064,123461.29867320064,180.0,0.02003180244206574,1.0348420369067686,family_four:4.5;family_three:4.5;single_average:4.5;single_low:4.5;two_person_average:4.5;two_person_low:4.5,3554.1488033631467
1.4,2,2|4.5,123641.29867320064,123461.29867320064,180.0,0.02003180244206574,1.0348420369067686,family_four:4.5;family_three:4.5;single_average:4.5;single_low:4.5;two_person_average:4.5;two_person_low:4.5,3554.1488033631467
1.4,2,2.1|4.5,123641.29867320064,123461.29867320064,180.0,0.02003180244206574,1.0348420369067686,family_four:4.5;family_three:4.5;single_average:4.5;single_low:4.5;two_person_average:4.5;two_person_low:4.5,3554.1488033631467
1.4,2,2.25|4.5,123641.29867320064,123461.29867320064,180.0,0.02003180244206574,1.0348420369067686,family_four:4.5;family_three:4.5;single_average:4.5;single_low:4.5;two_person_average:4.5;two_person_low:4.5,3554.1488033631467
1.4,2,2.4|4.5,123641.29867320064,123461.29867320064,180.0,0.02003180244206574,1.0348420369067686,family_four:4.5;family_three:4.5;single_average:4.5;single_low:4.5;two_person_average:4.5;two_person_low:4.5,3554.1488033631467
1.4,2,3|4.5,123641.29867320064,123461.29867320064,180.0,0.02003180244206574,1.0348420369067686,family_four:4.5;family_three:4.5;single_average:4.5;single_low:4.5;two_person_average:4.5;two_person_low:4.5,3554.1488033631467
1.4,2,1.8|3,126831.43792676297,126651.43792676297,180.0,0.00023207378496063456,1.2749127769235615,family_four:3;family_three:3;single_average:3;single_low:3;two_person_average:3;two_person_low:3,6744.288056925478
1.4,2,2|3,126831.43792676297,126651.43792676297,180.0,0.00023207378496063456,1.2749127769235615,family_four:3;family_three:3;single_average:3;single_low:3;two_person_average:3;two_person_low:3,6744.288056925478
1.4,2,2.1|3,126831.43792676297,126651.43792676297,180.0,0.00023207378496063456,1.2749127769235615,family_four:3;family_three:3;single_average:3;single_low:3;two_person_average:3;two_person_low:3,6744.288056925478
1.4,2,2.25|3,126831.43792676297,126651.43792676297,180.0,0.00023207378496063456,1.2749127769235615,family_four:3;family_three:3;single_average:3;single_low:3;two_person_average:3;two_person_low:3,6744.288056925478
1.4,2,2.4|3,126831.43792676297,126651.43792676297,180.0,0.00023207378496063456,1.2749127769235615,family_four:3;family_three:3;single_average:3;single_low:3;two_person_average:3;two_person_low:3,6744.288056925478
1.4,2,1.8|2.4,128994.03318342367,128814.03318342367,180.0,3.676559973387755e-06,1.4393747112983784,family_four:2.4;family_three:2.4;single_average:2.4;single_low:2.4;two_person_average:2.4;two_person_low:2.4,8906.883313586179
1.4,2,2|2.4,128994.03318342367,128814.03318342367,180.0,3.676559973387755e-06,1.4393747112983784,family_four:2.4;family_three:2.4;single_average:2.4;single_low:2.4;two_person_average:2.4;two_person_low:2.4,8906.883313586179
1.4,2,2.1|2.4,128994.03318342367,128814.03318342367,180.0,3.676559973387755e-06,1.4393747112983784,family_four:2.4;family_three:2.4;single_average:2.4;single_low:2.4;two_person_average:2.4;two_person_low:2.4,8906.883313586179
1.4,2,2.25|2.4,128994.03318342367,128814.03318342367,180.0,3.676559973387755e-06,1.4393747112983784,family_four:2.4;family_three:2.4;single_average:2.4;single_low:2.4;two_person_average:2.4;two_person_low:2.4,8906.883313586179
1.4,2,1.8|2.25,129683.87028180904,129503.87028180904,180.0,4.0883951390816134e-07,1.4918801995140796,family_four:2.25;family_three:2.25;single_average:2.25;single_low:2.25;two_person_average:2.25;two_person_low:2.25,9596.720411971546
1.4,2,2|2.25,129683.87028180904,129503.87028180904,180.0,4.0883951390816134e-07,1.4918801995140796,family_four:2.25;family_three:2.25;single_average:2.25;single_low:2.25;two_person_average:2.25;two_person_low:2.25,9596.720411971546
1.4,2,2.1|2.25,129683.87028180904,129503.87028180904,180.0,4.0883951390816134e-07,1.4918801995140796,family_four:2.25;family_three:2.25;single_average:2.25;single_low:2.25;two_person_average:2.25;two_person_low:2.25,9596.720411971546
1.4,2,1.8|2.1,130457.66298415363,130277.66298415363,180.0,0.0,1.550575533098094,family_four:2.1;family_three:2.1;single_average:2.1;single_low:2.1;two_person_average:2.1;two_person_low:2.1,10370.513114316142
1.4,2,2|2.1,130457.66298415363,130277.66298415363,180.0,0.0,1.550575533098094,family_four:2.1;family_three:2.1;single_average:2.1;single_low:2.1;two_person_average:2.1;two_person_low:2.1,10370.513114316142
1.4,2,1.8|2,131052.77104470738,130872.77104470738,180.0,0.0,1.59453340223031,family_four:2;family_three:2;single_average:2;single_low:2;two_person_average:2;two_person_low:2,10965.621174869884
1.4,3,5|9|10,120210.50534759236,119850.50534759236,360.0,0.15913498339729706,0.7327582674966117,family_four:10;family_three:10;single_average:9;single_low:5;two_person_average:10;two_person_low:10,123.35547775487066
1.4,3,4.5|9|10,120226.78067176839,119866.78067176839,360.0,0.14002797039075704,0.7357641316329349,family_four:10;family_three:10;single_average:9;single_low:4.5;two_person_average:10;two_person_low:10,139.63080193089263
1.4,3,1.8|5|10,120267.14986983749,119907.14986983749,360.0,0.2163442902279887,0.7296399426346223,family_four:10;family_three:10;single_average:10;single_low:5;two_person_average:10;two_person_low:10,180.0
1.4,3,2|5|10,120267.14986983749,119907.14986983749,360.0,0.2163442902279887,0.7296399426346223,family_four:10;family_three:10;single_average:10;single_low:5;two_person_average:10;two_person_low:10,180.0
1.4,3,2.1|5|10,120267.14986983749,119907.14986983749,360.0,0.2163442902279887,0.7296399426346223,family_four:10;family_three:10;single_average:10;single_low:5;two_person_average:10;two_person_low:10,180.0
1.4,3,2.25|5|10,120267.14986983749,119907.14986983749,360.0,0.2163442902279887,0.7296399426346223,family_four:10;family_three:10;single_average:10;single_low:5;two_person_average:10;two_person_low:10,180.0
1.4,3,2.4|5|10,120267.14986983749,119907.14986983749,360.0,0.2163442902279887,0.7296399426346223,family_four:10;family_three:10;single_average:10;single_low:5;two_person_average:10;two_person_low:10,180.0
1.4,3,3|5|10,120267.14986983749,119907.14986983749,360.0,0.2163442902279887,0.7296399426346223,family_four:10;family_three:10;single_average:10;single_low:5;two_person_average:10;two_person_low:10,180.0
1.4,3,4.5|5|10,120267.14986983749,119907.14986983749,360.0,0.2163442902279887,0.7296399426346223,family_four:10;family_three:10;single_average:10;single_low:5;two_person_average:10;two_person_low:10,180.0
1.4,3,1.8|4.5|10,120283.42519401351,119923.42519401351,360.0,0.19723727722144865,0.7326458067709454,family_four:10;family_three:10;single_average:10;single_low:4.5;two_person_average:10;two_person_low:10,196.27532417602197
1.4,3,2|4.5|10,120283.42519401351,119923.42519401351,360.0,0.19723727722144865,0.7326458067709454,family_four:10;family_three:10;single_average:10;single_low:4.5;two_person_average:10;two_person_low:10,196.27532417602197
1.4,3,2.1|4.5|10,120283.42519401351,119923.42519401351,360.0,0.19723727722144865,0.7326458067709454,family_four:10;family_three:10;single_average:10;single_low:4.5;two_person_average:10;two_person_low:10,196.27532417602197
1.4,3,2.25|4.5|10,120283.42519401351,119923.42519401351,360.0,0.19723727722144865,0.7326458067709454,family_four:10;family_three:10;single_average:10;single_low:4.5;two_person_average:10;two_person_low:10,196.27532417602197
1.4,3,2.4|4.5|10,120283.42519401351,119923.42519401351,360.0,0.19723727722144865,0.7326458067709454,family_four:10;family_three:10;single_average:10;single_low:4.5;two_person_average:10;two_person_low:10,196.27532417602197
1.4,3,3|4.5|10,120283.42519401351,119923.42519401351,360.0,0.19723727722144865,0.7326458067709454,family_four:10;family_three:10;single_average:10;single_low:4.5;two_person_average:10;two_person_low:10,196.27532417602197
1.4,3,1.8|9|10,120385.25634594007,120025.25634594007,360.0,0.4319218219544656,0.7196248453522025,family_four:10;family_three:10;single_average:9;single_low:9;two_person_average:10;two_person_low:10,298.1064761025773
1.4,3,2|9|10,120385.25634594007,120025.25634594007,360.0,0.4319218219544656,0.7196248453522025,family_four:10;family_three:10;single_average:9;single_low:9;two_person_average:10;two_person_low:10,298.1064761025773
1.4,3,2.1|9|10,120385.25634594007,120025.25634594007,360.0,0.4319218219544656,0.7196248453522025,family_four:10;family_three:10;single_average:9;single_low:9;two_person_average:10;two_person_low:10,298.1064761025773
1.4,3,2.25|9|10,120385.25634594007,120025.25634594007,360.0,0.4319218219544656,0.7196248453522025,family_four:10;family_three:10;single_average:9;single_low:9;two_person_average:10;two_person_low:10,298.1064761025773
1.4,3,2.4|9|10,120385.25634594007,120025.25634594007,360.0,0.4319218219544656,0.7196248453522025,family_four:10;family_three:10;single_average:9;single_low:9;two_person_average:10;two_person_low:10,298.1064761025773
1.4,3,3|9|10,120385.25634594007,120025.25634594007,360.0,0.4319218219544656,0.7196248453522025,family_four:10;family_three:10;single_average:9;single_low:9;two_person_average:10;two_person_low:10,298.1064761025773
1.4,3,1.8|5|9,120434.53887357001,120074.53887357001,360.0,0.14448700374286924,0.7609387465943396,family_four:9;family_three:9;single_average:9;single_low:5;two_person_average:9;two_person_low:9,347.3890037325182
1.4,3,2|5|9,120434.53887357001,120074.53887357001,360.0,0.14448700374286924,0.7609387465943396,family_four:9;family_three:9;single_average:9;single_low:5;two_person_average:9;two_person_low:9,347.3890037325182
1.4,3,2.1|5|9,120434.53887357001,120074.53887357001,360.0,0.14448700374286924,0.7609387465943396,family_four:9;family_three:9;single_average:9;single_low:5;two_person_average:9;two_person_low:9,347.3890037325182
1.4,3,2.25|5|9,120434.53887357001,120074.53887357001,360.0,0.14448700374286924,0.7609387465943396,family_four:9;family_three:9;single_average:9;single_low:5;two_person_average:9;two_person_low:9,347.3890037325182
1.4,3,2.4|5|9,120434.53887357001,120074.53887357001,360.0,0.14448700374286924,0.7609387465943396,family_four:9;family_three:9;single_average:9;single_low:5;two_person_average:9;two_person_low:9,347.3890037325182
1.4,3,3|5|9,120434.53887357001,120074.53887357001,360.0,0.14448700374286924,0.7609387465943396,family_four:9;family_three:9;single_average:9;single_low:5;two_person_average:9;two_person_low:9,347.3890037325182
1.4,3,4.5|5|9,120434.53887357001,120074.53887357001,360.0,0.14448700374286924,0.7609387465943396,family_four:9;family_three:9;single_average:9;single_low:5;two_person_average:9;two_person_low:9,347.3890037325182
1.4,3,1.8|4.5|9,120450.81419774603,120090.81419774603,360.0,0.12537999073632922,0.7639446107306627,family_four:9;family_three:9;single_average:9;single_low:4.5;two_person_average:9;two_person_low:9,363.66432790854014
1.4,3,2|4.5|9,120450.81419774603,120090.81419774603,360.0,0.12537999073632922,0.7639446107306627,family_four:9;family_three:9;single_average:9;single_low:4.5;two_person_average:9;two_person_low:9,363.66432790854014
1.4,3,2.1|4.5|9,120450.81419774603,120090.81419774603,360.0,0.12537999073632922,0.7639446107306627,family_four:9;family_three:9;single_average:9;single_low:4.5;two_person_average:9;two_person_low:9,363.66432790854014
1.4,3,2.25|4.5|9,120450.81419774603,120090.81419774603,360.0,0.12537999073632922,0.7639446107306627,family_four:9;family_three:9;single_average:9;single_low:4.5;two_person_average:9;two_person_low:9,363.66432790854014
1.4,3,2.4|4.5|9,120450.81419774603,120090.81419774603,360.0,0.12537999073632922,0.7639446107306627,family_four:9;family_three:9;single_average:9;single_low:4.5;two_person_average:9;two_person_low:9,363.66432790854014
1.4,3,3|4.5|9,120450.81419774603,120090.81419774603,360.0,0.12537999073632922,0.7639446107306627,family_four:9;family_three:9;single_average:9;single_low:4.5;two_person_average:9;two_person_low:9,363.66432790854014
1.4,3,1.8|3|10,120452.4277190667,120092.4277190667,360.0,0.17744229250162674,0.7468602745946827,family_four:10;family_three:10;single_average:10;single_low:3;two_person_average:10;two_person_low:10,365.27784922921273
1.4,3,2|3|10,120452.4277190667,120092.4277190667,360.0,0.17744229250162674,0.7468602745946827,family_four:10;family_three:10;single_average:10;single_low:3;two_person_average:10;two_person_low:10,365.27784922921273
1.4,3,2.1|3|10,120452.4277190667,120092.4277190667,360.0,0.17744229250162674,0.7468602745946827,family_four:10;family_three:10;single_average:10;single_low:3;two_person_average:10;two_person_low:10,365.27784922921273
1.4,3,2.25|3|10,120452.4277190667,120092.4277190667,360.0,0.17744229250162674,0.7468602745946827,family_four:10;family_three:10;single_average:10;single_low:3;two_person_average:10;two_person_low:10,365.27784922921273
1.4,3,2.4|3|10,120452.4277190667,120092.4277190667,360.0,0.17744229250162674,0.7468602745946827,family_four:10;family_three:10;single_average:10;single_low:3;two_person_average:10;two_person_low:10,365.27784922921273
1.4,3,1.8|2|10,120529.54172990008,120169.54172990008,360.0,0.5703254175691201,0.7154646600583067,family_four:10;family_three:10;single_average:10;single_low:10;two_person_average:10;two_person_low:10,442.39186006259115
1.4,3,1.8|2.1|10,120529.54172990008,120169.54172990008,360.0,0.5703254175691201,0.7154646600583067,family_four:10;family_three:10;single_average:10;single_low:10;two_person_average:10;two_person_low:10,442.39186006259115
1.4,3,1.8|2.25|10,120529.54172990008,120169.54172990008,360.0,0.5703254175691201,0.7154646600583067,family_four:10;family_three:10;single_average:10;single_low:10;two_person_average:10;two_person_low:10,442.39186006259115
1.4,3,1.8|2.4|10,120529.54172990008,120169.54172990008,360.0,0.5703254175691201,0.7154646600583067,family_four:10;family_three:10;single_average:10;single_low:10;two_person_average:10;two_person_low:10,442.39186006259115
1.4,3,2|2.1|10,120529.54172990008,120169.54172990008,360.0,0.5703254175691201,0.7154646600583067,family_four:10;family_three:10;single_average:10;single_low:10;two_person_average:10;two_person_low:10,442.39186006259115
1.4,3,2|2.25|10,120529.54172990008,120169.54172990008,360.0,0.5703254175691201,0.7154646600583067,family_four:10;family_three:10;single_average:10;single_low:10;two_person_average:10;two_person_low:10,442.39186006259115
1.4,3,2|2.4|10,120529.54172990008,120169.54172990008,360.0,0.5703254175691201,0.7154646600583067,family_four:10;family_three:10;single_average:10;single_low:10;two_person_average:10;two_person_low:10,442.39186006259115
1.4,3,2.1|2.25|10,120529.54172990008,120169.54172990008,360.0,0.5703254175691201,0.7154646600583067,family_four:10;family_three:10;single_average:10;single_low:10;two_person_average:10;two_person_low:10,442.39186006259115
1.4,3,2.1|2.4|10,120529.54172990008,120169.54172990008,360.0,0.5703254175691201,0.7154646600583067,family_four:10;family_three:10;single_average:10;single_low:10;two_person_average:10;two_person_low:10,442.39186006259115
1.4,3,2.25|2.4|10,120529.54172990008,120169.54172990008,360.0,0.5703254175691201,0.7154646600583067,family_four:10;family_three:10;single_average:10;single_low:10;two_person_average:10;two_person_low:10,442.39186006259115
1.4,3,1.8|2|9,120609.28987191772,120249.28987191772,360.0,0.41727384230003783,0.7478053244499304,family_four:9;family_three:9;single_average:9;single_low:9;two_person_average:9;two_person_low:9,522.1400020802248
1.4,3,1.8|2.1|9,120609.28987191772,120249.28987191772,360.0,0.41727384230003783,0.7478053244499304,family_four:9;family_three:9;single_average:9;single_low:9;two_person_average:9;two_person_low:9,522.1400020802248
1.4,3,1.8|2.25|9,120609.28987191772,120249.28987191772,360.0,0.41727384230003783,0.7478053244499304,family_four:9;family_three:9;single_average:9;single_low:9;two_person_average:9;two_person_low:9,522.1400020802248
1.4,3,1.8|2.4|9,120609.28987191772,120249.28987191772,360.0,0.41727384230003783,0.7478053244499304,family_four:9;family_three:9;single_average:9;single_low:9;two_person_average:9;two_person_low:9,522.1400020802248
1.4,3,1.8|3|9,120609.28987191772,120249.28987191772,360.0,0.41727384230003783,0.7478053244499304,family_four:9;family_three:9;single_average:9;single_low:9;two_person_average:9;two_person_low:9,522.1400020802248
1.4,3,2|2.1|9,120609.28987191772,120249.28987191772,360.0,0.41727384230003783,0.7478053244499304,family_four:9;family_three:9;single_average:9;single_low:9;two_person_average:9;two_person_low:9,522.1400020802248
1.4,3,2|2.25|9,120609.28987191772,120249.28987191772,360.0,0.41727384230003783,0.7478053244499304,family_four:9;family_three:9;single_average:9;single_low:9;two_person_average:9;two_person_low:9,522.1400020802248
1.4,3,2|2.4|9,120609.28987191772,120249.28987191772,360.0,0.41727384230003783,0.7478053244499304,family_four:9;family_three:9;single_average:9;single_low:9;two_person_average:9;two_person_low:9,522.1400020802248
1.4,3,2|3|9,120609.28987191772,120249.28987191772,360.0,0.41727384230003783,0.7478053244499304,family_four:9;family_three:9;single_average:9;single_low:9;two_person_average:9;two_person_low:9,522.1400020802248
1.4,3,2.1|2.25|9,120609.28987191772,120249.28987191772,360.0,0.41727384230003783,0.7478053244499304,family_four:9;family_three:9;single_average:9;single_low:9;two_person_average:9;two_person_low:9,522.1400020802248
1.4,3,2.1|2.4|9,120609.28987191772,120249.28987191772,360.0,0.41727384230003783,0.7478053244499304,family_four:9;family_three:9;single_average:9;single_low:9;two_person_average:9;two_person_low:9,522.1400020802248
1.4,3,2.1|3|9,120609.28987191772,120249.28987191772,360.0,0.41727384230003783,0.7478053244499304,family_four:9;family_three:9;single_average:9;single_low:9;two_person_average:9;two_person_low:9,522.1400020802248
1.4,3,2.25|2.4|9,120609.28987191772,120249.28987191772,360.0,0.41727384230003783,0.7478053244499304,family_four:9;family_three:9;single_average:9;single_low:9;two_person_average:9;two_person_low:9,522.1400020802248
1.4,3,2.25|3|9,120609.28987191772,120249.28987191772,360.0,0.41727384230003783,0.7478053244499304,family_four:9;family_three:9;single_average:9;single_low:9;two_person_average:9;two_person_low:9,522.1400020802248
1.4,3,2.4|3|9,120609.28987191772,120249.28987191772,360.0,0.41727384230003783,0.7478053244499304,family_four:9;family_three:9;single_average:9;single_low:9;two_person_average:9;two_person_low:9,522.1400020802248
1.4,3,1.8|2|5,123147.75522792047,122787.75522792047,360.0,0.039238522716879505,0.9826496210009624,family_four:5;family_three:5;single_average:5;single_low:5;two_person_average:5;two_person_low:5,3060.6053580829757
1.4,3,1.8|2.1|5,123147.75522792047,122787.75522792047,360.0,0.039238522716879505,0.9826496210009624,family_four:5;family_three:5;single_average:5;single_low:5;two_person_average:5;two_person_low:5,3060.6053580829757
1.4,3,1.8|2.25|5,123147.75522792047,122787.75522792047,360.0,0.039238522716879505,0.9826496210009624,family_four:5;family_three:5;single_average:5;single_low:5;two_person_average:5;two_person_low:5,3060.6053580829757
1.4,3,1.8|2.4|5,123147.75522792047,122787.75522792047,360.0,0.039238522716879505,0.9826496210009624,family_four:5;family_three:5;single_average:5;single_low:5;two_person_average:5;two_person_low:5,3060.6053580829757
1.4,3,1.8|3|5,123147.75522792047,122787.75522792047,360.0,0.039238522716879505,0.9826496210009624,family_four:5;family_three:5;single_average:5;single_low:5;two_person_average:5;two_person_low:5,3060.6053580829757
1.4,3,1.8|4.5|5,123147.75522792047,122787.75522792047,360.0,0.039238522716879505,0.9826496210009624,family_four:5;family_three:5;single_average:5;single_low:5;two_person_average:5;two_person_low:5,3060.6053580829757
1.4,3,2|2.1|5,123147.75522792047,122787.75522792047,360.0,0.039238522716879505,0.9826496210009624,family_four:5;family_three:5;single_average:5;single_low:5;two_person_average:5;two_person_low:5,3060.6053580829757
1.4,3,2|2.25|5,123147.75522792047,122787.75522792047,360.0,0.039238522716879505,0.9826496210009624,family_four:5;family_three:5;single_average:5;single_low:5;two_person_average:5;two_person_low:5,3060.6053580829757
1.4,3,2|2.4|5,123147.75522792047,122787.75522792047,360.0,0.039238522716879505,0.9826496210009624,family_four:5;family_three:5;single_average:5;single_low:5;two_person_average:5;two_person_low:5,3060.6053580829757
1.4,3,2|3|5,123147.75522792047,122787.75522792047,360.0,0.039238522716879505,0.9826496210009624,family_four:5;family_three:5;single_average:5;single_low:5;two_person_average:5;two_person_low:5,3060.6053580829757
1.4,3,2|4.5|5,123147.75522792047,122787.75522792047,360.0,0.039238522716879505,0.9826496210009624,family_four:5;family_three:5;single_average:5;single_low:5;two_person_average:5;two_person_low:5,3060.6053580829757
1.4,3,2.1|2.25|5,123147.75522792047,122787.75522792047,360.0,0.039238522716879505,0.9826496210009624,family_four:5;family_three:5;single_average:5;single_low:5;two_person_average:5;two_person_low:5,3060.6053580829757
1.4,3,2.1|2.4|5,123147.75522792047,122787.75522792047,360.0,0.039238522716879505,0.9826496210009624,family_four:5;family_three:5;single_average:5;single_low:5;two_person_average:5;two_person_low:5,3060.6053580829757
1.4,3,2.1|3|5,123147.75522792047,122787.75522792047,360.0,0.039238522716879505,0.9826496210009624,family_four:5;family_three:5;single_average:5;single_low:5;two_person_average:5;two_person_low:5,3060.6053580829757
1.4,3,2.1|4.5|5,123147.75522792047,122787.75522792047,360.0,0.039238522716879505,0.9826496210009624,family_four:5;family_three:5;single_average:5;single_low:5;two_person_average:5;two_person_low:5,3060.6053580829757
1.4,3,2.25|2.4|5,123147.75522792047,122787.75522792047,360.0,0.039238522716879505,0.9826496210009624,family_four:5;family_three:5;single_average:5;single_low:5;two_person_average:5;two_person_low:5,3060.6053580829757
1.4,3,2.25|3|5,123147.75522792047,122787.75522792047,360.0,0.039238522716879505,0.9826496210009624,family_four:5;family_three:5;single_average:5;single_low:5;two_person_average:5;two_person_low:5,3060.6053580829757
1.4,3,2.25|4.5|5,123147.75522792047,122787.75522792047,360.0,0.039238522716879505,0.9826496210009624,family_four:5;family_three:5;single_average:5;single_low:5;two_person_average:5;two_person_low:5,3060.6053580829757
1.4,3,2.4|3|5,123147.75522792047,122787.75522792047,360.0,0.039238522716879505,0.9826496210009624,family_four:5;family_three:5;single_average:5;single_low:5;two_person_average:5;two_person_low:5,3060.6053580829757
1.4,3,2.4|4.5|5,123147.75522792047,122787.75522792047,360.0,0.039238522716879505,0.9826496210009624,family_four:5;family_three:5;single_average:5;single_low:5;two_person_average:5;two_person_low:5,3060.6053580829757
1.4,3,3|4.5|5,123147.75522792047,122787.75522792047,360.0,0.039238522716879505,0.9826496210009624,family_four:5;family_three:5;single_average:5;single_low:5;two_person_average:5;two_person_low:5,3060.6053580829757
1.4,3,1.8|2|4.5,123821.29867320064,123461.29867320064,360.0,0.02003180244206574,1.0348420369067686,family_four:4.5;family_three:4.5;single_average:4.5;single_low:4.5;two_person_average:4.5;two_person_low:4.5,3734.1488033631467
1.4,3,1.8|2.1|4.5,123821.29867320064,123461.29867320064,360.0,0.02003180244206574,1.0348420369067686,family_four:4.5;family_three:4.5;single_average:4.5;single_low:4.5;two_person_average:4.5;two_person_low:4.5,3734.1488033631467
1.4,3,1.8|2.25|4.5,123821.29867320064,123461.29867320064,360.0,0.02003180244206574,1.0348420369067686,family_four:4.5;family_three:4.5;single_average:4.5;single_low:4.5;two_person_average:4.5;two_person_low:4.5,3734.1488033631467
1.4,3,1.8|2.4|4.5,123821.29867320064,123461.29867320064,360.0,0.02003180244206574,1.0348420369067686,family_four:4.5;family_three:4.5;single_average:4.5;single_low:4.5;two_person_average:4.5;two_person_low:4.5,3734.1488033631467
1.4,3,1.8|3|4.5,123821.29867320064,123461.29867320064,360.0,0.02003180244206574,1.0348420369067686,family_four:4.5;family_three:4.5;single_average:4.5;single_low:4.5;two_person_average:4.5;two_person_low:4.5,3734.1488033631467
1.4,3,2|2.1|4.5,123821.29867320064,123461.29867320064,360.0,0.02003180244206574,1.0348420369067686,family_four:4.5;family_three:4.5;single_average:4.5;single_low:4.5;two_person_average:4.5;two_person_low:4.5,3734.1488033631467
1.4,3,2|2.25|4.5,123821.29867320064,123461.29867320064,360.0,0.02003180244206574,1.0348420369067686,family_four:4.5;family_three:4.5;single_average:4.5;single_low:4.5;two_person_average:4.5;two_person_low:4.5,3734.1488033631467
1.4,3,2|2.4|4.5,123821.29867320064,123461.29867320064,360.0,0.02003180244206574,1.0348420369067686,family_four:4.5;family_three:4.5;single_average:4.5;single_low:4.5;two_person_average:4.5;two_person_low:4.5,3734.1488033631467
1.4,3,2|3|4.5,123821.29867320064,123461.29867320064,360.0,0.02003180244206574,1.0348420369067686,family_four:4.5;family_three:4.5;single_average:4.5;single_low:4.5;two_person_average:4.5;two_person_low:4.5,3734.1488033631467
1.4,3,2.1|2.25|4.5,123821.29867320064,123461.29867320064,360.0,0.02003180244206574,1.0348420369067686,family_four:4.5;family_three:4.5;single_average:4.5;single_low:4.5;two_person_average:4.5;two_person_low:4.5,3734.1488033631467
1.4,3,2.1|2.4|4.5,123821.29867320064,123461.29867320064,360.0,0.02003180244206574,1.0348420369067686,family_four:4.5;family_three:4.5;single_average:4.5;single_low:4.5;two_person_average:4.5;two_person_low:4.5,3734.1488033631467
1.4,3,2.1|3|4.5,123821.29867320064,123461.29867320064,360.0,0.02003180244206574,1.0348420369067686,family_four:4.5;family_three:4.5;single_average:4.5;single_low:4.5;two_person_average:4.5;two_person_low:4.5,3734.1488033631467
1.4,3,2.25|2.4|4.5,123821.29867320064,123461.29867320064,360.0,0.02003180244206574,1.0348420369067686,family_four:4.5;family_three:4.5;single_average:4.5;single_low:4.5;two_person_average:4.5;two_person_low:4.5,3734.1488033631467
1.4,3,2.25|3|4.5,123821.29867320064,123461.29867320064,360.0,0.02003180244206574,1.0348420369067686,family_four:4.5;family_three:4.5;single_average:4.5;single_low:4.5;two_person_average:4.5;two_person_low:4.5,3734.1488033631467
1.4,3,2.4|3|4.5,123821.29867320064,123461.29867320064,360.0,0.02003180244206574,1.0348420369067686,family_four:4.5;family_three:4.5;single_average:4.5;single_low:4.5;two_person_average:4.5;two_person_low:4.5,3734.1488033631467
1.4,3,1.8|2|3,127011.43792676297,126651.43792676297,360.0,0.00023207378496063456,1.2749127769235615,family_four:3;family_three:3;single_average:3;single_low:3;two_person_average:3;two_person_low:3,6924.288056925478
1.4,3,1.8|2.1|3,127011.43792676297,126651.43792676297,360.0,0.00023207378496063456,1.2749127769235615,family_four:3;family_three:3;single_average:3;single_low:3;two_person_average:3;two_person_low:3,6924.288056925478
1.4,3,1.8|2.25|3,127011.43792676297,126651.43792676297,360.0,0.00023207378496063456,1.2749127769235615,family_four:3;family_three:3;single_average:3;single_low:3;two_person_average:3;two_person_low:3,6924.288056925478
1.4,3,1.8|2.4|3,127011.43792676297,126651.43792676297,360.0,0.00023207378496063456,1.2749127769235615,family_four:3;family_three:3;single_average:3;single_low:3;two_person_average:3;two_person_low:3,6924.288056925478
1.4,3,2|2.1|3,127011.43792676297,126651.43792676297,360.0,0.00023207378496063456,1.2749127769235615,family_four:3;family_three:3;single_average:3;single_low:3;two_person_average:3;two_person_low:3,6924.288056925478
1.4,3,2|2.25|3,127011.43792676297,126651.43792676297,360.0,0.00023207378496063456,1.2749127769235615,family_four:3;family_three:3;single_average:3;single_low:3;two_person_average:3;two_person_low:3,6924.288056925478
1.4,3,2|2.4|3,127011.43792676297,126651.43792676297,360.0,0.00023207378496063456,1.2749127769235615,family_four:3;family_three:3;single_average:3;single_low:3;two_person_average:3;two_person_low:3,6924.288056925478
1.4,3,2.1|2.25|3,127011.43792676297,126651.43792676297,360.0,0.00023207378496063456,1.2749127769235615,family_four:3;family_three:3;single_average:3;single_low:3;two_person_average:3;two_person_low:3,6924.288056925478
1.4,3,2.1|2.4|3,127011.43792676297,126651.43792676297,360.0,0.00023207378496063456,1.2749127769235615,family_four:3;family_three:3;single_average:3;single_low:3;two_person_average:3;two_person_low:3,6924.288056925478
1.4,3,2.25|2.4|3,127011.43792676297,126651.43792676297,360.0,0.00023207378496063456,1.2749127769235615,family_four:3;family_three:3;single_average:3;single_low:3;two_person_average:3;two_person_low:3,6924.288056925478
1.4,3,1.8|2|2.4,129174.03318342367,128814.03318342367,360.0,3.676559973387755e-06,1.4393747112983784,family_four:2.4;family_three:2.4;single_average:2.4;single_low:2.4;two_person_average:2.4;two_person_low:2.4,9086.883313586179
1.4,3,1.8|2.1|2.4,129174.03318342367,128814.03318342367,360.0,3.676559973387755e-06,1.4393747112983784,family_four:2.4;family_three:2.4;single_average:2.4;single_low:2.4;two_person_average:2.4;two_person_low:2.4,9086.883313586179
1.4,3,1.8|2.25|2.4,129174.03318342367,128814.03318342367,360.0,3.676559973387755e-06,1.4393747112983784,family_four:2.4;family_three:2.4;single_average:2.4;single_low:2.4;two_person_average:2.4;two_person_low:2.4,9086.883313586179
1.4,3,2|2.1|2.4,129174.03318342367,128814.03318342367,360.0,3.676559973387755e-06,1.4393747112983784,family_four:2.4;family_three:2.4;single_average:2.4;single_low:2.4;two_person_average:2.4;two_person_low:2.4,9086.883313586179
1.4,3,2|2.25|2.4,129174.03318342367,128814.03318342367,360.0,3.676559973387755e-06,1.4393747112983784,family_four:2.4;family_three:2.4;single_average:2.4;single_low:2.4;two_person_average:2.4;two_person_low:2.4,9086.883313586179
1.4,3,2.1|2.25|2.4,129174.03318342367,128814.03318342367,360.0,3.676559973387755e-06,1.4393747112983784,family_four:2.4;family_three:2.4;single_average:2.4;single_low:2.4;two_person_average:2.4;two_person_low:2.4,9086.883313586179
1.4,3,1.8|2|2.25,129863.87028180904,129503.87028180904,360.0,4.0883951390816134e-07,1.4918801995140796,family_four:2.25;family_three:2.25;single_average:2.25;single_low:2.25;two_person_average:2.25;two_person_low:2.25,9776.720411971546
1.4,3,1.8|2.1|2.25,129863.87028180904,129503.87028180904,360.0,4.0883951390816134e-07,1.4918801995140796,family_four:2.25;family_three:2.25;single_average:2.25;single_low:2.25;two_person_average:2.25;two_person_low:2.25,9776.720411971546
1.4,3,2|2.1|2.25,129863.87028180904,129503.87028180904,360.0,4.0883951390816134e-07,1.4918801995140796,family_four:2.25;family_three:2.25;single_average:2.25;single_low:2.25;two_person_average:2.25;two_person_low:2.25,9776.720411971546
1.4,3,1.8|2|2.1,130637.66298415363,130277.66298415363,360.0,0.0,1.550575533098094,family_four:2.1;family_three:2.1;single_average:2.1;single_low:2.1;two_person_average:2.1;two_person_low:2.1,10550.513114316142
1.5,1,10,128670.40489593735,128670.40489593735,0.0,0.4924314319926794,0.7658076698188093,family_four:10;family_three:10;single_average:10;single_low:10;two_person_average:10;two_person_low:10,51.54422136938956
1.5,1,9,128792.07828142006,128792.07828142006,0.0,0.3548840475203998,0.8019676020711938,family_four:9;family_three:9;single_average:9;single_low:9;two_person_average:9;two_person_low:9,173.21760685210756
1.5,1,5,131588.49788267736,131588.49788267736,0.0,0.026481049779981933,1.052691673149166,family_four:5;family_three:5;single_average:5;single_low:5;two_person_average:5;two_person_low:5,2969.6372081094014
1.5,1,4.5,132320.03863718588,132320.03863718588,0.0,0.011897446108861722,1.109080654862763,family_four:4.5;family_three:4.5;single_average:4.5;single_low:4.5;two_person_average:4.5;two_person_low:4.5,3701.1779626179195
1.5,1,3,135747.35049570946,135747.35049570946,0.0,4.449657445168293e-05,1.3660339939252726,family_four:3;family_three:3;single_average:3;single_low:3;two_person_average:3;two_person_low:3,7128.489821141498
1.5,1,2.4,138066.04554138414,138066.04554138414,0.0,0.0,1.542412966738259,family_four:2.4;family_three:2.4;single_average:2.4;single_low:2.4;two_person_average:2.4;two_person_low:2.4,9447.184866816184
1.5,1,2.25,138808.51992161834,138808.51992161834,0.0,0.0,1.5990019621290172,family_four:2.25;family_three:2.25;single_average:2.25;single_low:2.25;two_person_average:2.25;two_person_low:2.25,10189.659247050382
1.5,1,2.1,139641.7303080086,139641.7303080086,0.0,0.0,1.6623953959357447,family_four:2.1;family_three:2.1;single_average:2.1;single_low:2.1;two_person_average:2.1;two_person_low:2.1,11022.869633440656
1.5,1,2,140274.2807441092,140274.2807441092,0.0,0.0,1.7089724430779052,family_four:2;family_three:2;single_average:2;single_low:2;two_person_average:2;two_person_low:2,11655.42006954123
1.5,1,1.8,141662.885574153,141662.885574153,0.0,0.0,1.8166960521748587,family_four:1.8;family_three:1.8;single_average:1.8;single_low:1.8;two_person_average:1.8;two_person_low:1.8,13044.024899585056
1.5,2,5|10,128618.86067456796,128438.86067456796,180.0,0.15970852613206835,0.7812945449002089,family_four:10;family_three:10;single_average:10;single_low:5;two_person_average:10;two_person_low:10,0.0
1.5,2,4.5|10,128643.56669793074,128463.56669793074,180.0,0.14512874446294757,0.784559635782732,family_four:10;family_three:10;single_average:10;single_low:4.5;two_person_average:10;two_person_low:10,24.706023362785345
1.5,2,9|10,128719.51657521882,128539.51657521882,180.0,0.36356464908510255,0.7708574279942861,family_four:10;family_three:10;single_average:9;single_low:9;two_person_average:10;two_person_low:10,100.65590065086144
1.5,2,5|9,128821.49266348501,128641.49266348501,180.0,0.10001583184874534,0.8158389293570073,family_four:9;family_three:9;single_average:9;single_low:5;two_person_average:9;two_person_low:9,202.63198891705542
1.5,2,3|10,128833.22117996559,128653.22117996559,180.0,0.1332771484591277,0.7997848043365207,family_four:10;family_three:10;single_average:10;single_low:3;two_person_average:10;two_person_low:10,214.36050539763528
1.5,2,4.5|9,128846.19868684783,128666.19868684783,180.0,0.08543605017962458,0.8191040202395304,family_four:9;family_three:9;single_average:9;single_low:4.5;two_person_average:9;two_person_low:9,227.33801227986987
1.5,2,1.8|10,128850.40489593735,128670.40489593735,180.0,0.4924314319926794,0.7658076698188093,family_four:10;family_three:10;single_average:10;single_low:10;two_person_average:10;two_person_low:10,231.54422136938956
1.5,2,2|10,128850.40489593735,128670.40489593735,180.0,0.4924314319926794,0.7658076698188093,family_four:10;family_three:10;single_average:10;single_low:10;two_person_average:10;two_person_low:10,231.54422136938956
1.5,2,2.1|10,128850.40489593735,128670.40489593735,180.0,0.4924314319926794,0.7658076698188093,family_four:10;family_three:10;single_average:10;single_low:10;two_person_average:10;two_person_low:10,231.54422136938956
1.5,2,2.25|10,128850.40489593735,128670.40489593735,180.0,0.4924314319926794,0.7658076698188093,family_four:10;family_three:10;single_average:10;single_low:10;two_person_average:10;two_person_low:10,231.54422136938956
1.5,2,2.4|10,128850.40489593735,128670.40489593735,180.0,0.4924314319926794,0.7658076698188093,family_four:10;family_three:10;single_average:10;single_low:10;two_person_average:10;two_person_low:10,231.54422136938956
1.5,2,1.8|9,128972.07828142006,128792.07828142006,180.0,0.3548840475203998,0.8019676020711938,family_four:9;family_three:9;single_average:9;single_low:9;two_person_average:9;two_person_low:9,353.21760685210756
1.5,2,2|9,128972.07828142006,128792.07828142006,180.0,0.3548840475203998,0.8019676020711938,family_four:9;family_three:9;single_average:9;single_low:9;two_person_average:9;two_person_low:9,353.21760685210756
1.5,2,2.1|9,128972.07828142006,128792.07828142006,180.0,0.3548840475203998,0.8019676020711938,family_four:9;family_three:9;single_average:9;single_low:9;two_person_average:9;two_person_low:9,353.21760685210756
1.5,2,2.25|9,128972.07828142006,128792.07828142006,180.0,0.3548840475203998,0.8019676020711938,family_four:9;family_three:9;single_average:9;single_low:9;two_person_average:9;two_person_low:9,353.21760685210756
1.5,2,2.4|9,128972.07828142006,128792.07828142006,180.0,0.3548840475203998,0.8019676020711938,family_four:9;family_three:9;single_average:9;single_low:9;two_person_average:9;two_person_low:9,353.21760685210756
1.5,2,3|9,128972.07828142006,128792.07828142006,180.0,0.3548840475203998,0.8019676020711938,family_four:9;family_three:9;single_average:9;single_low:9;two_person_average:9;two_person_low:9,353.21760685210756
1.5,2,1.8|5,131768.49788267736,131588.49788267736,180.0,0.026481049779981933,1.052691673149166,family_four:5;family_three:5;single_average:5;single_low:5;two_person_average:5;two_person_low:5,3149.6372081094014
1.5,2,2|5,131768.49788267736,131588.49788267736,180.0,0.026481049779981933,1.052691673149166,family_four:5;family_three:5;single_average:5;single_low:5;two_person_average:5;two_person_low:5,3149.6372081094014
1.5,2,2.1|5,131768.49788267736,131588.49788267736,180.0,0.026481049779981933,1.052691673149166,family_four:5;family_three:5;single_average:5;single_low:5;two_person_average:5;two_person_low:5,3149.6372081094014
1.5,2,2.25|5,131768.49788267736,131588.49788267736,180.0,0.026481049779981933,1.052691673149166,family_four:5;family_three:5;single_average:5;single_low:5;two_person_average:5;two_person_low:5,3149.6372081094014
1.5,2,2.4|5,131768.49788267736,131588.49788267736,180.0,0.026481049779981933,1.052691673149166,family_four:5;family_three:5;single_average:5;single_low:5;two_person_average:5;two_person_low:5,3149.6372081094014
1.5,2,3|5,131768.49788267736,131588.49788267736,180.0,0.026481049779981933,1.052691673149166,family_four:5;family_three:5;single_average:5;single_low:5;two_person_average:5;two_person_low:5,3149.6372081094014
1.5,2,4.5|5,131768.49788267736,131588.49788267736,180.0,0.026481049779981933,1.052691673149166,family_four:5;family_three:5;single_average:5;single_low:5;two_person_average:5;two_person_low:5,3149.6372081094014
1.5,2,1.8|4.5,132500.03863718588,132320.03863718588,180.0,0.011897446108861722,1.109080654862763,family_four:4.5;family_three:4.5;single_average:4.5;single_low:4.5;two_person_average:4.5;two_person_low:4.5,3881.1779626179195
1.5,2,2|4.5,132500.03863718588,132320.03863718588,180.0,0.011897446108861722,1.109080654862763,family_four:4.5;family_three:4.5;single_average:4.5;single_low:4.5;two_person_average:4.5;two_person_low:4.5,3881.1779626179195
1.5,2,2.1|4.5,132500.03863718588,132320.03863718588,180.0,0.011897446108861722,1.109080654862763,family_four:4.5;family_three:4.5;single_average:4.5;single_low:4.5;two_person_average:4.5;two_person_low:4.5,3881.1779626179195
1.5,2,2.25|4.5,132500.03863718588,132320.03863718588,180.0,0.011897446108861722,1.109080654862763,family_four:4.5;family_three:4.5;single_average:4.5;single_low:4.5;two_person_average:4.5;two_person_low:4.5,3881.1779626179195
1.5,2,2.4|4.5,132500.03863718588,132320.03863718588,180.0,0.011897446108861722,1.109080654862763,family_four:4.5;family_three:4.5;single_average:4.5;single_low:4.5;two_person_average:4.5;two_person_low:4.5,3881.1779626179195
1.5,2,3|4.5,132500.03863718588,132320.03863718588,180.0,0.011897446108861722,1.109080654862763,family_four:4.5;family_three:4.5;single_average:4.5;single_low:4.5;two_person_average:4.5;two_person_low:4.5,3881.1779626179195
1.5,2,1.8|3,135927.35049570946,135747.35049570946,180.0,4.449657445168293e-05,1.3660339939252726,family_four:3;family_three:3;single_average:3;single_low:3;two_person_average:3;two_person_low:3,7308.489821141498
1.5,2,2|3,135927.35049570946,135747.35049570946,180.0,4.449657445168293e-05,1.3660339939252726,family_four:3;family_three:3;single_average:3;single_low:3;two_person_average:3;two_person_low:3,7308.489821141498
1.5,2,2.1|3,135927.35049570946,135747.35049570946,180.0,4.449657445168293e-05,1.3660339939252726,family_four:3;family_three:3;single_average:3;single_low:3;two_person_average:3;two_person_low:3,7308.489821141498
1.5,2,2.25|3,135927.35049570946,135747.35049570946,180.0,4.449657445168293e-05,1.3660339939252726,family_four:3;family_three:3;single_average:3;single_low:3;two_person_average:3;two_person_low:3,7308.489821141498
1.5,2,2.4|3,135927.35049570946,135747.35049570946,180.0,4.449657445168293e-05,1.3660339939252726,family_four:3;family_three:3;single_average:3;single_low:3;two_person_average:3;two_person_low:3,7308.489821141498
1.5,2,1.8|2.4,138246.04554138414,138066.04554138414,180.0,0.0,1.542412966738259,family_four:2.4;family_three:2.4;single_average:2.4;single_low:2.4;two_person_average:2.4;two_person_low:2.4,9627.184866816184
1.5,2,2|2.4,138246.04554138414,138066.04554138414,180.0,0.0,1.542412966738259,family_four:2.4;family_three:2.4;single_average:2.4;single_low:2.4;two_person_average:2.4;two_person_low:2.4,9627.184866816184
1.5,2,2.1|2.4,138246.04554138414,138066.04554138414,180.0,0.0,1.542412966738259,family_four:2.4;family_three:2.4;single_average:2.4;single_low:2.4;two_person_average:2.4;two_person_low:2.4,9627.184866816184
1.5,2,2.25|2.4,138246.04554138414,138066.04554138414,180.0,0.0,1.542412966738259,family_four:2.4;family_three:2.4;single_average:2.4;single_low:2.4;two_person_average:2.4;two_person_low:2.4,9627.184866816184
1.5,2,1.8|2.25,138988.51992161834,138808.51992161834,180.0,0.0,1.5990019621290172,family_four:2.25;family_three:2.25;single_average:2.25;single_low:2.25;two_person_average:2.25;two_person_low:2.25,10369.659247050382
1.5,2,2|2.25,138988.51992161834,138808.51992161834,180.0,0.0,1.5990019621290172,family_four:2.25;family_three:2.25;single_average:2.25;single_low:2.25;two_person_average:2.25;two_person_low:2.25,10369.659247050382
1.5,2,2.1|2.25,138988.51992161834,138808.51992161834,180.0,0.0,1.5990019621290172,family_four:2.25;family_three:2.25;single_average:2.25;single_low:2.25;two_person_average:2.25;two_person_low:2.25,10369.659247050382
1.5,2,1.8|2.1,139821.7303080086,139641.7303080086,180.0,0.0,1.6623953959357447,family_four:2.1;family_three:2.1;single_average:2.1;single_low:2.1;two_person_average:2.1;two_person_low:2.1,11202.869633440656
1.5,2,2|2.1,139821.7303080086,139641.7303080086,180.0,0.0,1.6623953959357447,family_four:2.1;family_three:2.1;single_average:2.1;single_low:2.1;two_person_average:2.1;two_person_low:2.1,11202.869633440656
1.5,2,1.8|2,140454.2807441092,140274.2807441092,180.0,0.0,1.7089724430779052,family_four:2;family_three:2;single_average:2;single_low:2;two_person_average:2;two_person_low:2,11835.42006954123
1.5,3,5|9|10,128748.93095728377,128388.93095728377,360.0,0.10869643341344803,0.7847287552800996,family_four:10;family_three:10;single_average:9;single_low:5;two_person_average:10;two_person_low:10,130.0702827158093
1.5,3,4.5|9|10,128773.63698064657,128413.63698064657,360.0,0.09411665174432728,0.7879938461626227,family_four:10;family_three:10;single_average:9;single_low:4.5;two_person_average:10;two_person_low:10,154.7763060786092
1.5,3,1.8|5|10,128798.86067456796,128438.86067456796,360.0,0.15970852613206835,0.7812945449002089,family_four:10;family_three:10;single_average:10;single_low:5;two_person_average:10;two_person_low:10,180.0
1.5,3,2|5|10,128798.86067456796,128438.86067456796,360.0,0.15970852613206835,0.7812945449002089,family_four:10;family_three:10;single_average:10;single_low:5;two_person_average:10;two_person_low:10,180.0
1.5,3,2.1|5|10,128798.86067456796,128438.86067456796,360.0,0.15970852613206835,0.7812945449002089,family_four:10;family_three:10;single_average:10;single_low:5;two_person_average:10;two_person_low:10,180.0
1.5,3,2.25|5|10,128798.86067456796,128438.86067456796,360.0,0.15970852613206835,0.7812945449002089,family_four:10;family_three:10;single_average:10;single_low:5;two_person_average:10;two_person_low:10,180.0
1.5,3,2.4|5|10,128798.86067456796,128438.86067456796,360.0,0.15970852613206835,0.7812945449002089,family_four:10;family_three:10;single_average:10;single_low:5;two_person_average:10;two_person_low:10,180.0
1.5,3,3|5|10,128798.86067456796,128438.86067456796,360.0,0.15970852613206835,0.7812945449002089,family_four:10;family_three:10;single_average:10;single_low:5;two_person_average:10;two_person_low:10,180.0
1.5,3,4.5|5|10,128798.86067456796,128438.86067456796,360.0,0.15970852613206835,0.7812945449002089,family_four:10;family_three:10;single_average:10;single_low:5;two_person_average:10;two_person_low:10,180.0
1.5,3,1.8|4.5|10,128823.56669793074,128463.56669793074,360.0,0.14512874446294757,0.784559635782732,family_four:10;family_three:10;single_average:10;single_low:4.5;two_person_average:10;two_person_low:10,204.70602336278534
1.5,3,2|4.5|10,128823.56669793074,128463.56669793074,360.0,0.14512874446294757,0.784559635782732,family_four:10;family_three:10;single_average:10;single_low:4.5;two_person_average:10;two_person_low:10,204.70602336278534
1.5,3,2.1|4.5|10,128823.56669793074,128463.56669793074,360.0,0.14512874446294757,0.784559635782732,family_four:10;family_three:10;single_average:10;single_low:4.5;two_person_average:10;two_person_low:10,204.70602336278534
1.5,3,2.25|4.5|10,128823.56669793074,128463.56669793074,360.0,0.14512874446294757,0.784559635782732,family_four:10;family_three:10;single_average:10;single_low:4.5;two_person_average:10;two_person_low:10,204.70602336278534
1.5,3,2.4|4.5|10,128823.56669793074,128463.56669793074,360.0,0.14512874446294757,0.784559635782732,family_four:10;family_three:10;single_average:10;single_low:4.5;two_person_average:10;two_person_low:10,204.70602336278534
1.5,3,3|4.5|10,128823.56669793074,128463.56669793074,360.0,0.14512874446294757,0.784559635782732,family_four:10;family_three:10;single_average:10;single_low:4.5;two_person_average:10;two_person_low:10,204.70602336278534
1.5,3,1.8|9|10,128899.51657521882,128539.51657521882,360.0,0.36356464908510255,0.7708574279942861,family_four:10;family_three:10;single_average:9;single_low:9;two_person_average:10;two_person_low:10,280.65590065086144
1.5,3,2|9|10,128899.51657521882,128539.51657521882,360.0,0.36356464908510255,0.7708574279942861,family_four:10;family_three:10;single_average:9;single_low:9;two_person_average:10;two_person_low:10,280.65590065086144
1.5,3,2.1|9|10,128899.51657521882,128539.51657521882,360.0,0.36356464908510255,0.7708574279942861,family_four:10;family_three:10;single_average:9;single_low:9;two_person_average:10;two_person_low:10,280.65590065086144
1.5,3,2.25|9|10,128899.51657521882,128539.51657521882,360.0,0.36356464908510255,0.7708574279942861,family_four:10;family_three:10;single_average:9;single_low:9;two_person_average:10;two_person_low:10,280.65590065086144
1.5,3,2.4|9|10,128899.51657521882,128539.51657521882,360.0,0.36356464908510255,0.7708574279942861,family_four:10;family_three:10;single_average:9;single_low:9;two_person_average:10;two_person_low:10,280.65590065086144
1.5,3,3|9|10,128899.51657521882,128539.51657521882,360.0,0.36356464908510255,0.7708574279942861,family_four:10;family_three:10;single_average:9;single_low:9;two_person_average:10;two_person_low:10,280.65590065086144
1.5,3,1.8|5|9,129001.49266348501,128641.49266348501,360.0,0.10001583184874534,0.8158389293570073,family_four:9;family_three:9;single_average:9;single_low:5;two_person_average:9;two_person_low:9,382.6319889170554
1.5,3,2|5|9,129001.49266348501,128641.49266348501,360.0,0.10001583184874534,0.8158389293570073,family_four:9;family_three:9;single_average:9;single_low:5;two_person_average:9;two_person_low:9,382.6319889170554
1.5,3,2.1|5|9,129001.49266348501,128641.49266348501,360.0,0.10001583184874534,0.8158389293570073,family_four:9;family_three:9;single_average:9;single_low:5;two_person_average:9;two_person_low:9,382.6319889170554
1.5,3,2.25|5|9,129001.49266348501,128641.49266348501,360.0,0.10001583184874534,0.8158389293570073,family_four:9;family_three:9;single_average:9;single_low:5;two_person_average:9;two_person_low:9,382.6319889170554
1.5,3,2.4|5|9,129001.49266348501,128641.49266348501,360.0,0.10001583184874534,0.8158389293570073,family_four:9;family_three:9;single_average:9;single_low:5;two_person_average:9;two_person_low:9,382.6319889170554
1.5,3,3|5|9,129001.49266348501,128641.49266348501,360.0,0.10001583184874534,0.8158389293570073,family_four:9;family_three:9;single_average:9;single_low:5;two_person_average:9;two_person_low:9,382.6319889170554
1.5,3,4.5|5|9,129001.49266348501,128641.49266348501,360.0,0.10001583184874534,0.8158389293570073,family_four:9;family_three:9;single_average:9;single_low:5;two_person_average:9;two_person_low:9,382.6319889170554
1.5,3,1.8|3|10,129013.22117996559,128653.22117996559,360.0,0.1332771484591277,0.7997848043365207,family_four:10;family_three:10;single_average:10;single_low:3;two_person_average:10;two_person_low:10,394.3605053976353
1.5,3,2|3|10,129013.22117996559,128653.22117996559,360.0,0.1332771484591277,0.7997848043365207,family_four:10;family_three:10;single_average:10;single_low:3;two_person_average:10;two_person_low:10,394.3605053976353
1.5,3,2.1|3|10,129013.22117996559,128653.22117996559,360.0,0.1332771484591277,0.7997848043365207,family_four:10;family_three:10;single_average:10;single_low:3;two_person_average:10;two_person_low:10,394.3605053976353
1.5,3,2.25|3|10,129013.22117996559,128653.22117996559,360.0,0.1332771484591277,0.7997848043365207,family_four:10;family_three:10;single_average:10;single_low:3;two_person_average:10;two_person_low:10,394.3605053976353
1.5,3,2.4|3|10,129013.22117996559,128653.22117996559,360.0,0.1332771484591277,0.7997848043365207,family_four:10;family_three:10;single_average:10;single_low:3;two_person_average:10;two_person_low:10,394.3605053976353
1.5,3,1.8|4.5|9,129026.19868684783,128666.19868684783,360.0,0.08543605017962458,0.8191040202395304,family_four:9;family_three:9;single_average:9;single_low:4.5;two_person_average:9;two_person_low:9,407.3380122798699
1.5,3,2|4.5|9,129026.19868684783,128666.19868684783,360.0,0.08543605017962458,0.8191040202395304,family_four:9;family_three:9;single_average:9;single_low:4.5;two_person_average:9;two_person_low:9,407.3380122798699
1.5,3,2.1|4.5|9,129026.19868684783,128666.19868684783,360.0,0.08543605017962458,0.8191040202395304,family_four:9;family_three:9;single_average:9;single_low:4.5;two_person_average:9;two_person_low:9,407.3380122798699
1.5,3,2.25|4.5|9,129026.19868684783,128666.19868684783,360.0,0.08543605017962458,0.8191040202395304,family_four:9;family_three:9;single_average:9;single_low:4.5;two_person_average:9;two_person_low:9,407.3380122798699
1.5,3,2.4|4.5|9,129026.19868684783,128666.19868684783,360.0,0.08543605017962458,0.8191040202395304,family_four:9;family_three:9;single_average:9;single_low:4.5;two_person_average:9;two_person_low:9,407.3380122798699
1.5,3,3|4.5|9,129026.19868684783,128666.19868684783,360.0,0.08543605017962458,0.8191040202395304,family_four:9;family_three:9;single_average:9;single_low:4.5;two_person_average:9;two_person_low:9,407.3380122798699
1.5,3,1.8|2|10,129030.40489593735,128670.40489593735,360.0,0.4924314319926794,0.7658076698188093,family_four:10;family_three:10;single_average:10;single_low:10;two_person_average:10;two_person_low:10,411.54422136938956
1.5,3,1.8|2.1|10,129030.40489593735,128670.40489593735,360.0,0.4924314319926794,0.7658076698188093,family_four:10;family_three:10;single_average:10;single_low:10;two_person_average:10;two_person_low:10,411.54422136938956
1.5,3,1.8|2.25|10,129030.40489593735,128670.40489593735,360.0,0.4924314319926794,0.7658076698188093,family_four:10;family_three:10;single_average:10;single_low:10;two_person_average:10;two_person_low:10,411.54422136938956
1.5,3,1.8|2.4|10,129030.40489593735,128670.40489593735,360.0,0.4924314319926794,0.7658076698188093,family_four:10;family_three:10;single_average:10;single_low:10;two_person_average:10;two_person_low:10,411.54422136938956
1.5,3,2|2.1|10,129030.40489593735,128670.40489593735,360.0,0.4924314319926794,0.7658076698188093,family_four:10;family_three:10;single_average:10;single_low:10;two_person_average:10;two_person_low:10,411.54422136938956
1.5,3,2|2.25|10,129030.40489593735,128670.40489593735,360.0,0.4924314319926794,0.7658076698188093,family_four:10;family_three:10;single_average:10;single_low:10;two_person_average:10;two_person_low:10,411.54422136938956
1.5,3,2|2.4|10,129030.40489593735,128670.40489593735,360.0,0.4924314319926794,0.7658076698188093,family_four:10;family_three:10;single_average:10;single_low:10;two_person_average:10;two_person_low:10,411.54422136938956
1.5,3,2.1|2.25|10,129030.40489593735,128670.40489593735,360.0,0.4924314319926794,0.7658076698188093,family_four:10;family_three:10;single_average:10;single_low:10;two_person_average:10;two_person_low:10,411.54422136938956
1.5,3,2.1|2.4|10,129030.40489593735,128670.40489593735,360.0,0.4924314319926794,0.7658076698188093,family_four:10;family_three:10;single_average:10;single_low:10;two_person_average:10;two_person_low:10,411.54422136938956
1.5,3,2.25|2.4|10,129030.40489593735,128670.40489593735,360.0,0.4924314319926794,0.7658076698188093,family_four:10;family_three:10;single_average:10;single_low:10;two_person_average:10;two_person_low:10,411.54422136938956
1.5,3,1.8|2|9,129152.07828142006,128792.07828142006,360.0,0.3548840475203998,0.8019676020711938,family_four:9;family_three:9;single_average:9;single_low:9;two_person_average:9;two_person_low:9,533.2176068521076
1.5,3,1.8|2.1|9,129152.07828142006,128792.07828142006,360.0,0.3548840475203998,0.8019676020711938,family_four:9;family_three:9;single_average:9;single_low:9;two_person_average:9;two_person_low:9,533.2176068521076
1.5,3,1.8|2.25|9,129152.07828142006,128792.07828142006,360.0,0.3548840475203998,0.8019676020711938,family_four:9;family_three:9;single_average:9;single_low:9;two_person_average:9;two_person_low:9,533.2176068521076
1.5,3,1.8|2.4|9,129152.07828142006,128792.07828142006,360.0,0.3548840475203998,0.8019676020711938,family_four:9;family_three:9;single_average:9;single_low:9;two_person_average:9;two_person_low:9,533.2176068521076
1.5,3,1.8|3|9,129152.07828142006,128792.07828142006,360.0,0.3548840475203998,0.8019676020711938,family_four:9;family_three:9;single_average:9;single_low:9;two_person_average:9;two_person_low:9,533.2176068521076
1.5,3,2|2.1|9,129152.07828142006,128792.07828142006,360.0,0.3548840475203998,0.8019676020711938,family_four:9;family_three:9;single_average:9;single_low:9;two_person_average:9;two_person_low:9,533.2176068521076
1.5,3,2|2.25|9,129152.07828142006,128792.07828142006,360.0,0.3548840475203998,0.8019676020711938,family_four:9;family_three:9;single_average:9;single_low:9;two_person_average:9;two_person_low:9,533.2176068521076
1.5,3,2|2.4|9,129152.07828142006,128792.07828142006,360.0,0.3548840475203998,0.8019676020711938,family_four:9;family_three:9;single_average:9;single_low:9;two_person_average:9;two_person_low:9,533.2176068521076
1.5,3,2|3|9,129152.07828142006,128792.07828142006,360.0,0.3548840475203998,0.8019676020711938,family_four:9;family_three:9;single_average:9;single_low:9;two_person_average:9;two_person_low:9,533.2176068521076
1.5,3,2.1|2.25|9,129152.07828142006,128792.07828142006,360.0,0.3548840475203998,0.8019676020711938,family_four:9;family_three:9;single_average:9;single_low:9;two_person_average:9;two_person_low:9,533.2176068521076
1.5,3,2.1|2.4|9,129152.07828142006,128792.07828142006,360.0,0.3548840475203998,0.8019676020711938,family_four:9;family_three:9;single_average:9;single_low:9;two_person_average:9;two_person_low:9,533.2176068521076
1.5,3,2.1|3|9,129152.07828142006,128792.07828142006,360.0,0.3548840475203998,0.8019676020711938,family_four:9;family_three:9;single_average:9;single_low:9;two_person_average:9;two_person_low:9,533.2176068521076
1.5,3,2.25|2.4|9,129152.07828142006,128792.07828142006,360.0,0.3548840475203998,0.8019676020711938,family_four:9;family_three:9;single_average:9;single_low:9;two_person_average:9;two_person_low:9,533.2176068521076
1.5,3,2.25|3|9,129152.07828142006,128792.07828142006,360.0,0.3548840475203998,0.8019676020711938,family_four:9;family_three:9;single_average:9;single_low:9;two_person_average:9;two_person_low:9,533.2176068521076
1.5,3,2.4|3|9,129152.07828142006,128792.07828142006,360.0,0.3548840475203998,0.8019676020711938,family_four:9;family_three:9;single_average:9;single_low:9;two_person_average:9;two_person_low:9,533.2176068521076
1.5,3,1.8|2|5,131948.49788267736,131588.49788267736,360.0,0.026481049779981933,1.052691673149166,family_four:5;family_three:5;single_average:5;single_low:5;two_person_average:5;two_person_low:5,3329.6372081094014
1.5,3,1.8|2.1|5,131948.49788267736,131588.49788267736,360.0,0.026481049779981933,1.052691673149166,family_four:5;family_three:5;single_average:5;single_low:5;two_person_average:5;two_person_low:5,3329.6372081094014
1.5,3,1.8|2.25|5,131948.49788267736,131588.49788267736,360.0,0.026481049779981933,1.052691673149166,family_four:5;family_three:5;single_average:5;single_low:5;two_person_average:5;two_person_low:5,3329.6372081094014
1.5,3,1.8|2.4|5,131948.49788267736,131588.49788267736,360.0,0.026481049779981933,1.052691673149166,family_four:5;family_three:5;single_average:5;single_low:5;two_person_average:5;two_person_low:5,3329.6372081094014
1.5,3,1.8|3|5,131948.49788267736,131588.49788267736,360.0,0.026481049779981933,1.052691673149166,family_four:5;family_three:5;single_average:5;single_low:5;two_person_average:5;two_person_low:5,3329.6372081094014
1.5,3,1.8|4.5|5,131948.49788267736,131588.49788267736,360.0,0.026481049779981933,1.052691673149166,family_four:5;family_three:5;single_average:5;single_low:5;two_person_average:5;two_person_low:5,3329.6372081094014
1.5,3,2|2.1|5,131948.49788267736,131588.49788267736,360.0,0.026481049779981933,1.052691673149166,family_four:5;family_three:5;single_average:5;single_low:5;two_person_average:5;two_person_low:5,3329.6372081094014
1.5,3,2|2.25|5,131948.49788267736,131588.49788267736,360.0,0.026481049779981933,1.052691673149166,family_four:5;family_three:5;single_average:5;single_low:5;two_person_average:5;two_person_low:5,3329.6372081094014
1.5,3,2|2.4|5,131948.49788267736,131588.49788267736,360.0,0.026481049779981933,1.052691673149166,family_four:5;family_three:5;single_average:5;single_low:5;two_person_average:5;two_person_low:5,3329.6372081094014
1.5,3,2|3|5,131948.49788267736,131588.49788267736,360.0,0.026481049779981933,1.052691673149166,family_four:5;family_three:5;single_average:5;single_low:5;two_person_average:5;two_person_low:5,3329.6372081094014
1.5,3,2|4.5|5,131948.49788267736,131588.49788267736,360.0,0.026481049779981933,1.052691673149166,family_four:5;family_three:5;single_average:5;single_low:5;two_person_average:5;two_person_low:5,3329.6372081094014
1.5,3,2.1|2.25|5,131948.49788267736,131588.49788267736,360.0,0.026481049779981933,1.052691673149166,family_four:5;family_three:5;single_average:5;single_low:5;two_person_average:5;two_person_low:5,3329.6372081094014
1.5,3,2.1|2.4|5,131948.49788267736,131588.49788267736,360.0,0.026481049779981933,1.052691673149166,family_four:5;family_three:5;single_average:5;single_low:5;two_person_average:5;two_person_low:5,3329.6372081094014
1.5,3,2.1|3|5,131948.49788267736,131588.49788267736,360.0,0.026481049779981933,1.052691673149166,family_four:5;family_three:5;single_average:5;single_low:5;two_person_average:5;two_person_low:5,3329.6372081094014
1.5,3,2.1|4.5|5,131948.49788267736,131588.49788267736,360.0,0.026481049779981933,1.052691673149166,family_four:5;family_three:5;single_average:5;single_low:5;two_person_average:5;two_person_low:5,3329.6372081094014
1.5,3,2.25|2.4|5,131948.49788267736,131588.49788267736,360.0,0.026481049779981933,1.052691673149166,family_four:5;family_three:5;single_average:5;single_low:5;two_person_average:5;two_person_low:5,3329.6372081094014
1.5,3,2.25|3|5,131948.49788267736,131588.49788267736,360.0,0.026481049779981933,1.052691673149166,family_four:5;family_three:5;single_average:5;single_low:5;two_person_average:5;two_person_low:5,3329.6372081094014
1.5,3,2.25|4.5|5,131948.49788267736,131588.49788267736,360.0,0.026481049779981933,1.052691673149166,family_four:5;family_three:5;single_average:5;single_low:5;two_person_average:5;two_person_low:5,3329.6372081094014
1.5,3,2.4|3|5,131948.49788267736,131588.49788267736,360.0,0.026481049779981933,1.052691673149166,family_four:5;family_three:5;single_average:5;single_low:5;two_person_average:5;two_person_low:5,3329.6372081094014
1.5,3,2.4|4.5|5,131948.49788267736,131588.49788267736,360.0,0.026481049779981933,1.052691673149166,family_four:5;family_three:5;single_average:5;single_low:5;two_person_average:5;two_person_low:5,3329.6372081094014
1.5,3,3|4.5|5,131948.49788267736,131588.49788267736,360.0,0.026481049779981933,1.052691673149166,family_four:5;family_three:5;single_average:5;single_low:5;two_person_average:5;two_person_low:5,3329.6372081094014
1.5,3,1.8|2|4.5,132680.03863718588,132320.03863718588,360.0,0.011897446108861722,1.109080654862763,family_four:4.5;family_three:4.5;single_average:4.5;single_low:4.5;two_person_average:4.5;two_person_low:4.5,4061.1779626179195
1.5,3,1.8|2.1|4.5,132680.03863718588,132320.03863718588,360.0,0.011897446108861722,1.109080654862763,family_four:4.5;family_three:4.5;single_average:4.5;single_low:4.5;two_person_average:4.5;two_person_low:4.5,4061.1779626179195
1.5,3,1.8|2.25|4.5,132680.03863718588,132320.03863718588,360.0,0.011897446108861722,1.109080654862763,family_four:4.5;family_three:4.5;single_average:4.5;single_low:4.5;two_person_average:4.5;two_person_low:4.5,4061.1779626179195
1.5,3,1.8|2.4|4.5,132680.03863718588,132320.03863718588,360.0,0.011897446108861722,1.109080654862763,family_four:4.5;family_three:4.5;single_average:4.5;single_low:4.5;two_person_average:4.5;two_person_low:4.5,4061.1779626179195
1.5,3,1.8|3|4.5,132680.03863718588,132320.03863718588,360.0,0.011897446108861722,1.109080654862763,family_four:4.5;family_three:4.5;single_average:4.5;single_low:4.5;two_person_average:4.5;two_person_low:4.5,4061.1779626179195
1.5,3,2|2.1|4.5,132680.03863718588,132320.03863718588,360.0,0.011897446108861722,1.109080654862763,family_four:4.5;family_three:4.5;single_average:4.5;single_low:4.5;two_person_average:4.5;two_person_low:4.5,4061.1779626179195
1.5,3,2|2.25|4.5,132680.03863718588,132320.03863718588,360.0,0.011897446108861722,1.109080654862763,family_four:4.5;family_three:4.5;single_average:4.5;single_low:4.5;two_person_average:4.5;two_person_low:4.5,4061.1779626179195
1.5,3,2|2.4|4.5,132680.03863718588,132320.03863718588,360.0,0.011897446108861722,1.109080654862763,family_four:4.5;family_three:4.5;single_average:4.5;single_low:4.5;two_person_average:4.5;two_person_low:4.5,4061.1779626179195
1.5,3,2|3|4.5,132680.03863718588,132320.03863718588,360.0,0.011897446108861722,1.109080654862763,family_four:4.5;family_three:4.5;single_average:4.5;single_low:4.5;two_person_average:4.5;two_person_low:4.5,4061.1779626179195
1.5,3,2.1|2.25|4.5,132680.03863718588,132320.03863718588,360.0,0.011897446108861722,1.109080654862763,family_four:4.5;family_three:4.5;single_average:4.5;single_low:4.5;two_person_average:4.5;two_person_low:4.5,4061.1779626179195
1.5,3,2.1|2.4|4.5,132680.03863718588,132320.03863718588,360.0,0.011897446108861722,1.109080654862763,family_four:4.5;family_three:4.5;single_average:4.5;single_low:4.5;two_person_average:4.5;two_person_low:4.5,4061.1779626179195
1.5,3,2.1|3|4.5,132680.03863718588,132320.03863718588,360.0,0.011897446108861722,1.109080654862763,family_four:4.5;family_three:4.5;single_average:4.5;single_low:4.5;two_person_average:4.5;two_person_low:4.5,4061.1779626179195
1.5,3,2.25|2.4|4.5,132680.03863718588,132320.03863718588,360.0,0.011897446108861722,1.109080654862763,family_four:4.5;family_three:4.5;single_average:4.5;single_low:4.5;two_person_average:4.5;two_person_low:4.5,4061.1779626179195
1.5,3,2.25|3|4.5,132680.03863718588,132320.03863718588,360.0,0.011897446108861722,1.109080654862763,family_four:4.5;family_three:4.5;single_average:4.5;single_low:4.5;two_person_average:4.5;two_person_low:4.5,4061.1779626179195
1.5,3,2.4|3|4.5,132680.03863718588,132320.03863718588,360.0,0.011897446108861722,1.109080654862763,family_four:4.5;family_three:4.5;single_average:4.5;single_low:4.5;two_person_average:4.5;two_person_low:4.5,4061.1779626179195
1.5,3,1.8|2|3,136107.35049570946,135747.35049570946,360.0,4.449657445168293e-05,1.3660339939252726,family_four:3;family_three:3;single_average:3;single_low:3;two_person_average:3;two_person_low:3,7488.489821141498
1.5,3,1.8|2.1|3,136107.35049570946,135747.35049570946,360.0,4.449657445168293e-05,1.3660339939252726,family_four:3;family_three:3;single_average:3;single_low:3;two_person_average:3;two_person_low:3,7488.489821141498
1.5,3,1.8|2.25|3,136107.35049570946,135747.35049570946,360.0,4.449657445168293e-05,1.3660339939252726,family_four:3;family_three:3;single_average:3;single_low:3;two_person_average:3;two_person_low:3,7488.489821141498
1.5,3,1.8|2.4|3,136107.35049570946,135747.35049570946,360.0,4.449657445168293e-05,1.3660339939252726,family_four:3;family_three:3;single_average:3;single_low:3;two_person_average:3;two_person_low:3,7488.489821141498
1.5,3,2|2.1|3,136107.35049570946,135747.35049570946,360.0,4.449657445168293e-05,1.3660339939252726,family_four:3;family_three:3;single_average:3;single_low:3;two_person_average:3;two_person_low:3,7488.489821141498
1.5,3,2|2.25|3,136107.35049570946,135747.35049570946,360.0,4.449657445168293e-05,1.3660339939252726,family_four:3;family_three:3;single_average:3;single_low:3;two_person_average:3;two_person_low:3,7488.489821141498
1.5,3,2|2.4|3,136107.35049570946,135747.35049570946,360.0,4.449657445168293e-05,1.3660339939252726,family_four:3;family_three:3;single_average:3;single_low:3;two_person_average:3;two_person_low:3,7488.489821141498
1.5,3,2.1|2.25|3,136107.35049570946,135747.35049570946,360.0,4.449657445168293e-05,1.3660339939252726,family_four:3;family_three:3;single_average:3;single_low:3;two_person_average:3;two_person_low:3,7488.489821141498
1.5,3,2.1|2.4|3,136107.35049570946,135747.35049570946,360.0,4.449657445168293e-05,1.3660339939252726,family_four:3;family_three:3;single_average:3;single_low:3;two_person_average:3;two_person_low:3,7488.489821141498
1.5,3,2.25|2.4|3,136107.35049570946,135747.35049570946,360.0,4.449657445168293e-05,1.3660339939252726,family_four:3;family_three:3;single_average:3;single_low:3;two_person_average:3;two_person_low:3,7488.489821141498
1.5,3,1.8|2|2.4,138426.04554138414,138066.04554138414,360.0,0.0,1.542412966738259,family_four:2.4;family_three:2.4;single_average:2.4;single_low:2.4;two_person_average:2.4;two_person_low:2.4,9807.184866816184
1.5,3,1.8|2.1|2.4,138426.04554138414,138066.04554138414,360.0,0.0,1.542412966738259,family_four:2.4;family_three:2.4;single_average:2.4;single_low:2.4;two_person_average:2.4;two_person_low:2.4,9807.184866816184
1.5,3,1.8|2.25|2.4,138426.04554138414,138066.04554138414,360.0,0.0,1.542412966738259,family_four:2.4;family_three:2.4;single_average:2.4;single_low:2.4;two_person_average:2.4;two_person_low:2.4,9807.184866816184
1.5,3,2|2.1|2.4,138426.04554138414,138066.04554138414,360.0,0.0,1.542412966738259,family_four:2.4;family_three:2.4;single_average:2.4;single_low:2.4;two_person_average:2.4;two_person_low:2.4,9807.184866816184
1.5,3,2|2.25|2.4,138426.04554138414,138066.04554138414,360.0,0.0,1.542412966738259,family_four:2.4;family_three:2.4;single_average:2.4;single_low:2.4;two_person_average:2.4;two_person_low:2.4,9807.184866816184
1.5,3,2.1|2.25|2.4,138426.04554138414,138066.04554138414,360.0,0.0,1.542412966738259,family_four:2.4;family_three:2.4;single_average:2.4;single_low:2.4;two_person_average:2.4;two_person_low:2.4,9807.184866816184
1.5,3,1.8|2|2.25,139168.51992161834,138808.51992161834,360.0,0.0,1.5990019621290172,family_four:2.25;family_three:2.25;single_average:2.25;single_low:2.25;two_person_average:2.25;two_person_low:2.25,10549.659247050382
1.5,3,1.8|2.1|2.25,139168.51992161834,138808.51992161834,360.0,0.0,1.5990019621290172,family_four:2.25;family_three:2.25;single_average:2.25;single_low:2.25;two_person_average:2.25;two_person_low:2.25,10549.659247050382
1.5,3,2|2.1|2.25,139168.51992161834,138808.51992161834,360.0,0.0,1.5990019621290172,family_four:2.25;family_three:2.25;single_average:2.25;single_low:2.25;two_person_average:2.25;two_person_low:2.25,10549.659247050382
1.5,3,1.8|2|2.1,140001.7303080086,139641.7303080086,360.0,0.0,1.6623953959357447,family_four:2.1;family_three:2.1;single_average:2.1;single_low:2.1;two_person_average:2.1;two_person_low:2.1,11382.869633440656
