regime,household,package_kg,metric,mean,mcse,relative_mcse,relative_threshold,absolute_threshold,converged
baseline,single_low,1.8,generalized_cost_jpy,29591.560634231882,59.02565861795112,0.0019946787987136275,0.02,50.0,True
baseline,single_low,2.0,generalized_cost_jpy,29308.03264214877,58.37297497274457,0.0019917056762382827,0.02,50.0,True
baseline,single_low,2.1,generalized_cost_jpy,29188.27179866089,58.17671105348445,0.0019931536698981098,0.02,50.0,True
baseline,single_low,2.25,generalized_cost_jpy,29018.890859329607,57.759674324738995,0.001990416332751367,0.02,50.0,True
baseline,single_low,2.4,generalized_cost_jpy,28864.387711183484,57.40314213433439,0.001988718510460334,0.02,50.0,True
baseline,single_low,3.0,generalized_cost_jpy,28422.88153750372,55.84983089097497,0.0019649601964980804,0.02,50.0,True
baseline,single_low,4.5,generalized_cost_jpy,28114.058413178613,52.97369718051953,0.0018842422677647931,0.02,50.0,True
baseline,single_low,5.0,generalized_cost_jpy,28166.821537744563,52.29197817520464,0.0018565097274156933,0.02,50.0,True
baseline,single_low,9.0,generalized_cost_jpy,29532.230440497533,50.981413791840424,0.0017262974394893532,0.02,50.0,True
baseline,single_low,10.0,generalized_cost_jpy,30014.256937830283,50.32103986512679,0.0016765712364413602,0.02,50.0,True
baseline,single_average,1.8,generalized_cost_jpy,49318.22190639891,74.3718778764146,0.0015079999846216079,0.02,50.0,True
baseline,single_average,2.0,generalized_cost_jpy,48846.833703126315,73.71045604985866,0.0015090119555720768,0.02,50.0,True
baseline,single_average,2.1,generalized_cost_jpy,48616.4996993109,73.39661564204333,0.0015097058837225104,0.02,50.0,True
baseline,single_average,2.25,generalized_cost_jpy,48330.98206859429,72.83733023191267,0.0015070525595473618,0.02,50.0,True
baseline,single_average,2.4,generalized_cost_jpy,48072.94139453569,72.57301874019726,0.0015096438169778066,0.02,50.0,True
baseline,single_average,3.0,generalized_cost_jpy,47275.068619811536,71.32865279385847,0.0015088006189369508,0.02,50.0,True
baseline,single_average,4.5,generalized_cost_jpy,46134.789405057614,69.05554350873635,0.00149682147462379,0.02,50.0,True
baseline,single_average,5.0,generalized_cost_jpy,45949.64719413357,68.04579443334269,0.0014808774079560323,0.02,50.0,True
baseline,single_average,9.0,generalized_cost_jpy,46496.98434250103,64.81530192176774,0.0013939678634711514,0.02,50.0,True
baseline,single_average,10.0,generalized_cost_jpy,46919.99617373208,64.35426856717253,0.0013715744632392135,0.02,50.0,True
baseline,two_person_low,1.8,generalized_cost_jpy,68977.96259369771,107.90771263736653,0.0015643795290530328,0.02,50.0,True
baseline,two_person_low,2.0,generalized_cost_jpy,68305.24814172479,106.85591707726054,0.0015643880958538935,0.02,50.0,True
baseline,two_person_low,2.1,generalized_cost_jpy,67994.72092186754,106.54541041152845,0.0015669659198095593,0.02,50.0,True
baseline,two_person_low,2.25,generalized_cost_jpy,67591.41998352985,105.93242672169464,0.0015672466527187538,0.02,50.0,True
baseline,two_person_low,2.4,generalized_cost_jpy,67229.34045124515,105.30814459097014,0.0015664015723512834,0.02,50.0,True
baseline,two_person_low,3.0,generalized_cost_jpy,66103.03349185112,103.5800566731091,0.0015669486134229826,0.02,50.0,True
baseline,two_person_low,4.5,generalized_cost_jpy,64441.33017699702,100.8962402960429,0.0015657069774773027,0.02,50.0,True
baseline,two_person_low,5.0,generalized_cost_jpy,64080.18514909763,100.2445148777176,0.0015643605686293687,0.02,50.0,True
baseline,two_person_low,9.0,generalized_cost_jpy,63176.37177673681,95.06387463071317,0.0015047377992307906,0.02,50.0,True
baseline,two_person_low,10.0,generalized_cost_jpy,63413.93374302448,94.16719375120992,0.001484960610278625,0.02,50.0,True
baseline,two_person_average,1.8,generalized_cost_jpy,98495.082612917,140.0840903735446,0.0014222445086326924,0.02,50.0,True
baseline,two_person_average,2.0,generalized_cost_jpy,97534.99180836191,138.58533728640018,0.0014208781352921477,0.02,50.0,True
baseline,two_person_average,2.1,generalized_cost_jpy,97089.62548178349,137.88756236935419,0.0014202090252704233,0.02,50.0,True
baseline,two_person_average,2.25,generalized_cost_jpy,96509.84054359904,137.2318687870737,0.0014219469021408047,0.02,50.0,True
baseline,two_person_average,2.4,generalized_cost_jpy,95992.93721864496,136.51289262761597,0.0014221139240346186,0.02,50.0,True
baseline,two_person_average,3.0,generalized_cost_jpy,94380.18051914603,133.9582637967924,0.0014193473996335232,0.02,50.0,True
baseline,two_person_average,4.5,generalized_cost_jpy,91989.1452687935,130.62327395223483,0.0014199857338662283,0.02,50.0,True
baseline,two_person_average,5.0,generalized_cost_jpy,91464.76930854264,129.68343139896643,0.0014178511833501583,0.02,50.0,True
baseline,two_person_average,9.0,generalized_cost_jpy,89450.90194433043,126.1867997684674,0.0014106822516669476,0.02,50.0,True
baseline,two_person_average,10.0,generalized_cost_jpy,89421.23179910968,125.02080096928526,0.0013981109234790258,0.02,50.0,True
baseline,family_three,1.8,generalized_cost_jpy,147524.84197400627,192.27199271150627,0.0013033194283670843,0.02,50.0,True
baseline,family_three,2.0,generalized_cost_jpy,146077.66562881958,190.18633800784178,0.0013019535682552695,0.02,50.0,True
baseline,family_three,2.1,generalized_cost_jpy,145421.4482140275,189.5580625495191,0.0013035082849025988,0.02,50.0,True
baseline,family_three,2.25,generalized_cost_jpy,144553.55437637478,188.45861684193235,0.0013037286952574112,0.02,50.0,True
baseline,family_three,2.4,generalized_cost_jpy,143779.54598888799,187.1149201339398,0.0013014015230539187,0.02,50.0,True
baseline,family_three,3.0,generalized_cost_jpy,141364.4949601467,183.89647660977786,0.0013008674961957154,0.02,50.0,True
baseline,family_three,4.5,generalized_cost_jpy,137775.08264633038,179.46227186454965,0.0013025742276288855,0.02,50.0,True
baseline,family_three,5.0,generalized_cost_jpy,136987.94558718332,178.34087088720662,0.0013018727313762438,0.02,50.0,True
baseline,family_three,9.0,generalized_cost_jpy,133308.06482434206,173.42797036517663,0.0013009563269386585,0.02,50.0,True
baseline,family_three,10.0,generalized_cost_jpy,132928.42654344175,172.8962393249365,0.001300671675884413,0.02,50.0,True
baseline,family_four,1.8,generalized_cost_jpy,196987.44399287063,259.48967936925226,0.0013172904531856544,0.02,50.0,True
baseline,family_four,2.0,generalized_cost_jpy,195044.45689171366,257.03700055485683,0.0013178380183219494,0.02,50.0,True
baseline,family_four,2.1,generalized_cost_jpy,194178.23962831017,255.8249237375656,0.0013174747295436272,0.02,50.0,True
baseline,family_four,2.25,generalized_cost_jpy,193020.91846805965,254.06199488255922,0.0013162407313101684,0.02,50.0,True
baseline,family_four,2.4,generalized_cost_jpy,191989.45167460397,252.80422197869595,0.0013167609979279735,0.02,50.0,True
baseline,family_four,3.0,generalized_cost_jpy,188754.6048052252,248.78854614292484,0.001318052857039691,0.02,50.0,True
baseline,family_four,4.5,generalized_cost_jpy,183957.68541535342,242.3001282599509,0.0013171514292151891,0.02,50.0,True
baseline,family_four,5.0,generalized_cost_jpy,182891.26869989885,240.7635442645929,0.0013164299530321211,0.02,50.0,True
baseline,family_four,9.0,generalized_cost_jpy,177967.14371230322,234.36681224237458,0.0013169105676115447,0.02,50.0,True
baseline,family_four,10.0,generalized_cost_jpy,177450.6535154678,233.54058483195155,0.0013160874880158984,0.02,50.0,True
full_carry_no_spoilage,single_low,1.8,generalized_cost_jpy,29576.102618726232,59.235001885632585,0.00200279944417449,0.02,50.0,True
full_carry_no_spoilage,single_low,2.0,generalized_cost_jpy,29298.128751886386,58.46546496862888,0.00199553580584441,0.02,50.0,True
full_carry_no_spoilage,single_low,2.1,generalized_cost_jpy,29157.602626605647,58.23016976501881,0.001997083591223824,0.02,50.0,True
full_carry_no_spoilage,single_low,2.25,generalized_cost_jpy,28987.46649520531,57.809167693706776,0.001994281483801585,0.02,50.0,True
full_carry_no_spoilage,single_low,2.4,generalized_cost_jpy,28834.507941418797,57.54813626649972,0.001995807814144654,0.02,50.0,True
full_carry_no_spoilage,single_low,3.0,generalized_cost_jpy,28365.959795137594,56.388636157697896,0.0019878980498084136,0.02,50.0,True
full_carry_no_spoilage,single_low,4.5,generalized_cost_jpy,27748.30062255727,54.614453335845674,0.0019682089393052147,0.02,50.0,True
full_carry_no_spoilage,single_low,5.0,generalized_cost_jpy,27653.817694497793,54.26646061136639,0.00196234969113012,0.02,50.0,True
full_carry_no_spoilage,single_low,9.0,generalized_cost_jpy,27654.647378690745,52.97238848253851,0.0019154967972347507,0.02,50.0,True
full_carry_no_spoilage,single_low,10.0,generalized_cost_jpy,27724.816006219433,53.59472925123467,0.00193309593972461,0.02,50.0,True
full_carry_no_spoilage,single_average,1.8,generalized_cost_jpy,49318.22190639891,74.3718778764146,0.0015079999846216079,0.02,50.0,True
full_carry_no_spoilage,single_average,2.0,generalized_cost_jpy,48846.833703126315,73.71045604985866,0.0015090119555720768,0.02,50.0,True
full_carry_no_spoilage,single_average,2.1,generalized_cost_jpy,48616.4996993109,73.39661564204333,0.0015097058837225104,0.02,50.0,True
full_carry_no_spoilage,single_average,2.25,generalized_cost_jpy,48330.98206859429,72.83733023191267,0.0015070525595473618,0.02,50.0,True
full_carry_no_spoilage,single_average,2.4,generalized_cost_jpy,48072.94139453569,72.57301874019726,0.0015096438169778066,0.02,50.0,True
full_carry_no_spoilage,single_average,3.0,generalized_cost_jpy,47272.105996474565,71.31094275388034,0.001508520537654881,0.02,50.0,True
full_carry_no_spoilage,single_average,4.5,generalized_cost_jpy,46103.499608506005,69.42841468300077,0.001505925044141147,0.02,50.0,True
full_carry_no_spoilage,single_average,5.0,generalized_cost_jpy,45888.03878941879,68.79462487513365,0.0014991842469196316,0.02,50.0,True
full_carry_no_spoilage,single_average,9.0,generalized_cost_jpy,45469.73711085243,67.39166121074696,0.0014821211973680478,0.02,50.0,True
full_carry_no_spoilage,single_average,10.0,generalized_cost_jpy,45539.068854098696,66.70423741066979,0.0014647694625549233,0.02,50.0,True
full_carry_no_spoilage,two_person_low,1.8,generalized_cost_jpy,68977.96259369771,107.90771263736653,0.0015643795290530328,0.02,50.0,True
full_carry_no_spoilage,two_person_low,2.0,generalized_cost_jpy,68305.24814172479,106.85591707726054,0.0015643880958538935,0.02,50.0,True
full_carry_no_spoilage,two_person_low,2.1,generalized_cost_jpy,67994.72092186754,106.54541041152845,0.0015669659198095593,0.02,50.0,True
full_carry_no_spoilage,two_person_low,2.25,generalized_cost_jpy,67591.41998352985,105.93242672169464,0.0015672466527187538,0.02,50.0,True
full_carry_no_spoilage,two_person_low,2.4,generalized_cost_jpy,67229.34045124515,105.30814459097014,0.0015664015723512834,0.02,50.0,True
full_carry_no_spoilage,two_person_low,3.0,generalized_cost_jpy,66103.03349185112,103.5800566731091,0.0015669486134229826,0.02,50.0,True
full_carry_no_spoilage,two_person_low,4.5,generalized_cost_jpy,64435.28904472524,100.9954714051776,0.001567393782234383,0.02,50.0,True
full_carry_no_spoilage,two_person_low,5.0,generalized_cost_jpy,64074.52895204127,100.26530542980083,0.0015648231375192435,0.02,50.0,True
full_carry_no_spoilage,two_person_low,9.0,generalized_cost_jpy,62744.81539711792,97.40317781053542,0.0015523701391750287,0.02,50.0,True
full_carry_no_spoilage,two_person_low,10.0,generalized_cost_jpy,62733.265455366345,96.97331524140306,0.0015458037221161064,0.02,50.0,True
full_carry_no_spoilage,two_person_average,1.8,generalized_cost_jpy,98495.082612917,140.0840903735446,0.0014222445086326924,0.02,50.0,True
full_carry_no_spoilage,two_person_average,2.0,generalized_cost_jpy,97534.99180836191,138.58533728640018,0.0014208781352921477,0.02,50.0,True
full_carry_no_spoilage,two_person_average,2.1,generalized_cost_jpy,97089.62548178349,137.88756236935419,0.0014202090252704233,0.02,50.0,True
full_carry_no_spoilage,two_person_average,2.25,generalized_cost_jpy,96509.84054359904,137.2318687870737,0.0014219469021408047,0.02,50.0,True
full_carry_no_spoilage,two_person_average,2.4,generalized_cost_jpy,95992.93721864496,136.51289262761597,0.0014221139240346186,0.02,50.0,True
full_carry_no_spoilage,two_person_average,3.0,generalized_cost_jpy,94380.18051914603,133.9582637967924,0.0014193473996335232,0.02,50.0,True
full_carry_no_spoilage,two_person_average,4.5,generalized_cost_jpy,91989.1452687935,130.62327395223483,0.0014199857338662283,0.02,50.0,True
full_carry_no_spoilage,two_person_average,5.0,generalized_cost_jpy,91464.76926502085,129.68343538298672,0.0014178512275827928,0.02,50.0,True
full_carry_no_spoilage,two_person_average,9.0,generalized_cost_jpy,89412.68875916126,126.79001927985837,0.00141803161317937,0.02,50.0,True
full_carry_no_spoilage,two_person_average,10.0,generalized_cost_jpy,89315.5523979218,126.36025619802467,0.0014147620745271776,0.02,50.0,True
full_carry_no_spoilage,family_three,1.8,generalized_cost_jpy,147524.84197400627,192.27199271150627,0.0013033194283670843,0.02,50.0,True
full_carry_no_spoilage,family_three,2.0,generalized_cost_jpy,146077.66562881958,190.18633800784178,0.0013019535682552695,0.02,50.0,True
full_carry_no_spoilage,family_three,2.1,generalized_cost_jpy,145421.4482140275,189.5580625495191,0.0013035082849025988,0.02,50.0,True
full_carry_no_spoilage,family_three,2.25,generalized_cost_jpy,144553.55437637478,188.45861684193235,0.0013037286952574112,0.02,50.0,True
full_carry_no_spoilage,family_three,2.4,generalized_cost_jpy,143779.54598888799,187.1149201339398,0.0013014015230539187,0.02,50.0,True
full_carry_no_spoilage,family_three,3.0,generalized_cost_jpy,141364.4949601467,183.89647660977786,0.0013008674961957154,0.02,50.0,True
full_carry_no_spoilage,family_three,4.5,generalized_cost_jpy,137775.08264633038,179.46227186454965,0.0013025742276288855,0.02,50.0,True
full_carry_no_spoilage,family_three,5.0,generalized_cost_jpy,136987.94558718332,178.34087088720662,0.0013018727313762438,0.02,50.0,True
full_carry_no_spoilage,family_three,9.0,generalized_cost_jpy,133307.43802658538,173.42243490488508,0.001300920919883702,0.02,50.0,True
full_carry_no_spoilage,family_three,10.0,generalized_cost_jpy,132926.41749940434,172.9486913215194,0.0013010859284031664,0.02,50.0,True
full_carry_no_spoilage,family_four,1.8,generalized_cost_jpy,196987.44399287063,259.48967936925226,0.0013172904531856544,0.02,50.0,True
full_carry_no_spoilage,family_four,2.0,generalized_cost_jpy,195044.45689171366,257.03700055485683,0.0013178380183219494,0.02,50.0,True
full_carry_no_spoilage,family_four,2.1,generalized_cost_jpy,194178.23962831017,255.8249237375656,0.0013174747295436272,0.02,50.0,True
full_carry_no_spoilage,family_four,2.25,generalized_cost_jpy,193020.91846805965,254.06199488255922,0.0013162407313101684,0.02,50.0,True
full_carry_no_spoilage,family_four,2.4,generalized_cost_jpy,191989.45167460397,252.80422197869595,0.0013167609979279735,0.02,50.0,True
full_carry_no_spoilage,family_four,3.0,generalized_cost_jpy,188754.6048052252,248.78854614292484,0.001318052857039691,0.02,50.0,True
full_carry_no_spoilage,family_four,4.5,generalized_cost_jpy,183957.68541535342,242.3001282599509,0.0013171514292151891,0.02,50.0,True
full_carry_no_spoilage,family_four,5.0,generalized_cost_jpy,182891.26869989885,240.7635442645929,0.0013164299530321211,0.02,50.0,True
full_carry_no_spoilage,family_four,9.0,generalized_cost_jpy,177967.14371230322,234.36681224237458,0.0013169105676115447,0.02,50.0,True
full_carry_no_spoilage,family_four,10.0,generalized_cost_jpy,177450.6535154678,233.54058483195155,0.0013160874880158984,0.02,50.0,True
perfect_final_batch_adaptation,single_low,1.8,generalized_cost_jpy,29696.333283008007,59.0738171182117,0.001989263002783352,0.02,50.0,True
perfect_final_batch_adaptation,single_low,2.0,generalized_cost_jpy,29428.488900976034,58.645340061629916,0.001992808406132089,0.02,50.0,True
perfect_final_batch_adaptation,single_low,2.1,generalized_cost_jpy,29286.846729665773,58.113496381937665,0.001984286561074951,0.02,50.0,True
perfect_final_batch_adaptation,single_low,2.25,generalized_cost_jpy,29120.641738745737,57.984618072704265,0.0019911861350072617,0.02,50.0,True
perfect_final_batch_adaptation,single_low,2.4,generalized_cost_jpy,28962.615545577613,57.600972382219794,0.001988804232531238,0.02,50.0,True
perfect_final_batch_adaptation,single_low,3.0,generalized_cost_jpy,28488.8402698206,56.3142127014485,0.001976711307588904,0.02,50.0,True
perfect_final_batch_adaptation,single_low,4.5,generalized_cost_jpy,28096.183667847374,53.489573872740046,0.0019038021143758497,0.02,50.0,True
perfect_final_batch_adaptation,single_low,5.0,generalized_cost_jpy,28129.252701436995,52.61904824183409,0.0018706166424089193,0.02,50.0,True
perfect_final_batch_adaptation,single_low,9.0,generalized_cost_jpy,29440.029710587016,50.79143595636726,0.0017252508389317964,0.02,50.0,True
perfect_final_batch_adaptation,single_low,10.0,generalized_cost_jpy,29902.873159109422,50.82672579364255,0.0016997271641156335,0.02,50.0,True
perfect_final_batch_adaptation,single_average,1.8,generalized_cost_jpy,49500.75032935371,74.82869219093314,0.0015116678372157943,0.02,50.0,True
perfect_final_batch_adaptation,single_average,2.0,generalized_cost_jpy,49055.1088369629,74.08765595274285,0.001510294395614876,0.02,50.0,True
perfect_final_batch_adaptation,single_average,2.1,generalized_cost_jpy,48771.90246785778,73.69328166348254,0.0015109782053724218,0.02,50.0,True
perfect_final_batch_adaptation,single_average,2.25,generalized_cost_jpy,48473.37621116886,73.06621253037538,0.0015073472953909908,0.02,50.0,True
perfect_final_batch_adaptation,single_average,2.4,generalized_cost_jpy,48211.17485871455,72.67691888533679,0.001507470396610753,0.02,50.0,True
perfect_final_batch_adaptation,single_average,3.0,generalized_cost_jpy,47381.97240230088,71.3841960860353,0.0015065686898793785,0.02,50.0,True
perfect_final_batch_adaptation,single_average,4.5,generalized_cost_jpy,46221.631475092254,69.43207769262415,0.0015021554946635636,0.02,50.0,True
perfect_final_batch_adaptation,single_average,5.0,generalized_cost_jpy,46015.069776649354,68.53876766989164,0.0014894852491274954,0.02,50.0,True
perfect_final_batch_adaptation,single_average,9.0,generalized_cost_jpy,46441.86011084769,64.67805065631569,0.0013926671003689725,0.02,50.0,True
perfect_final_batch_adaptation,single_average,10.0,generalized_cost_jpy,46847.56093038375,64.79434502064133,0.0013830889748332213,0.02,50.0,True
perfect_final_batch_adaptation,two_person_low,1.8,generalized_cost_jpy,69268.60347378736,108.47923657970294,0.0015660664592545696,0.02,50.0,True
perfect_final_batch_adaptation,two_person_low,2.0,generalized_cost_jpy,68615.35683044766,107.4775029799837,0.0015663767987910714,0.02,50.0,True
perfect_final_batch_adaptation,two_person_low,2.1,generalized_cost_jpy,68243.87402504569,106.58542067938687,0.0015618313321466733,0.02,50.0,True
perfect_final_batch_adaptation,two_person_low,2.25,generalized_cost_jpy,67825.0657344248,106.56295999758134,0.001571144219967855,0.02,50.0,True
perfect_final_batch_adaptation,two_person_low,2.4,generalized_cost_jpy,67448.74039638981,105.79270005057795,0.0015684903740061616,0.02,50.0,True
perfect_final_batch_adaptation,two_person_low,3.0,generalized_cost_jpy,66274.85307651642,103.80984248663363,0.001566353415627823,0.02,50.0,True
perfect_final_batch_adaptation,two_person_low,4.5,generalized_cost_jpy,64556.44419374671,101.26251287108867,0.0015685887619085674,0.02,50.0,True
perfect_final_batch_adaptation,two_person_low,5.0,generalized_cost_jpy,64198.941951615474,100.2920223666955,0.0015622067797049076,0.02,50.0,True
perfect_final_batch_adaptation,two_person_low,9.0,generalized_cost_jpy,63150.57070658806,95.26736519697758,0.0015085748890475029,0.02,50.0,True
perfect_final_batch_adaptation,two_person_low,10.0,generalized_cost_jpy,63362.75346860926,94.42229915053696,0.0014901861737639764,0.02,50.0,True
perfect_final_batch_adaptation,two_person_average,1.8,generalized_cost_jpy,98919.44235444443,140.34337869092192,0.00141876435360451,0.02,50.0,True
perfect_final_batch_adaptation,two_person_average,2.0,generalized_cost_jpy,97977.56246587327,138.9764809179189,0.0014184521172010789,0.02,50.0,True
perfect_final_batch_adaptation,two_person_average,2.1,generalized_cost_jpy,97455.20690708619,138.55038293747484,0.0014216827128546224,0.02,50.0,True
perfect_final_batch_adaptation,two_person_average,2.25,generalized_cost_jpy,96849.33295115118,137.3834263175449,0.0014185273365469463,0.02,50.0,True
perfect_final_batch_adaptation,two_person_average,2.4,generalized_cost_jpy,96315.68248109771,136.83364395489343,0.0014206787558375814,0.02,50.0,True
perfect_final_batch_adaptation,two_person_average,3.0,generalized_cost_jpy,94632.11306968803,134.2584141542057,0.0014187405289717717,0.02,50.0,True
perfect_final_batch_adaptation,two_person_average,4.5,generalized_cost_jpy,92156.03671399223,130.7470160010731,0.0014187569329489353,0.02,50.0,True
perfect_final_batch_adaptation,two_person_average,5.0,generalized_cost_jpy,91633.29107787053,129.98164474066982,0.0014184980503451593,0.02,50.0,True
perfect_final_batch_adaptation,two_person_average,9.0,generalized_cost_jpy,89533.27168088964,126.566408613582,0.0014136243011948024,0.02,50.0,True
perfect_final_batch_adaptation,two_person_average,10.0,generalized_cost_jpy,89469.29341591208,125.54724649112677,0.0014032439700568625,0.02,50.0,True
perfect_final_batch_adaptation,family_three,1.8,generalized_cost_jpy,148143.5502479967,193.2409731807382,0.0013044170526306889,0.02,50.0,True
perfect_final_batch_adaptation,family_three,2.0,generalized_cost_jpy,146771.7884343357,190.98865321539697,0.0013012626966853612,0.02,50.0,True
perfect_final_batch_adaptation,family_three,2.1,generalized_cost_jpy,145950.8719364128,190.02254211463406,0.0013019623630437934,0.02,50.0,True
perfect_final_batch_adaptation,family_three,2.25,generalized_cost_jpy,145044.06828729165,189.13007678526424,0.0013039490619544023,0.02,50.0,True
perfect_final_batch_adaptation,family_three,2.4,generalized_cost_jpy,144242.8081144901,187.9678450008555,0.0013031349531940578,0.02,50.0,True
perfect_final_batch_adaptation,family_three,3.0,generalized_cost_jpy,141741.28199931746,184.72663181731747,0.0013032662694429911,0.02,50.0,True
perfect_final_batch_adaptation,family_three,4.5,generalized_cost_jpy,138017.5262590029,179.8624906947577,0.0013031858747941099,0.02,50.0,True
perfect_final_batch_adaptation,family_three,5.0,generalized_cost_jpy,137253.37905295662,178.64786290472455,0.0013015917286509694,0.02,50.0,True
perfect_final_batch_adaptation,family_three,9.0,generalized_cost_jpy,133424.55669753384,173.84771045503246,0.0013029663710941585,0.02,50.0,True
perfect_final_batch_adaptation,family_three,10.0,generalized_cost_jpy,133056.5430037619,172.89720058591493,0.0012994265196039747,0.02,50.0,True
perfect_final_batch_adaptation,family_four,1.8,generalized_cost_jpy,197915.9470397857,260.34131750627046,0.0013154135449930965,0.02,50.0,True
perfect_final_batch_adaptation,family_four,2.0,generalized_cost_jpy,196028.42452935255,257.18957337267,0.0013120014303546037,0.02,50.0,True
perfect_final_batch_adaptation,family_four,2.1,generalized_cost_jpy,194965.3617247498,256.64375434817924,0.0013163556442939153,0.02,50.0,True
perfect_final_batch_adaptation,family_four,2.25,generalized_cost_jpy,193758.3030370916,255.2503354465063,0.001317364631324435,0.02,50.0,True
perfect_final_batch_adaptation,family_four,2.4,generalized_cost_jpy,192669.7587706266,253.50013190531052,0.0013157235132426907,0.02,50.0,True
perfect_final_batch_adaptation,family_four,3.0,generalized_cost_jpy,189304.65288141897,249.71474828728265,0.0013191157453678898,0.02,50.0,True
perfect_final_batch_adaptation,family_four,4.5,generalized_cost_jpy,184315.71415104347,242.84675546225623,0.0013175586063337366,0.02,50.0,True
perfect_final_batch_adaptation,family_four,5.0,generalized_cost_jpy,183280.58807673282,241.6284843700852,0.0013183528430677244,0.02,50.0,True
perfect_final_batch_adaptation,family_four,9.0,generalized_cost_jpy,178144.55942948433,234.5385725278011,0.0013165632073127635,0.02,50.0,True
perfect_final_batch_adaptation,family_four,10.0,generalized_cost_jpy,177631.27132040783,233.64028335499594,0.0013153105397391439,0.02,50.0,True
zero_sku_complexity,single_low,1.8,generalized_cost_jpy,29591.560634231882,59.02565861795112,0.0019946787987136275,0.02,50.0,True
zero_sku_complexity,single_low,2.0,generalized_cost_jpy,29308.03264214877,58.37297497274457,0.0019917056762382827,0.02,50.0,True
zero_sku_complexity,single_low,2.1,generalized_cost_jpy,29188.27179866089,58.17671105348445,0.0019931536698981098,0.02,50.0,True
zero_sku_complexity,single_low,2.25,generalized_cost_jpy,29018.890859329607,57.759674324738995,0.001990416332751367,0.02,50.0,True
zero_sku_complexity,single_low,2.4,generalized_cost_jpy,28864.387711183484,57.40314213433439,0.001988718510460334,0.02,50.0,True
zero_sku_complexity,single_low,3.0,generalized_cost_jpy,28422.88153750372,55.84983089097497,0.0019649601964980804,0.02,50.0,True
zero_sku_complexity,single_low,4.5,generalized_cost_jpy,28114.058413178613,52.97369718051953,0.0018842422677647931,0.02,50.0,True
zero_sku_complexity,single_low,5.0,generalized_cost_jpy,28166.821537744563,52.29197817520464,0.0018565097274156933,0.02,50.0,True
zero_sku_complexity,single_low,9.0,generalized_cost_jpy,29532.230440497533,50.981413791840424,0.0017262974394893532,0.02,50.0,True
zero_sku_complexity,single_low,10.0,generalized_cost_jpy,30014.256937830283,50.32103986512679,0.0016765712364413602,0.02,50.0,True
zero_sku_complexity,single_average,1.8,generalized_cost_jpy,49318.22190639891,74.3718778764146,0.0015079999846216079,0.02,50.0,True
zero_sku_complexity,single_average,2.0,generalized_cost_jpy,48846.833703126315,73.71045604985866,0.0015090119555720768,0.02,50.0,True
zero_sku_complexity,single_average,2.1,generalized_cost_jpy,48616.4996993109,73.39661564204333,0.0015097058837225104,0.02,50.0,True
zero_sku_complexity,single_average,2.25,generalized_cost_jpy,48330.98206859429,72.83733023191267,0.0015070525595473618,0.02,50.0,True
zero_sku_complexity,single_average,2.4,generalized_cost_jpy,48072.94139453569,72.57301874019726,0.0015096438169778066,0.02,50.0,True
zero_sku_complexity,single_average,3.0,generalized_cost_jpy,47275.068619811536,71.32865279385847,0.0015088006189369508,0.02,50.0,True
zero_sku_complexity,single_average,4.5,generalized_cost_jpy,46134.789405057614,69.05554350873635,0.00149682147462379,0.02,50.0,True
zero_sku_complexity,single_average,5.0,generalized_cost_jpy,45949.64719413357,68.04579443334269,0.0014808774079560323,0.02,50.0,True
zero_sku_complexity,single_average,9.0,generalized_cost_jpy,46496.98434250103,64.81530192176774,0.0013939678634711514,0.02,50.0,True
zero_sku_complexity,single_average,10.0,generalized_cost_jpy,46919.99617373208,64.35426856717253,0.0013715744632392135,0.02,50.0,True
zero_sku_complexity,two_person_low,1.8,generalized_cost_jpy,68977.96259369771,107.90771263736653,0.0015643795290530328,0.02,50.0,True
zero_sku_complexity,two_person_low,2.0,generalized_cost_jpy,68305.24814172479,106.85591707726054,0.0015643880958538935,0.02,50.0,True
zero_sku_complexity,two_person_low,2.1,generalized_cost_jpy,67994.72092186754,106.54541041152845,0.0015669659198095593,0.02,50.0,True
zero_sku_complexity,two_person_low,2.25,generalized_cost_jpy,67591.41998352985,105.93242672169464,0.0015672466527187538,0.02,50.0,True
zero_sku_complexity,two_person_low,2.4,generalized_cost_jpy,67229.34045124515,105.30814459097014,0.0015664015723512834,0.02,50.0,True
zero_sku_complexity,two_person_low,3.0,generalized_cost_jpy,66103.03349185112,103.5800566731091,0.0015669486134229826,0.02,50.0,True
zero_sku_complexity,two_person_low,4.5,generalized_cost_jpy,64441.33017699702,100.8962402960429,0.0015657069774773027,0.02,50.0,True
zero_sku_complexity,two_person_low,5.0,generalized_cost_jpy,64080.18514909763,100.2445148777176,0.0015643605686293687,0.02,50.0,True
zero_sku_complexity,two_person_low,9.0,generalized_cost_jpy,63176.37177673681,95.06387463071317,0.0015047377992307906,0.02,50.0,True
zero_sku_complexity,two_person_low,10.0,generalized_cost_jpy,63413.93374302448,94.16719375120992,0.001484960610278625,0.02,50.0,True
zero_sku_complexity,two_person_average,1.8,generalized_cost_jpy,98495.082612917,140.0840903735446,0.0014222445086326924,0.02,50.0,True
zero_sku_complexity,two_person_average,2.0,generalized_cost_jpy,97534.99180836191,138.58533728640018,0.0014208781352921477,0.02,50.0,True
zero_sku_complexity,two_person_average,2.1,generalized_cost_jpy,97089.62548178349,137.88756236935419,0.0014202090252704233,0.02,50.0,True
zero_sku_complexity,two_person_average,2.25,generalized_cost_jpy,96509.84054359904,137.2318687870737,0.0014219469021408047,0.02,50.0,True
zero_sku_complexity,two_person_average,2.4,generalized_cost_jpy,95992.93721864496,136.51289262761597,0.0014221139240346186,0.02,50.0,True
zero_sku_complexity,two_person_average,3.0,generalized_cost_jpy,94380.18051914603,133.9582637967924,0.0014193473996335232,0.02,50.0,True
zero_sku_complexity,two_person_average,4.5,generalized_cost_jpy,91989.1452687935,130.62327395223483,0.0014199857338662283,0.02,50.0,True
zero_sku_complexity,two_person_average,5.0,generalized_cost_jpy,91464.76930854264,129.68343139896643,0.0014178511833501583,0.02,50.0,True
zero_sku_complexity,two_person_average,9.0,generalized_cost_jpy,89450.90194433043,126.1867997684674,0.0014106822516669476,0.02,50.0,True
zero_sku_complexity,two_person_average,10.0,generalized_cost_jpy,89421.23179910968,125.02080096928526,0.0013981109234790258,0.02,50.0,True
zero_sku_complexity,family_three,1.8,generalized_cost_jpy,147524.84197400627,192.27199271150627,0.0013033194283670843,0.02,50.0,True
zero_sku_complexity,family_three,2.0,generalized_cost_jpy,146077.66562881958,190.18633800784178,0.0013019535682552695,0.02,50.0,True
zero_sku_complexity,family_three,2.1,generalized_cost_jpy,145421.4482140275,189.5580625495191,0.0013035082849025988,0.02,50.0,True
zero_sku_complexity,family_three,2.25,generalized_cost_jpy,144553.55437637478,188.45861684193235,0.0013037286952574112,0.02,50.0,True
zero_sku_complexity,family_three,2.4,generalized_cost_jpy,143779.54598888799,187.1149201339398,0.0013014015230539187,0.02,50.0,True
zero_sku_complexity,family_three,3.0,generalized_cost_jpy,141364.4949601467,183.89647660977786,0.0013008674961957154,0.02,50.0,True
zero_sku_complexity,family_three,4.5,generalized_cost_jpy,137775.08264633038,179.46227186454965,0.0013025742276288855,0.02,50.0,True
zero_sku_complexity,family_three,5.0,generalized_cost_jpy,136987.94558718332,178.34087088720662,0.0013018727313762438,0.02,50.0,True
zero_sku_complexity,family_three,9.0,generalized_cost_jpy,133308.06482434206,173.42797036517663,0.0013009563269386585,0.02,50.0,True
zero_sku_complexity,family_three,10.0,generalized_cost_jpy,132928.42654344175,172.8962393249365,0.001300671675884413,0.02,50.0,True
zero_sku_complexity,family_four,1.8,generalized_cost_jpy,196987.44399287063,259.48967936925226,0.0013172904531856544,0.02,50.0,True
zero_sku_complexity,family_four,2.0,generalized_cost_jpy,195044.45689171366,257.03700055485683,0.0013178380183219494,0.02,50.0,True
zero_sku_complexity,family_four,2.1,generalized_cost_jpy,194178.23962831017,255.8249237375656,0.0013174747295436272,0.02,50.0,True
zero_sku_complexity,family_four,2.25,generalized_cost_jpy,193020.91846805965,254.06199488255922,0.0013162407313101684,0.02,50.0,True
zero_sku_complexity,family_four,2.4,generalized_cost_jpy,191989.45167460397,252.80422197869595,0.0013167609979279735,0.02,50.0,True
zero_sku_complexity,family_four,3.0,generalized_cost_jpy,188754.6048052252,248.78854614292484,0.001318052857039691,0.02,50.0,True
zero_sku_complexity,family_four,4.5,generalized_cost_jpy,183957.68541535342,242.3001282599509,0.0013171514292151891,0.02,50.0,True
zero_sku_complexity,family_four,5.0,generalized_cost_jpy,182891.26869989885,240.7635442645929,0.0013164299530321211,0.02,50.0,True
zero_sku_complexity,family_four,9.0,generalized_cost_jpy,177967.14371230322,234.36681224237458,0.0013169105676115447,0.02,50.0,True
zero_sku_complexity,family_four,10.0,generalized_cost_jpy,177450.6535154678,233.54058483195155,0.0013160874880158984,0.02,50.0,True
high_sku_complexity,single_low,1.8,generalized_cost_jpy,29591.560634231882,59.02565861795112,0.0019946787987136275,0.02,50.0,True
high_sku_complexity,single_low,2.0,generalized_cost_jpy,29308.03264214877,58.37297497274457,0.0019917056762382827,0.02,50.0,True
high_sku_complexity,single_low,2.1,generalized_cost_jpy,29188.27179866089,58.17671105348445,0.0019931536698981098,0.02,50.0,True
high_sku_complexity,single_low,2.25,generalized_cost_jpy,29018.890859329607,57.759674324738995,0.001990416332751367,0.02,50.0,True
high_sku_complexity,single_low,2.4,generalized_cost_jpy,28864.387711183484,57.40314213433439,0.001988718510460334,0.02,50.0,True
high_sku_complexity,single_low,3.0,generalized_cost_jpy,28422.88153750372,55.84983089097497,0.0019649601964980804,0.02,50.0,True
high_sku_complexity,single_low,4.5,generalized_cost_jpy,28114.058413178613,52.97369718051953,0.0018842422677647931,0.02,50.0,True
high_sku_complexity,single_low,5.0,generalized_cost_jpy,28166.821537744563,52.29197817520464,0.0018565097274156933,0.02,50.0,True
high_sku_complexity,single_low,9.0,generalized_cost_jpy,29532.230440497533,50.981413791840424,0.0017262974394893532,0.02,50.0,True
high_sku_complexity,single_low,10.0,generalized_cost_jpy,30014.256937830283,50.32103986512679,0.0016765712364413602,0.02,50.0,True
high_sku_complexity,single_average,1.8,generalized_cost_jpy,49318.22190639891,74.3718778764146,0.0015079999846216079,0.02,50.0,True
high_sku_complexity,single_average,2.0,generalized_cost_jpy,48846.833703126315,73.71045604985866,0.0015090119555720768,0.02,50.0,True
high_sku_complexity,single_average,2.1,generalized_cost_jpy,48616.4996993109,73.39661564204333,0.0015097058837225104,0.02,50.0,True
high_sku_complexity,single_average,2.25,generalized_cost_jpy,48330.98206859429,72.83733023191267,0.0015070525595473618,0.02,50.0,True
high_sku_complexity,single_average,2.4,generalized_cost_jpy,48072.94139453569,72.57301874019726,0.0015096438169778066,0.02,50.0,True
high_sku_complexity,single_average,3.0,generalized_cost_jpy,47275.068619811536,71.32865279385847,0.0015088006189369508,0.02,50.0,True
high_sku_complexity,single_average,4.5,generalized_cost_jpy,46134.789405057614,69.05554350873635,0.00149682147462379,0.02,50.0,True
high_sku_complexity,single_average,5.0,generalized_cost_jpy,45949.64719413357,68.04579443334269,0.0014808774079560323,0.02,50.0,True
high_sku_complexity,single_average,9.0,generalized_cost_jpy,46496.98434250103,64.81530192176774,0.0013939678634711514,0.02,50.0,True
high_sku_complexity,single_average,10.0,generalized_cost_jpy,46919.99617373208,64.35426856717253,0.0013715744632392135,0.02,50.0,True
high_sku_complexity,two_person_low,1.8,generalized_cost_jpy,68977.96259369771,107.90771263736653,0.0015643795290530328,0.02,50.0,True
high_sku_complexity,two_person_low,2.0,generalized_cost_jpy,68305.24814172479,106.85591707726054,0.0015643880958538935,0.02,50.0,True
high_sku_complexity,two_person_low,2.1,generalized_cost_jpy,67994.72092186754,106.54541041152845,0.0015669659198095593,0.02,50.0,True
high_sku_complexity,two_person_low,2.25,generalized_cost_jpy,67591.41998352985,105.93242672169464,0.0015672466527187538,0.02,50.0,True
high_sku_complexity,two_person_low,2.4,generalized_cost_jpy,67229.34045124515,105.30814459097014,0.0015664015723512834,0.02,50.0,True
high_sku_complexity,two_person_low,3.0,generalized_cost_jpy,66103.03349185112,103.5800566731091,0.0015669486134229826,0.02,50.0,True
high_sku_complexity,two_person_low,4.5,generalized_cost_jpy,64441.33017699702,100.8962402960429,0.0015657069774773027,0.02,50.0,True
high_sku_complexity,two_person_low,5.0,generalized_cost_jpy,64080.18514909763,100.2445148777176,0.0015643605686293687,0.02,50.0,True
high_sku_complexity,two_person_low,9.0,generalized_cost_jpy,63176.37177673681,95.06387463071317,0.0015047377992307906,0.02,50.0,True
high_sku_complexity,two_person_low,10.0,generalized_cost_jpy,63413.93374302448,94.16719375120992,0.001484960610278625,0.02,50.0,True
high_sku_complexity,two_person_average,1.8,generalized_cost_jpy,98495.082612917,140.0840903735446,0.0014222445086326924,0.02,50.0,True
high_sku_complexity,two_person_average,2.0,generalized_cost_jpy,97534.99180836191,138.58533728640018,0.0014208781352921477,0.02,50.0,True
high_sku_complexity,two_person_average,2.1,generalized_cost_jpy,97089.62548178349,137.88756236935419,0.0014202090252704233,0.02,50.0,True
high_sku_complexity,two_person_average,2.25,generalized_cost_jpy,96509.84054359904,137.2318687870737,0.0014219469021408047,0.02,50.0,True
high_sku_complexity,two_person_average,2.4,generalized_cost_jpy,95992.93721864496,136.51289262761597,0.0014221139240346186,0.02,50.0,True
high_sku_complexity,two_person_average,3.0,generalized_cost_jpy,94380.18051914603,133.9582637967924,0.0014193473996335232,0.02,50.0,True
high_sku_complexity,two_person_average,4.5,generalized_cost_jpy,91989.1452687935,130.62327395223483,0.0014199857338662283,0.02,50.0,True
high_sku_complexity,two_person_average,5.0,generalized_cost_jpy,91464.76930854264,129.68343139896643,0.0014178511833501583,0.02,50.0,True
high_sku_complexity,two_person_average,9.0,generalized_cost_jpy,89450.90194433043,126.1867997684674,0.0014106822516669476,0.02,50.0,True
high_sku_complexity,two_person_average,10.0,generalized_cost_jpy,89421.23179910968,125.02080096928526,0.0013981109234790258,0.02,50.0,True
high_sku_complexity,family_three,1.8,generalized_cost_jpy,147524.84197400627,192.27199271150627,0.0013033194283670843,0.02,50.0,True
high_sku_complexity,family_three,2.0,generalized_cost_jpy,146077.66562881958,190.18633800784178,0.0013019535682552695,0.02,50.0,True
high_sku_complexity,family_three,2.1,generalized_cost_jpy,145421.4482140275,189.5580625495191,0.0013035082849025988,0.02,50.0,True
high_sku_complexity,family_three,2.25,generalized_cost_jpy,144553.55437637478,188.45861684193235,0.0013037286952574112,0.02,50.0,True
high_sku_complexity,family_three,2.4,generalized_cost_jpy,143779.54598888799,187.1149201339398,0.0013014015230539187,0.02,50.0,True
high_sku_complexity,family_three,3.0,generalized_cost_jpy,141364.4949601467,183.89647660977786,0.0013008674961957154,0.02,50.0,True
high_sku_complexity,family_three,4.5,generalized_cost_jpy,137775.08264633038,179.46227186454965,0.0013025742276288855,0.02,50.0,True
high_sku_complexity,family_three,5.0,generalized_cost_jpy,136987.94558718332,178.34087088720662,0.0013018727313762438,0.02,50.0,True
high_sku_complexity,family_three,9.0,generalized_cost_jpy,133308.06482434206,173.42797036517663,0.0013009563269386585,0.02,50.0,True
high_sku_complexity,family_three,10.0,generalized_cost_jpy,132928.42654344175,172.8962393249365,0.001300671675884413,0.02,50.0,True
high_sku_complexity,family_four,1.8,generalized_cost_jpy,196987.44399287063,259.48967936925226,0.0013172904531856544,0.02,50.0,True
high_sku_complexity,family_four,2.0,generalized_cost_jpy,195044.45689171366,257.03700055485683,0.0013178380183219494,0.02,50.0,True
high_sku_complexity,family_four,2.1,generalized_cost_jpy,194178.23962831017,255.8249237375656,0.0013174747295436272,0.02,50.0,True
high_sku_complexity,family_four,2.25,generalized_cost_jpy,193020.91846805965,254.06199488255922,0.0013162407313101684,0.02,50.0,True
high_sku_complexity,family_four,2.4,generalized_cost_jpy,191989.45167460397,252.80422197869595,0.0013167609979279735,0.02,50.0,True
high_sku_complexity,family_four,3.0,generalized_cost_jpy,188754.6048052252,248.78854614292484,0.001318052857039691,0.02,50.0,True
high_sku_complexity,family_four,4.5,generalized_cost_jpy,183957.68541535342,242.3001282599509,0.0013171514292151891,0.02,50.0,True
high_sku_complexity,family_four,5.0,generalized_cost_jpy,182891.26869989885,240.7635442645929,0.0013164299530321211,0.02,50.0,True
high_sku_complexity,family_four,9.0,generalized_cost_jpy,177967.14371230322,234.36681224237458,0.0013169105676115447,0.02,50.0,True
high_sku_complexity,family_four,10.0,generalized_cost_jpy,177450.6535154678,233.54058483195155,0.0013160874880158984,0.02,50.0,True
packaging_logistics_dominant,single_low,1.8,generalized_cost_jpy,34389.26579494426,69.02988944102091,0.0020073091950444997,0.02,50.0,True
packaging_logistics_dominant,single_low,2.0,generalized_cost_jpy,33650.077707280296,67.2342915402162,0.0019980426828455694,0.02,50.0,True
packaging_logistics_dominant,single_low,2.1,generalized_cost_jpy,33331.815398929735,66.59643170337807,0.0019979839353579418,0.02,50.0,True
packaging_logistics_dominant,single_low,2.25,generalized_cost_jpy,32900.633286091754,65.49029445305611,0.0019905481418420337,0.02,50.0,True
packaging_logistics_dominant,single_low,2.4,generalized_cost_jpy,32512.494826472237,64.74393681185623,0.001991355543689025,0.02,50.0,True
packaging_logistics_dominant,single_low,3.0,generalized_cost_jpy,31384.319534712264,61.74340578241517,0.0019673329451710617,0.02,50.0,True
packaging_logistics_dominant,single_low,4.5,generalized_cost_jpy,30169.873036375095,57.03994562973836,0.0018906259751562979,0.02,50.0,True
packaging_logistics_dominant,single_low,5.0,generalized_cost_jpy,30048.099922488615,56.19708939411026,0.0018702377035178588,0.02,50.0,True
packaging_logistics_dominant,single_low,9.0,generalized_cost_jpy,30720.59925748245,52.99218639467932,0.0017249724183610222,0.02,50.0,True
packaging_logistics_dominant,single_low,10.0,generalized_cost_jpy,31079.871045919834,52.802058980193216,0.001698914995566723,0.02,50.0,True
packaging_logistics_dominant,single_average,1.8,generalized_cost_jpy,57321.73669651808,86.37678441012375,0.0015068766123998224,0.02,50.0,True
packaging_logistics_dominant,single_average,2.0,generalized_cost_jpy,56088.283833436755,84.7688664751283,0.001511347124238338,0.02,50.0,True
packaging_logistics_dominant,single_average,2.1,generalized_cost_jpy,55525.39492891967,84.1007433217279,0.0015146356622836939,0.02,50.0,True
packaging_logistics_dominant,single_average,2.25,generalized_cost_jpy,54807.97364193727,82.59635109760875,0.0015070134071588576,0.02,50.0,True
packaging_logistics_dominant,single_average,2.4,generalized_cost_jpy,54165.161446217244,82.07132670939514,0.0015152050601914488,0.02,50.0,True
packaging_logistics_dominant,single_average,3.0,generalized_cost_jpy,52214.97259401353,78.98818486017515,0.0015127497140395164,0.02,50.0,True
packaging_logistics_dominant,single_average,4.5,generalized_cost_jpy,49528.098085014186,74.2923920550949,0.0015000049452246924,0.02,50.0,True
packaging_logistics_dominant,single_average,5.0,generalized_cost_jpy,49029.10288080393,72.51099860640018,0.0014789379031201891,0.02,50.0,True
packaging_logistics_dominant,single_average,9.0,generalized_cost_jpy,48348.80158343911,67.34633473712032,0.0013929266606721525,0.02,50.0,True
packaging_logistics_dominant,single_average,10.0,generalized_cost_jpy,48624.333571635136,67.12752703789822,0.0013805336157256224,0.02,50.0,True
packaging_logistics_dominant,two_person_low,1.8,generalized_cost_jpy,80174.63804931981,125.27203449372551,0.0015624895545729041,0.02,50.0,True
packaging_logistics_dominant,two_person_low,2.0,generalized_cost_jpy,78423.97406828537,122.42374193812256,0.0015610499645366822,0.02,50.0,True
packaging_logistics_dominant,two_person_low,2.1,generalized_cost_jpy,77658.5841426791,121.66657152978905,0.0015666854202010146,0.02,50.0,True
packaging_logistics_dominant,two_person_low,2.25,generalized_cost_jpy,76646.1348377074,120.04396642846915,0.0015662103077037541,0.02,50.0,True
packaging_logistics_dominant,two_person_low,2.4,generalized_cost_jpy,75747.13582661643,118.6120135528127,0.0015658943702414445,0.02,50.0,True
packaging_logistics_dominant,two_person_low,3.0,generalized_cost_jpy,73006.4734417596,114.37954552356935,0.0015667041582937823,0.02,50.0,True
packaging_logistics_dominant,two_person_low,4.5,generalized_cost_jpy,69178.08173828044,108.46072452420185,0.0015678481073606286,0.02,50.0,True
packaging_logistics_dominant,two_person_low,5.0,generalized_cost_jpy,68385.82228164583,106.74956665690588,0.001560989735814825,0.02,50.0,True
packaging_logistics_dominant,two_person_low,9.0,generalized_cost_jpy,65724.01372471698,98.89076767248183,0.0015046367692436251,0.02,50.0,True
packaging_logistics_dominant,two_person_low,10.0,generalized_cost_jpy,65755.38149314052,97.92384916976212,0.001489214220131585,0.02,50.0,True
packaging_logistics_dominant,two_person_average,1.8,generalized_cost_jpy,114483.37298737187,163.04761881897284,0.001424203485312735,0.02,50.0,True
packaging_logistics_dominant,two_person_average,2.0,generalized_cost_jpy,111997.17530658138,159.30300944489906,0.0014223841718223925,0.02,50.0,True
packaging_logistics_dominant,two_person_average,2.1,generalized_cost_jpy,110897.03230286385,157.49433918346108,0.0014201853369108948,0.02,50.0,True
packaging_logistics_dominant,two_person_average,2.25,generalized_cost_jpy,109439.66641587803,156.0829316550695,0.0014262007256303573,0.02,50.0,True
packaging_logistics_dominant,two_person_average,2.4,generalized_cost_jpy,108156.46309229177,154.29824086480193,0.0014266206239856103,0.02,50.0,True
packaging_logistics_dominant,two_person_average,3.0,generalized_cost_jpy,104241.20556270513,147.919755675903,0.0014190142456374751,0.02,50.0,True
packaging_logistics_dominant,two_person_average,4.5,generalized_cost_jpy,98754.941742723,140.49616739639498,0.0014226748040864273,0.02,50.0,True
packaging_logistics_dominant,two_person_average,5.0,generalized_cost_jpy,97604.67786991625,138.43982044202264,0.0014183728020344464,0.02,50.0,True
packaging_logistics_dominant,two_person_average,9.0,generalized_cost_jpy,93074.92261533222,131.5746198750106,0.00141364200128098,0.02,50.0,True
packaging_logistics_dominant,two_person_average,10.0,generalized_cost_jpy,92729.36681781553,129.91400277121681,0.0014010017239356068,0.02,50.0,True
packaging_logistics_dominant,family_three,1.8,generalized_cost_jpy,171474.01544542288,223.48703773873686,0.0013033288872264662,0.02,50.0,True
packaging_logistics_dominant,family_three,2.0,generalized_cost_jpy,167731.86152889158,218.35299796648818,0.0013017979767003132,0.02,50.0,True
packaging_logistics_dominant,family_three,2.1,generalized_cost_jpy,166103.76744899512,216.82196418911795,0.001305340435795333,0.02,50.0,True
packaging_logistics_dominant,family_three,2.25,generalized_cost_jpy,163925.3200905043,213.90609293777885,0.0013048996507658477,0.02,50.0,True
packaging_logistics_dominant,family_three,2.4,generalized_cost_jpy,162000.59330582336,210.67211413930178,0.0013004403862990595,0.02,50.0,True
packaging_logistics_dominant,family_three,3.0,generalized_cost_jpy,156137.49042711288,202.62877988917518,0.0012977586570328864,0.02,50.0,True
packaging_logistics_dominant,family_three,4.5,generalized_cost_jpy,147908.90529580772,192.69553109233973,0.0013027987105101062,0.02,50.0,True
packaging_logistics_dominant,family_three,5.0,generalized_cost_jpy,146192.30761525326,190.38711070722368,0.0013023059408042294,0.02,50.0,True
packaging_logistics_dominant,family_three,9.0,generalized_cost_jpy,138732.41913858315,180.28427239609476,0.0012995107669535012,0.02,50.0,True
packaging_logistics_dominant,family_three,10.0,generalized_cost_jpy,137873.15558082802,179.30016890900953,0.0013004719312737782,0.02,50.0,True
packaging_logistics_dominant,family_four,1.8,generalized_cost_jpy,228961.68234105737,301.81006198800844,0.0013181684328229097,0.02,50.0,True
packaging_logistics_dominant,family_four,2.0,generalized_cost_jpy,223967.88221713438,295.38854290509295,0.0013188879583132238,0.02,50.0,True
packaging_logistics_dominant,family_four,2.1,generalized_cost_jpy,221793.9972375743,292.3005541605742,0.0013178920881590718,0.02,50.0,True
packaging_logistics_dominant,family_four,2.25,generalized_cost_jpy,218887.67529332556,288.31830783501283,0.001317197541838046,0.02,50.0,True
packaging_logistics_dominant,family_four,2.4,generalized_cost_jpy,216326.48521335315,284.69677107869273,0.0013160513877804145,0.02,50.0,True
packaging_logistics_dominant,family_four,3.0,generalized_cost_jpy,208476.65489234336,275.3730193577416,0.0013208818008900963,0.02,50.0,True
packaging_logistics_dominant,family_four,4.5,generalized_cost_jpy,197494.7314523986,260.4804859403689,0.0013189237202671986,0.02,50.0,True
packaging_logistics_dominant,family_four,5.0,generalized_cost_jpy,195178.086858634,256.9324237224431,0.001316399949695876,0.02,50.0,True
packaging_logistics_dominant,family_four,9.0,generalized_cost_jpy,185213.5927780893,244.30783218848524,0.0013190599487004106,0.02,50.0,True
packaging_logistics_dominant,family_four,10.0,generalized_cost_jpy,184059.39651074362,242.28559694959412,0.0013163446232176026,0.02,50.0,True
consumer_inconvenience_dominant,single_low,1.8,generalized_cost_jpy,29757.32452312077,58.61590941710158,0.0019697977004471063,0.02,50.0,True
consumer_inconvenience_dominant,single_low,2.0,generalized_cost_jpy,29504.786114370992,57.866807509582486,0.001961268496754061,0.02,50.0,True
consumer_inconvenience_dominant,single_low,2.1,generalized_cost_jpy,29432.664159772004,58.55646937796458,0.0019895062526483222,0.02,50.0,True
consumer_inconvenience_dominant,single_low,2.25,generalized_cost_jpy,29259.75891488517,58.249131250656696,0.0019907590975065726,0.02,50.0,True
consumer_inconvenience_dominant,single_low,2.4,generalized_cost_jpy,29076.939794516813,57.82776089587695,0.001988784284196985,0.02,50.0,True
consumer_inconvenience_dominant,single_low,3.0,generalized_cost_jpy,28543.315565281493,56.04288384968148,0.001963432864745711,0.02,50.0,True
consumer_inconvenience_dominant,single_low,4.5,generalized_cost_jpy,28207.936885400835,53.095837197473244,0.0018823013328902218,0.02,50.0,True
consumer_inconvenience_dominant,single_low,5.0,generalized_cost_jpy,28292.96042663345,52.59399076811216,0.0018589073032669653,0.02,50.0,True
consumer_inconvenience_dominant,single_low,9.0,generalized_cost_jpy,30352.317246053088,52.41279382263328,0.0017268135871717953,0.02,50.0,True
consumer_inconvenience_dominant,single_low,10.0,generalized_cost_jpy,31047.79166005251,52.61120487256706,0.0016945232513995193,0.02,50.0,True
consumer_inconvenience_dominant,single_average,1.8,generalized_cost_jpy,49441.3295452878,75.58666115349472,0.0015288153018671966,0.02,50.0,True
consumer_inconvenience_dominant,single_average,2.0,generalized_cost_jpy,49061.45175868188,74.87856181695665,0.0015262198555652442,0.02,50.0,True
consumer_inconvenience_dominant,single_average,2.1,generalized_cost_jpy,48722.10733819979,74.1461155498327,0.001521816678313083,0.02,50.0,True
consumer_inconvenience_dominant,single_average,2.25,generalized_cost_jpy,48431.120957483196,73.606567742766,0.0015198196177904674,0.02,50.0,True
consumer_inconvenience_dominant,single_average,2.4,generalized_cost_jpy,48161.89972786902,73.15242090769613,0.0015188857026203696,0.02,50.0,True
consumer_inconvenience_dominant,single_average,3.0,generalized_cost_jpy,47370.10334203377,72.31387253066788,0.0015265719816680303,0.02,50.0,True
consumer_inconvenience_dominant,single_average,4.5,generalized_cost_jpy,46275.46648839095,69.39592935847782,0.0014996267920040754,0.02,50.0,True
consumer_inconvenience_dominant,single_average,5.0,generalized_cost_jpy,46146.85899968913,67.68082011219134,0.0014666398012624711,0.02,50.0,True
consumer_inconvenience_dominant,single_average,9.0,generalized_cost_jpy,47772.48781472325,66.22661572609633,0.0013862919591490397,0.02,50.0,True
consumer_inconvenience_dominant,single_average,10.0,generalized_cost_jpy,48560.41284039875,67.12556088744938,0.0013823103421313127,0.02,50.0,True
consumer_inconvenience_dominant,two_person_low,1.8,generalized_cost_jpy,69195.49731591993,107.79314573740734,0.0015578057809927349,0.02,50.0,True
consumer_inconvenience_dominant,two_person_low,2.0,generalized_cost_jpy,68606.02939172479,107.21170639105692,0.0015627155126396036,0.02,50.0,True
consumer_inconvenience_dominant,two_person_low,2.1,generalized_cost_jpy,68191.71744964532,107.265003357255,0.0015729916677412103,0.02,50.0,True
consumer_inconvenience_dominant,two_person_low,2.25,generalized_cost_jpy,67774.19776130763,106.54046327765477,0.0015719915070463416,0.02,50.0,True
consumer_inconvenience_dominant,two_person_low,2.4,generalized_cost_jpy,67390.72934013406,105.43260550832534,0.001564497172544113,0.02,50.0,True
consumer_inconvenience_dominant,two_person_low,3.0,generalized_cost_jpy,66238.41543629556,104.15109402860763,0.001572366931524417,0.02,50.0,True
consumer_inconvenience_dominant,two_person_low,4.5,generalized_cost_jpy,64568.56976033035,100.67294918172695,0.0015591633755465096,0.02,50.0,True
consumer_inconvenience_dominant,two_person_low,5.0,generalized_cost_jpy,64233.31014909762,100.88766788825944,0.0015706440732087472,0.02,50.0,True
consumer_inconvenience_dominant,two_person_low,9.0,generalized_cost_jpy,63850.01761007014,96.15714943835417,0.001505984697225654,0.02,50.0,True
consumer_inconvenience_dominant,two_person_low,10.0,generalized_cost_jpy,64451.58999302448,95.59521239980516,0.0014832095284251533,0.02,50.0,True
consumer_inconvenience_dominant,two_person_average,1.8,generalized_cost_jpy,98843.38122402811,141.6165986297645,0.0014327372948603515,0.02,50.0,True
consumer_inconvenience_dominant,two_person_average,2.0,generalized_cost_jpy,97973.09944725079,139.98727836327728,0.0014288338243156954,0.02,50.0,True
consumer_inconvenience_dominant,two_person_average,2.1,generalized_cost_jpy,97384.69492622792,138.99473874219433,0.0014272749824547622,0.02,50.0,True
consumer_inconvenience_dominant,two_person_average,2.25,generalized_cost_jpy,96790.2051269324,138.03479614308716,0.001426123603747568,0.02,50.0,True
consumer_inconvenience_dominant,two_person_average,2.4,generalized_cost_jpy,96249.7254130894,137.28500963984564,0.0014263418316326508,0.02,50.0,True
consumer_inconvenience_dominant,two_person_average,3.0,generalized_cost_jpy,94584.71176914603,134.6811048926863,0.0014239204452132178,0.02,50.0,True
consumer_inconvenience_dominant,two_person_average,4.5,generalized_cost_jpy,92129.99596323795,131.02655955735705,0.001422192177340806,0.02,50.0,True
consumer_inconvenience_dominant,two_person_average,5.0,generalized_cost_jpy,91645.60264187597,129.43519870355163,0.001412344891323878,0.02,50.0,True
consumer_inconvenience_dominant,two_person_average,9.0,generalized_cost_jpy,90416.45055544154,127.90360535299259,0.0014146054680012536,0.02,50.0,True
consumer_inconvenience_dominant,two_person_average,10.0,generalized_cost_jpy,90890.04082688747,127.33391556980587,0.0014009666450951511,0.02,50.0,True
consumer_inconvenience_dominant,family_three,1.8,generalized_cost_jpy,147849.5641962285,193.53549328513407,0.001309002798467978,0.02,50.0,True
consumer_inconvenience_dominant,family_three,2.0,generalized_cost_jpy,146515.04410104177,190.76250103504233,0.0013019994104051596,0.02,50.0,True
consumer_inconvenience_dominant,family_three,2.1,generalized_cost_jpy,145704.8509918053,190.27451990019284,0.0013058900826225356,0.02,50.0,True
consumer_inconvenience_dominant,family_three,2.25,generalized_cost_jpy,144810.34257081922,189.31830848241822,0.0013073535019767835,0.02,50.0,True
consumer_inconvenience_dominant,family_three,2.4,generalized_cost_jpy,144017.37584999905,187.12762985073195,0.0012993406437681123,0.02,50.0,True
consumer_inconvenience_dominant,family_three,3.0,generalized_cost_jpy,141562.34218236894,184.21028580389665,0.0013012661627665508,0.02,50.0,True
consumer_inconvenience_dominant,family_three,4.5,generalized_cost_jpy,137906.08959077482,179.89353097348447,0.0013044640124834515,0.02,50.0,True
consumer_inconvenience_dominant,family_three,5.0,generalized_cost_jpy,137169.26503162776,178.36938892057518,0.0013003597334974983,0.02,50.0,True
consumer_inconvenience_dominant,family_three,9.0,generalized_cost_jpy,133522.92593545315,173.87372057844757,0.001302201246417417,0.02,50.0,True
consumer_inconvenience_dominant,family_three,10.0,generalized_cost_jpy,133538.78071010843,173.53465216621439,0.0012995075381355373,0.02,50.0,True
consumer_inconvenience_dominant,family_four,1.8,generalized_cost_jpy,197469.18010398172,260.0554729072116,0.0013169420806339181,0.02,50.0,True
consumer_inconvenience_dominant,family_four,2.0,generalized_cost_jpy,195546.9742528248,258.4257028686203,0.0013215530634316996,0.02,50.0,True
consumer_inconvenience_dominant,family_four,2.1,generalized_cost_jpy,194572.597267199,257.2477905599928,0.001322117267143864,0.02,50.0,True
consumer_inconvenience_dominant,family_four,2.25,generalized_cost_jpy,193405.55388472634,253.36727813904338,0.0013100310360790127,0.02,50.0,True
consumer_inconvenience_dominant,family_four,2.4,generalized_cost_jpy,192346.62181349285,253.89792546240758,0.0013200019998718636,0.02,50.0,True
consumer_inconvenience_dominant,family_four,3.0,generalized_cost_jpy,189036.06313855853,248.9058874786899,0.0013167111256239415,0.02,50.0,True
consumer_inconvenience_dominant,family_four,4.5,generalized_cost_jpy,184149.57777646455,242.2791475626678,0.0013156649637109977,0.02,50.0,True
consumer_inconvenience_dominant,family_four,5.0,generalized_cost_jpy,183089.1159221211,241.14156703244197,0.001317072103483279,0.02,50.0,True
consumer_inconvenience_dominant,family_four,9.0,generalized_cost_jpy,178253.26176785878,234.49947728726062,0.001315541017098761,0.02,50.0,True
consumer_inconvenience_dominant,family_four,10.0,generalized_cost_jpy,178229.79240435667,234.74868085333438,0.0013171124629980558,0.02,50.0,True
no_discrete_consumption_quantum,single_low,1.8,generalized_cost_jpy,29575.536178258466,53.001152376874664,0.0017920605752478906,0.02,50.0,True
no_discrete_consumption_quantum,single_low,2.0,generalized_cost_jpy,29285.47680358551,52.56740514071475,0.0017949991216902011,0.02,50.0,True
no_discrete_consumption_quantum,single_low,2.1,generalized_cost_jpy,29157.044477864343,52.316318334165224,0.0017942942870592768,0.02,50.0,True
no_discrete_consumption_quantum,single_low,2.25,generalized_cost_jpy,28986.493522170906,51.96662148714923,0.0017927874389981496,0.02,50.0,True
no_discrete_consumption_quantum,single_low,2.4,generalized_cost_jpy,28834.275038081705,51.45892162767327,0.0017846441972170612,0.02,50.0,True
no_discrete_consumption_quantum,single_low,3.0,generalized_cost_jpy,28405.024539266276,50.10464889243548,0.0017639361241590294,0.02,50.0,True
no_discrete_consumption_quantum,single_low,4.5,generalized_cost_jpy,28095.404433588235,47.41200414588614,0.0016875359191912819,0.02,50.0,True
no_discrete_consumption_quantum,single_low,5.0,generalized_cost_jpy,28148.02469584953,46.96771280024286,0.0016685971149928798,0.02,50.0,True
no_discrete_consumption_quantum,single_low,9.0,generalized_cost_jpy,29512.921573039133,45.37889206894011,0.0015375940317069448,0.02,50.0,True
no_discrete_consumption_quantum,single_low,10.0,generalized_cost_jpy,29989.91228397083,45.63046117077474,0.0015215269967682951,0.02,50.0,True
no_discrete_consumption_quantum,single_average,1.8,generalized_cost_jpy,49381.856050647075,69.41347262699718,0.0014056473000084333,0.02,50.0,True
no_discrete_consumption_quantum,single_average,2.0,generalized_cost_jpy,48892.31861534014,68.65064920909326,0.0014041193208528644,0.02,50.0,True
no_discrete_consumption_quantum,single_average,2.1,generalized_cost_jpy,48676.76882528535,68.64035218004605,0.0014101254836042145,0.02,50.0,True
no_discrete_consumption_quantum,single_average,2.25,generalized_cost_jpy,48388.048612998595,67.87286129994432,0.0014026782076455027,0.02,50.0,True
no_discrete_consumption_quantum,single_average,2.4,generalized_cost_jpy,48131.51478998397,67.67307593020494,0.0014060034516987093,0.02,50.0,True
no_discrete_consumption_quantum,single_average,3.0,generalized_cost_jpy,47323.699682770144,66.44093738906427,0.001403967522286818,0.02,50.0,True
no_discrete_consumption_quantum,single_average,4.5,generalized_cost_jpy,46168.79035555866,64.51301885395164,0.0013973296323581143,0.02,50.0,True
no_discrete_consumption_quantum,single_average,5.0,generalized_cost_jpy,45984.42546203645,63.56907994436741,0.0013824045708007897,0.02,50.0,True
no_discrete_consumption_quantum,single_average,9.0,generalized_cost_jpy,46534.67642944244,60.54365908630863,0.001301043946831931,0.02,50.0,True
no_discrete_consumption_quantum,single_average,10.0,generalized_cost_jpy,46960.593962900086,60.291045638379785,0.0012838646309714706,0.02,50.0,True
no_discrete_consumption_quantum,two_person_low,1.8,generalized_cost_jpy,68953.04568968032,97.69615466864968,0.0014168504623903963,0.02,50.0,True
no_discrete_consumption_quantum,two_person_low,2.0,generalized_cost_jpy,68267.6107149977,96.66982546105719,0.0014160423141895576,0.02,50.0,True
no_discrete_consumption_quantum,two_person_low,2.1,generalized_cost_jpy,67966.6248981452,96.31661238044086,0.0014171163056100103,0.02,50.0,True
no_discrete_consumption_quantum,two_person_low,2.25,generalized_cost_jpy,67562.49795941282,95.70500916622626,0.00141654041897207,0.02,50.0,True
no_discrete_consumption_quantum,two_person_low,2.4,generalized_cost_jpy,67202.02884404859,95.15803471290405,0.0014159994326024168,0.02,50.0,True
no_discrete_consumption_quantum,two_person_low,3.0,generalized_cost_jpy,66069.86071448706,93.46560093105366,0.0014146480697901573,0.02,50.0,True
no_discrete_consumption_quantum,two_person_low,4.5,generalized_cost_jpy,64399.204475676255,91.20041158041191,0.0014161729531124649,0.02,50.0,True
no_discrete_consumption_quantum,two_person_low,5.0,generalized_cost_jpy,64029.260791627625,90.60891815775052,0.0014151173547453857,0.02,50.0,True
no_discrete_consumption_quantum,two_person_low,9.0,generalized_cost_jpy,63134.50449478775,85.53951677766402,0.001354877455080462,0.02,50.0,True
no_discrete_consumption_quantum,two_person_low,10.0,generalized_cost_jpy,63368.41135708131,84.61125320518086,0.0013352276219833889,0.02,50.0,True
no_discrete_consumption_quantum,two_person_average,1.8,generalized_cost_jpy,98614.88431297982,137.11103386267536,0.0013903685515415508,0.02,50.0,True
no_discrete_consumption_quantum,two_person_average,2.0,generalized_cost_jpy,97633.38605604833,135.8966924509447,0.0013919080136474073,0.02,50.0,True
no_discrete_consumption_quantum,two_person_average,2.1,generalized_cost_jpy,97203.44042116124,135.37483710933228,0.0013926959428882633,0.02,50.0,True
no_discrete_consumption_quantum,two_person_average,2.25,generalized_cost_jpy,96625.36788715281,134.69871185585473,0.0013940305201545742,0.02,50.0,True
no_discrete_consumption_quantum,two_person_average,2.4,generalized_cost_jpy,96107.61414805173,133.75863266301386,0.0013917589552994369,0.02,50.0,True
no_discrete_consumption_quantum,two_person_average,3.0,generalized_cost_jpy,94487.53106035576,131.64622015653907,0.0013932655312207012,0.02,50.0,True
no_discrete_consumption_quantum,two_person_average,4.5,generalized_cost_jpy,92086.19578258375,128.2803477113901,0.0013930464454657357,0.02,50.0,True
no_discrete_consumption_quantum,two_person_average,5.0,generalized_cost_jpy,91554.31982379589,127.32791259420401,0.001390736262791941,0.02,50.0,True
no_discrete_consumption_quantum,two_person_average,9.0,generalized_cost_jpy,89537.44301191966,123.64983103071239,0.001380984612373301,0.02,50.0,True
no_discrete_consumption_quantum,two_person_average,10.0,generalized_cost_jpy,89502.5240831913,122.44583976448753,0.0013680713590901179,0.02,50.0,True
no_discrete_consumption_quantum,family_three,1.8,generalized_cost_jpy,148028.9621856143,196.78645936551365,0.0013293780923679115,0.02,50.0,True
no_discrete_consumption_quantum,family_three,2.0,generalized_cost_jpy,146559.0191583782,194.88280242468002,0.0013297223435569051,0.02,50.0,True
no_discrete_consumption_quantum,family_three,2.1,generalized_cost_jpy,145914.73740207942,193.94816972247833,0.0013291883546213638,0.02,50.0,True
no_discrete_consumption_quantum,family_three,2.25,generalized_cost_jpy,145044.0159936121,192.84328538591785,0.0013295500959819735,0.02,50.0,True
no_discrete_consumption_quantum,family_three,2.4,generalized_cost_jpy,144266.9529346724,191.84380000351018,0.001329783405700554,0.02,50.0,True
no_discrete_consumption_quantum,family_three,3.0,generalized_cost_jpy,141836.80510082727,188.50675424599117,0.0013290397658914251,0.02,50.0,True
no_discrete_consumption_quantum,family_three,4.5,generalized_cost_jpy,138233.76712996294,183.89117123917154,0.0013302912526885198,0.02,50.0,True
no_discrete_consumption_quantum,family_three,5.0,generalized_cost_jpy,137430.07392140033,182.6534382016269,0.00132906454162348,0.02,50.0,True
no_discrete_consumption_quantum,family_three,9.0,generalized_cost_jpy,133744.10055100248,177.72937159885166,0.0013288763456977728,0.02,50.0,True
no_discrete_consumption_quantum,family_three,10.0,generalized_cost_jpy,133354.41762018602,177.2621822816935,0.0013292561689749458,0.02,50.0,True
no_discrete_consumption_quantum,family_four,1.8,generalized_cost_jpy,197228.45771066533,250.88392497037793,0.0012720472891311928,0.02,50.0,True
no_discrete_consumption_quantum,family_four,2.0,generalized_cost_jpy,195270.13570218277,248.7026904090146,0.0012736340327448984,0.02,50.0,True
no_discrete_consumption_quantum,family_four,2.1,generalized_cost_jpy,194410.95895367852,247.18955401098216,0.0012714795263670242,0.02,50.0,True
no_discrete_consumption_quantum,family_four,2.25,generalized_cost_jpy,193251.40262716042,246.06352816681095,0.0012732819778883617,0.02,50.0,True
no_discrete_consumption_quantum,family_four,2.4,generalized_cost_jpy,192216.90932208704,244.54664418053306,0.001272243139497993,0.02,50.0,True
no_discrete_consumption_quantum,family_four,3.0,generalized_cost_jpy,188978.2276787339,240.4639871171372,0.0012724428103216734,0.02,50.0,True
no_discrete_consumption_quantum,family_four,4.5,generalized_cost_jpy,184169.75084920748,234.52543357567603,0.0012734199427119725,0.02,50.0,True
no_discrete_consumption_quantum,family_four,5.0,generalized_cost_jpy,183097.12343898998,232.89920204211853,0.0012719981486750292,0.02,50.0,True
no_discrete_consumption_quantum,family_four,9.0,generalized_cost_jpy,178168.7760845197,226.69108982402753,0.0012723390416988093,0.02,50.0,True
no_discrete_consumption_quantum,family_four,10.0,generalized_cost_jpy,177648.03551770406,225.8963460109394,0.0012715949565815885,0.02,50.0,True
randomized_non_lattice_usage,single_low,1.8,generalized_cost_jpy,29624.211442258576,53.74838846623986,0.0018143398878651142,0.02,50.0,True
randomized_non_lattice_usage,single_low,2.0,generalized_cost_jpy,29331.346108978567,53.25959336408673,0.001815790968686007,0.02,50.0,True
randomized_non_lattice_usage,single_low,2.1,generalized_cost_jpy,29205.2900489848,53.00765363669262,0.001815001787271591,0.02,50.0,True
randomized_non_lattice_usage,single_low,2.25,generalized_cost_jpy,29033.585684994963,52.471274808273506,0.0018072612655415665,0.02,50.0,True
randomized_non_lattice_usage,single_low,2.4,generalized_cost_jpy,28882.581226865343,52.02452308822774,0.0018012421632120868,0.02,50.0,True
randomized_non_lattice_usage,single_low,3.0,generalized_cost_jpy,28447.575468560335,50.870018598791056,0.0017882022548814938,0.02,50.0,True
randomized_non_lattice_usage,single_low,4.5,generalized_cost_jpy,28137.69546437245,48.16408107877074,0.0017117279963369929,0.02,50.0,True
randomized_non_lattice_usage,single_low,5.0,generalized_cost_jpy,28184.863254537693,47.61402358122253,0.0016893473333973615,0.02,50.0,True
randomized_non_lattice_usage,single_low,9.0,generalized_cost_jpy,29558.091045762372,45.70906465847258,0.0015464146377959583,0.02,50.0,True
randomized_non_lattice_usage,single_low,10.0,generalized_cost_jpy,30024.965010836506,46.496156179729724,0.0015485831927846874,0.02,50.0,True
randomized_non_lattice_usage,single_average,1.8,generalized_cost_jpy,49390.397827255074,71.08445519053333,0.0014392363357580984,0.02,50.0,True
randomized_non_lattice_usage,single_average,2.0,generalized_cost_jpy,48899.25143947252,70.26081244569612,0.0014368484256382724,0.02,50.0,True
randomized_non_lattice_usage,single_average,2.1,generalized_cost_jpy,48687.28527504234,70.01383944433901,0.0014380312857621763,0.02,50.0,True
randomized_non_lattice_usage,single_average,2.25,generalized_cost_jpy,48394.773274735744,69.74661742318358,0.0014412014501490487,0.02,50.0,True
randomized_non_lattice_usage,single_average,2.4,generalized_cost_jpy,48137.768985926705,69.15849609953774,0.0014366784659205238,0.02,50.0,True
randomized_non_lattice_usage,single_average,3.0,generalized_cost_jpy,47330.644090634036,68.11353573697679,0.0014391001230945712,0.02,50.0,True
randomized_non_lattice_usage,single_average,4.5,generalized_cost_jpy,46173.76052891122,66.01727029428282,0.001429757280716757,0.02,50.0,True
randomized_non_lattice_usage,single_average,5.0,generalized_cost_jpy,45992.43256586021,65.32647795071033,0.0014203744900242918,0.02,50.0,True
randomized_non_lattice_usage,single_average,9.0,generalized_cost_jpy,46540.43135923813,61.7672730651194,0.001327174485950672,0.02,50.0,True
randomized_non_lattice_usage,single_average,10.0,generalized_cost_jpy,46970.63228629783,61.93339704899211,0.0013185557450343115,0.02,50.0,True
randomized_non_lattice_usage,two_person_low,1.8,generalized_cost_jpy,69190.04601268384,100.33053251840894,0.001450071770439587,0.02,50.0,True
randomized_non_lattice_usage,two_person_low,2.0,generalized_cost_jpy,68505.38389589907,99.11486555930928,0.0014468186282982436,0.02,50.0,True
randomized_non_lattice_usage,two_person_low,2.1,generalized_cost_jpy,68204.19922471336,98.94308699717253,0.001450689079585603,0.02,50.0,True
randomized_non_lattice_usage,two_person_low,2.25,generalized_cost_jpy,67797.29253550446,98.30347466743882,0.0014499616576275332,0.02,50.0,True
randomized_non_lattice_usage,two_person_low,2.4,generalized_cost_jpy,67435.81695474716,97.89497151598378,0.0014516762150546237,0.02,50.0,True
randomized_non_lattice_usage,two_person_low,3.0,generalized_cost_jpy,66298.75674778568,96.14865495861488,0.0014502331517977699,0.02,50.0,True
randomized_non_lattice_usage,two_person_low,4.5,generalized_cost_jpy,64627.62014692522,93.78708035839651,0.0014511919229762726,0.02,50.0,True
randomized_non_lattice_usage,two_person_low,5.0,generalized_cost_jpy,64254.24869766001,92.90340672820197,0.0014458718078760337,0.02,50.0,True
randomized_non_lattice_usage,two_person_low,9.0,generalized_cost_jpy,63342.250898248254,88.01821228446116,0.0013895655906805693,0.02,50.0,True
randomized_non_lattice_usage,two_person_low,10.0,generalized_cost_jpy,63576.134068679006,87.47596873293278,0.001375924629805827,0.02,50.0,True
randomized_non_lattice_usage,two_person_average,1.8,generalized_cost_jpy,98564.65145187132,137.9537629041115,0.0013996271571200523,0.02,50.0,True
randomized_non_lattice_usage,two_person_average,2.0,generalized_cost_jpy,97578.73345047918,136.72590436959797,0.0014011854789956443,0.02,50.0,True
randomized_non_lattice_usage,two_person_average,2.1,generalized_cost_jpy,97153.11097316006,136.09941196599317,0.0014008754902721807,0.02,50.0,True
randomized_non_lattice_usage,two_person_average,2.25,generalized_cost_jpy,96573.07024092991,135.20651401667956,0.0014000436527426038,0.02,50.0,True
randomized_non_lattice_usage,two_person_average,2.4,generalized_cost_jpy,96054.70641781145,134.64363927574084,0.0014017391161457325,0.02,50.0,True
randomized_non_lattice_usage,two_person_average,3.0,generalized_cost_jpy,94432.26772651837,132.31476211036028,0.0014011604856673772,0.02,50.0,True
randomized_non_lattice_usage,two_person_average,4.5,generalized_cost_jpy,92037.75288276427,128.81178345302393,0.0013995537637376007,0.02,50.0,True
randomized_non_lattice_usage,two_person_average,5.0,generalized_cost_jpy,91501.81594653193,128.28101405242288,0.001401950471970769,0.02,50.0,True
randomized_non_lattice_usage,two_person_average,9.0,generalized_cost_jpy,89485.2526882186,124.2883195836323,0.001388925167554405,0.02,50.0,True
randomized_non_lattice_usage,two_person_average,10.0,generalized_cost_jpy,89451.23362271348,123.24566948643482,0.0013777973147498354,0.02,50.0,True
randomized_non_lattice_usage,family_three,1.8,generalized_cost_jpy,148059.99103041322,213.0634235479487,0.001439034421555402,0.02,50.0,True
randomized_non_lattice_usage,family_three,2.0,generalized_cost_jpy,146587.45133596976,210.96650876495787,0.0014391853248163454,0.02,50.0,True
randomized_non_lattice_usage,family_three,2.1,generalized_cost_jpy,145944.89651112165,210.08312965598364,0.0014394688315803792,0.02,50.0,True
randomized_non_lattice_usage,family_three,2.25,generalized_cost_jpy,145071.71081555358,208.71848600595848,0.001438726301858578,0.02,50.0,True
randomized_non_lattice_usage,family_three,2.4,generalized_cost_jpy,144296.98449690724,207.7333372981581,0.0014396235515414426,0.02,50.0,True
randomized_non_lattice_usage,family_three,3.0,generalized_cost_jpy,141865.4163299199,203.91611327298332,0.0014373912863918808,0.02,50.0,True
randomized_non_lattice_usage,family_three,4.5,generalized_cost_jpy,138259.68893468185,198.9155838248428,0.0014387099042210102,0.02,50.0,True
randomized_non_lattice_usage,family_three,5.0,generalized_cost_jpy,137454.79542856524,197.78424606936954,0.0014389039353098255,0.02,50.0,True
randomized_non_lattice_usage,family_three,9.0,generalized_cost_jpy,133769.88283853128,192.30172810052238,0.001437556227305983,0.02,50.0,True
randomized_non_lattice_usage,family_three,10.0,generalized_cost_jpy,133382.45793755006,191.7806354239797,0.0014378250212915688,0.02,50.0,True
randomized_non_lattice_usage,family_four,1.8,generalized_cost_jpy,197128.98387044997,273.70376986210414,0.0013884501633812402,0.02,50.0,True
randomized_non_lattice_usage,family_four,2.0,generalized_cost_jpy,195171.4473995481,270.9023451680711,0.0013880224222218805,0.02,50.0,True
randomized_non_lattice_usage,family_four,2.1,generalized_cost_jpy,194312.3571894962,269.66231389282217,0.0013877774825707232,0.02,50.0,True
randomized_non_lattice_usage,family_four,2.25,generalized_cost_jpy,193152.39738431908,267.9903737046511,0.0013874555912004834,0.02,50.0,True
randomized_non_lattice_usage,family_four,2.4,generalized_cost_jpy,192118.21941494686,266.64675136629216,0.0013879305782569988,0.02,50.0,True
randomized_non_lattice_usage,family_four,3.0,generalized_cost_jpy,188882.79616190898,262.1726885579708,0.0013880178284381085,0.02,50.0,True
randomized_non_lattice_usage,family_four,4.5,generalized_cost_jpy,184077.01116534704,255.4497401696791,0.0013877329849745418,0.02,50.0,True
randomized_non_lattice_usage,family_four,5.0,generalized_cost_jpy,183006.2379180286,254.02264340997675,0.0013880545619639343,0.02,50.0,True
randomized_non_lattice_usage,family_four,9.0,generalized_cost_jpy,178078.90696658645,246.9933877168262,0.0013869884531758183,0.02,50.0,True
randomized_non_lattice_usage,family_four,10.0,generalized_cost_jpy,177558.05069677558,246.32941987655917,0.0013873176626455974,0.02,50.0,True
continuous_no_spoilage,single_low,1.8,generalized_cost_jpy,29575.43824848994,53.01338671543816,0.0017924801745970718,0.02,50.0,True
continuous_no_spoilage,single_low,2.0,generalized_cost_jpy,29284.235716497835,52.57968807155731,0.0017954946333783104,0.02,50.0,True
continuous_no_spoilage,single_low,2.1,generalized_cost_jpy,29156.020500944764,52.34425572396537,0.0017953155068699865,0.02,50.0,True
continuous_no_spoilage,single_low,2.25,generalized_cost_jpy,28983.69885131969,52.01770481625302,0.001794722788250491,0.02,50.0,True
continuous_no_spoilage,single_low,2.4,generalized_cost_jpy,28829.257855429245,51.620467562599785,0.0017905583217390525,0.02,50.0,True
continuous_no_spoilage,single_low,3.0,generalized_cost_jpy,28358.39291668065,50.663137812020366,0.0017865306387732528,0.02,50.0,True
continuous_no_spoilage,single_low,4.5,generalized_cost_jpy,27736.873838786774,49.18356971629853,0.0017732196498482485,0.02,50.0,True
continuous_no_spoilage,single_low,5.0,generalized_cost_jpy,27638.607566675175,48.53468007167242,0.0017560464996142701,0.02,50.0,True
continuous_no_spoilage,single_low,9.0,generalized_cost_jpy,27645.76897583016,47.637830907115486,0.0017231508716130763,0.02,50.0,True
continuous_no_spoilage,single_low,10.0,generalized_cost_jpy,27705.42660129894,48.09816467517428,0.001736055732594973,0.02,50.0,True
continuous_no_spoilage,single_average,1.8,generalized_cost_jpy,49381.856050647075,69.41347262699718,0.0014056473000084333,0.02,50.0,True
continuous_no_spoilage,single_average,2.0,generalized_cost_jpy,48892.31861534014,68.65064920909326,0.0014041193208528644,0.02,50.0,True
continuous_no_spoilage,single_average,2.1,generalized_cost_jpy,48676.76882528535,68.64035218004605,0.0014101254836042145,0.02,50.0,True
continuous_no_spoilage,single_average,2.25,generalized_cost_jpy,48388.048612998595,67.87286129994432,0.0014026782076455027,0.02,50.0,True
continuous_no_spoilage,single_average,2.4,generalized_cost_jpy,48131.514674286474,67.67308256237061,0.0014060035928710117,0.02,50.0,True
continuous_no_spoilage,single_average,3.0,generalized_cost_jpy,47323.67229548509,66.4455165060599,0.0014040650964527773,0.02,50.0,True
continuous_no_spoilage,single_average,4.5,generalized_cost_jpy,46149.383952131226,64.7779258163516,0.001403657433077394,0.02,50.0,True
continuous_no_spoilage,single_average,5.0,generalized_cost_jpy,45924.93884959563,64.3417417318386,0.0014010196495319912,0.02,50.0,True
continuous_no_spoilage,single_average,9.0,generalized_cost_jpy,45507.81104393699,62.696188274042655,0.0013777016919910867,0.02,50.0,True
continuous_no_spoilage,single_average,10.0,generalized_cost_jpy,45574.63342898153,62.59223879587605,0.0013734008172202388,0.02,50.0,True
continuous_no_spoilage,two_person_low,1.8,generalized_cost_jpy,68953.04568968032,97.69615466864968,0.0014168504623903963,0.02,50.0,True
continuous_no_spoilage,two_person_low,2.0,generalized_cost_jpy,68267.6107149977,96.66982546105719,0.0014160423141895576,0.02,50.0,True
continuous_no_spoilage,two_person_low,2.1,generalized_cost_jpy,67966.6248981452,96.31661238044086,0.0014171163056100103,0.02,50.0,True
continuous_no_spoilage,two_person_low,2.25,generalized_cost_jpy,67562.49795941282,95.70500916622626,0.00141654041897207,0.02,50.0,True
continuous_no_spoilage,two_person_low,2.4,generalized_cost_jpy,67202.02884404859,95.15803471290405,0.0014159994326024168,0.02,50.0,True
continuous_no_spoilage,two_person_low,3.0,generalized_cost_jpy,66069.86071448706,93.46560093105366,0.0014146480697901573,0.02,50.0,True
continuous_no_spoilage,two_person_low,4.5,generalized_cost_jpy,64399.068984994396,91.20591305469237,0.0014162613604855722,0.02,50.0,True
continuous_no_spoilage,two_person_low,5.0,generalized_cost_jpy,64028.247243481164,90.61047753980547,0.001415164110228407,0.02,50.0,True
continuous_no_spoilage,two_person_low,9.0,generalized_cost_jpy,62708.96239922265,87.99610519486195,0.0014032460724617694,0.02,50.0,True
continuous_no_spoilage,two_person_low,10.0,generalized_cost_jpy,62691.19523463867,87.60484114207902,0.0013974026306915084,0.02,50.0,True
continuous_no_spoilage,two_person_average,1.8,generalized_cost_jpy,98614.88431297982,137.11103386267536,0.0013903685515415508,0.02,50.0,True
continuous_no_spoilage,two_person_average,2.0,generalized_cost_jpy,97633.38605604833,135.8966924509447,0.0013919080136474073,0.02,50.0,True
continuous_no_spoilage,two_person_average,2.1,generalized_cost_jpy,97203.44042116124,135.37483710933228,0.0013926959428882633,0.02,50.0,True
continuous_no_spoilage,two_person_average,2.25,generalized_cost_jpy,96625.36788715281,134.69871185585473,0.0013940305201545742,0.02,50.0,True
continuous_no_spoilage,two_person_average,2.4,generalized_cost_jpy,96107.61414805173,133.75863266301386,0.0013917589552994369,0.02,50.0,True
continuous_no_spoilage,two_person_average,3.0,generalized_cost_jpy,94487.53106035576,131.64622015653907,0.0013932655312207012,0.02,50.0,True
continuous_no_spoilage,two_person_average,4.5,generalized_cost_jpy,92086.19578258375,128.2803477113901,0.0013930464454657357,0.02,50.0,True
continuous_no_spoilage,two_person_average,5.0,generalized_cost_jpy,91554.31982379589,127.32791259420401,0.001390736262791941,0.02,50.0,True
continuous_no_spoilage,two_person_average,9.0,generalized_cost_jpy,89504.13526194052,124.23142944027863,0.0013879965330842658,0.02,50.0,True
continuous_no_spoilage,two_person_average,10.0,generalized_cost_jpy,89398.16716488666,123.7758976569653,0.0013845462561740455,0.02,50.0,True
continuous_no_spoilage,family_three,1.8,generalized_cost_jpy,148028.9621856143,196.78645936551365,0.0013293780923679115,0.02,50.0,True
continuous_no_spoilage,family_three,2.0,generalized_cost_jpy,146559.0191583782,194.88280242468002,0.0013297223435569051,0.02,50.0,True
continuous_no_spoilage,family_three,2.1,generalized_cost_jpy,145914.73740207942,193.94816972247833,0.0013291883546213638,0.02,50.0,True
continuous_no_spoilage,family_three,2.25,generalized_cost_jpy,145044.0159936121,192.84328538591785,0.0013295500959819735,0.02,50.0,True
continuous_no_spoilage,family_three,2.4,generalized_cost_jpy,144266.9529346724,191.84380000351018,0.001329783405700554,0.02,50.0,True
continuous_no_spoilage,family_three,3.0,generalized_cost_jpy,141836.80510082727,188.50675424599117,0.0013290397658914251,0.02,50.0,True
continuous_no_spoilage,family_three,4.5,generalized_cost_jpy,138233.76712996294,183.89117123917154,0.0013302912526885198,0.02,50.0,True
continuous_no_spoilage,family_three,5.0,generalized_cost_jpy,137430.07392140033,182.6534382016269,0.00132906454162348,0.02,50.0,True
continuous_no_spoilage,family_three,9.0,generalized_cost_jpy,133744.0806632149,177.7306693466234,0.0013288862465186213,0.02,50.0,True
continuous_no_spoilage,family_three,10.0,generalized_cost_jpy,133354.19297001523,177.27645806509787,0.001329365459884404,0.02,50.0,True
continuous_no_spoilage,family_four,1.8,generalized_cost_jpy,197228.45771066533,250.88392497037793,0.0012720472891311928,0.02,50.0,True
continuous_no_spoilage,family_four,2.0,generalized_cost_jpy,195270.13570218277,248.7026904090146,0.0012736340327448984,0.02,50.0,True
continuous_no_spoilage,family_four,2.1,generalized_cost_jpy,194410.95895367852,247.18955401098216,0.0012714795263670242,0.02,50.0,True
continuous_no_spoilage,family_four,2.25,generalized_cost_jpy,193251.40262716042,246.06352816681095,0.0012732819778883617,0.02,50.0,True
continuous_no_spoilage,family_four,2.4,generalized_cost_jpy,192216.90932208704,244.54664418053306,0.001272243139497993,0.02,50.0,True
continuous_no_spoilage,family_four,3.0,generalized_cost_jpy,188978.2276787339,240.4639871171372,0.0012724428103216734,0.02,50.0,True
continuous_no_spoilage,family_four,4.5,generalized_cost_jpy,184169.75084920748,234.52543357567603,0.0012734199427119725,0.02,50.0,True
continuous_no_spoilage,family_four,5.0,generalized_cost_jpy,183097.12343898998,232.89920204211853,0.0012719981486750292,0.02,50.0,True
continuous_no_spoilage,family_four,9.0,generalized_cost_jpy,178168.7760845197,226.69108982402753,0.0012723390416988093,0.02,50.0,True
continuous_no_spoilage,family_four,10.0,generalized_cost_jpy,177648.03551770406,225.8963460109394,0.0012715949565815885,0.02,50.0,True
baseline,single_low,1.8,physical_discard_kg,0.00020171261725381137,3.3389364901757466e-05,0.16552938212954832,0.02,0.01,True
baseline,single_low,2.0,physical_discard_kg,0.0009183275942613038,7.912065690285529e-05,0.08615733361088793,0.02,0.01,True
baseline,single_low,2.1,physical_discard_kg,0.0015228653738091676,0.0001111396383339987,0.07298060632635132,0.02,0.01,True
baseline,single_low,2.25,physical_discard_kg,0.0036215202899697574,0.00017573969520908527,0.04852649747560929,0.02,0.01,True
baseline,single_low,2.4,physical_discard_kg,0.007389558224029484,0.00029911351328401067,0.04047786135730665,0.02,0.01,True
baseline,single_low,3.0,physical_discard_kg,0.051070833064888445,0.0008418023308126421,0.01648303503769135,0.02,0.01,True
baseline,single_low,4.5,physical_discard_kg,0.4195208412573539,0.002622480730797479,0.006251133371437738,0.02,0.01,True
baseline,single_low,5.0,physical_discard_kg,0.5991161158500217,0.003189617609004586,0.005323872158703625,0.02,0.01,True
baseline,single_low,9.0,physical_discard_kg,2.277606290339724,0.005564013094428285,0.002442921376722386,0.02,0.01,True
baseline,single_low,10.0,physical_discard_kg,2.7793588643144553,0.00726796909115271,0.0026149804490775597,0.02,0.01,True
baseline,single_average,1.8,physical_discard_kg,0.0,0.0,,0.02,0.01,True
baseline,single_average,2.0,physical_discard_kg,0.0,0.0,,0.02,0.01,True
baseline,single_average,2.1,physical_discard_kg,0.0,0.0,,0.02,0.01,True
baseline,single_average,2.25,physical_discard_kg,0.0,0.0,,0.02,0.01,True
baseline,single_average,2.4,physical_discard_kg,0.0,0.0,,0.02,0.01,True
baseline,single_average,3.0,physical_discard_kg,3.056000973222852e-05,1.530278233205261e-05,0.5007453356899402,0.02,0.01,True
baseline,single_average,4.5,physical_discard_kg,0.02395713788433483,0.0005555774383679806,0.023190476301898456,0.02,0.01,True
baseline,single_average,5.0,physical_discard_kg,0.0694576036668402,0.0009661843338856786,0.01391041848377135,0.02,0.01,True
baseline,single_average,9.0,physical_discard_kg,1.2408909901329601,0.0038811298413127773,0.003127696044353516,0.02,0.01,True
baseline,single_average,10.0,physical_discard_kg,1.653927302829733,0.005368358637762932,0.0032458250302647004,0.02,0.01,True
baseline,two_person_low,1.8,physical_discard_kg,0.0,0.0,,0.02,0.01,True
baseline,two_person_low,2.0,physical_discard_kg,0.0,0.0,,0.02,0.01,True
baseline,two_person_low,2.1,physical_discard_kg,0.0,0.0,,0.02,0.01,True
baseline,two_person_low,2.25,physical_discard_kg,0.0,0.0,,0.02,0.01,True
baseline,two_person_low,2.4,physical_discard_kg,0.0,0.0,,0.02,0.01,True
baseline,two_person_low,3.0,physical_discard_kg,0.0,0.0,,0.02,0.01,True
baseline,two_person_low,4.5,physical_discard_kg,0.00016470854781159224,2.5298428762313035e-05,0.1535951175481891,0.02,0.01,True
baseline,two_person_low,5.0,physical_discard_kg,0.0011257748466910306,8.647085428266914e-05,0.07681007844226698,0.02,0.01,True
baseline,two_person_low,9.0,physical_discard_kg,0.511526621025942,0.0033193947247118255,0.0064891925234590725,0.02,0.01,True
baseline,two_person_low,10.0,physical_discard_kg,0.8139251819670678,0.004377234136026137,0.005377931821015024,0.02,0.01,True
baseline,two_person_average,1.8,physical_discard_kg,0.0,0.0,,0.02,0.01,True
baseline,two_person_average,2.0,physical_discard_kg,0.0,0.0,,0.02,0.01,True
baseline,two_person_average,2.1,physical_discard_kg,0.0,0.0,,0.02,0.01,True
baseline,two_person_average,2.25,physical_discard_kg,0.0,0.0,,0.02,0.01,True
baseline,two_person_average,2.4,physical_discard_kg,0.0,0.0,,0.02,0.01,True
baseline,two_person_average,3.0,physical_discard_kg,0.0,0.0,,0.02,0.01,True
baseline,two_person_average,4.5,physical_discard_kg,0.0,0.0,,0.02,0.01,True
baseline,two_person_average,5.0,physical_discard_kg,5.248513307893393e-08,5.2485133078933924e-08,0.9999999999999999,0.02,0.01,True
baseline,two_person_average,9.0,physical_discard_kg,0.03857314302864446,0.0009406640015513796,0.024386501272474517,0.02,0.01,True
baseline,two_person_average,10.0,physical_discard_kg,0.12555143824625314,0.001899051422862523,0.015125684336150538,0.02,0.01,True
baseline,family_three,1.8,physical_discard_kg,0.0,0.0,,0.02,0.01,True
baseline,family_three,2.0,physical_discard_kg,0.0,0.0,,0.02,0.01,True
baseline,family_three,2.1,physical_discard_kg,0.0,0.0,,0.02,0.01,True
baseline,family_three,2.25,physical_discard_kg,0.0,0.0,,0.02,0.01,True
baseline,family_three,2.4,physical_discard_kg,0.0,0.0,,0.02,0.01,True
baseline,family_three,3.0,physical_discard_kg,0.0,0.0,,0.02,0.01,True
baseline,family_three,4.5,physical_discard_kg,0.0,0.0,,0.02,0.01,True
baseline,family_three,5.0,physical_discard_kg,0.0,0.0,,0.02,0.01,True
baseline,family_three,9.0,physical_discard_kg,1.742281030963058e-05,7.763273068061046e-06,0.44558099009835644,0.02,0.01,True
baseline,family_three,10.0,physical_discard_kg,0.0004066113798108805,7.002426154145872e-05,0.1722142198135915,0.02,0.01,True
baseline,family_four,1.8,physical_discard_kg,0.0,0.0,,0.02,0.01,True
baseline,family_four,2.0,physical_discard_kg,0.0,0.0,,0.02,0.01,True
baseline,family_four,2.1,physical_discard_kg,0.0,0.0,,0.02,0.01,True
baseline,family_four,2.25,physical_discard_kg,0.0,0.0,,0.02,0.01,True
baseline,family_four,2.4,physical_discard_kg,0.0,0.0,,0.02,0.01,True
baseline,family_four,3.0,physical_discard_kg,0.0,0.0,,0.02,0.01,True
baseline,family_four,4.5,physical_discard_kg,0.0,0.0,,0.02,0.01,True
baseline,family_four,5.0,physical_discard_kg,0.0,0.0,,0.02,0.01,True
baseline,family_four,9.0,physical_discard_kg,0.0,0.0,,0.02,0.01,True
baseline,family_four,10.0,physical_discard_kg,0.0,0.0,,0.02,0.01,True
full_carry_no_spoilage,single_low,1.8,physical_discard_kg,0.0,0.0,,0.02,0.01,True
full_carry_no_spoilage,single_low,2.0,physical_discard_kg,0.0,0.0,,0.02,0.01,True
full_carry_no_spoilage,single_low,2.1,physical_discard_kg,0.0,0.0,,0.02,0.01,True
full_carry_no_spoilage,single_low,2.25,physical_discard_kg,0.0,0.0,,0.02,0.01,True
full_carry_no_spoilage,single_low,2.4,physical_discard_kg,0.0,0.0,,0.02,0.01,True
full_carry_no_spoilage,single_low,3.0,physical_discard_kg,0.0,0.0,,0.02,0.01,True
full_carry_no_spoilage,single_low,4.5,physical_discard_kg,0.0,0.0,,0.02,0.01,True
full_carry_no_spoilage,single_low,5.0,physical_discard_kg,0.0,0.0,,0.02,0.01,True
full_carry_no_spoilage,single_low,9.0,physical_discard_kg,0.0,0.0,,0.02,0.01,True
full_carry_no_spoilage,single_low,10.0,physical_discard_kg,0.0,0.0,,0.02,0.01,True
full_carry_no_spoilage,single_average,1.8,physical_discard_kg,0.0,0.0,,0.02,0.01,True
full_carry_no_spoilage,single_average,2.0,physical_discard_kg,0.0,0.0,,0.02,0.01,True
full_carry_no_spoilage,single_average,2.1,physical_discard_kg,0.0,0.0,,0.02,0.01,True
full_carry_no_spoilage,single_average,2.25,physical_discard_kg,0.0,0.0,,0.02,0.01,True
full_carry_no_spoilage,single_average,2.4,physical_discard_kg,0.0,0.0,,0.02,0.01,True
full_carry_no_spoilage,single_average,3.0,physical_discard_kg,0.0,0.0,,0.02,0.01,True
full_carry_no_spoilage,single_average,4.5,physical_discard_kg,0.0,0.0,,0.02,0.01,True
full_carry_no_spoilage,single_average,5.0,physical_discard_kg,0.0,0.0,,0.02,0.01,True
full_carry_no_spoilage,single_average,9.0,physical_discard_kg,0.0,0.0,,0.02,0.01,True
full_carry_no_spoilage,single_average,10.0,physical_discard_kg,0.0,0.0,,0.02,0.01,True
full_carry_no_spoilage,two_person_low,1.8,physical_discard_kg,0.0,0.0,,0.02,0.01,True
full_carry_no_spoilage,two_person_low,2.0,physical_discard_kg,0.0,0.0,,0.02,0.01,True
full_carry_no_spoilage,two_person_low,2.1,physical_discard_kg,0.0,0.0,,0.02,0.01,True
full_carry_no_spoilage,two_person_low,2.25,physical_discard_kg,0.0,0.0,,0.02,0.01,True
full_carry_no_spoilage,two_person_low,2.4,physical_discard_kg,0.0,0.0,,0.02,0.01,True
full_carry_no_spoilage,two_person_low,3.0,physical_discard_kg,0.0,0.0,,0.02,0.01,True
full_carry_no_spoilage,two_person_low,4.5,physical_discard_kg,0.0,0.0,,0.02,0.01,True
full_carry_no_spoilage,two_person_low,5.0,physical_discard_kg,0.0,0.0,,0.02,0.01,True
full_carry_no_spoilage,two_person_low,9.0,physical_discard_kg,0.0,0.0,,0.02,0.01,True
full_carry_no_spoilage,two_person_low,10.0,physical_discard_kg,0.0,0.0,,0.02,0.01,True
full_carry_no_spoilage,two_person_average,1.8,physical_discard_kg,0.0,0.0,,0.02,0.01,True
full_carry_no_spoilage,two_person_average,2.0,physical_discard_kg,0.0,0.0,,0.02,0.01,True
full_carry_no_spoilage,two_person_average,2.1,physical_discard_kg,0.0,0.0,,0.02,0.01,True
full_carry_no_spoilage,two_person_average,2.25,physical_discard_kg,0.0,0.0,,0.02,0.01,True
full_carry_no_spoilage,two_person_average,2.4,physical_discard_kg,0.0,0.0,,0.02,0.01,True
full_carry_no_spoilage,two_person_average,3.0,physical_discard_kg,0.0,0.0,,0.02,0.01,True
full_carry_no_spoilage,two_person_average,4.5,physical_discard_kg,0.0,0.0,,0.02,0.01,True
full_carry_no_spoilage,two_person_average,5.0,physical_discard_kg,0.0,0.0,,0.02,0.01,True
full_carry_no_spoilage,two_person_average,9.0,physical_discard_kg,0.0,0.0,,0.02,0.01,True
full_carry_no_spoilage,two_person_average,10.0,physical_discard_kg,0.0,0.0,,0.02,0.01,True
full_carry_no_spoilage,family_three,1.8,physical_discard_kg,0.0,0.0,,0.02,0.01,True
full_carry_no_spoilage,family_three,2.0,physical_discard_kg,0.0,0.0,,0.02,0.01,True
full_carry_no_spoilage,family_three,2.1,physical_discard_kg,0.0,0.0,,0.02,0.01,True
full_carry_no_spoilage,family_three,2.25,physical_discard_kg,0.0,0.0,,0.02,0.01,True
full_carry_no_spoilage,family_three,2.4,physical_discard_kg,0.0,0.0,,0.02,0.01,True
full_carry_no_spoilage,family_three,3.0,physical_discard_kg,0.0,0.0,,0.02,0.01,True
full_carry_no_spoilage,family_three,4.5,physical_discard_kg,0.0,0.0,,0.02,0.01,True
full_carry_no_spoilage,family_three,5.0,physical_discard_kg,0.0,0.0,,0.02,0.01,True
full_carry_no_spoilage,family_three,9.0,physical_discard_kg,0.0,0.0,,0.02,0.01,True
full_carry_no_spoilage,family_three,10.0,physical_discard_kg,0.0,0.0,,0.02,0.01,True
full_carry_no_spoilage,family_four,1.8,physical_discard_kg,0.0,0.0,,0.02,0.01,True
full_carry_no_spoilage,family_four,2.0,physical_discard_kg,0.0,0.0,,0.02,0.01,True
full_carry_no_spoilage,family_four,2.1,physical_discard_kg,0.0,0.0,,0.02,0.01,True
full_carry_no_spoilage,family_four,2.25,physical_discard_kg,0.0,0.0,,0.02,0.01,True
full_carry_no_spoilage,family_four,2.4,physical_discard_kg,0.0,0.0,,0.02,0.01,True
full_carry_no_spoilage,family_four,3.0,physical_discard_kg,0.0,0.0,,0.02,0.01,True
full_carry_no_spoilage,family_four,4.5,physical_discard_kg,0.0,0.0,,0.02,0.01,True
full_carry_no_spoilage,family_four,5.0,physical_discard_kg,0.0,0.0,,0.02,0.01,True
full_carry_no_spoilage,family_four,9.0,physical_discard_kg,0.0,0.0,,0.02,0.01,True
full_carry_no_spoilage,family_four,10.0,physical_discard_kg,0.0,0.0,,0.02,0.01,True
perfect_final_batch_adaptation,single_low,1.8,physical_discard_kg,7.208405920923624e-05,1.8071029768207343e-05,0.2506938422509352,0.02,0.01,True
perfect_final_batch_adaptation,single_low,2.0,physical_discard_kg,0.0003039851207784961,3.994980378876972e-05,0.1314202605918986,0.02,0.01,True
perfect_final_batch_adaptation,single_low,2.1,physical_discard_kg,0.0005710872587882002,5.9830902369855705e-05,0.10476665596919797,0.02,0.01,True
perfect_final_batch_adaptation,single_low,2.25,physical_discard_kg,0.0015707032418367528,0.00010974400627718298,0.06986934473303198,0.02,0.01,True
perfect_final_batch_adaptation,single_low,2.4,physical_discard_kg,0.0035364318037093153,0.0002064337948069927,0.058373469718959965,0.02,0.01,True
perfect_final_batch_adaptation,single_low,3.0,physical_discard_kg,0.03085577139987415,0.0006588342258717028,0.021352058171988854,0.02,0.01,True
perfect_final_batch_adaptation,single_low,4.5,physical_discard_kg,0.3476773866747001,0.0023593858495095338,0.0067861354805829315,0.02,0.01,True
perfect_final_batch_adaptation,single_low,5.0,physical_discard_kg,0.5169294297489896,0.0029687315795388085,0.00574301134485681,0.02,0.01,True
perfect_final_batch_adaptation,single_low,9.0,physical_discard_kg,2.1586734930681177,0.0057700215365521475,0.0026729477871853743,0.02,0.01,True
perfect_final_batch_adaptation,single_low,10.0,physical_discard_kg,2.6518086096947298,0.006952406734868916,0.0026217603749575506,0.02,0.01,True
perfect_final_batch_adaptation,single_average,1.8,physical_discard_kg,0.0,0.0,,0.02,0.01,True
perfect_final_batch_adaptation,single_average,2.0,physical_discard_kg,0.0,0.0,,0.02,0.01,True
perfect_final_batch_adaptation,single_average,2.1,physical_discard_kg,0.0,0.0,,0.02,0.01,True
perfect_final_batch_adaptation,single_average,2.25,physical_discard_kg,0.0,0.0,,0.02,0.01,True
perfect_final_batch_adaptation,single_average,2.4,physical_discard_kg,0.0,0.0,,0.02,0.01,True
perfect_final_batch_adaptation,single_average,3.0,physical_discard_kg,1.1019590327056461e-05,7.967011668780436e-06,0.7229861938895303,0.02,0.01,True
perfect_final_batch_adaptation,single_average,4.5,physical_discard_kg,0.014143502663027772,0.0003964218499859208,0.028028548474219095,0.02,0.01,True
perfect_final_batch_adaptation,single_average,5.0,physical_discard_kg,0.04665271934838531,0.00077355170794171,0.01658106362814804,0.02,0.01,True
perfect_final_batch_adaptation,single_average,9.0,physical_discard_kg,1.1392668325391846,0.003915230725896411,0.0034366231106458095,0.02,0.01,True
perfect_final_batch_adaptation,single_average,10.0,physical_discard_kg,1.54526817211976,0.004862373173408634,0.003146620930358355,0.02,0.01,True
perfect_final_batch_adaptation,two_person_low,1.8,physical_discard_kg,0.0,0.0,,0.02,0.01,True
perfect_final_batch_adaptation,two_person_low,2.0,physical_discard_kg,0.0,0.0,,0.02,0.01,True
perfect_final_batch_adaptation,two_person_low,2.1,physical_discard_kg,0.0,0.0,,0.02,0.01,True
perfect_final_batch_adaptation,two_person_low,2.25,physical_discard_kg,0.0,0.0,,0.02,0.01,True
perfect_final_batch_adaptation,two_person_low,2.4,physical_discard_kg,0.0,0.0,,0.02,0.01,True
perfect_final_batch_adaptation,two_person_low,3.0,physical_discard_kg,0.0,0.0,,0.02,0.01,True
perfect_final_batch_adaptation,two_person_low,4.5,physical_discard_kg,4.424734147877486e-05,1.2600709629763788e-05,0.2847789089387045,0.02,0.01,True
perfect_final_batch_adaptation,two_person_low,5.0,physical_discard_kg,0.00037217398812657053,4.9968992458820956e-05,0.13426245265111672,0.02,0.01,True
perfect_final_batch_adaptation,two_person_low,9.0,physical_discard_kg,0.4227057703583769,0.0031249075199782433,0.00739263038053371,0.02,0.01,True
perfect_final_batch_adaptation,two_person_low,10.0,physical_discard_kg,0.7071963331850307,0.004076510320244964,0.005764326155207011,0.02,0.01,True
perfect_final_batch_adaptation,two_person_average,1.8,physical_discard_kg,0.0,0.0,,0.02,0.01,True
perfect_final_batch_adaptation,two_person_average,2.0,physical_discard_kg,0.0,0.0,,0.02,0.01,True
perfect_final_batch_adaptation,two_person_average,2.1,physical_discard_kg,0.0,0.0,,0.02,0.01,True
perfect_final_batch_adaptation,two_person_average,2.25,physical_discard_kg,0.0,0.0,,0.02,0.01,True
perfect_final_batch_adaptation,two_person_average,2.4,physical_discard_kg,0.0,0.0,,0.02,0.01,True
perfect_final_batch_adaptation,two_person_average,3.0,physical_discard_kg,0.0,0.0,,0.02,0.01,True
perfect_final_batch_adaptation,two_person_average,4.5,physical_discard_kg,0.0,0.0,,0.02,0.01,True
perfect_final_batch_adaptation,two_person_average,5.0,physical_discard_kg,0.0,0.0,,0.02,0.01,True
perfect_final_batch_adaptation,two_person_average,9.0,physical_discard_kg,0.02313203892896229,0.0006696230471247398,0.028947860981089025,0.02,0.01,True
perfect_final_batch_adaptation,two_person_average,10.0,physical_discard_kg,0.08843002920839516,0.0015322573453489749,0.017327341843776177,0.02,0.01,True
perfect_final_batch_adaptation,family_three,1.8,physical_discard_kg,0.0,0.0,,0.02,0.01,True
perfect_final_batch_adaptation,family_three,2.0,physical_discard_kg,0.0,0.0,,0.02,0.01,True
perfect_final_batch_adaptation,family_three,2.1,physical_discard_kg,0.0,0.0,,0.02,0.01,True
perfect_final_batch_adaptation,family_three,2.25,physical_discard_kg,0.0,0.0,,0.02,0.01,True
perfect_final_batch_adaptation,family_three,2.4,physical_discard_kg,0.0,0.0,,0.02,0.01,True
perfect_final_batch_adaptation,family_three,3.0,physical_discard_kg,0.0,0.0,,0.02,0.01,True
perfect_final_batch_adaptation,family_three,4.5,physical_discard_kg,0.0,0.0,,0.02,0.01,True
perfect_final_batch_adaptation,family_three,5.0,physical_discard_kg,0.0,0.0,,0.02,0.01,True
perfect_final_batch_adaptation,family_three,9.0,physical_discard_kg,1.0327643693113232e-05,7.173822660850996e-06,0.694623369475334,0.02,0.01,True
perfect_final_batch_adaptation,family_three,10.0,physical_discard_kg,0.0001389986310319839,3.0539480234372065e-05,0.21971065475705917,0.02,0.01,True
perfect_final_batch_adaptation,family_four,1.8,physical_discard_kg,0.0,0.0,,0.02,0.01,True
perfect_final_batch_adaptation,family_four,2.0,physical_discard_kg,0.0,0.0,,0.02,0.01,True
perfect_final_batch_adaptation,family_four,2.1,physical_discard_kg,0.0,0.0,,0.02,0.01,True
perfect_final_batch_adaptation,family_four,2.25,physical_discard_kg,0.0,0.0,,0.02,0.01,True
perfect_final_batch_adaptation,family_four,2.4,physical_discard_kg,0.0,0.0,,0.02,0.01,True
perfect_final_batch_adaptation,family_four,3.0,physical_discard_kg,0.0,0.0,,0.02,0.01,True
perfect_final_batch_adaptation,family_four,4.5,physical_discard_kg,0.0,0.0,,0.02,0.01,True
perfect_final_batch_adaptation,family_four,5.0,physical_discard_kg,0.0,0.0,,0.02,0.01,True
perfect_final_batch_adaptation,family_four,9.0,physical_discard_kg,0.0,0.0,,0.02,0.01,True
perfect_final_batch_adaptation,family_four,10.0,physical_discard_kg,0.0,0.0,,0.02,0.01,True
zero_sku_complexity,single_low,1.8,physical_discard_kg,0.00020171261725381137,3.3389364901757466e-05,0.16552938212954832,0.02,0.01,True
zero_sku_complexity,single_low,2.0,physical_discard_kg,0.0009183275942613038,7.912065690285529e-05,0.08615733361088793,0.02,0.01,True
zero_sku_complexity,single_low,2.1,physical_discard_kg,0.0015228653738091676,0.0001111396383339987,0.07298060632635132,0.02,0.01,True
zero_sku_complexity,single_low,2.25,physical_discard_kg,0.0036215202899697574,0.00017573969520908527,0.04852649747560929,0.02,0.01,True
zero_sku_complexity,single_low,2.4,physical_discard_kg,0.007389558224029484,0.00029911351328401067,0.04047786135730665,0.02,0.01,True
zero_sku_complexity,single_low,3.0,physical_discard_kg,0.051070833064888445,0.0008418023308126421,0.01648303503769135,0.02,0.01,True
zero_sku_complexity,single_low,4.5,physical_discard_kg,0.4195208412573539,0.002622480730797479,0.006251133371437738,0.02,0.01,True
zero_sku_complexity,single_low,5.0,physical_discard_kg,0.5991161158500217,0.003189617609004586,0.005323872158703625,0.02,0.01,True
zero_sku_complexity,single_low,9.0,physical_discard_kg,2.277606290339724,0.005564013094428285,0.002442921376722386,0.02,0.01,True
zero_sku_complexity,single_low,10.0,physical_discard_kg,2.7793588643144553,0.00726796909115271,0.0026149804490775597,0.02,0.01,True
zero_sku_complexity,single_average,1.8,physical_discard_kg,0.0,0.0,,0.02,0.01,True
zero_sku_complexity,single_average,2.0,physical_discard_kg,0.0,0.0,,0.02,0.01,True
zero_sku_complexity,single_average,2.1,physical_discard_kg,0.0,0.0,,0.02,0.01,True
zero_sku_complexity,single_average,2.25,physical_discard_kg,0.0,0.0,,0.02,0.01,True
zero_sku_complexity,single_average,2.4,physical_discard_kg,0.0,0.0,,0.02,0.01,True
zero_sku_complexity,single_average,3.0,physical_discard_kg,3.056000973222852e-05,1.530278233205261e-05,0.5007453356899402,0.02,0.01,True
zero_sku_complexity,single_average,4.5,physical_discard_kg,0.02395713788433483,0.0005555774383679806,0.023190476301898456,0.02,0.01,True
zero_sku_complexity,single_average,5.0,physical_discard_kg,0.0694576036668402,0.0009661843338856786,0.01391041848377135,0.02,0.01,True
zero_sku_complexity,single_average,9.0,physical_discard_kg,1.2408909901329601,0.0038811298413127773,0.003127696044353516,0.02,0.01,True
zero_sku_complexity,single_average,10.0,physical_discard_kg,1.653927302829733,0.005368358637762932,0.0032458250302647004,0.02,0.01,True
zero_sku_complexity,two_person_low,1.8,physical_discard_kg,0.0,0.0,,0.02,0.01,True
zero_sku_complexity,two_person_low,2.0,physical_discard_kg,0.0,0.0,,0.02,0.01,True
zero_sku_complexity,two_person_low,2.1,physical_discard_kg,0.0,0.0,,0.02,0.01,True
zero_sku_complexity,two_person_low,2.25,physical_discard_kg,0.0,0.0,,0.02,0.01,True
zero_sku_complexity,two_person_low,2.4,physical_discard_kg,0.0,0.0,,0.02,0.01,True
zero_sku_complexity,two_person_low,3.0,physical_discard_kg,0.0,0.0,,0.02,0.01,True
zero_sku_complexity,two_person_low,4.5,physical_discard_kg,0.00016470854781159224,2.5298428762313035e-05,0.1535951175481891,0.02,0.01,True
zero_sku_complexity,two_person_low,5.0,physical_discard_kg,0.0011257748466910306,8.647085428266914e-05,0.07681007844226698,0.02,0.01,True
zero_sku_complexity,two_person_low,9.0,physical_discard_kg,0.511526621025942,0.0033193947247118255,0.0064891925234590725,0.02,0.01,True
zero_sku_complexity,two_person_low,10.0,physical_discard_kg,0.8139251819670678,0.004377234136026137,0.005377931821015024,0.02,0.01,True
zero_sku_complexity,two_person_average,1.8,physical_discard_kg,0.0,0.0,,0.02,0.01,True
zero_sku_complexity,two_person_average,2.0,physical_discard_kg,0.0,0.0,,0.02,0.01,True
zero_sku_complexity,two_person_average,2.1,physical_discard_kg,0.0,0.0,,0.02,0.01,True
zero_sku_complexity,two_person_average,2.25,physical_discard_kg,0.0,0.0,,0.02,0.01,True
zero_sku_complexity,two_person_average,2.4,physical_discard_kg,0.0,0.0,,0.02,0.01,True
zero_sku_complexity,two_person_average,3.0,physical_discard_kg,0.0,0.0,,0.02,0.01,True
zero_sku_complexity,two_person_average,4.5,physical_discard_kg,0.0,0.0,,0.02,0.01,True
zero_sku_complexity,two_person_average,5.0,physical_discard_kg,5.248513307893393e-08,5.2485133078933924e-08,0.9999999999999999,0.02,0.01,True
zero_sku_complexity,two_person_average,9.0,physical_discard_kg,0.03857314302864446,0.0009406640015513796,0.024386501272474517,0.02,0.01,True
zero_sku_complexity,two_person_average,10.0,physical_discard_kg,0.12555143824625314,0.001899051422862523,0.015125684336150538,0.02,0.01,True
zero_sku_complexity,family_three,1.8,physical_discard_kg,0.0,0.0,,0.02,0.01,True
zero_sku_complexity,family_three,2.0,physical_discard_kg,0.0,0.0,,0.02,0.01,True
zero_sku_complexity,family_three,2.1,physical_discard_kg,0.0,0.0,,0.02,0.01,True
zero_sku_complexity,family_three,2.25,physical_discard_kg,0.0,0.0,,0.02,0.01,True
zero_sku_complexity,family_three,2.4,physical_discard_kg,0.0,0.0,,0.02,0.01,True
zero_sku_complexity,family_three,3.0,physical_discard_kg,0.0,0.0,,0.02,0.01,True
zero_sku_complexity,family_three,4.5,physical_discard_kg,0.0,0.0,,0.02,0.01,True
zero_sku_complexity,family_three,5.0,physical_discard_kg,0.0,0.0,,0.02,0.01,True
zero_sku_complexity,family_three,9.0,physical_discard_kg,1.742281030963058e-05,7.763273068061046e-06,0.44558099009835644,0.02,0.01,True
zero_sku_complexity,family_three,10.0,physical_discard_kg,0.0004066113798108805,7.002426154145872e-05,0.1722142198135915,0.02,0.01,True
zero_sku_complexity,family_four,1.8,physical_discard_kg,0.0,0.0,,0.02,0.01,True
zero_sku_complexity,family_four,2.0,physical_discard_kg,0.0,0.0,,0.02,0.01,True
zero_sku_complexity,family_four,2.1,physical_discard_kg,0.0,0.0,,0.02,0.01,True
zero_sku_complexity,family_four,2.25,physical_discard_kg,0.0,0.0,,0.02,0.01,True
zero_sku_complexity,family_four,2.4,physical_discard_kg,0.0,0.0,,0.02,0.01,True
zero_sku_complexity,family_four,3.0,physical_discard_kg,0.0,0.0,,0.02,0.01,True
zero_sku_complexity,family_four,4.5,physical_discard_kg,0.0,0.0,,0.02,0.01,True
zero_sku_complexity,family_four,5.0,physical_discard_kg,0.0,0.0,,0.02,0.01,True
zero_sku_complexity,family_four,9.0,physical_discard_kg,0.0,0.0,,0.02,0.01,True
zero_sku_complexity,family_four,10.0,physical_discard_kg,0.0,0.0,,0.02,0.01,True
high_sku_complexity,single_low,1.8,physical_discard_kg,0.00020171261725381137,3.3389364901757466e-05,0.16552938212954832,0.02,0.01,True
high_sku_complexity,single_low,2.0,physical_discard_kg,0.0009183275942613038,7.912065690285529e-05,0.08615733361088793,0.02,0.01,True
high_sku_complexity,single_low,2.1,physical_discard_kg,0.0015228653738091676,0.0001111396383339987,0.07298060632635132,0.02,0.01,True
high_sku_complexity,single_low,2.25,physical_discard_kg,0.0036215202899697574,0.00017573969520908527,0.04852649747560929,0.02,0.01,True
high_sku_complexity,single_low,2.4,physical_discard_kg,0.007389558224029484,0.00029911351328401067,0.04047786135730665,0.02,0.01,True
high_sku_complexity,single_low,3.0,physical_discard_kg,0.051070833064888445,0.0008418023308126421,0.01648303503769135,0.02,0.01,True
high_sku_complexity,single_low,4.5,physical_discard_kg,0.4195208412573539,0.002622480730797479,0.006251133371437738,0.02,0.01,True
high_sku_complexity,single_low,5.0,physical_discard_kg,0.5991161158500217,0.003189617609004586,0.005323872158703625,0.02,0.01,True
high_sku_complexity,single_low,9.0,physical_discard_kg,2.277606290339724,0.005564013094428285,0.002442921376722386,0.02,0.01,True
high_sku_complexity,single_low,10.0,physical_discard_kg,2.7793588643144553,0.00726796909115271,0.0026149804490775597,0.02,0.01,True
high_sku_complexity,single_average,1.8,physical_discard_kg,0.0,0.0,,0.02,0.01,True
high_sku_complexity,single_average,2.0,physical_discard_kg,0.0,0.0,,0.02,0.01,True
high_sku_complexity,single_average,2.1,physical_discard_kg,0.0,0.0,,0.02,0.01,True
high_sku_complexity,single_average,2.25,physical_discard_kg,0.0,0.0,,0.02,0.01,True
high_sku_complexity,single_average,2.4,physical_discard_kg,0.0,0.0,,0.02,0.01,True
high_sku_complexity,single_average,3.0,physical_discard_kg,3.056000973222852e-05,1.530278233205261e-05,0.5007453356899402,0.02,0.01,True
high_sku_complexity,single_average,4.5,physical_discard_kg,0.02395713788433483,0.0005555774383679806,0.023190476301898456,0.02,0.01,True
high_sku_complexity,single_average,5.0,physical_discard_kg,0.0694576036668402,0.0009661843338856786,0.01391041848377135,0.02,0.01,True
high_sku_complexity,single_average,9.0,physical_discard_kg,1.2408909901329601,0.0038811298413127773,0.003127696044353516,0.02,0.01,True
high_sku_complexity,single_average,10.0,physical_discard_kg,1.653927302829733,0.005368358637762932,0.0032458250302647004,0.02,0.01,True
high_sku_complexity,two_person_low,1.8,physical_discard_kg,0.0,0.0,,0.02,0.01,True
high_sku_complexity,two_person_low,2.0,physical_discard_kg,0.0,0.0,,0.02,0.01,True
high_sku_complexity,two_person_low,2.1,physical_discard_kg,0.0,0.0,,0.02,0.01,True
high_sku_complexity,two_person_low,2.25,physical_discard_kg,0.0,0.0,,0.02,0.01,True
high_sku_complexity,two_person_low,2.4,physical_discard_kg,0.0,0.0,,0.02,0.01,True
high_sku_complexity,two_person_low,3.0,physical_discard_kg,0.0,0.0,,0.02,0.01,True
high_sku_complexity,two_person_low,4.5,physical_discard_kg,0.00016470854781159224,2.5298428762313035e-05,0.1535951175481891,0.02,0.01,True
high_sku_complexity,two_person_low,5.0,physical_discard_kg,0.0011257748466910306,8.647085428266914e-05,0.07681007844226698,0.02,0.01,True
high_sku_complexity,two_person_low,9.0,physical_discard_kg,0.511526621025942,0.0033193947247118255,0.0064891925234590725,0.02,0.01,True
high_sku_complexity,two_person_low,10.0,physical_discard_kg,0.8139251819670678,0.004377234136026137,0.005377931821015024,0.02,0.01,True
high_sku_complexity,two_person_average,1.8,physical_discard_kg,0.0,0.0,,0.02,0.01,True
high_sku_complexity,two_person_average,2.0,physical_discard_kg,0.0,0.0,,0.02,0.01,True
high_sku_complexity,two_person_average,2.1,physical_discard_kg,0.0,0.0,,0.02,0.01,True
high_sku_complexity,two_person_average,2.25,physical_discard_kg,0.0,0.0,,0.02,0.01,True
high_sku_complexity,two_person_average,2.4,physical_discard_kg,0.0,0.0,,0.02,0.01,True
high_sku_complexity,two_person_average,3.0,physical_discard_kg,0.0,0.0,,0.02,0.01,True
high_sku_complexity,two_person_average,4.5,physical_discard_kg,0.0,0.0,,0.02,0.01,True
high_sku_complexity,two_person_average,5.0,physical_discard_kg,5.248513307893393e-08,5.2485133078933924e-08,0.9999999999999999,0.02,0.01,True
high_sku_complexity,two_person_average,9.0,physical_discard_kg,0.03857314302864446,0.0009406640015513796,0.024386501272474517,0.02,0.01,True
high_sku_complexity,two_person_average,10.0,physical_discard_kg,0.12555143824625314,0.001899051422862523,0.015125684336150538,0.02,0.01,True
high_sku_complexity,family_three,1.8,physical_discard_kg,0.0,0.0,,0.02,0.01,True
high_sku_complexity,family_three,2.0,physical_discard_kg,0.0,0.0,,0.02,0.01,True
high_sku_complexity,family_three,2.1,physical_discard_kg,0.0,0.0,,0.02,0.01,True
high_sku_complexity,family_three,2.25,physical_discard_kg,0.0,0.0,,0.02,0.01,True
high_sku_complexity,family_three,2.4,physical_discard_kg,0.0,0.0,,0.02,0.01,True
high_sku_complexity,family_three,3.0,physical_discard_kg,0.0,0.0,,0.02,0.01,True
high_sku_complexity,family_three,4.5,physical_discard_kg,0.0,0.0,,0.02,0.01,True
high_sku_complexity,family_three,5.0,physical_discard_kg,0.0,0.0,,0.02,0.01,True
high_sku_complexity,family_three,9.0,physical_discard_kg,1.742281030963058e-05,7.763273068061046e-06,0.44558099009835644,0.02,0.01,True
high_sku_complexity,family_three,10.0,physical_discard_kg,0.0004066113798108805,7.002426154145872e-05,0.1722142198135915,0.02,0.01,True
high_sku_complexity,family_four,1.8,physical_discard_kg,0.0,0.0,,0.02,0.01,True
high_sku_complexity,family_four,2.0,physical_discard_kg,0.0,0.0,,0.02,0.01,True
high_sku_complexity,family_four,2.1,physical_discard_kg,0.0,0.0,,0.02,0.01,True
high_sku_complexity,family_four,2.25,physical_discard_kg,0.0,0.0,,0.02,0.01,True
high_sku_complexity,family_four,2.4,physical_discard_kg,0.0,0.0,,0.02,0.01,True
high_sku_complexity,family_four,3.0,physical_discard_kg,0.0,0.0,,0.02,0.01,True
high_sku_complexity,family_four,4.5,physical_discard_kg,0.0,0.0,,0.02,0.01,True
high_sku_complexity,family_four,5.0,physical_discard_kg,0.0,0.0,,0.02,0.01,True
high_sku_complexity,family_four,9.0,physical_discard_kg,0.0,0.0,,0.02,0.01,True
high_sku_complexity,family_four,10.0,physical_discard_kg,0.0,0.0,,0.02,0.01,True
packaging_logistics_dominant,single_low,1.8,physical_discard_kg,0.00020171261725381137,3.3389364901757466e-05,0.16552938212954832,0.02,0.01,True
packaging_logistics_dominant,single_low,2.0,physical_discard_kg,0.0009183275942613038,7.912065690285529e-05,0.08615733361088793,0.02,0.01,True
packaging_logistics_dominant,single_low,2.1,physical_discard_kg,0.0015228653738091676,0.0001111396383339987,0.07298060632635132,0.02,0.01,True
packaging_logistics_dominant,single_low,2.25,physical_discard_kg,0.0036215202899697574,0.00017573969520908527,0.04852649747560929,0.02,0.01,True
packaging_logistics_dominant,single_low,2.4,physical_discard_kg,0.007389558224029484,0.00029911351328401067,0.04047786135730665,0.02,0.01,True
packaging_logistics_dominant,single_low,3.0,physical_discard_kg,0.051070833064888445,0.0008418023308126421,0.01648303503769135,0.02,0.01,True
packaging_logistics_dominant,single_low,4.5,physical_discard_kg,0.4195208412573539,0.002622480730797479,0.006251133371437738,0.02,0.01,True
packaging_logistics_dominant,single_low,5.0,physical_discard_kg,0.5991161158500217,0.003189617609004586,0.005323872158703625,0.02,0.01,True
packaging_logistics_dominant,single_low,9.0,physical_discard_kg,2.277606290339724,0.005564013094428285,0.002442921376722386,0.02,0.01,True
packaging_logistics_dominant,single_low,10.0,physical_discard_kg,2.7793588643144553,0.00726796909115271,0.0026149804490775597,0.02,0.01,True
packaging_logistics_dominant,single_average,1.8,physical_discard_kg,0.0,0.0,,0.02,0.01,True
packaging_logistics_dominant,single_average,2.0,physical_discard_kg,0.0,0.0,,0.02,0.01,True
packaging_logistics_dominant,single_average,2.1,physical_discard_kg,0.0,0.0,,0.02,0.01,True
packaging_logistics_dominant,single_average,2.25,physical_discard_kg,0.0,0.0,,0.02,0.01,True
packaging_logistics_dominant,single_average,2.4,physical_discard_kg,0.0,0.0,,0.02,0.01,True
packaging_logistics_dominant,single_average,3.0,physical_discard_kg,3.056000973222852e-05,1.530278233205261e-05,0.5007453356899402,0.02,0.01,True
packaging_logistics_dominant,single_average,4.5,physical_discard_kg,0.02395713788433483,0.0005555774383679806,0.023190476301898456,0.02,0.01,True
packaging_logistics_dominant,single_average,5.0,physical_discard_kg,0.0694576036668402,0.0009661843338856786,0.01391041848377135,0.02,0.01,True
packaging_logistics_dominant,single_average,9.0,physical_discard_kg,1.2408909901329601,0.0038811298413127773,0.003127696044353516,0.02,0.01,True
packaging_logistics_dominant,single_average,10.0,physical_discard_kg,1.653927302829733,0.005368358637762932,0.0032458250302647004,0.02,0.01,True
packaging_logistics_dominant,two_person_low,1.8,physical_discard_kg,0.0,0.0,,0.02,0.01,True
packaging_logistics_dominant,two_person_low,2.0,physical_discard_kg,0.0,0.0,,0.02,0.01,True
packaging_logistics_dominant,two_person_low,2.1,physical_discard_kg,0.0,0.0,,0.02,0.01,True
packaging_logistics_dominant,two_person_low,2.25,physical_discard_kg,0.0,0.0,,0.02,0.01,True
packaging_logistics_dominant,two_person_low,2.4,physical_discard_kg,0.0,0.0,,0.02,0.01,True
packaging_logistics_dominant,two_person_low,3.0,physical_discard_kg,0.0,0.0,,0.02,0.01,True
packaging_logistics_dominant,two_person_low,4.5,physical_discard_kg,0.00016470854781159224,2.5298428762313035e-05,0.1535951175481891,0.02,0.01,True
packaging_logistics_dominant,two_person_low,5.0,physical_discard_kg,0.0011257748466910306,8.647085428266914e-05,0.07681007844226698,0.02,0.01,True
packaging_logistics_dominant,two_person_low,9.0,physical_discard_kg,0.511526621025942,0.0033193947247118255,0.0064891925234590725,0.02,0.01,True
packaging_logistics_dominant,two_person_low,10.0,physical_discard_kg,0.8139251819670678,0.004377234136026137,0.005377931821015024,0.02,0.01,True
packaging_logistics_dominant,two_person_average,1.8,physical_discard_kg,0.0,0.0,,0.02,0.01,True
packaging_logistics_dominant,two_person_average,2.0,physical_discard_kg,0.0,0.0,,0.02,0.01,True
packaging_logistics_dominant,two_person_average,2.1,physical_discard_kg,0.0,0.0,,0.02,0.01,True
packaging_logistics_dominant,two_person_average,2.25,physical_discard_kg,0.0,0.0,,0.02,0.01,True
packaging_logistics_dominant,two_person_average,2.4,physical_discard_kg,0.0,0.0,,0.02,0.01,True
packaging_logistics_dominant,two_person_average,3.0,physical_discard_kg,0.0,0.0,,0.02,0.01,True
packaging_logistics_dominant,two_person_average,4.5,physical_discard_kg,0.0,0.0,,0.02,0.01,True
packaging_logistics_dominant,two_person_average,5.0,physical_discard_kg,5.248513307893393e-08,5.2485133078933924e-08,0.9999999999999999,0.02,0.01,True
packaging_logistics_dominant,two_person_average,9.0,physical_discard_kg,0.03857314302864446,0.0009406640015513796,0.024386501272474517,0.02,0.01,True
packaging_logistics_dominant,two_person_average,10.0,physical_discard_kg,0.12555143824625314,0.001899051422862523,0.015125684336150538,0.02,0.01,True
packaging_logistics_dominant,family_three,1.8,physical_discard_kg,0.0,0.0,,0.02,0.01,True
packaging_logistics_dominant,family_three,2.0,physical_discard_kg,0.0,0.0,,0.02,0.01,True
packaging_logistics_dominant,family_three,2.1,physical_discard_kg,0.0,0.0,,0.02,0.01,True
packaging_logistics_dominant,family_three,2.25,physical_discard_kg,0.0,0.0,,0.02,0.01,True
packaging_logistics_dominant,family_three,2.4,physical_discard_kg,0.0,0.0,,0.02,0.01,True
packaging_logistics_dominant,family_three,3.0,physical_discard_kg,0.0,0.0,,0.02,0.01,True
packaging_logistics_dominant,family_three,4.5,physical_discard_kg,0.0,0.0,,0.02,0.01,True
packaging_logistics_dominant,family_three,5.0,physical_discard_kg,0.0,0.0,,0.02,0.01,True
packaging_logistics_dominant,family_three,9.0,physical_discard_kg,1.742281030963058e-05,7.763273068061046e-06,0.44558099009835644,0.02,0.01,True
packaging_logistics_dominant,family_three,10.0,physical_discard_kg,0.0004066113798108805,7.002426154145872e-05,0.1722142198135915,0.02,0.01,True
packaging_logistics_dominant,family_four,1.8,physical_discard_kg,0.0,0.0,,0.02,0.01,True
packaging_logistics_dominant,family_four,2.0,physical_discard_kg,0.0,0.0,,0.02,0.01,True
packaging_logistics_dominant,family_four,2.1,physical_discard_kg,0.0,0.0,,0.02,0.01,True
packaging_logistics_dominant,family_four,2.25,physical_discard_kg,0.0,0.0,,0.02,0.01,True
packaging_logistics_dominant,family_four,2.4,physical_discard_kg,0.0,0.0,,0.02,0.01,True
packaging_logistics_dominant,family_four,3.0,physical_discard_kg,0.0,0.0,,0.02,0.01,True
packaging_logistics_dominant,family_four,4.5,physical_discard_kg,0.0,0.0,,0.02,0.01,True
packaging_logistics_dominant,family_four,5.0,physical_discard_kg,0.0,0.0,,0.02,0.01,True
packaging_logistics_dominant,family_four,9.0,physical_discard_kg,0.0,0.0,,0.02,0.01,True
packaging_logistics_dominant,family_four,10.0,physical_discard_kg,0.0,0.0,,0.02,0.01,True
consumer_inconvenience_dominant,single_low,1.8,physical_discard_kg,0.00020171261725381137,3.3389364901757466e-05,0.16552938212954832,0.02,0.01,True
consumer_inconvenience_dominant,single_low,2.0,physical_discard_kg,0.0009183275942613038,7.912065690285529e-05,0.08615733361088793,0.02,0.01,True
consumer_inconvenience_dominant,single_low,2.1,physical_discard_kg,0.0015228653738091676,0.0001111396383339987,0.07298060632635132,0.02,0.01,True
consumer_inconvenience_dominant,single_low,2.25,physical_discard_kg,0.0036215202899697574,0.00017573969520908527,0.04852649747560929,0.02,0.01,True
consumer_inconvenience_dominant,single_low,2.4,physical_discard_kg,0.007389558224029484,0.00029911351328401067,0.04047786135730665,0.02,0.01,True
consumer_inconvenience_dominant,single_low,3.0,physical_discard_kg,0.051070833064888445,0.0008418023308126421,0.01648303503769135,0.02,0.01,True
consumer_inconvenience_dominant,single_low,4.5,physical_discard_kg,0.4195208412573539,0.002622480730797479,0.006251133371437738,0.02,0.01,True
consumer_inconvenience_dominant,single_low,5.0,physical_discard_kg,0.5991161158500217,0.003189617609004586,0.005323872158703625,0.02,0.01,True
consumer_inconvenience_dominant,single_low,9.0,physical_discard_kg,2.277606290339724,0.005564013094428285,0.002442921376722386,0.02,0.01,True
consumer_inconvenience_dominant,single_low,10.0,physical_discard_kg,2.7793588643144553,0.00726796909115271,0.0026149804490775597,0.02,0.01,True
consumer_inconvenience_dominant,single_average,1.8,physical_discard_kg,0.0,0.0,,0.02,0.01,True
consumer_inconvenience_dominant,single_average,2.0,physical_discard_kg,0.0,0.0,,0.02,0.01,True
consumer_inconvenience_dominant,single_average,2.1,physical_discard_kg,0.0,0.0,,0.02,0.01,True
consumer_inconvenience_dominant,single_average,2.25,physical_discard_kg,0.0,0.0,,0.02,0.01,True
consumer_inconvenience_dominant,single_average,2.4,physical_discard_kg,0.0,0.0,,0.02,0.01,True
consumer_inconvenience_dominant,single_average,3.0,physical_discard_kg,3.056000973222852e-05,1.530278233205261e-05,0.5007453356899402,0.02,0.01,True
consumer_inconvenience_dominant,single_average,4.5,physical_discard_kg,0.02395713788433483,0.0005555774383679806,0.023190476301898456,0.02,0.01,True
consumer_inconvenience_dominant,single_average,5.0,physical_discard_kg,0.0694576036668402,0.0009661843338856786,0.01391041848377135,0.02,0.01,True
consumer_inconvenience_dominant,single_average,9.0,physical_discard_kg,1.2408909901329601,0.0038811298413127773,0.003127696044353516,0.02,0.01,True
consumer_inconvenience_dominant,single_average,10.0,physical_discard_kg,1.653927302829733,0.005368358637762932,0.0032458250302647004,0.02,0.01,True
consumer_inconvenience_dominant,two_person_low,1.8,physical_discard_kg,0.0,0.0,,0.02,0.01,True
consumer_inconvenience_dominant,two_person_low,2.0,physical_discard_kg,0.0,0.0,,0.02,0.01,True
consumer_inconvenience_dominant,two_person_low,2.1,physical_discard_kg,0.0,0.0,,0.02,0.01,True
consumer_inconvenience_dominant,two_person_low,2.25,physical_discard_kg,0.0,0.0,,0.02,0.01,True
consumer_inconvenience_dominant,two_person_low,2.4,physical_discard_kg,0.0,0.0,,0.02,0.01,True
consumer_inconvenience_dominant,two_person_low,3.0,physical_discard_kg,0.0,0.0,,0.02,0.01,True
consumer_inconvenience_dominant,two_person_low,4.5,physical_discard_kg,0.00016470854781159224,2.5298428762313035e-05,0.1535951175481891,0.02,0.01,True
consumer_inconvenience_dominant,two_person_low,5.0,physical_discard_kg,0.0011257748466910306,8.647085428266914e-05,0.07681007844226698,0.02,0.01,True
consumer_inconvenience_dominant,two_person_low,9.0,physical_discard_kg,0.511526621025942,0.0033193947247118255,0.0064891925234590725,0.02,0.01,True
consumer_inconvenience_dominant,two_person_low,10.0,physical_discard_kg,0.8139251819670678,0.004377234136026137,0.005377931821015024,0.02,0.01,True
consumer_inconvenience_dominant,two_person_average,1.8,physical_discard_kg,0.0,0.0,,0.02,0.01,True
consumer_inconvenience_dominant,two_person_average,2.0,physical_discard_kg,0.0,0.0,,0.02,0.01,True
consumer_inconvenience_dominant,two_person_average,2.1,physical_discard_kg,0.0,0.0,,0.02,0.01,True
consumer_inconvenience_dominant,two_person_average,2.25,physical_discard_kg,0.0,0.0,,0.02,0.01,True
consumer_inconvenience_dominant,two_person_average,2.4,physical_discard_kg,0.0,0.0,,0.02,0.01,True
consumer_inconvenience_dominant,two_person_average,3.0,physical_discard_kg,0.0,0.0,,0.02,0.01,True
consumer_inconvenience_dominant,two_person_average,4.5,physical_discard_kg,0.0,0.0,,0.02,0.01,True
consumer_inconvenience_dominant,two_person_average,5.0,physical_discard_kg,5.248513307893393e-08,5.2485133078933924e-08,0.9999999999999999,0.02,0.01,True
consumer_inconvenience_dominant,two_person_average,9.0,physical_discard_kg,0.03857314302864446,0.0009406640015513796,0.024386501272474517,0.02,0.01,True
consumer_inconvenience_dominant,two_person_average,10.0,physical_discard_kg,0.12555143824625314,0.001899051422862523,0.015125684336150538,0.02,0.01,True
consumer_inconvenience_dominant,family_three,1.8,physical_discard_kg,0.0,0.0,,0.02,0.01,True
consumer_inconvenience_dominant,family_three,2.0,physical_discard_kg,0.0,0.0,,0.02,0.01,True
consumer_inconvenience_dominant,family_three,2.1,physical_discard_kg,0.0,0.0,,0.02,0.01,True
consumer_inconvenience_dominant,family_three,2.25,physical_discard_kg,0.0,0.0,,0.02,0.01,True
consumer_inconvenience_dominant,family_three,2.4,physical_discard_kg,0.0,0.0,,0.02,0.01,True
consumer_inconvenience_dominant,family_three,3.0,physical_discard_kg,0.0,0.0,,0.02,0.01,True
consumer_inconvenience_dominant,family_three,4.5,physical_discard_kg,0.0,0.0,,0.02,0.01,True
consumer_inconvenience_dominant,family_three,5.0,physical_discard_kg,0.0,0.0,,0.02,0.01,True
consumer_inconvenience_dominant,family_three,9.0,physical_discard_kg,1.742281030963058e-05,7.763273068061046e-06,0.44558099009835644,0.02,0.01,True
consumer_inconvenience_dominant,family_three,10.0,physical_discard_kg,0.0004066113798108805,7.002426154145872e-05,0.1722142198135915,0.02,0.01,True
consumer_inconvenience_dominant,family_four,1.8,physical_discard_kg,0.0,0.0,,0.02,0.01,True
consumer_inconvenience_dominant,family_four,2.0,physical_discard_kg,0.0,0.0,,0.02,0.01,True
consumer_inconvenience_dominant,family_four,2.1,physical_discard_kg,0.0,0.0,,0.02,0.01,True
consumer_inconvenience_dominant,family_four,2.25,physical_discard_kg,0.0,0.0,,0.02,0.01,True
consumer_inconvenience_dominant,family_four,2.4,physical_discard_kg,0.0,0.0,,0.02,0.01,True
consumer_inconvenience_dominant,family_four,3.0,physical_discard_kg,0.0,0.0,,0.02,0.01,True
consumer_inconvenience_dominant,family_four,4.5,physical_discard_kg,0.0,0.0,,0.02,0.01,True
consumer_inconvenience_dominant,family_four,5.0,physical_discard_kg,0.0,0.0,,0.02,0.01,True
consumer_inconvenience_dominant,family_four,9.0,physical_discard_kg,0.0,0.0,,0.02,0.01,True
consumer_inconvenience_dominant,family_four,10.0,physical_discard_kg,0.0,0.0,,0.02,0.01,True
no_discrete_consumption_quantum,single_low,1.8,physical_discard_kg,0.00023672582510601324,3.6818746600605814e-05,0.1555332908191036,0.02,0.01,True
no_discrete_consumption_quantum,single_low,2.0,physical_discard_kg,0.0007860741065137204,6.6694299605724e-05,0.0848447990502024,0.02,0.01,True
no_discrete_consumption_quantum,single_low,2.1,physical_discard_kg,0.0014821325326217188,0.00010770211241897759,0.07266699168155034,0.02,0.01,True
no_discrete_consumption_quantum,single_low,2.25,physical_discard_kg,0.0034884306023582126,0.0001658435591927149,0.047541022911736605,0.02,0.01,True
no_discrete_consumption_quantum,single_low,2.4,physical_discard_kg,0.006755948017581423,0.00023790719625765312,0.03521447998689932,0.02,0.01,True
no_discrete_consumption_quantum,single_low,3.0,physical_discard_kg,0.0509170624305596,0.0008167205112790831,0.016040212696734456,0.02,0.01,True
no_discrete_consumption_quantum,single_low,4.5,physical_discard_kg,0.42128695315180353,0.0023507628297290625,0.005579956398227233,0.02,0.01,True
no_discrete_consumption_quantum,single_low,5.0,physical_discard_kg,0.6028951794010334,0.0027913038611916668,0.0046298327745210735,0.02,0.01,True
no_discrete_consumption_quantum,single_low,9.0,physical_discard_kg,2.2755012643574553,0.0057277912147704994,0.0025171558040807704,0.02,0.01,True
no_discrete_consumption_quantum,single_low,10.0,physical_discard_kg,2.772397852860227,0.007237122300359464,0.0026104198186754006,0.02,0.01,True
no_discrete_consumption_quantum,single_average,1.8,physical_discard_kg,0.0,0.0,,0.02,0.01,True
no_discrete_consumption_quantum,single_average,2.0,physical_discard_kg,0.0,0.0,,0.02,0.01,True
no_discrete_consumption_quantum,single_average,2.1,physical_discard_kg,0.0,0.0,,0.02,0.01,True
no_discrete_consumption_quantum,single_average,2.25,physical_discard_kg,0.0,0.0,,0.02,0.01,True
no_discrete_consumption_quantum,single_average,2.4,physical_discard_kg,1.4740537092096228e-07,1.4740537092096228e-07,1.0,0.02,0.01,True
no_discrete_consumption_quantum,single_average,3.0,physical_discard_kg,3.1539276054214844e-05,7.805349984868046e-06,0.2474803153836169,0.02,0.01,True
no_discrete_consumption_quantum,single_average,4.5,physical_discard_kg,0.02351149592312903,0.0005044910630071961,0.021457208195371003,0.02,0.01,True
no_discrete_consumption_quantum,single_average,5.0,physical_discard_kg,0.06844410952075702,0.0009166663493840476,0.013392918043678405,0.02,0.01,True
no_discrete_consumption_quantum,single_average,9.0,physical_discard_kg,1.240284896505709,0.004339884844829956,0.003499103195610009,0.02,0.01,True
no_discrete_consumption_quantum,single_average,10.0,physical_discard_kg,1.6637158653804642,0.004960720605365694,0.0029817114259659116,0.02,0.01,True
no_discrete_consumption_quantum,two_person_low,1.8,physical_discard_kg,0.0,0.0,,0.02,0.01,True
no_discrete_consumption_quantum,two_person_low,2.0,physical_discard_kg,0.0,0.0,,0.02,0.01,True
no_discrete_consumption_quantum,two_person_low,2.1,physical_discard_kg,0.0,0.0,,0.02,0.01,True
no_discrete_consumption_quantum,two_person_low,2.25,physical_discard_kg,0.0,0.0,,0.02,0.01,True
no_discrete_consumption_quantum,two_person_low,2.4,physical_discard_kg,0.0,0.0,,0.02,0.01,True
no_discrete_consumption_quantum,two_person_low,3.0,physical_discard_kg,0.0,0.0,,0.02,0.01,True
no_discrete_consumption_quantum,two_person_low,4.5,physical_discard_kg,0.00014326053956266384,2.2542525540944942e-05,0.15735334803122514,0.02,0.01,True
no_discrete_consumption_quantum,two_person_low,5.0,physical_discard_kg,0.0011517105155496442,8.67204216489148e-05,0.07529706508542922,0.02,0.01,True
no_discrete_consumption_quantum,two_person_low,9.0,physical_discard_kg,0.5120173746381509,0.003190530715682745,0.006231293846107338,0.02,0.01,True
no_discrete_consumption_quantum,two_person_low,10.0,physical_discard_kg,0.8141930319036943,0.004244937840473815,0.005213674981408982,0.02,0.01,True
no_discrete_consumption_quantum,two_person_average,1.8,physical_discard_kg,0.0,0.0,,0.02,0.01,True
no_discrete_consumption_quantum,two_person_average,2.0,physical_discard_kg,0.0,0.0,,0.02,0.01,True
no_discrete_consumption_quantum,two_person_average,2.1,physical_discard_kg,0.0,0.0,,0.02,0.01,True
no_discrete_consumption_quantum,two_person_average,2.25,physical_discard_kg,0.0,0.0,,0.02,0.01,True
no_discrete_consumption_quantum,two_person_average,2.4,physical_discard_kg,0.0,0.0,,0.02,0.01,True
no_discrete_consumption_quantum,two_person_average,3.0,physical_discard_kg,0.0,0.0,,0.02,0.01,True
no_discrete_consumption_quantum,two_person_average,4.5,physical_discard_kg,0.0,0.0,,0.02,0.01,True
no_discrete_consumption_quantum,two_person_average,5.0,physical_discard_kg,0.0,0.0,,0.02,0.01,True
no_discrete_consumption_quantum,two_person_average,9.0,physical_discard_kg,0.03809480372952235,0.0008544995160985904,0.022430868056589524,0.02,0.01,True
no_discrete_consumption_quantum,two_person_average,10.0,physical_discard_kg,0.12562624564687694,0.0017745384228159363,0.014125538924437731,0.02,0.01,True
no_discrete_consumption_quantum,family_three,1.8,physical_discard_kg,0.0,0.0,,0.02,0.01,True
no_discrete_consumption_quantum,family_three,2.0,physical_discard_kg,0.0,0.0,,0.02,0.01,True
no_discrete_consumption_quantum,family_three,2.1,physical_discard_kg,0.0,0.0,,0.02,0.01,True
no_discrete_consumption_quantum,family_three,2.25,physical_discard_kg,0.0,0.0,,0.02,0.01,True
no_discrete_consumption_quantum,family_three,2.4,physical_discard_kg,0.0,0.0,,0.02,0.01,True
no_discrete_consumption_quantum,family_three,3.0,physical_discard_kg,0.0,0.0,,0.02,0.01,True
no_discrete_consumption_quantum,family_three,4.5,physical_discard_kg,0.0,0.0,,0.02,0.01,True
no_discrete_consumption_quantum,family_three,5.0,physical_discard_kg,0.0,0.0,,0.02,0.01,True
no_discrete_consumption_quantum,family_three,9.0,physical_discard_kg,2.306893183071215e-05,1.0033397716130676e-05,0.43493117885818205,0.02,0.01,True
no_discrete_consumption_quantum,family_three,10.0,physical_discard_kg,0.00026610292584037647,5.89930173027634e-05,0.22169247901524666,0.02,0.01,True
no_discrete_consumption_quantum,family_four,1.8,physical_discard_kg,0.0,0.0,,0.02,0.01,True
no_discrete_consumption_quantum,family_four,2.0,physical_discard_kg,0.0,0.0,,0.02,0.01,True
no_discrete_consumption_quantum,family_four,2.1,physical_discard_kg,0.0,0.0,,0.02,0.01,True
no_discrete_consumption_quantum,family_four,2.25,physical_discard_kg,0.0,0.0,,0.02,0.01,True
no_discrete_consumption_quantum,family_four,2.4,physical_discard_kg,0.0,0.0,,0.02,0.01,True
no_discrete_consumption_quantum,family_four,3.0,physical_discard_kg,0.0,0.0,,0.02,0.01,True
no_discrete_consumption_quantum,family_four,4.5,physical_discard_kg,0.0,0.0,,0.02,0.01,True
no_discrete_consumption_quantum,family_four,5.0,physical_discard_kg,0.0,0.0,,0.02,0.01,True
no_discrete_consumption_quantum,family_four,9.0,physical_discard_kg,0.0,0.0,,0.02,0.01,True
no_discrete_consumption_quantum,family_four,10.0,physical_discard_kg,0.0,0.0,,0.02,0.01,True
randomized_non_lattice_usage,single_low,1.8,physical_discard_kg,0.00018056110811344583,2.407842719249113e-05,0.1333533419464991,0.02,0.01,True
randomized_non_lattice_usage,single_low,2.0,physical_discard_kg,0.0007430393351103498,5.7529920016031556e-05,0.07742513390288781,0.02,0.01,True
randomized_non_lattice_usage,single_low,2.1,physical_discard_kg,0.001415378219948197,9.457582377283644e-05,0.06682017741964259,0.02,0.01,True
randomized_non_lattice_usage,single_low,2.25,physical_discard_kg,0.003213787683289497,0.0001665351475698064,0.05181896378398839,0.02,0.01,True
randomized_non_lattice_usage,single_low,2.4,physical_discard_kg,0.006577888989865536,0.0002452521640045928,0.03728432699038391,0.02,0.01,True
randomized_non_lattice_usage,single_low,3.0,physical_discard_kg,0.049957093757033215,0.0008343704223241226,0.016701740625307205,0.02,0.01,True
randomized_non_lattice_usage,single_low,4.5,physical_discard_kg,0.41908264176397836,0.002381462796216696,0.005682561287179018,0.02,0.01,True
randomized_non_lattice_usage,single_low,5.0,physical_discard_kg,0.5965414782544919,0.002901831668209248,0.004864425650166259,0.02,0.01,True
randomized_non_lattice_usage,single_low,9.0,physical_discard_kg,2.27545729560125,0.0060944182266026116,0.002678326786612916,0.02,0.01,True
randomized_non_lattice_usage,single_low,10.0,physical_discard_kg,2.768279240529002,0.006868601452696105,0.0024811808549283325,0.02,0.01,True
randomized_non_lattice_usage,single_average,1.8,physical_discard_kg,0.0,0.0,,0.02,0.01,True
randomized_non_lattice_usage,single_average,2.0,physical_discard_kg,0.0,0.0,,0.02,0.01,True
randomized_non_lattice_usage,single_average,2.1,physical_discard_kg,0.0,0.0,,0.02,0.01,True
randomized_non_lattice_usage,single_average,2.25,physical_discard_kg,0.0,0.0,,0.02,0.01,True
randomized_non_lattice_usage,single_average,2.4,physical_discard_kg,0.0,0.0,,0.02,0.01,True
randomized_non_lattice_usage,single_average,3.0,physical_discard_kg,3.006453182642089e-05,8.99596160496839e-06,0.2992217426470179,0.02,0.01,True
randomized_non_lattice_usage,single_average,4.5,physical_discard_kg,0.023651543857629066,0.0005585072533624905,0.02361398717666956,0.02,0.01,True
randomized_non_lattice_usage,single_average,5.0,physical_discard_kg,0.06912401516794082,0.0009879897062639227,0.014293002278058416,0.02,0.01,True
randomized_non_lattice_usage,single_average,9.0,physical_discard_kg,1.2414620735896336,0.004304270032004879,0.0034670974841456647,0.02,0.01,True
randomized_non_lattice_usage,single_average,10.0,physical_discard_kg,1.6619048620753059,0.00490668008699038,0.0029524434273952103,0.02,0.01,True
randomized_non_lattice_usage,two_person_low,1.8,physical_discard_kg,0.0,0.0,,0.02,0.01,True
randomized_non_lattice_usage,two_person_low,2.0,physical_discard_kg,0.0,0.0,,0.02,0.01,True
randomized_non_lattice_usage,two_person_low,2.1,physical_discard_kg,0.0,0.0,,0.02,0.01,True
randomized_non_lattice_usage,two_person_low,2.25,physical_discard_kg,0.0,0.0,,0.02,0.01,True
randomized_non_lattice_usage,two_person_low,2.4,physical_discard_kg,0.0,0.0,,0.02,0.01,True
randomized_non_lattice_usage,two_person_low,3.0,physical_discard_kg,0.0,0.0,,0.02,0.01,True
randomized_non_lattice_usage,two_person_low,4.5,physical_discard_kg,0.00015060431797091756,2.7542468456467334e-05,0.18287967322282167,0.02,0.01,True
randomized_non_lattice_usage,two_person_low,5.0,physical_discard_kg,0.0011249067871709408,9.457377363842928e-05,0.08407254246929693,0.02,0.01,True
randomized_non_lattice_usage,two_person_low,9.0,physical_discard_kg,0.5061349249136887,0.0033039173871142677,0.006527740380053175,0.02,0.01,True
randomized_non_lattice_usage,two_person_low,10.0,physical_discard_kg,0.8070576241299454,0.0040966885738767615,0.005076079391844204,0.02,0.01,True
randomized_non_lattice_usage,two_person_average,1.8,physical_discard_kg,0.0,0.0,,0.02,0.01,True
randomized_non_lattice_usage,two_person_average,2.0,physical_discard_kg,0.0,0.0,,0.02,0.01,True
randomized_non_lattice_usage,two_person_average,2.1,physical_discard_kg,0.0,0.0,,0.02,0.01,True
randomized_non_lattice_usage,two_person_average,2.25,physical_discard_kg,0.0,0.0,,0.02,0.01,True
randomized_non_lattice_usage,two_person_average,2.4,physical_discard_kg,0.0,0.0,,0.02,0.01,True
randomized_non_lattice_usage,two_person_average,3.0,physical_discard_kg,0.0,0.0,,0.02,0.01,True
randomized_non_lattice_usage,two_person_average,4.5,physical_discard_kg,0.0,0.0,,0.02,0.01,True
randomized_non_lattice_usage,two_person_average,5.0,physical_discard_kg,0.0,0.0,,0.02,0.01,True
randomized_non_lattice_usage,two_person_average,9.0,physical_discard_kg,0.03750488941508947,0.0009714526755237458,0.025902027460262232,0.02,0.01,True
randomized_non_lattice_usage,two_person_average,10.0,physical_discard_kg,0.12554351789882198,0.0019013553829475345,0.015144990476369117,0.02,0.01,True
randomized_non_lattice_usage,family_three,1.8,physical_discard_kg,0.0,0.0,,0.02,0.01,True
randomized_non_lattice_usage,family_three,2.0,physical_discard_kg,0.0,0.0,,0.02,0.01,True
randomized_non_lattice_usage,family_three,2.1,physical_discard_kg,0.0,0.0,,0.02,0.01,True
randomized_non_lattice_usage,family_three,2.25,physical_discard_kg,0.0,0.0,,0.02,0.01,True
randomized_non_lattice_usage,family_three,2.4,physical_discard_kg,0.0,0.0,,0.02,0.01,True
randomized_non_lattice_usage,family_three,3.0,physical_discard_kg,0.0,0.0,,0.02,0.01,True
randomized_non_lattice_usage,family_three,4.5,physical_discard_kg,0.0,0.0,,0.02,0.01,True
randomized_non_lattice_usage,family_three,5.0,physical_discard_kg,0.0,0.0,,0.02,0.01,True
randomized_non_lattice_usage,family_three,9.0,physical_discard_kg,4.223240417729563e-05,1.7171259048770054e-05,0.40658966457802126,0.02,0.01,True
randomized_non_lattice_usage,family_three,10.0,physical_discard_kg,0.0003685752607641064,7.072358168312172e-05,0.19188369164143618,0.02,0.01,True
randomized_non_lattice_usage,family_four,1.8,physical_discard_kg,0.0,0.0,,0.02,0.01,True
randomized_non_lattice_usage,family_four,2.0,physical_discard_kg,0.0,0.0,,0.02,0.01,True
randomized_non_lattice_usage,family_four,2.1,physical_discard_kg,0.0,0.0,,0.02,0.01,True
randomized_non_lattice_usage,family_four,2.25,physical_discard_kg,0.0,0.0,,0.02,0.01,True
randomized_non_lattice_usage,family_four,2.4,physical_discard_kg,0.0,0.0,,0.02,0.01,True
randomized_non_lattice_usage,family_four,3.0,physical_discard_kg,0.0,0.0,,0.02,0.01,True
randomized_non_lattice_usage,family_four,4.5,physical_discard_kg,0.0,0.0,,0.02,0.01,True
randomized_non_lattice_usage,family_four,5.0,physical_discard_kg,0.0,0.0,,0.02,0.01,True
randomized_non_lattice_usage,family_four,9.0,physical_discard_kg,0.0,0.0,,0.02,0.01,True
randomized_non_lattice_usage,family_four,10.0,physical_discard_kg,0.0,0.0,,0.02,0.01,True
continuous_no_spoilage,single_low,1.8,physical_discard_kg,0.0,0.0,,0.02,0.01,True
continuous_no_spoilage,single_low,2.0,physical_discard_kg,0.0,0.0,,0.02,0.01,True
continuous_no_spoilage,single_low,2.1,physical_discard_kg,0.0,0.0,,0.02,0.01,True
continuous_no_spoilage,single_low,2.25,physical_discard_kg,0.0,0.0,,0.02,0.01,True
continuous_no_spoilage,single_low,2.4,physical_discard_kg,0.0,0.0,,0.02,0.01,True
continuous_no_spoilage,single_low,3.0,physical_discard_kg,0.0,0.0,,0.02,0.01,True
continuous_no_spoilage,single_low,4.5,physical_discard_kg,0.0,0.0,,0.02,0.01,True
continuous_no_spoilage,single_low,5.0,physical_discard_kg,0.0,0.0,,0.02,0.01,True
continuous_no_spoilage,single_low,9.0,physical_discard_kg,0.0,0.0,,0.02,0.01,True
continuous_no_spoilage,single_low,10.0,physical_discard_kg,0.0,0.0,,0.02,0.01,True
continuous_no_spoilage,single_average,1.8,physical_discard_kg,0.0,0.0,,0.02,0.01,True
continuous_no_spoilage,single_average,2.0,physical_discard_kg,0.0,0.0,,0.02,0.01,True
continuous_no_spoilage,single_average,2.1,physical_discard_kg,0.0,0.0,,0.02,0.01,True
continuous_no_spoilage,single_average,2.25,physical_discard_kg,0.0,0.0,,0.02,0.01,True
continuous_no_spoilage,single_average,2.4,physical_discard_kg,0.0,0.0,,0.02,0.01,True
continuous_no_spoilage,single_average,3.0,physical_discard_kg,0.0,0.0,,0.02,0.01,True
continuous_no_spoilage,single_average,4.5,physical_discard_kg,0.0,0.0,,0.02,0.01,True
continuous_no_spoilage,single_average,5.0,physical_discard_kg,0.0,0.0,,0.02,0.01,True
continuous_no_spoilage,single_average,9.0,physical_discard_kg,0.0,0.0,,0.02,0.01,True
continuous_no_spoilage,single_average,10.0,physical_discard_kg,0.0,0.0,,0.02,0.01,True
continuous_no_spoilage,two_person_low,1.8,physical_discard_kg,0.0,0.0,,0.02,0.01,True
continuous_no_spoilage,two_person_low,2.0,physical_discard_kg,0.0,0.0,,0.02,0.01,True
continuous_no_spoilage,two_person_low,2.1,physical_discard_kg,0.0,0.0,,0.02,0.01,True
continuous_no_spoilage,two_person_low,2.25,physical_discard_kg,0.0,0.0,,0.02,0.01,True
continuous_no_spoilage,two_person_low,2.4,physical_discard_kg,0.0,0.0,,0.02,0.01,True
continuous_no_spoilage,two_person_low,3.0,physical_discard_kg,0.0,0.0,,0.02,0.01,True
continuous_no_spoilage,two_person_low,4.5,physical_discard_kg,0.0,0.0,,0.02,0.01,True
continuous_no_spoilage,two_person_low,5.0,physical_discard_kg,0.0,0.0,,0.02,0.01,True
continuous_no_spoilage,two_person_low,9.0,physical_discard_kg,0.0,0.0,,0.02,0.01,True
continuous_no_spoilage,two_person_low,10.0,physical_discard_kg,0.0,0.0,,0.02,0.01,True
continuous_no_spoilage,two_person_average,1.8,physical_discard_kg,0.0,0.0,,0.02,0.01,True
continuous_no_spoilage,two_person_average,2.0,physical_discard_kg,0.0,0.0,,0.02,0.01,True
continuous_no_spoilage,two_person_average,2.1,physical_discard_kg,0.0,0.0,,0.02,0.01,True
continuous_no_spoilage,two_person_average,2.25,physical_discard_kg,0.0,0.0,,0.02,0.01,True
continuous_no_spoilage,two_person_average,2.4,physical_discard_kg,0.0,0.0,,0.02,0.01,True
continuous_no_spoilage,two_person_average,3.0,physical_discard_kg,0.0,0.0,,0.02,0.01,True
continuous_no_spoilage,two_person_average,4.5,physical_discard_kg,0.0,0.0,,0.02,0.01,True
continuous_no_spoilage,two_person_average,5.0,physical_discard_kg,0.0,0.0,,0.02,0.01,True
continuous_no_spoilage,two_person_average,9.0,physical_discard_kg,0.0,0.0,,0.02,0.01,True
continuous_no_spoilage,two_person_average,10.0,physical_discard_kg,0.0,0.0,,0.02,0.01,True
continuous_no_spoilage,family_three,1.8,physical_discard_kg,0.0,0.0,,0.02,0.01,True
continuous_no_spoilage,family_three,2.0,physical_discard_kg,0.0,0.0,,0.02,0.01,True
continuous_no_spoilage,family_three,2.1,physical_discard_kg,0.0,0.0,,0.02,0.01,True
continuous_no_spoilage,family_three,2.25,physical_discard_kg,0.0,0.0,,0.02,0.01,True
continuous_no_spoilage,family_three,2.4,physical_discard_kg,0.0,0.0,,0.02,0.01,True
continuous_no_spoilage,family_three,3.0,physical_discard_kg,0.0,0.0,,0.02,0.01,True
continuous_no_spoilage,family_three,4.5,physical_discard_kg,0.0,0.0,,0.02,0.01,True
continuous_no_spoilage,family_three,5.0,physical_discard_kg,0.0,0.0,,0.02,0.01,True
continuous_no_spoilage,family_three,9.0,physical_discard_kg,0.0,0.0,,0.02,0.01,True
continuous_no_spoilage,family_three,10.0,physical_discard_kg,0.0,0.0,,0.02,0.01,True
continuous_no_spoilage,family_four,1.8,physical_discard_kg,0.0,0.0,,0.02,0.01,True
continuous_no_spoilage,family_four,2.0,physical_discard_kg,0.0,0.0,,0.02,0.01,True
continuous_no_spoilage,family_four,2.1,physical_discard_kg,0.0,0.0,,0.02,0.01,True
continuous_no_spoilage,family_four,2.25,physical_discard_kg,0.0,0.0,,0.02,0.01,True
continuous_no_spoilage,family_four,2.4,physical_discard_kg,0.0,0.0,,0.02,0.01,True
continuous_no_spoilage,family_four,3.0,physical_discard_kg,0.0,0.0,,0.02,0.01,True
continuous_no_spoilage,family_four,4.5,physical_discard_kg,0.0,0.0,,0.02,0.01,True
continuous_no_spoilage,family_four,5.0,physical_discard_kg,0.0,0.0,,0.02,0.01,True
continuous_no_spoilage,family_four,9.0,physical_discard_kg,0.0,0.0,,0.02,0.01,True
continuous_no_spoilage,family_four,10.0,physical_discard_kg,0.0,0.0,,0.02,0.01,True
baseline,single_low,1.8,packaging_mass_kg,0.37901559098503307,0.0008121084613230568,0.0021426782450095203,0.02,0.005,True
baseline,single_low,2.0,packaging_mass_kg,0.356817903665376,0.000754038657427858,0.002113231005737301,0.02,0.005,True
baseline,single_low,2.1,packaging_mass_kg,0.34687638114441177,0.0007308682834973187,0.0021069992747446338,0.02,0.005,True
baseline,single_low,2.25,packaging_mass_kg,0.3336850667348636,0.0006947616893655957,0.002082088048362179,0.02,0.005,True
baseline,single_low,2.4,packaging_mass_kg,0.3215646061586362,0.0006784778644219971,0.0021099270610873337,0.02,0.005,True
baseline,single_low,3.0,packaging_mass_kg,0.2852533313394365,0.000615060106416187,0.0021561890391537542,0.02,0.005,True
baseline,single_low,4.5,packaging_mass_kg,0.23421282609272734,0.0005493524281228008,0.0023455266617435646,0.02,0.005,True
baseline,single_low,5.0,packaging_mass_kg,0.2241274176743251,0.0005676544661123715,0.0025327310331001913,0.02,0.005,True
baseline,single_low,9.0,packaging_mass_kg,0.18246582165589195,0.0005357587698006874,0.0029362143821710478,0.02,0.005,True
baseline,single_low,10.0,packaging_mass_kg,0.1712719819687235,0.0005613497202682793,0.003277533860563306,0.02,0.005,True
baseline,single_average,1.8,packaging_mass_kg,0.6322724691327317,0.0009632782144342651,0.0015235175679174575,0.02,0.005,True
baseline,single_average,2.0,packaging_mass_kg,0.5950834264122188,0.0009261069194433014,0.0015562640099503968,0.02,0.005,True
baseline,single_average,2.1,packaging_mass_kg,0.5783775449586397,0.0009179992569573328,0.0015871972640690603,0.02,0.005,True
baseline,single_average,2.25,packaging_mass_kg,0.5567796952449695,0.0008629475524763022,0.0015498904860325883,0.02,0.005,True
baseline,single_average,2.4,packaging_mass_kg,0.5370024178677838,0.0008624221333362221,0.0016059930172391895,0.02,0.005,True
baseline,single_average,3.0,packaging_mass_kg,0.47582426728713617,0.0007794360037731855,0.0016380753512574315,0.02,0.005,True
baseline,single_average,4.5,packaging_mass_kg,0.3865895333023193,0.0006690892659512697,0.0017307485286416975,0.02,0.005,True
baseline,single_average,5.0,packaging_mass_kg,0.366873109526447,0.0006178168262537446,0.0016840068410879472,0.02,0.005,True
baseline,single_average,9.0,packaging_mass_kg,0.2843337435272028,0.0006293491874834784,0.0022134171613833347,0.02,0.005,True
baseline,single_average,10.0,packaging_mass_kg,0.27393147469266066,0.0006125070746581712,0.002235986482916495,0.02,0.005,True
baseline,two_person_low,1.8,packaging_mass_kg,0.8845300873491154,0.0013823892099502765,0.0015628515408596395,0.02,0.005,True
baseline,two_person_low,2.0,packaging_mass_kg,0.8315304237337449,0.0012936930202838007,0.0015557975792092483,0.02,0.005,True
baseline,two_person_low,2.1,packaging_mass_kg,0.8090094434368188,0.0012789094514196215,0.0015808337736906782,0.02,0.005,True
baseline,two_person_low,2.25,packaging_mass_kg,0.7783677529839723,0.0012323682894248764,0.0015832725401334201,0.02,0.005,True
baseline,two_person_low,2.4,packaging_mass_kg,0.7508062205032914,0.0011916035628229025,0.0015870986817665541,0.02,0.005,True
baseline,two_person_low,3.0,packaging_mass_kg,0.6649571070774895,0.0010680564226507594,0.0016062034848306323,0.02,0.005,True
baseline,two_person_low,4.5,packaging_mass_kg,0.5396439723453121,0.0009103354676851315,0.0016869186247532439,0.02,0.005,True
baseline,two_person_low,5.0,packaging_mass_kg,0.5129550946772828,0.0008390491977512102,0.0016357166669317984,0.02,0.005,True
baseline,two_person_low,9.0,packaging_mass_kg,0.39117281998583353,0.0007028735881009416,0.0017968364676420932,0.02,0.005,True
baseline,two_person_low,10.0,packaging_mass_kg,0.37633172627335565,0.0007229078881935149,0.001920932618018012,0.02,0.005,True
baseline,two_person_average,1.8,packaging_mass_kg,1.263064553182034,0.0018231284685059422,0.0014434166994180475,0.02,0.005,True
baseline,two_person_average,2.0,packaging_mass_kg,1.1884644034900986,0.0017121453747799683,0.0014406366482260676,0.02,0.005,True
baseline,two_person_average,2.1,packaging_mass_kg,1.1558858245812302,0.0016517653700009786,0.0014290039161950984,0.02,0.005,True
baseline,two_person_average,2.25,packaging_mass_kg,1.1114827659135538,0.0016346807543270265,0.001470720738511356,0.02,0.005,True
baseline,two_person_average,2.4,packaging_mass_kg,1.0721613383191533,0.0015822907548461937,0.0014757953847942134,0.02,0.005,True
baseline,two_person_average,3.0,packaging_mass_kg,0.9498393168279332,0.0013641454245627497,0.0014361854688416415,0.02,0.005,True
baseline,two_person_average,4.5,packaging_mass_kg,0.7708070051877364,0.0011669027315576608,0.0015138714667927182,0.02,0.005,True
baseline,two_person_average,5.0,packaging_mass_kg,0.7314823057430523,0.001087522487759041,0.0014867379282049987,0.02,0.005,True
baseline,two_person_average,9.0,packaging_mass_kg,0.5564433364298482,0.0009431808471599189,0.0016950168784685003,0.02,0.005,True
baseline,two_person_average,10.0,packaging_mass_kg,0.5317035847898869,0.0009110688850876719,0.0017134902061036483,0.02,0.005,True
baseline,family_three,1.8,packaging_mass_kg,1.891969146249964,0.002472659538737542,0.0013069238172506953,0.02,0.005,True
baseline,family_three,2.0,packaging_mass_kg,1.779485166718099,0.0023229782223236945,0.0013054215150373849,0.02,0.005,True
baseline,family_three,2.1,packaging_mass_kg,1.7314185011673455,0.0022908219425709316,0.00132308967533062,0.02,0.005,True
baseline,family_three,2.25,packaging_mass_kg,1.665249319616317,0.0021958141025846417,0.0013186098181926114,0.02,0.005,True
baseline,family_three,2.4,packaging_mass_kg,1.6061052263824314,0.0020848919038662828,0.0012981041774966786,0.02,0.005,True
baseline,family_three,3.0,packaging_mass_kg,1.422972952594873,0.0018222644613592259,0.0012806037233780317,0.02,0.005,True
baseline,family_three,4.5,packaging_mass_kg,1.1545161781981026,0.0015360103797944992,0.0013304364276573491,0.02,0.005,True
baseline,family_three,5.0,packaging_mass_kg,1.0965681152880453,0.0014710182822837065,0.0013414746077103482,0.02,0.005,True
baseline,family_three,9.0,packaging_mass_kg,0.8328721292198372,0.001155276303072207,0.0013870992467407575,0.02,0.005,True
baseline,family_three,10.0,packaging_mass_kg,0.7947469314663724,0.001126714339383119,0.0014177020316445135,0.02,0.005,True
baseline,family_four,1.8,packaging_mass_kg,2.525944058228639,0.0033469608667669047,0.0013250336466730849,0.02,0.005,True
baseline,family_four,2.0,packaging_mass_kg,2.3768514229195454,0.003158127328759218,0.0013287020376225333,0.02,0.005,True
baseline,family_four,2.1,packaging_mass_kg,2.3118506732839195,0.0030616751647627016,0.001324339500013501,0.02,0.005,True
baseline,family_four,2.25,packaging_mass_kg,2.2235763037613387,0.002952051484208113,0.0013276142038456276,0.02,0.005,True
baseline,family_four,2.4,packaging_mass_kg,2.145202527677959,0.0028192838106616495,0.0013142273395106146,0.02,0.005,True
baseline,family_four,3.0,packaging_mass_kg,1.8996786336558669,0.002572388686517569,0.0013541178181106846,0.02,0.005,True
baseline,family_four,4.5,packaging_mass_kg,1.54223526455609,0.0020923566558297556,0.0013567039374060806,0.02,0.005,True
baseline,family_four,5.0,packaging_mass_kg,1.463798684810783,0.0019500714836827616,0.001332199231983076,0.02,0.005,True
baseline,family_four,9.0,packaging_mass_kg,1.112642189847205,0.001594243243620142,0.0014328445012848862,0.02,0.005,True
baseline,family_four,10.0,packaging_mass_kg,1.0621973775779765,0.0014701105926754722,0.0013840276992846845,0.02,0.005,True
full_carry_no_spoilage,single_low,1.8,packaging_mass_kg,0.3789785813579474,0.0008152152464430152,0.002151085276434237,0.02,0.005,True
full_carry_no_spoilage,single_low,2.0,packaging_mass_kg,0.35677921163505016,0.0007550929923274318,0.0021164153283118334,0.02,0.005,True
full_carry_no_spoilage,single_low,2.1,packaging_mass_kg,0.34671833290149373,0.0007262459678415035,0.002094628114308099,0.02,0.005,True
full_carry_no_spoilage,single_low,2.25,packaging_mass_kg,0.33368506673486364,0.0006971564372227324,0.0020892647191091485,0.02,0.005,True
full_carry_no_spoilage,single_low,2.4,packaging_mass_kg,0.3217321968328557,0.0006863966927863814,0.0021334411027037307,0.02,0.005,True
full_carry_no_spoilage,single_low,3.0,packaging_mass_kg,0.284928599949068,0.0006205042311023463,0.002177753413357815,0.02,0.005,True
full_carry_no_spoilage,single_low,4.5,packaging_mass_kg,0.23138894345355773,0.0005401555432663018,0.002334405158709396,0.02,0.005,True
full_carry_no_spoilage,single_low,5.0,packaging_mass_kg,0.21924213105835091,0.0005230141244389708,0.002385554828874435,0.02,0.005,True
full_carry_no_spoilage,single_low,9.0,packaging_mass_kg,0.16828580693140546,0.0004867922775623821,0.002892652009333159,0.02,0.005,True
full_carry_no_spoilage,single_low,10.0,packaging_mass_kg,0.15493978994446075,0.0005939384870420433,0.003833350279195194,0.02,0.005,True
full_carry_no_spoilage,single_average,1.8,packaging_mass_kg,0.6322724691327317,0.0009632782144342651,0.0015235175679174575,0.02,0.005,True
full_carry_no_spoilage,single_average,2.0,packaging_mass_kg,0.5950834264122188,0.0009261069194433014,0.0015562640099503968,0.02,0.005,True
full_carry_no_spoilage,single_average,2.1,packaging_mass_kg,0.5783775449586397,0.0009179992569573328,0.0015871972640690603,0.02,0.005,True
full_carry_no_spoilage,single_average,2.25,packaging_mass_kg,0.5567796952449695,0.0008629475524763022,0.0015498904860325883,0.02,0.005,True
full_carry_no_spoilage,single_average,2.4,packaging_mass_kg,0.5370024178677838,0.0008624221333362221,0.0016059930172391895,0.02,0.005,True
full_carry_no_spoilage,single_average,3.0,packaging_mass_kg,0.47582426728713617,0.0007794360037731855,0.0016380753512574315,0.02,0.005,True
full_carry_no_spoilage,single_average,4.5,packaging_mass_kg,0.38625066738561903,0.0006777195126838312,0.0017546105933513377,0.02,0.005,True
full_carry_no_spoilage,single_average,5.0,packaging_mass_kg,0.36681353286039853,0.0006268199600522939,0.0017088245222698702,0.02,0.005,True
full_carry_no_spoilage,single_average,9.0,packaging_mass_kg,0.2798515549648651,0.0006611696901347878,0.002362572865524355,0.02,0.005,True
full_carry_no_spoilage,single_average,10.0,packaging_mass_kg,0.2639938975350405,0.0005161773215689097,0.0019552623238209372,0.02,0.005,True
full_carry_no_spoilage,two_person_low,1.8,packaging_mass_kg,0.8845300873491154,0.0013823892099502765,0.0015628515408596395,0.02,0.005,True
full_carry_no_spoilage,two_person_low,2.0,packaging_mass_kg,0.8315304237337449,0.0012936930202838007,0.0015557975792092483,0.02,0.005,True
full_carry_no_spoilage,two_person_low,2.1,packaging_mass_kg,0.8090094434368188,0.0012789094514196215,0.0015808337736906782,0.02,0.005,True
full_carry_no_spoilage,two_person_low,2.25,packaging_mass_kg,0.7783677529839723,0.0012323682894248764,0.0015832725401334201,0.02,0.005,True
full_carry_no_spoilage,two_person_low,2.4,packaging_mass_kg,0.7508062205032914,0.0011916035628229025,0.0015870986817665541,0.02,0.005,True
full_carry_no_spoilage,two_person_low,3.0,packaging_mass_kg,0.6649571070774895,0.0010680564226507594,0.0016062034848306323,0.02,0.005,True
full_carry_no_spoilage,two_person_low,4.5,packaging_mass_kg,0.5396439723453121,0.0009103354676851315,0.0016869186247532439,0.02,0.005,True
full_carry_no_spoilage,two_person_low,5.0,packaging_mass_kg,0.5128955180112343,0.0008362428012396229,0.0016304349947961643,0.02,0.005,True
full_carry_no_spoilage,two_person_low,9.0,packaging_mass_kg,0.3884020125109339,0.0007576314249984165,0.0019506372279085148,0.02,0.005,True
full_carry_no_spoilage,two_person_low,10.0,packaging_mass_kg,0.37114690340851036,0.000728725287108242,0.0019634416464635184,0.02,0.005,True
full_carry_no_spoilage,two_person_average,1.8,packaging_mass_kg,1.263064553182034,0.0018231284685059422,0.0014434166994180475,0.02,0.005,True
full_carry_no_spoilage,two_person_average,2.0,packaging_mass_kg,1.1884644034900986,0.0017121453747799683,0.0014406366482260676,0.02,0.005,True
full_carry_no_spoilage,two_person_average,2.1,packaging_mass_kg,1.1558858245812302,0.0016517653700009786,0.0014290039161950984,0.02,0.005,True
full_carry_no_spoilage,two_person_average,2.25,packaging_mass_kg,1.1114827659135538,0.0016346807543270265,0.001470720738511356,0.02,0.005,True
full_carry_no_spoilage,two_person_average,2.4,packaging_mass_kg,1.0721613383191533,0.0015822907548461937,0.0014757953847942134,0.02,0.005,True
full_carry_no_spoilage,two_person_average,3.0,packaging_mass_kg,0.9498393168279332,0.0013641454245627497,0.0014361854688416415,0.02,0.005,True
full_carry_no_spoilage,two_person_average,4.5,packaging_mass_kg,0.7708070051877364,0.0011669027315576608,0.0015138714667927182,0.02,0.005,True
full_carry_no_spoilage,two_person_average,5.0,packaging_mass_kg,0.7314823057430523,0.001087522487759041,0.0014867379282049987,0.02,0.005,True
full_carry_no_spoilage,two_person_average,9.0,packaging_mass_kg,0.5564433364298481,0.0009502327647629443,0.0017076900783099629,0.02,0.005,True
full_carry_no_spoilage,two_person_average,10.0,packaging_mass_kg,0.5313579299322305,0.0009285804174424725,0.0017475610415015428,0.02,0.005,True
full_carry_no_spoilage,family_three,1.8,packaging_mass_kg,1.891969146249964,0.002472659538737542,0.0013069238172506953,0.02,0.005,True
full_carry_no_spoilage,family_three,2.0,packaging_mass_kg,1.779485166718099,0.0023229782223236945,0.0013054215150373849,0.02,0.005,True
full_carry_no_spoilage,family_three,2.1,packaging_mass_kg,1.7314185011673455,0.0022908219425709316,0.00132308967533062,0.02,0.005,True
full_carry_no_spoilage,family_three,2.25,packaging_mass_kg,1.665249319616317,0.0021958141025846417,0.0013186098181926114,0.02,0.005,True
full_carry_no_spoilage,family_three,2.4,packaging_mass_kg,1.6061052263824314,0.0020848919038662828,0.0012981041774966786,0.02,0.005,True
full_carry_no_spoilage,family_three,3.0,packaging_mass_kg,1.422972952594873,0.0018222644613592259,0.0012806037233780317,0.02,0.005,True
full_carry_no_spoilage,family_three,4.5,packaging_mass_kg,1.1545161781981026,0.0015360103797944992,0.0013304364276573491,0.02,0.005,True
full_carry_no_spoilage,family_three,5.0,packaging_mass_kg,1.0965681152880453,0.0014710182822837065,0.0013414746077103482,0.02,0.005,True
full_carry_no_spoilage,family_three,9.0,packaging_mass_kg,0.8328721292198372,0.001155276303072207,0.0013870992467407575,0.02,0.005,True
full_carry_no_spoilage,family_three,10.0,packaging_mass_kg,0.7946605177519585,0.0011293657006463263,0.0014211926670790523,0.02,0.005,True
full_carry_no_spoilage,family_four,1.8,packaging_mass_kg,2.525944058228639,0.0033469608667669047,0.0013250336466730849,0.02,0.005,True
full_carry_no_spoilage,family_four,2.0,packaging_mass_kg,2.3768514229195454,0.003158127328759218,0.0013287020376225333,0.02,0.005,True
full_carry_no_spoilage,family_four,2.1,packaging_mass_kg,2.3118506732839195,0.0030616751647627016,0.001324339500013501,0.02,0.005,True
full_carry_no_spoilage,family_four,2.25,packaging_mass_kg,2.2235763037613387,0.002952051484208113,0.0013276142038456276,0.02,0.005,True
full_carry_no_spoilage,family_four,2.4,packaging_mass_kg,2.145202527677959,0.0028192838106616495,0.0013142273395106146,0.02,0.005,True
full_carry_no_spoilage,family_four,3.0,packaging_mass_kg,1.8996786336558669,0.002572388686517569,0.0013541178181106846,0.02,0.005,True
full_carry_no_spoilage,family_four,4.5,packaging_mass_kg,1.54223526455609,0.0020923566558297556,0.0013567039374060806,0.02,0.005,True
full_carry_no_spoilage,family_four,5.0,packaging_mass_kg,1.463798684810783,0.0019500714836827616,0.001332199231983076,0.02,0.005,True
full_carry_no_spoilage,family_four,9.0,packaging_mass_kg,1.112642189847205,0.001594243243620142,0.0014328445012848862,0.02,0.005,True
full_carry_no_spoilage,family_four,10.0,packaging_mass_kg,1.0621973775779765,0.0014701105926754722,0.0013840276992846845,0.02,0.005,True
perfect_final_batch_adaptation,single_low,1.8,packaging_mass_kg,0.3789415717308617,0.0008030151883837409,0.0021191002737331547,0.02,0.005,True
perfect_final_batch_adaptation,single_low,2.0,packaging_mass_kg,0.356469675392443,0.0007571662029679794,0.002124069044959865,0.02,0.005,True
perfect_final_batch_adaptation,single_low,2.1,packaging_mass_kg,0.3468763811444118,0.0007023992109402914,0.0020249265995653594,0.02,0.005,True
perfect_final_batch_adaptation,single_low,2.25,packaging_mass_kg,0.33360363047696623,0.0006883854061575738,0.0020634829578244163,0.02,0.005,True
perfect_final_batch_adaptation,single_low,2.4,packaging_mass_kg,0.321648401495746,0.0006759808077047557,0.0021016140747514207,0.02,0.005,True
perfect_final_batch_adaptation,single_low,3.0,packaging_mass_kg,0.28497499014769206,0.000629186690656951,0.002207866347607791,0.02,0.005,True
perfect_final_batch_adaptation,single_low,4.5,packaging_mass_kg,0.2337045272176768,0.0005704256105615584,0.0024407982906991497,0.02,0.005,True
perfect_final_batch_adaptation,single_low,5.0,packaging_mass_kg,0.22287630768730735,0.000540745465316753,0.0024262133150348675,0.02,0.005,True
perfect_final_batch_adaptation,single_low,9.0,packaging_mass_kg,0.18197685563090962,0.0005586347898048721,0.0030698123004054443,0.02,0.005,True
perfect_final_batch_adaptation,single_low,10.0,packaging_mass_kg,0.17023501739575445,0.0005268599229464398,0.0030948974600309197,0.02,0.005,True
perfect_final_batch_adaptation,single_average,1.8,packaging_mass_kg,0.6319763921160458,0.0009685050676303746,0.0015325019727201047,0.02,0.005,True
perfect_final_batch_adaptation,single_average,2.0,packaging_mass_kg,0.5947738901696118,0.0009352698474406741,0.0015724796647915446,0.02,0.005,True
perfect_final_batch_adaptation,single_average,2.1,packaging_mass_kg,0.5783380328979102,0.0009311321639191923,0.0016100137133529281,0.02,0.005,True
perfect_final_batch_adaptation,single_average,2.25,packaging_mass_kg,0.5564946683423284,0.0008491314686216693,0.001525857329686625,0.02,0.005,True
perfect_final_batch_adaptation,single_average,2.4,packaging_mass_kg,0.5371281108734484,0.0008546341536933292,0.0015911179035175982,0.02,0.005,True
perfect_final_batch_adaptation,single_average,3.0,packaging_mass_kg,0.4754995358967677,0.0007434262781103999,0.0015634637302186555,0.02,0.005,True
perfect_final_batch_adaptation,single_average,4.5,packaging_mass_kg,0.3859118014689187,0.0006663881881009684,0.001726788829894437,0.02,0.005,True
perfect_final_batch_adaptation,single_average,5.0,packaging_mass_kg,0.36705183952459236,0.0006193039329359481,0.001687238330525939,0.02,0.005,True
perfect_final_batch_adaptation,single_average,9.0,packaging_mass_kg,0.28417075485220866,0.0006003953211899997,0.002112797713833195,0.02,0.005,True
perfect_final_batch_adaptation,single_average,10.0,packaging_mass_kg,0.2729809238341057,0.0006100446925508825,0.0022347520990939835,0.02,0.005,True
perfect_final_batch_adaptation,two_person_low,1.8,packaging_mass_kg,0.8842710199595153,0.0013930320841040302,0.0015753451743423725,0.02,0.005,True
perfect_final_batch_adaptation,two_person_low,2.0,packaging_mass_kg,0.8315691157640709,0.0012978335647357087,0.0015607043841968805,0.02,0.005,True
perfect_final_batch_adaptation,two_person_low,2.1,packaging_mass_kg,0.8089699313760893,0.001259294461727213,0.001556664114307814,0.02,0.005,True
perfect_final_batch_adaptation,two_person_low,2.25,packaging_mass_kg,0.7784899073708186,0.0012535394575016268,0.001610219279187813,0.02,0.005,True
perfect_final_batch_adaptation,two_person_low,2.4,packaging_mass_kg,0.7507224251661816,0.0012102006536745644,0.0016120480927510213,0.02,0.005,True
perfect_final_batch_adaptation,two_person_low,3.0,packaging_mass_kg,0.6650034972761135,0.0010493414588753586,0.0015779487824853732,0.02,0.005,True
perfect_final_batch_adaptation,two_person_low,4.5,packaging_mass_kg,0.5395874946925288,0.0009112614208255294,0.0016888112304099825,0.02,0.005,True
perfect_final_batch_adaptation,two_person_low,5.0,packaging_mass_kg,0.5127763646791376,0.0008262272883484978,0.0016112819257289629,0.02,0.005,True
perfect_final_batch_adaptation,two_person_low,9.0,packaging_mass_kg,0.3901948879358688,0.0007087851605650483,0.0018164901244978433,0.02,0.005,True
perfect_final_batch_adaptation,two_person_low,10.0,packaging_mass_kg,0.37538117541480065,0.0007091759601898318,0.0018892155670997193,0.02,0.005,True
perfect_final_batch_adaptation,two_person_average,1.8,packaging_mass_kg,1.2627684761653482,0.0018260212270273365,0.0014460459391355883,0.02,0.005,True
perfect_final_batch_adaptation,two_person_average,2.0,packaging_mass_kg,1.1885030955204245,0.0016984829704581113,0.0014290942756984368,0.02,0.005,True
perfect_final_batch_adaptation,two_person_average,2.1,packaging_mass_kg,1.1556882642775825,0.0016793337669163341,0.0014531027257303516,0.02,0.005,True
perfect_final_batch_adaptation,two_person_average,2.25,packaging_mass_kg,1.1116456384293487,0.0016185645641100454,0.0014560076594164718,0.02,0.005,True
perfect_final_batch_adaptation,two_person_average,2.4,packaging_mass_kg,1.0721194406505983,0.0015527727949380889,0.0014483207150835862,0.02,0.005,True
perfect_final_batch_adaptation,two_person_average,3.0,packaging_mass_kg,0.9496537560334369,0.0013617976810714606,0.00143399388716103,0.02,0.005,True
perfect_final_batch_adaptation,two_person_average,4.5,packaging_mass_kg,0.7709199604933031,0.0011664160389510446,0.0015130183400682321,0.02,0.005,True
perfect_final_batch_adaptation,two_person_average,5.0,packaging_mass_kg,0.7315418824091008,0.0010827531362959828,0.001480097260775117,0.02,0.005,True
perfect_final_batch_adaptation,two_person_average,9.0,packaging_mass_kg,0.5565248307673452,0.0009497752489849985,0.0017066179197708635,0.02,0.005,True
perfect_final_batch_adaptation,two_person_average,10.0,packaging_mass_kg,0.5316171710754728,0.0009155422277819567,0.0017221833258880548,0.02,0.005,True
perfect_final_batch_adaptation,family_three,1.8,packaging_mass_kg,1.8918951269957922,0.0024617771482428434,0.0013012228390016456,0.02,0.005,True
perfect_final_batch_adaptation,family_three,2.0,packaging_mass_kg,1.7802590073246172,0.002305569856395134,0.0012950755181741543,0.02,0.005,True
perfect_final_batch_adaptation,family_three,2.1,packaging_mass_kg,1.730944356438591,0.002277337729439833,0.0013156620089888064,0.02,0.005,True
perfect_final_batch_adaptation,family_three,2.25,packaging_mass_kg,1.6650864471005222,0.002191239460168766,0.0013159914093255963,0.02,0.005,True
perfect_final_batch_adaptation,family_three,2.4,packaging_mass_kg,1.6062728170566507,0.002111245173319691,0.0013143752112971421,0.02,0.005,True
perfect_final_batch_adaptation,family_three,3.0,packaging_mass_kg,1.4231121231907453,0.001877456973451978,0.0013192614572367994,0.02,0.005,True
perfect_final_batch_adaptation,family_three,4.5,packaging_mass_kg,1.1547420888092361,0.0015445108268441138,0.0013375374828822643,0.02,0.005,True
perfect_final_batch_adaptation,family_three,5.0,packaging_mass_kg,1.0964489619559483,0.0014824194516993398,0.0013520186558021463,0.02,0.005,True
perfect_final_batch_adaptation,family_three,9.0,packaging_mass_kg,0.8330351178948313,0.001175505542870214,0.0014111116297723942,0.02,0.005,True
perfect_final_batch_adaptation,family_three,10.0,packaging_mass_kg,0.7951790000384428,0.001112835975058183,0.0013994785765272764,0.02,0.005,True
perfect_final_batch_adaptation,family_four,1.8,packaging_mass_kg,2.526425183380754,0.0032980180101427853,0.0013054089358504252,0.02,0.005,True
perfect_final_batch_adaptation,family_four,2.0,packaging_mass_kg,2.3771609591621528,0.003128082776672238,0.001315890185986713,0.02,0.005,True
perfect_final_batch_adaptation,family_four,2.1,packaging_mass_kg,2.3116136009195425,0.0030649251675085314,0.0013258812659214876,0.02,0.005,True
perfect_final_batch_adaptation,family_four,2.25,packaging_mass_kg,2.223006249956056,0.0029182066096864407,0.0013127298268928065,0.02,0.005,True
perfect_final_batch_adaptation,family_four,2.4,packaging_mass_kg,2.1446997556553,0.002834071167125806,0.0013214302653099677,0.02,0.005,True
perfect_final_batch_adaptation,family_four,3.0,packaging_mass_kg,1.899956974847611,0.002560772755912383,0.0013478056555032113,0.02,0.005,True
perfect_final_batch_adaptation,family_four,4.5,packaging_mass_kg,1.5420658315977398,0.002039821402915812,0.0013227849039378209,0.02,0.005,True
perfect_final_batch_adaptation,family_four,5.0,packaging_mass_kg,1.4643348748052194,0.001936429988936619,0.0013223955956073203,0.02,0.005,True
perfect_final_batch_adaptation,family_four,9.0,packaging_mass_kg,1.1129681671971934,0.0015324107926038232,0.0013768684835460472,0.02,0.005,True
perfect_final_batch_adaptation,family_four,10.0,packaging_mass_kg,1.0622837912923906,0.0014725419236765892,0.0013862038899088089,0.02,0.005,True
zero_sku_complexity,single_low,1.8,packaging_mass_kg,0.37901559098503307,0.0008121084613230568,0.0021426782450095203,0.02,0.005,True
zero_sku_complexity,single_low,2.0,packaging_mass_kg,0.356817903665376,0.000754038657427858,0.002113231005737301,0.02,0.005,True
zero_sku_complexity,single_low,2.1,packaging_mass_kg,0.34687638114441177,0.0007308682834973187,0.0021069992747446338,0.02,0.005,True
zero_sku_complexity,single_low,2.25,packaging_mass_kg,0.3336850667348636,0.0006947616893655957,0.002082088048362179,0.02,0.005,True
zero_sku_complexity,single_low,2.4,packaging_mass_kg,0.3215646061586362,0.0006784778644219971,0.0021099270610873337,0.02,0.005,True
zero_sku_complexity,single_low,3.0,packaging_mass_kg,0.2852533313394365,0.000615060106416187,0.0021561890391537542,0.02,0.005,True
zero_sku_complexity,single_low,4.5,packaging_mass_kg,0.23421282609272734,0.0005493524281228008,0.0023455266617435646,0.02,0.005,True
zero_sku_complexity,single_low,5.0,packaging_mass_kg,0.2241274176743251,0.0005676544661123715,0.0025327310331001913,0.02,0.005,True
zero_sku_complexity,single_low,9.0,packaging_mass_kg,0.18246582165589195,0.0005357587698006874,0.0029362143821710478,0.02,0.005,True
zero_sku_complexity,single_low,10.0,packaging_mass_kg,0.1712719819687235,0.0005613497202682793,0.003277533860563306,0.02,0.005,True
zero_sku_complexity,single_average,1.8,packaging_mass_kg,0.6322724691327317,0.0009632782144342651,0.0015235175679174575,0.02,0.005,True
zero_sku_complexity,single_average,2.0,packaging_mass_kg,0.5950834264122188,0.0009261069194433014,0.0015562640099503968,0.02,0.005,True
zero_sku_complexity,single_average,2.1,packaging_mass_kg,0.5783775449586397,0.0009179992569573328,0.0015871972640690603,0.02,0.005,True
zero_sku_complexity,single_average,2.25,packaging_mass_kg,0.5567796952449695,0.0008629475524763022,0.0015498904860325883,0.02,0.005,True
zero_sku_complexity,single_average,2.4,packaging_mass_kg,0.5370024178677838,0.0008624221333362221,0.0016059930172391895,0.02,0.005,True
zero_sku_complexity,single_average,3.0,packaging_mass_kg,0.47582426728713617,0.0007794360037731855,0.0016380753512574315,0.02,0.005,True
zero_sku_complexity,single_average,4.5,packaging_mass_kg,0.3865895333023193,0.0006690892659512697,0.0017307485286416975,0.02,0.005,True
zero_sku_complexity,single_average,5.0,packaging_mass_kg,0.366873109526447,0.0006178168262537446,0.0016840068410879472,0.02,0.005,True
zero_sku_complexity,single_average,9.0,packaging_mass_kg,0.2843337435272028,0.0006293491874834784,0.0022134171613833347,0.02,0.005,True
zero_sku_complexity,single_average,10.0,packaging_mass_kg,0.27393147469266066,0.0006125070746581712,0.002235986482916495,0.02,0.005,True
zero_sku_complexity,two_person_low,1.8,packaging_mass_kg,0.8845300873491154,0.0013823892099502765,0.0015628515408596395,0.02,0.005,True
zero_sku_complexity,two_person_low,2.0,packaging_mass_kg,0.8315304237337449,0.0012936930202838007,0.0015557975792092483,0.02,0.005,True
zero_sku_complexity,two_person_low,2.1,packaging_mass_kg,0.8090094434368188,0.0012789094514196215,0.0015808337736906782,0.02,0.005,True
zero_sku_complexity,two_person_low,2.25,packaging_mass_kg,0.7783677529839723,0.0012323682894248764,0.0015832725401334201,0.02,0.005,True
zero_sku_complexity,two_person_low,2.4,packaging_mass_kg,0.7508062205032914,0.0011916035628229025,0.0015870986817665541,0.02,0.005,True
zero_sku_complexity,two_person_low,3.0,packaging_mass_kg,0.6649571070774895,0.0010680564226507594,0.0016062034848306323,0.02,0.005,True
zero_sku_complexity,two_person_low,4.5,packaging_mass_kg,0.5396439723453121,0.0009103354676851315,0.0016869186247532439,0.02,0.005,True
zero_sku_complexity,two_person_low,5.0,packaging_mass_kg,0.5129550946772828,0.0008390491977512102,0.0016357166669317984,0.02,0.005,True
zero_sku_complexity,two_person_low,9.0,packaging_mass_kg,0.39117281998583353,0.0007028735881009416,0.0017968364676420932,0.02,0.005,True
zero_sku_complexity,two_person_low,10.0,packaging_mass_kg,0.37633172627335565,0.0007229078881935149,0.001920932618018012,0.02,0.005,True
zero_sku_complexity,two_person_average,1.8,packaging_mass_kg,1.263064553182034,0.0018231284685059422,0.0014434166994180475,0.02,0.005,True
zero_sku_complexity,two_person_average,2.0,packaging_mass_kg,1.1884644034900986,0.0017121453747799683,0.0014406366482260676,0.02,0.005,True
zero_sku_complexity,two_person_average,2.1,packaging_mass_kg,1.1558858245812302,0.0016517653700009786,0.0014290039161950984,0.02,0.005,True
zero_sku_complexity,two_person_average,2.25,packaging_mass_kg,1.1114827659135538,0.0016346807543270265,0.001470720738511356,0.02,0.005,True
zero_sku_complexity,two_person_average,2.4,packaging_mass_kg,1.0721613383191533,0.0015822907548461937,0.0014757953847942134,0.02,0.005,True
zero_sku_complexity,two_person_average,3.0,packaging_mass_kg,0.9498393168279332,0.0013641454245627497,0.0014361854688416415,0.02,0.005,True
zero_sku_complexity,two_person_average,4.5,packaging_mass_kg,0.7708070051877364,0.0011669027315576608,0.0015138714667927182,0.02,0.005,True
zero_sku_complexity,two_person_average,5.0,packaging_mass_kg,0.7314823057430523,0.001087522487759041,0.0014867379282049987,0.02,0.005,True
zero_sku_complexity,two_person_average,9.0,packaging_mass_kg,0.5564433364298482,0.0009431808471599189,0.0016950168784685003,0.02,0.005,True
zero_sku_complexity,two_person_average,10.0,packaging_mass_kg,0.5317035847898869,0.0009110688850876719,0.0017134902061036483,0.02,0.005,True
zero_sku_complexity,family_three,1.8,packaging_mass_kg,1.891969146249964,0.002472659538737542,0.0013069238172506953,0.02,0.005,True
zero_sku_complexity,family_three,2.0,packaging_mass_kg,1.779485166718099,0.0023229782223236945,0.0013054215150373849,0.02,0.005,True
zero_sku_complexity,family_three,2.1,packaging_mass_kg,1.7314185011673455,0.0022908219425709316,0.00132308967533062,0.02,0.005,True
zero_sku_complexity,family_three,2.25,packaging_mass_kg,1.665249319616317,0.0021958141025846417,0.0013186098181926114,0.02,0.005,True
zero_sku_complexity,family_three,2.4,packaging_mass_kg,1.6061052263824314,0.0020848919038662828,0.0012981041774966786,0.02,0.005,True
zero_sku_complexity,family_three,3.0,packaging_mass_kg,1.422972952594873,0.0018222644613592259,0.0012806037233780317,0.02,0.005,True
zero_sku_complexity,family_three,4.5,packaging_mass_kg,1.1545161781981026,0.0015360103797944992,0.0013304364276573491,0.02,0.005,True
zero_sku_complexity,family_three,5.0,packaging_mass_kg,1.0965681152880453,0.0014710182822837065,0.0013414746077103482,0.02,0.005,True
zero_sku_complexity,family_three,9.0,packaging_mass_kg,0.8328721292198372,0.001155276303072207,0.0013870992467407575,0.02,0.005,True
zero_sku_complexity,family_three,10.0,packaging_mass_kg,0.7947469314663724,0.001126714339383119,0.0014177020316445135,0.02,0.005,True
zero_sku_complexity,family_four,1.8,packaging_mass_kg,2.525944058228639,0.0033469608667669047,0.0013250336466730849,0.02,0.005,True
zero_sku_complexity,family_four,2.0,packaging_mass_kg,2.3768514229195454,0.003158127328759218,0.0013287020376225333,0.02,0.005,True
zero_sku_complexity,family_four,2.1,packaging_mass_kg,2.3118506732839195,0.0030616751647627016,0.001324339500013501,0.02,0.005,True
zero_sku_complexity,family_four,2.25,packaging_mass_kg,2.2235763037613387,0.002952051484208113,0.0013276142038456276,0.02,0.005,True
zero_sku_complexity,family_four,2.4,packaging_mass_kg,2.145202527677959,0.0028192838106616495,0.0013142273395106146,0.02,0.005,True
zero_sku_complexity,family_four,3.0,packaging_mass_kg,1.8996786336558669,0.002572388686517569,0.0013541178181106846,0.02,0.005,True
zero_sku_complexity,family_four,4.5,packaging_mass_kg,1.54223526455609,0.0020923566558297556,0.0013567039374060806,0.02,0.005,True
zero_sku_complexity,family_four,5.0,packaging_mass_kg,1.463798684810783,0.0019500714836827616,0.001332199231983076,0.02,0.005,True
zero_sku_complexity,family_four,9.0,packaging_mass_kg,1.112642189847205,0.001594243243620142,0.0014328445012848862,0.02,0.005,True
zero_sku_complexity,family_four,10.0,packaging_mass_kg,1.0621973775779765,0.0014701105926754722,0.0013840276992846845,0.02,0.005,True
high_sku_complexity,single_low,1.8,packaging_mass_kg,0.37901559098503307,0.0008121084613230568,0.0021426782450095203,0.02,0.005,True
high_sku_complexity,single_low,2.0,packaging_mass_kg,0.356817903665376,0.000754038657427858,0.002113231005737301,0.02,0.005,True
high_sku_complexity,single_low,2.1,packaging_mass_kg,0.34687638114441177,0.0007308682834973187,0.0021069992747446338,0.02,0.005,True
high_sku_complexity,single_low,2.25,packaging_mass_kg,0.3336850667348636,0.0006947616893655957,0.002082088048362179,0.02,0.005,True
high_sku_complexity,single_low,2.4,packaging_mass_kg,0.3215646061586362,0.0006784778644219971,0.0021099270610873337,0.02,0.005,True
high_sku_complexity,single_low,3.0,packaging_mass_kg,0.2852533313394365,0.000615060106416187,0.0021561890391537542,0.02,0.005,True
high_sku_complexity,single_low,4.5,packaging_mass_kg,0.23421282609272734,0.0005493524281228008,0.0023455266617435646,0.02,0.005,True
high_sku_complexity,single_low,5.0,packaging_mass_kg,0.2241274176743251,0.0005676544661123715,0.0025327310331001913,0.02,0.005,True
high_sku_complexity,single_low,9.0,packaging_mass_kg,0.18246582165589195,0.0005357587698006874,0.0029362143821710478,0.02,0.005,True
high_sku_complexity,single_low,10.0,packaging_mass_kg,0.1712719819687235,0.0005613497202682793,0.003277533860563306,0.02,0.005,True
high_sku_complexity,single_average,1.8,packaging_mass_kg,0.6322724691327317,0.0009632782144342651,0.0015235175679174575,0.02,0.005,True
high_sku_complexity,single_average,2.0,packaging_mass_kg,0.5950834264122188,0.0009261069194433014,0.0015562640099503968,0.02,0.005,True
high_sku_complexity,single_average,2.1,packaging_mass_kg,0.5783775449586397,0.0009179992569573328,0.0015871972640690603,0.02,0.005,True
high_sku_complexity,single_average,2.25,packaging_mass_kg,0.5567796952449695,0.0008629475524763022,0.0015498904860325883,0.02,0.005,True
high_sku_complexity,single_average,2.4,packaging_mass_kg,0.5370024178677838,0.0008624221333362221,0.0016059930172391895,0.02,0.005,True
high_sku_complexity,single_average,3.0,packaging_mass_kg,0.47582426728713617,0.0007794360037731855,0.0016380753512574315,0.02,0.005,True
high_sku_complexity,single_average,4.5,packaging_mass_kg,0.3865895333023193,0.0006690892659512697,0.0017307485286416975,0.02,0.005,True
high_sku_complexity,single_average,5.0,packaging_mass_kg,0.366873109526447,0.0006178168262537446,0.0016840068410879472,0.02,0.005,True
high_sku_complexity,single_average,9.0,packaging_mass_kg,0.2843337435272028,0.0006293491874834784,0.0022134171613833347,0.02,0.005,True
high_sku_complexity,single_average,10.0,packaging_mass_kg,0.27393147469266066,0.0006125070746581712,0.002235986482916495,0.02,0.005,True
high_sku_complexity,two_person_low,1.8,packaging_mass_kg,0.8845300873491154,0.0013823892099502765,0.0015628515408596395,0.02,0.005,True
high_sku_complexity,two_person_low,2.0,packaging_mass_kg,0.8315304237337449,0.0012936930202838007,0.0015557975792092483,0.02,0.005,True
high_sku_complexity,two_person_low,2.1,packaging_mass_kg,0.8090094434368188,0.0012789094514196215,0.0015808337736906782,0.02,0.005,True
high_sku_complexity,two_person_low,2.25,packaging_mass_kg,0.7783677529839723,0.0012323682894248764,0.0015832725401334201,0.02,0.005,True
high_sku_complexity,two_person_low,2.4,packaging_mass_kg,0.7508062205032914,0.0011916035628229025,0.0015870986817665541,0.02,0.005,True
high_sku_complexity,two_person_low,3.0,packaging_mass_kg,0.6649571070774895,0.0010680564226507594,0.0016062034848306323,0.02,0.005,True
high_sku_complexity,two_person_low,4.5,packaging_mass_kg,0.5396439723453121,0.0009103354676851315,0.0016869186247532439,0.02,0.005,True
high_sku_complexity,two_person_low,5.0,packaging_mass_kg,0.5129550946772828,0.0008390491977512102,0.0016357166669317984,0.02,0.005,True
high_sku_complexity,two_person_low,9.0,packaging_mass_kg,0.39117281998583353,0.0007028735881009416,0.0017968364676420932,0.02,0.005,True
high_sku_complexity,two_person_low,10.0,packaging_mass_kg,0.37633172627335565,0.0007229078881935149,0.001920932618018012,0.02,0.005,True
high_sku_complexity,two_person_average,1.8,packaging_mass_kg,1.263064553182034,0.0018231284685059422,0.0014434166994180475,0.02,0.005,True
high_sku_complexity,two_person_average,2.0,packaging_mass_kg,1.1884644034900986,0.0017121453747799683,0.0014406366482260676,0.02,0.005,True
high_sku_complexity,two_person_average,2.1,packaging_mass_kg,1.1558858245812302,0.0016517653700009786,0.0014290039161950984,0.02,0.005,True
high_sku_complexity,two_person_average,2.25,packaging_mass_kg,1.1114827659135538,0.0016346807543270265,0.001470720738511356,0.02,0.005,True
high_sku_complexity,two_person_average,2.4,packaging_mass_kg,1.0721613383191533,0.0015822907548461937,0.0014757953847942134,0.02,0.005,True
high_sku_complexity,two_person_average,3.0,packaging_mass_kg,0.9498393168279332,0.0013641454245627497,0.0014361854688416415,0.02,0.005,True
high_sku_complexity,two_person_average,4.5,packaging_mass_kg,0.7708070051877364,0.0011669027315576608,0.0015138714667927182,0.02,0.005,True
high_sku_complexity,two_person_average,5.0,packaging_mass_kg,0.7314823057430523,0.001087522487759041,0.0014867379282049987,0.02,0.005,True
high_sku_complexity,two_person_average,9.0,packaging_mass_kg,0.5564433364298482,0.0009431808471599189,0.0016950168784685003,0.02,0.005,True
high_sku_complexity,two_person_average,10.0,packaging_mass_kg,0.5317035847898869,0.0009110688850876719,0.0017134902061036483,0.02,0.005,True
high_sku_complexity,family_three,1.8,packaging_mass_kg,1.891969146249964,0.002472659538737542,0.0013069238172506953,0.02,0.005,True
high_sku_complexity,family_three,2.0,packaging_mass_kg,1.779485166718099,0.0023229782223236945,0.0013054215150373849,0.02,0.005,True
high_sku_complexity,family_three,2.1,packaging_mass_kg,1.7314185011673455,0.0022908219425709316,0.00132308967533062,0.02,0.005,True
high_sku_complexity,family_three,2.25,packaging_mass_kg,1.665249319616317,0.0021958141025846417,0.0013186098181926114,0.02,0.005,True
high_sku_complexity,family_three,2.4,packaging_mass_kg,1.6061052263824314,0.0020848919038662828,0.0012981041774966786,0.02,0.005,True
high_sku_complexity,family_three,3.0,packaging_mass_kg,1.422972952594873,0.0018222644613592259,0.0012806037233780317,0.02,0.005,True
high_sku_complexity,family_three,4.5,packaging_mass_kg,1.1545161781981026,0.0015360103797944992,0.0013304364276573491,0.02,0.005,True
high_sku_complexity,family_three,5.0,packaging_mass_kg,1.0965681152880453,0.0014710182822837065,0.0013414746077103482,0.02,0.005,True
high_sku_complexity,family_three,9.0,packaging_mass_kg,0.8328721292198372,0.001155276303072207,0.0013870992467407575,0.02,0.005,True
high_sku_complexity,family_three,10.0,packaging_mass_kg,0.7947469314663724,0.001126714339383119,0.0014177020316445135,0.02,0.005,True
high_sku_complexity,family_four,1.8,packaging_mass_kg,2.525944058228639,0.0033469608667669047,0.0013250336466730849,0.02,0.005,True
high_sku_complexity,family_four,2.0,packaging_mass_kg,2.3768514229195454,0.003158127328759218,0.0013287020376225333,0.02,0.005,True
high_sku_complexity,family_four,2.1,packaging_mass_kg,2.3118506732839195,0.0030616751647627016,0.001324339500013501,0.02,0.005,True
high_sku_complexity,family_four,2.25,packaging_mass_kg,2.2235763037613387,0.002952051484208113,0.0013276142038456276,0.02,0.005,True
high_sku_complexity,family_four,2.4,packaging_mass_kg,2.145202527677959,0.0028192838106616495,0.0013142273395106146,0.02,0.005,True
high_sku_complexity,family_four,3.0,packaging_mass_kg,1.8996786336558669,0.002572388686517569,0.0013541178181106846,0.02,0.005,True
high_sku_complexity,family_four,4.5,packaging_mass_kg,1.54223526455609,0.0020923566558297556,0.0013567039374060806,0.02,0.005,True
high_sku_complexity,family_four,5.0,packaging_mass_kg,1.463798684810783,0.0019500714836827616,0.001332199231983076,0.02,0.005,True
high_sku_complexity,family_four,9.0,packaging_mass_kg,1.112642189847205,0.001594243243620142,0.0014328445012848862,0.02,0.005,True
high_sku_complexity,family_four,10.0,packaging_mass_kg,1.0621973775779765,0.0014701105926754722,0.0013840276992846845,0.02,0.005,True
packaging_logistics_dominant,single_low,1.8,packaging_mass_kg,0.37901559098503307,0.0008121084613230568,0.0021426782450095203,0.02,0.005,True
packaging_logistics_dominant,single_low,2.0,packaging_mass_kg,0.356817903665376,0.000754038657427858,0.002113231005737301,0.02,0.005,True
packaging_logistics_dominant,single_low,2.1,packaging_mass_kg,0.34687638114441177,0.0007308682834973187,0.0021069992747446338,0.02,0.005,True
packaging_logistics_dominant,single_low,2.25,packaging_mass_kg,0.3336850667348636,0.0006947616893655957,0.002082088048362179,0.02,0.005,True
packaging_logistics_dominant,single_low,2.4,packaging_mass_kg,0.3215646061586362,0.0006784778644219971,0.0021099270610873337,0.02,0.005,True
packaging_logistics_dominant,single_low,3.0,packaging_mass_kg,0.2852533313394365,0.000615060106416187,0.0021561890391537542,0.02,0.005,True
packaging_logistics_dominant,single_low,4.5,packaging_mass_kg,0.23421282609272734,0.0005493524281228008,0.0023455266617435646,0.02,0.005,True
packaging_logistics_dominant,single_low,5.0,packaging_mass_kg,0.2241274176743251,0.0005676544661123715,0.0025327310331001913,0.02,0.005,True
packaging_logistics_dominant,single_low,9.0,packaging_mass_kg,0.18246582165589195,0.0005357587698006874,0.0029362143821710478,0.02,0.005,True
packaging_logistics_dominant,single_low,10.0,packaging_mass_kg,0.1712719819687235,0.0005613497202682793,0.003277533860563306,0.02,0.005,True
packaging_logistics_dominant,single_average,1.8,packaging_mass_kg,0.6322724691327317,0.0009632782144342651,0.0015235175679174575,0.02,0.005,True
packaging_logistics_dominant,single_average,2.0,packaging_mass_kg,0.5950834264122188,0.0009261069194433014,0.0015562640099503968,0.02,0.005,True
packaging_logistics_dominant,single_average,2.1,packaging_mass_kg,0.5783775449586397,0.0009179992569573328,0.0015871972640690603,0.02,0.005,True
packaging_logistics_dominant,single_average,2.25,packaging_mass_kg,0.5567796952449695,0.0008629475524763022,0.0015498904860325883,0.02,0.005,True
packaging_logistics_dominant,single_average,2.4,packaging_mass_kg,0.5370024178677838,0.0008624221333362221,0.0016059930172391895,0.02,0.005,True
packaging_logistics_dominant,single_average,3.0,packaging_mass_kg,0.47582426728713617,0.0007794360037731855,0.0016380753512574315,0.02,0.005,True
packaging_logistics_dominant,single_average,4.5,packaging_mass_kg,0.3865895333023193,0.0006690892659512697,0.0017307485286416975,0.02,0.005,True
packaging_logistics_dominant,single_average,5.0,packaging_mass_kg,0.366873109526447,0.0006178168262537446,0.0016840068410879472,0.02,0.005,True
packaging_logistics_dominant,single_average,9.0,packaging_mass_kg,0.2843337435272028,0.0006293491874834784,0.0022134171613833347,0.02,0.005,True
packaging_logistics_dominant,single_average,10.0,packaging_mass_kg,0.27393147469266066,0.0006125070746581712,0.002235986482916495,0.02,0.005,True
packaging_logistics_dominant,two_person_low,1.8,packaging_mass_kg,0.8845300873491154,0.0013823892099502765,0.0015628515408596395,0.02,0.005,True
packaging_logistics_dominant,two_person_low,2.0,packaging_mass_kg,0.8315304237337449,0.0012936930202838007,0.0015557975792092483,0.02,0.005,True
packaging_logistics_dominant,two_person_low,2.1,packaging_mass_kg,0.8090094434368188,0.0012789094514196215,0.0015808337736906782,0.02,0.005,True
packaging_logistics_dominant,two_person_low,2.25,packaging_mass_kg,0.7783677529839723,0.0012323682894248764,0.0015832725401334201,0.02,0.005,True
packaging_logistics_dominant,two_person_low,2.4,packaging_mass_kg,0.7508062205032914,0.0011916035628229025,0.0015870986817665541,0.02,0.005,True
packaging_logistics_dominant,two_person_low,3.0,packaging_mass_kg,0.6649571070774895,0.0010680564226507594,0.0016062034848306323,0.02,0.005,True
packaging_logistics_dominant,two_person_low,4.5,packaging_mass_kg,0.5396439723453121,0.0009103354676851315,0.0016869186247532439,0.02,0.005,True
packaging_logistics_dominant,two_person_low,5.0,packaging_mass_kg,0.5129550946772828,0.0008390491977512102,0.0016357166669317984,0.02,0.005,True
packaging_logistics_dominant,two_person_low,9.0,packaging_mass_kg,0.39117281998583353,0.0007028735881009416,0.0017968364676420932,0.02,0.005,True
packaging_logistics_dominant,two_person_low,10.0,packaging_mass_kg,0.37633172627335565,0.0007229078881935149,0.001920932618018012,0.02,0.005,True
packaging_logistics_dominant,two_person_average,1.8,packaging_mass_kg,1.263064553182034,0.0018231284685059422,0.0014434166994180475,0.02,0.005,True
packaging_logistics_dominant,two_person_average,2.0,packaging_mass_kg,1.1884644034900986,0.0017121453747799683,0.0014406366482260676,0.02,0.005,True
packaging_logistics_dominant,two_person_average,2.1,packaging_mass_kg,1.1558858245812302,0.0016517653700009786,0.0014290039161950984,0.02,0.005,True
packaging_logistics_dominant,two_person_average,2.25,packaging_mass_kg,1.1114827659135538,0.0016346807543270265,0.001470720738511356,0.02,0.005,True
packaging_logistics_dominant,two_person_average,2.4,packaging_mass_kg,1.0721613383191533,0.0015822907548461937,0.0014757953847942134,0.02,0.005,True
packaging_logistics_dominant,two_person_average,3.0,packaging_mass_kg,0.9498393168279332,0.0013641454245627497,0.0014361854688416415,0.02,0.005,True
packaging_logistics_dominant,two_person_average,4.5,packaging_mass_kg,0.7708070051877364,0.0011669027315576608,0.0015138714667927182,0.02,0.005,True
packaging_logistics_dominant,two_person_average,5.0,packaging_mass_kg,0.7314823057430523,0.001087522487759041,0.0014867379282049987,0.02,0.005,True
packaging_logistics_dominant,two_person_average,9.0,packaging_mass_kg,0.5564433364298482,0.0009431808471599189,0.0016950168784685003,0.02,0.005,True
packaging_logistics_dominant,two_person_average,10.0,packaging_mass_kg,0.5317035847898869,0.0009110688850876719,0.0017134902061036483,0.02,0.005,True
packaging_logistics_dominant,family_three,1.8,packaging_mass_kg,1.891969146249964,0.002472659538737542,0.0013069238172506953,0.02,0.005,True
packaging_logistics_dominant,family_three,2.0,packaging_mass_kg,1.779485166718099,0.0023229782223236945,0.0013054215150373849,0.02,0.005,True
packaging_logistics_dominant,family_three,2.1,packaging_mass_kg,1.7314185011673455,0.0022908219425709316,0.00132308967533062,0.02,0.005,True
packaging_logistics_dominant,family_three,2.25,packaging_mass_kg,1.665249319616317,0.0021958141025846417,0.0013186098181926114,0.02,0.005,True
packaging_logistics_dominant,family_three,2.4,packaging_mass_kg,1.6061052263824314,0.0020848919038662828,0.0012981041774966786,0.02,0.005,True
packaging_logistics_dominant,family_three,3.0,packaging_mass_kg,1.422972952594873,0.0018222644613592259,0.0012806037233780317,0.02,0.005,True
packaging_logistics_dominant,family_three,4.5,packaging_mass_kg,1.1545161781981026,0.0015360103797944992,0.0013304364276573491,0.02,0.005,True
packaging_logistics_dominant,family_three,5.0,packaging_mass_kg,1.0965681152880453,0.0014710182822837065,0.0013414746077103482,0.02,0.005,True
packaging_logistics_dominant,family_three,9.0,packaging_mass_kg,0.8328721292198372,0.001155276303072207,0.0013870992467407575,0.02,0.005,True
packaging_logistics_dominant,family_three,10.0,packaging_mass_kg,0.7947469314663724,0.001126714339383119,0.0014177020316445135,0.02,0.005,True
packaging_logistics_dominant,family_four,1.8,packaging_mass_kg,2.525944058228639,0.0033469608667669047,0.0013250336466730849,0.02,0.005,True
packaging_logistics_dominant,family_four,2.0,packaging_mass_kg,2.3768514229195454,0.003158127328759218,0.0013287020376225333,0.02,0.005,True
packaging_logistics_dominant,family_four,2.1,packaging_mass_kg,2.3118506732839195,0.0030616751647627016,0.001324339500013501,0.02,0.005,True
packaging_logistics_dominant,family_four,2.25,packaging_mass_kg,2.2235763037613387,0.002952051484208113,0.0013276142038456276,0.02,0.005,True
packaging_logistics_dominant,family_four,2.4,packaging_mass_kg,2.145202527677959,0.0028192838106616495,0.0013142273395106146,0.02,0.005,True
packaging_logistics_dominant,family_four,3.0,packaging_mass_kg,1.8996786336558669,0.002572388686517569,0.0013541178181106846,0.02,0.005,True
packaging_logistics_dominant,family_four,4.5,packaging_mass_kg,1.54223526455609,0.0020923566558297556,0.0013567039374060806,0.02,0.005,True
packaging_logistics_dominant,family_four,5.0,packaging_mass_kg,1.463798684810783,0.0019500714836827616,0.001332199231983076,0.02,0.005,True
packaging_logistics_dominant,family_four,9.0,packaging_mass_kg,1.112642189847205,0.001594243243620142,0.0014328445012848862,0.02,0.005,True
packaging_logistics_dominant,family_four,10.0,packaging_mass_kg,1.0621973775779765,0.0014701105926754722,0.0013840276992846845,0.02,0.005,True
consumer_inconvenience_dominant,single_low,1.8,packaging_mass_kg,0.37901559098503307,0.0008121084613230568,0.0021426782450095203,0.02,0.005,True
consumer_inconvenience_dominant,single_low,2.0,packaging_mass_kg,0.356817903665376,0.000754038657427858,0.002113231005737301,0.02,0.005,True
consumer_inconvenience_dominant,single_low,2.1,packaging_mass_kg,0.34687638114441177,0.0007308682834973187,0.0021069992747446338,0.02,0.005,True
consumer_inconvenience_dominant,single_low,2.25,packaging_mass_kg,0.3336850667348636,0.0006947616893655957,0.002082088048362179,0.02,0.005,True
consumer_inconvenience_dominant,single_low,2.4,packaging_mass_kg,0.3215646061586362,0.0006784778644219971,0.0021099270610873337,0.02,0.005,True
consumer_inconvenience_dominant,single_low,3.0,packaging_mass_kg,0.2852533313394365,0.000615060106416187,0.0021561890391537542,0.02,0.005,True
consumer_inconvenience_dominant,single_low,4.5,packaging_mass_kg,0.23421282609272734,0.0005493524281228008,0.0023455266617435646,0.02,0.005,True
consumer_inconvenience_dominant,single_low,5.0,packaging_mass_kg,0.2241274176743251,0.0005676544661123715,0.0025327310331001913,0.02,0.005,True
consumer_inconvenience_dominant,single_low,9.0,packaging_mass_kg,0.18246582165589195,0.0005357587698006874,0.0029362143821710478,0.02,0.005,True
consumer_inconvenience_dominant,single_low,10.0,packaging_mass_kg,0.1712719819687235,0.0005613497202682793,0.003277533860563306,0.02,0.005,True
consumer_inconvenience_dominant,single_average,1.8,packaging_mass_kg,0.6322724691327317,0.0009632782144342651,0.0015235175679174575,0.02,0.005,True
consumer_inconvenience_dominant,single_average,2.0,packaging_mass_kg,0.5950834264122188,0.0009261069194433014,0.0015562640099503968,0.02,0.005,True
consumer_inconvenience_dominant,single_average,2.1,packaging_mass_kg,0.5783775449586397,0.0009179992569573328,0.0015871972640690603,0.02,0.005,True
consumer_inconvenience_dominant,single_average,2.25,packaging_mass_kg,0.5567796952449695,0.0008629475524763022,0.0015498904860325883,0.02,0.005,True
consumer_inconvenience_dominant,single_average,2.4,packaging_mass_kg,0.5370024178677838,0.0008624221333362221,0.0016059930172391895,0.02,0.005,True
consumer_inconvenience_dominant,single_average,3.0,packaging_mass_kg,0.47582426728713617,0.0007794360037731855,0.0016380753512574315,0.02,0.005,True
consumer_inconvenience_dominant,single_average,4.5,packaging_mass_kg,0.3865895333023193,0.0006690892659512697,0.0017307485286416975,0.02,0.005,True
consumer_inconvenience_dominant,single_average,5.0,packaging_mass_kg,0.366873109526447,0.0006178168262537446,0.0016840068410879472,0.02,0.005,True
consumer_inconvenience_dominant,single_average,9.0,packaging_mass_kg,0.2843337435272028,0.0006293491874834784,0.0022134171613833347,0.02,0.005,True
consumer_inconvenience_dominant,single_average,10.0,packaging_mass_kg,0.27393147469266066,0.0006125070746581712,0.002235986482916495,0.02,0.005,True
consumer_inconvenience_dominant,two_person_low,1.8,packaging_mass_kg,0.8845300873491154,0.0013823892099502765,0.0015628515408596395,0.02,0.005,True
consumer_inconvenience_dominant,two_person_low,2.0,packaging_mass_kg,0.8315304237337449,0.0012936930202838007,0.0015557975792092483,0.02,0.005,True
consumer_inconvenience_dominant,two_person_low,2.1,packaging_mass_kg,0.8090094434368188,0.0012789094514196215,0.0015808337736906782,0.02,0.005,True
consumer_inconvenience_dominant,two_person_low,2.25,packaging_mass_kg,0.7783677529839723,0.0012323682894248764,0.0015832725401334201,0.02,0.005,True
consumer_inconvenience_dominant,two_person_low,2.4,packaging_mass_kg,0.7508062205032914,0.0011916035628229025,0.0015870986817665541,0.02,0.005,True
consumer_inconvenience_dominant,two_person_low,3.0,packaging_mass_kg,0.6649571070774895,0.0010680564226507594,0.0016062034848306323,0.02,0.005,True
consumer_inconvenience_dominant,two_person_low,4.5,packaging_mass_kg,0.5396439723453121,0.0009103354676851315,0.0016869186247532439,0.02,0.005,True
consumer_inconvenience_dominant,two_person_low,5.0,packaging_mass_kg,0.5129550946772828,0.0008390491977512102,0.0016357166669317984,0.02,0.005,True
consumer_inconvenience_dominant,two_person_low,9.0,packaging_mass_kg,0.39117281998583353,0.0007028735881009416,0.0017968364676420932,0.02,0.005,True
consumer_inconvenience_dominant,two_person_low,10.0,packaging_mass_kg,0.37633172627335565,0.0007229078881935149,0.001920932618018012,0.02,0.005,True
consumer_inconvenience_dominant,two_person_average,1.8,packaging_mass_kg,1.263064553182034,0.0018231284685059422,0.0014434166994180475,0.02,0.005,True
consumer_inconvenience_dominant,two_person_average,2.0,packaging_mass_kg,1.1884644034900986,0.0017121453747799683,0.0014406366482260676,0.02,0.005,True
consumer_inconvenience_dominant,two_person_average,2.1,packaging_mass_kg,1.1558858245812302,0.0016517653700009786,0.0014290039161950984,0.02,0.005,True
consumer_inconvenience_dominant,two_person_average,2.25,packaging_mass_kg,1.1114827659135538,0.0016346807543270265,0.001470720738511356,0.02,0.005,True
consumer_inconvenience_dominant,two_person_average,2.4,packaging_mass_kg,1.0721613383191533,0.0015822907548461937,0.0014757953847942134,0.02,0.005,True
consumer_inconvenience_dominant,two_person_average,3.0,packaging_mass_kg,0.9498393168279332,0.0013641454245627497,0.0014361854688416415,0.02,0.005,True
consumer_inconvenience_dominant,two_person_average,4.5,packaging_mass_kg,0.7708070051877364,0.0011669027315576608,0.0015138714667927182,0.02,0.005,True
consumer_inconvenience_dominant,two_person_average,5.0,packaging_mass_kg,0.7314823057430523,0.001087522487759041,0.0014867379282049987,0.02,0.005,True
consumer_inconvenience_dominant,two_person_average,9.0,packaging_mass_kg,0.5564433364298482,0.0009431808471599189,0.0016950168784685003,0.02,0.005,True
consumer_inconvenience_dominant,two_person_average,10.0,packaging_mass_kg,0.5317035847898869,0.0009110688850876719,0.0017134902061036483,0.02,0.005,True
consumer_inconvenience_dominant,family_three,1.8,packaging_mass_kg,1.891969146249964,0.002472659538737542,0.0013069238172506953,0.02,0.005,True
consumer_inconvenience_dominant,family_three,2.0,packaging_mass_kg,1.779485166718099,0.0023229782223236945,0.0013054215150373849,0.02,0.005,True
consumer_inconvenience_dominant,family_three,2.1,packaging_mass_kg,1.7314185011673455,0.0022908219425709316,0.00132308967533062,0.02,0.005,True
consumer_inconvenience_dominant,family_three,2.25,packaging_mass_kg,1.665249319616317,0.0021958141025846417,0.0013186098181926114,0.02,0.005,True
consumer_inconvenience_dominant,family_three,2.4,packaging_mass_kg,1.6061052263824314,0.0020848919038662828,0.0012981041774966786,0.02,0.005,True
consumer_inconvenience_dominant,family_three,3.0,packaging_mass_kg,1.422972952594873,0.0018222644613592259,0.0012806037233780317,0.02,0.005,True
consumer_inconvenience_dominant,family_three,4.5,packaging_mass_kg,1.1545161781981026,0.0015360103797944992,0.0013304364276573491,0.02,0.005,True
consumer_inconvenience_dominant,family_three,5.0,packaging_mass_kg,1.0965681152880453,0.0014710182822837065,0.0013414746077103482,0.02,0.005,True
consumer_inconvenience_dominant,family_three,9.0,packaging_mass_kg,0.8328721292198372,0.001155276303072207,0.0013870992467407575,0.02,0.005,True
consumer_inconvenience_dominant,family_three,10.0,packaging_mass_kg,0.7947469314663724,0.001126714339383119,0.0014177020316445135,0.02,0.005,True
consumer_inconvenience_dominant,family_four,1.8,packaging_mass_kg,2.525944058228639,0.0033469608667669047,0.0013250336466730849,0.02,0.005,True
consumer_inconvenience_dominant,family_four,2.0,packaging_mass_kg,2.3768514229195454,0.003158127328759218,0.0013287020376225333,0.02,0.005,True
consumer_inconvenience_dominant,family_four,2.1,packaging_mass_kg,2.3118506732839195,0.0030616751647627016,0.001324339500013501,0.02,0.005,True
consumer_inconvenience_dominant,family_four,2.25,packaging_mass_kg,2.2235763037613387,0.002952051484208113,0.0013276142038456276,0.02,0.005,True
consumer_inconvenience_dominant,family_four,2.4,packaging_mass_kg,2.145202527677959,0.0028192838106616495,0.0013142273395106146,0.02,0.005,True
consumer_inconvenience_dominant,family_four,3.0,packaging_mass_kg,1.8996786336558669,0.002572388686517569,0.0013541178181106846,0.02,0.005,True
consumer_inconvenience_dominant,family_four,4.5,packaging_mass_kg,1.54223526455609,0.0020923566558297556,0.0013567039374060806,0.02,0.005,True
consumer_inconvenience_dominant,family_four,5.0,packaging_mass_kg,1.463798684810783,0.0019500714836827616,0.001332199231983076,0.02,0.005,True
consumer_inconvenience_dominant,family_four,9.0,packaging_mass_kg,1.112642189847205,0.001594243243620142,0.0014328445012848862,0.02,0.005,True
consumer_inconvenience_dominant,family_four,10.0,packaging_mass_kg,1.0621973775779765,0.0014701105926754722,0.0013840276992846845,0.02,0.005,True
no_discrete_consumption_quantum,single_low,1.8,packaging_mass_kg,0.37857147546000425,0.0007024482533262932,0.0018555234582128633,0.02,0.005,True
no_discrete_consumption_quantum,single_low,2.0,packaging_mass_kg,0.3566631355440724,0.0007004068305951851,0.0019637769110248757,0.02,0.005,True
no_discrete_consumption_quantum,single_low,2.1,packaging_mass_kg,0.34656028465857575,0.0006811305578927823,0.0019654028117036507,0.02,0.005,True
no_discrete_consumption_quantum,single_low,2.25,packaging_mass_kg,0.33348147609011997,0.0006574057074383978,0.001971341002643099,0.02,0.005,True
no_discrete_consumption_quantum,single_low,2.4,packaging_mass_kg,0.3215646061586362,0.0006299257276283303,0.0019589398695127897,0.02,0.005,True
no_discrete_consumption_quantum,single_low,3.0,packaging_mass_kg,0.2854852823325569,0.0005686571403489389,0.0019918965198581413,0.02,0.005,True
no_discrete_consumption_quantum,single_low,4.5,packaging_mass_kg,0.233873960176027,0.0004972714133641023,0.002126236768684411,0.02,0.005,True
no_discrete_consumption_quantum,single_low,5.0,packaging_mass_kg,0.22329334434964657,0.0004994597371271959,0.002236787390962764,0.02,0.005,True
no_discrete_consumption_quantum,single_low,9.0,packaging_mass_kg,0.1828732933433772,0.0005373464946955478,0.002938354118698918,0.02,0.005,True
no_discrete_consumption_quantum,single_low,10.0,packaging_mass_kg,0.1714448093975517,0.0005659277129859613,0.0033009323232041986,0.02,0.005,True
no_discrete_consumption_quantum,single_average,1.8,packaging_mass_kg,0.6326425654035891,0.0008904082680884471,0.0014074428702413005,0.02,0.005,True
no_discrete_consumption_quantum,single_average,2.0,packaging_mass_kg,0.5953155785941742,0.0008467932909194244,0.0014224275684488381,0.02,0.005,True
no_discrete_consumption_quantum,single_average,2.1,packaging_mass_kg,0.5788912017481235,0.0008650944332033197,0.0014943990003491601,0.02,0.005,True
no_discrete_consumption_quantum,single_average,2.25,packaging_mass_kg,0.5569832858897132,0.0007973813077472679,0.0014316072455810734,0.02,0.005,True
no_discrete_consumption_quantum,single_average,2.4,packaging_mass_kg,0.5376727805646616,0.0007992358361201682,0.0014864725628863232,0.02,0.005,True
no_discrete_consumption_quantum,single_average,3.0,packaging_mass_kg,0.47610260847888064,0.000698567945908529,0.0014672634290755343,0.02,0.005,True
no_discrete_consumption_quantum,single_average,4.5,packaging_mass_kg,0.3867024886078862,0.000633076989308475,0.0016371164085018624,0.02,0.005,True
no_discrete_consumption_quantum,single_average,5.0,packaging_mass_kg,0.36740929952088314,0.0005920588740258006,0.0016114422656091443,0.02,0.005,True
no_discrete_consumption_quantum,single_average,9.0,packaging_mass_kg,0.28531167557716736,0.0007050222605938045,0.0024710599703555397,0.02,0.005,True
no_discrete_consumption_quantum,single_average,10.0,packaging_mass_kg,0.27375864726383253,0.0006126347201893389,0.00223786436086133,0.02,0.005,True
no_discrete_consumption_quantum,two_person_low,1.8,packaging_mass_kg,0.8840119525699152,0.0012628783306201604,0.0014285760808423927,0.02,0.005,True
no_discrete_consumption_quantum,two_person_low,2.0,packaging_mass_kg,0.8316078077943967,0.0012109253075568173,0.0014561254670858038,0.02,0.005,True
no_discrete_consumption_quantum,two_person_low,2.1,packaging_mass_kg,0.8086933469509828,0.0011591266205038546,0.0014333327025307066,0.02,0.005,True
no_discrete_consumption_quantum,two_person_low,2.25,packaging_mass_kg,0.7778384173076388,0.0010984731984878878,0.0014122125804612148,0.02,0.005,True
no_discrete_consumption_quantum,two_person_low,2.4,packaging_mass_kg,0.750596732160517,0.001099329273893165,0.0014646070610097868,0.02,0.005,True
no_discrete_consumption_quantum,two_person_low,3.0,packaging_mass_kg,0.6642148638995042,0.0009543121755034238,0.0014367522128318575,0.02,0.005,True
no_discrete_consumption_quantum,two_person_low,4.5,packaging_mass_kg,0.539192151123045,0.0008095038543544569,0.0015013272219716086,0.02,0.005,True
no_discrete_consumption_quantum,two_person_low,5.0,packaging_mass_kg,0.511942291354459,0.0007867800654906297,0.0015368530374957404,0.02,0.005,True
no_discrete_consumption_quantum,two_person_low,9.0,packaging_mass_kg,0.3914987973358217,0.0006633748202927935,0.001694449190667017,0.02,0.005,True
no_discrete_consumption_quantum,two_person_low,10.0,packaging_mass_kg,0.37589965770128525,0.0006443595180852077,0.0017141795819278411,0.02,0.005,True
no_discrete_consumption_quantum,two_person_average,1.8,packaging_mass_kg,1.2637307264695774,0.0017668689184988623,0.0013981371834131764,0.02,0.005,True
no_discrete_consumption_quantum,two_person_average,2.0,packaging_mass_kg,1.1892769361269424,0.0016737337090939458,0.0014073540470268507,0.02,0.005,True
no_discrete_consumption_quantum,two_person_average,2.1,packaging_mass_kg,1.1563204572492547,0.0016414475914476685,0.0014195438480371367,0.02,0.005,True
no_discrete_consumption_quantum,two_person_average,2.25,packaging_mass_kg,1.1127043097820157,0.0015928536668675497,0.001431515680189643,0.02,0.005,True
no_discrete_consumption_quantum,two_person_average,2.4,packaging_mass_kg,1.0730830870273602,0.0015004963480377657,0.0013983039768098663,0.02,0.005,True
no_discrete_consumption_quantum,two_person_average,3.0,packaging_mass_kg,0.9507671208004149,0.0013770028293318137,0.0014483071608245846,0.02,0.005,True
no_discrete_consumption_quantum,two_person_average,4.5,packaging_mass_kg,0.7713153040627869,0.0011517993781656084,0.0014932925252470412,0.02,0.005,True
no_discrete_consumption_quantum,two_person_average,5.0,packaging_mass_kg,0.7325546857319246,0.0010746303811607408,0.001466962674721048,0.02,0.005,True
no_discrete_consumption_quantum,two_person_average,9.0,packaging_mass_kg,0.5579917288422921,0.0008837809345467016,0.001583860277607249,0.02,0.005,True
no_discrete_consumption_quantum,two_person_average,10.0,packaging_mass_kg,0.5318764122187151,0.0008144576738268587,0.0015312912081010695,0.02,0.005,True
no_discrete_consumption_quantum,family_three,1.8,packaging_mass_kg,1.8978536769565961,0.002535934761135447,0.0013362119492805575,0.02,0.005,True
no_discrete_consumption_quantum,family_three,2.0,packaging_mass_kg,1.7859080437521968,0.0023775254115336298,0.001331269781695167,0.02,0.005,True
no_discrete_consumption_quantum,family_three,2.1,packaging_mass_kg,1.7365155570014528,0.002316438475496347,0.0013339578019653808,0.02,0.005,True
no_discrete_consumption_quantum,family_three,2.25,packaging_mass_kg,1.670461240121755,0.002252513871151972,0.0013484382738433328,0.02,0.005,True
no_discrete_consumption_quantum,family_three,2.4,packaging_mass_kg,1.6111329466090158,0.0021749887125745646,0.0013499746977133746,0.02,0.005,True
no_discrete_consumption_quantum,family_three,3.0,packaging_mass_kg,1.427287241066912,0.001897015526394846,0.0013291056430777082,0.02,0.005,True
no_discrete_consumption_quantum,family_three,4.5,packaging_mass_kg,1.1588649574624237,0.0016073458130876617,0.0013870001010361727,0.02,0.005,True
no_discrete_consumption_quantum,family_three,5.0,packaging_mass_kg,1.099725678588614,0.0014983234006278158,0.00136245195488275,0.02,0.005,True
no_discrete_consumption_quantum,family_three,9.0,packaging_mass_kg,0.8362133970572163,0.0012374551696239869,0.0014798317917158607,0.02,0.005,True
no_discrete_consumption_quantum,family_three,10.0,packaging_mass_kg,0.7970801017555528,0.0011931968820974382,0.001496959815543565,0.02,0.005,True
no_discrete_consumption_quantum,family_four,1.8,packaging_mass_kg,2.528941838022584,0.0032194822961116813,0.001273055096683853,0.02,0.005,True
no_discrete_consumption_quantum,family_four,2.0,packaging_mass_kg,2.379946785345617,0.0030606027142760384,0.0012859962807242249,0.02,0.005,True
no_discrete_consumption_quantum,family_four,2.1,packaging_mass_kg,2.314458469292067,0.002951455129747613,0.001275224925790259,0.02,0.005,True
no_discrete_consumption_quantum,family_four,2.25,packaging_mass_kg,2.2258565189824675,0.0028714644513491328,0.0012900492133526198,0.02,0.005,True
no_discrete_consumption_quantum,family_four,2.4,packaging_mass_kg,2.147339308774257,0.002751792583030993,0.0012814894096088475,0.02,0.005,True
no_discrete_consumption_quantum,family_four,3.0,packaging_mass_kg,1.9021373141829425,0.002435252366873902,0.0012802715917068046,0.02,0.005,True
no_discrete_consumption_quantum,family_four,4.5,packaging_mass_kg,1.543986071792375,0.002047519085379567,0.0013261253600575897,0.02,0.005,True
no_discrete_consumption_quantum,family_four,5.0,packaging_mass_kg,1.4658838681224793,0.001902662644669393,0.001297962741827799,0.02,0.005,True
no_discrete_consumption_quantum,family_four,9.0,packaging_mass_kg,1.114109087922152,0.0015483025841700562,0.0013897226052232358,0.02,0.005,True
no_discrete_consumption_quantum,family_four,10.0,packaging_mass_kg,1.0633207558653595,0.0014639144541978542,0.001376738341768266,0.02,0.005,True
randomized_non_lattice_usage,single_low,1.8,packaging_mass_kg,0.3793856872558905,0.0007249557479525925,0.0019108674162070319,0.02,0.005,True
randomized_non_lattice_usage,single_low,2.0,packaging_mass_kg,0.35701136381700554,0.0006878216693538161,0.0019266100159948272,0.02,0.005,True
randomized_non_lattice_usage,single_low,2.1,packaging_mass_kg,0.34735052587316595,0.0006818502015715326,0.00196300322234292,0.02,0.005,True
randomized_non_lattice_usage,single_low,2.25,packaging_mass_kg,0.33413296615329974,0.000628458823541279,0.0018808644677488751,0.02,0.005,True
randomized_non_lattice_usage,single_low,2.4,packaging_mass_kg,0.3221511735184044,0.0006066778892144264,0.0018832086892266655,0.02,0.005,True
randomized_non_lattice_usage,single_low,3.0,packaging_mass_kg,0.28553167253118095,0.0005778848669308495,0.0020238905961220206,0.02,0.005,True
randomized_non_lattice_usage,single_low,4.5,packaging_mass_kg,0.23421282609272734,0.0005131383687954918,0.002190906353661156,0.02,0.005,True
randomized_non_lattice_usage,single_low,5.0,packaging_mass_kg,0.22353165101384043,0.0005056717937468777,0.0022621932574352433,0.02,0.005,True
randomized_non_lattice_usage,single_low,9.0,packaging_mass_kg,0.1831992706933654,0.0005274189665193209,0.0028789359505808423,0.02,0.005,True
randomized_non_lattice_usage,single_low,10.0,packaging_mass_kg,0.17127198196872354,0.0005613497202682792,0.003277533860563305,0.02,0.005,True
randomized_non_lattice_usage,single_average,1.8,packaging_mass_kg,0.6328276135390177,0.0009301570650136658,0.0014698427266975067,0.02,0.005,True
randomized_non_lattice_usage,single_average,2.0,packaging_mass_kg,0.5952381945335224,0.0008665741364119886,0.0014558443063135546,0.02,0.005,True
randomized_non_lattice_usage,single_average,2.1,packaging_mass_kg,0.5794443705983366,0.0008544848584300141,0.0014746624555997834,0.02,0.005,True
randomized_non_lattice_usage,single_average,2.25,packaging_mass_kg,0.5568204133739183,0.0008340311098829243,0.0014978457862730194,0.02,0.005,True
randomized_non_lattice_usage,single_average,2.4,packaging_mass_kg,0.5371700085420033,0.0007874191962407551,0.0014658658966794941,0.02,0.005,True
randomized_non_lattice_usage,single_average,3.0,packaging_mass_kg,0.4758242672871362,0.0007366280945761439,0.0015481095547647333,0.02,0.005,True
randomized_non_lattice_usage,single_average,4.5,packaging_mass_kg,0.385968279121702,0.0006313467803547206,0.0016357478438160634,0.02,0.005,True
randomized_non_lattice_usage,single_average,5.0,packaging_mass_kg,0.36740929952088314,0.0006328389859615454,0.0017224359502788676,0.02,0.005,True
randomized_non_lattice_usage,single_average,9.0,packaging_mass_kg,0.284659720877191,0.00061073089506577,0.00214547703898457,0.02,0.005,True
randomized_non_lattice_usage,single_average,10.0,packaging_mass_kg,0.2743635432647311,0.0005986591232876299,0.0021819922434446353,0.02,0.005,True
randomized_non_lattice_usage,two_person_low,1.8,packaging_mass_kg,0.8861585109408878,0.0012948302848311568,0.0014611723171922791,0.02,0.005,True
randomized_non_lattice_usage,two_person_low,2.0,packaging_mass_kg,0.8344323260081868,0.001195673188433913,0.0014329181063176858,0.02,0.005,True
randomized_non_lattice_usage,two_person_low,2.1,packaging_mass_kg,0.8112616308984011,0.0011866437191911433,0.0014627139679674478,0.02,0.005,True
randomized_non_lattice_usage,two_person_low,2.25,packaging_mass_kg,0.7804036594314091,0.0011416141300907225,0.0014628508161052013,0.02,0.005,True
randomized_non_lattice_usage,two_person_low,2.4,packaging_mass_kg,0.7531105922738094,0.0011343849487122444,0.0015062660920586476,0.02,0.005,True
randomized_non_lattice_usage,two_person_low,3.0,packaging_mass_kg,0.6664415934334599,0.0009931907428164454,0.0014902892505547216,0.02,0.005,True
randomized_non_lattice_usage,two_person_low,4.5,packaging_mass_kg,0.5418466008038645,0.000862142382182344,0.0015911189272079958,0.02,0.005,True
randomized_non_lattice_usage,two_person_low,5.0,packaging_mass_kg,0.5139678980001068,0.0007790898528268049,0.001515833685057589,0.02,0.005,True
randomized_non_lattice_usage,two_person_low,9.0,packaging_mass_kg,0.3917432803483128,0.0006968869252014866,0.001778937789518329,0.02,0.005,True
randomized_non_lattice_usage,two_person_low,10.0,packaging_mass_kg,0.376677381131012,0.0007042801687080122,0.00186971717439826,0.02,0.005,True
randomized_non_lattice_usage,two_person_average,1.8,packaging_mass_kg,1.2633976398258056,0.0017667775943860417,0.0013984335087325642,0.02,0.005,True
randomized_non_lattice_usage,two_person_average,2.0,packaging_mass_kg,1.1886191716114023,0.001683820914192034,0.0014166193465559624,0.02,0.005,True
randomized_non_lattice_usage,two_person_average,2.1,packaging_mass_kg,1.1561624090063367,0.0016344011988053274,0.0014136432615985265,0.02,0.005,True
randomized_non_lattice_usage,two_person_average,2.25,packaging_mass_kg,1.1122971284925285,0.0015579645632282355,0.0014006730066270243,0.02,0.005,True
randomized_non_lattice_usage,two_person_average,2.4,packaging_mass_kg,1.072538417336147,0.0015182732002208313,0.0014155886406304694,0.02,0.005,True
randomized_non_lattice_usage,two_person_average,3.0,packaging_mass_kg,0.9495145854375648,0.0013431406389194903,0.0014145550363510537,0.02,0.005,True
randomized_non_lattice_usage,two_person_average,4.5,packaging_mass_kg,0.77120234875722,0.001101278214611468,0.0014280016345725084,0.02,0.005,True
randomized_non_lattice_usage,two_person_average,5.0,packaging_mass_kg,0.7315418824091008,0.0010893237366623248,0.0014890791120188269,0.02,0.005,True
randomized_non_lattice_usage,two_person_average,9.0,packaging_mass_kg,0.5567693137798364,0.0008900732229787582,0.0015986391508112467,0.02,0.005,True
randomized_non_lattice_usage,two_person_average,10.0,packaging_mass_kg,0.5310986887889882,0.0008663060757537027,0.0016311583779825454,0.02,0.005,True
randomized_non_lattice_usage,family_three,1.8,packaging_mass_kg,1.8983718117357962,0.002723546057456031,0.0014346747252666633,0.02,0.005,True
randomized_non_lattice_usage,family_three,2.0,packaging_mass_kg,1.7863723481161078,0.002557334628490525,0.0014315798333910995,0.02,0.005,True
randomized_non_lattice_usage,family_three,2.1,packaging_mass_kg,1.7372662861553136,0.0025029886351562156,0.0014407627979102138,0.02,0.005,True
randomized_non_lattice_usage,family_three,2.25,packaging_mass_kg,1.6708277032822936,0.0024092773144406376,0.0014419663438113223,0.02,0.005,True
randomized_non_lattice_usage,family_three,2.4,packaging_mass_kg,1.6119290023115582,0.002343100295678874,0.0014536001848212872,0.02,0.005,True
randomized_non_lattice_usage,family_three,3.0,packaging_mass_kg,1.427843923450401,0.002048021374140373,0.0014343454074387248,0.02,0.005,True
randomized_non_lattice_usage,family_three,4.5,packaging_mass_kg,1.1588084798096405,0.0017161104060853451,0.0014809266897729757,0.02,0.005,True
randomized_non_lattice_usage,family_three,5.0,packaging_mass_kg,1.0995469485904685,0.0016281879405651042,0.0014807807366955192,0.02,0.005,True
randomized_non_lattice_usage,family_three,9.0,packaging_mass_kg,0.8362133970572162,0.0012850934082185121,0.00153680078881896,0.02,0.005,True
randomized_non_lattice_usage,family_three,10.0,packaging_mass_kg,0.7978578251852796,0.0012480161459750092,0.0015642086930527921,0.02,0.005,True
randomized_non_lattice_usage,family_four,1.8,packaging_mass_kg,2.5277205203287547,0.003524202141657745,0.001394221439164243,0.02,0.005,True
randomized_non_lattice_usage,family_four,2.0,packaging_mass_kg,2.3783991041325816,0.003329737491302657,0.0013999910635339038,0.02,0.005,True
randomized_non_lattice_usage,family_four,2.1,packaging_mass_kg,2.3128384748021573,0.003212447850234775,0.0013889633388728417,0.02,0.005,True
randomized_non_lattice_usage,family_four,2.25,packaging_mass_kg,2.2249607201455954,0.0030843828770747072,0.0013862639682344026,0.02,0.005,True
randomized_non_lattice_usage,family_four,2.4,packaging_mass_kg,2.1457471973691717,0.002990777058917946,0.0013938161320144501,0.02,0.005,True
randomized_non_lattice_usage,family_four,3.0,packaging_mass_kg,1.9011631200118373,0.0026724798738410626,0.0014057078247049222,0.02,0.005,True
randomized_non_lattice_usage,family_four,4.5,packaging_mass_kg,1.543364817611758,0.002177188288574679,0.0014106763765314512,0.02,0.005,True
randomized_non_lattice_usage,family_four,5.0,packaging_mass_kg,1.4649306414657037,0.002083043335528787,0.0014219399038883128,0.02,0.005,True
randomized_non_lattice_usage,family_four,9.0,packaging_mass_kg,1.1134571332221757,0.0016259459373054606,0.0014602681044399261,0.02,0.005,True
randomized_non_lattice_usage,family_four,10.0,packaging_mass_kg,1.0622837912923906,0.001571189599408781,0.001479067658085273,0.02,0.005,True
continuous_no_spoilage,single_low,1.8,packaging_mass_kg,0.37857147546000425,0.0007024482533262932,0.0018555234582128633,0.02,0.005,True
continuous_no_spoilage,single_low,2.0,packaging_mass_kg,0.3566244435137466,0.0006971933079943992,0.0019549790281482063,0.02,0.005,True
continuous_no_spoilage,single_low,2.1,packaging_mass_kg,0.34656028465857575,0.0006811305578927823,0.0019654028117036507,0.02,0.005,True
continuous_no_spoilage,single_low,2.25,packaging_mass_kg,0.33348147609011997,0.0006574057074383978,0.001971341002643099,0.02,0.005,True
continuous_no_spoilage,single_low,2.4,packaging_mass_kg,0.3215646061586362,0.0006355036140412391,0.0019762859527137407,0.02,0.005,True
continuous_no_spoilage,single_low,3.0,packaging_mass_kg,0.2847430391545716,0.0005805789834792944,0.0020389575991149322,0.02,0.005,True
continuous_no_spoilage,single_low,4.5,packaging_mass_kg,0.23076768927294045,0.0005455239289748761,0.0023639528163306163,0.02,0.005,True
continuous_no_spoilage,single_low,5.0,packaging_mass_kg,0.21942086105649636,0.00046506895160000297,0.0021195293344521936,0.02,0.005,True
continuous_no_spoilage,single_low,9.0,packaging_mass_kg,0.16844879560639955,0.0004795961346156405,0.0028471330583821645,0.02,0.005,True
continuous_no_spoilage,single_low,10.0,packaging_mass_kg,0.15468054880121848,0.0005745662367913157,0.0037145345115738924,0.02,0.005,True
continuous_no_spoilage,single_average,1.8,packaging_mass_kg,0.6326425654035891,0.0008904082680884471,0.0014074428702413005,0.02,0.005,True
continuous_no_spoilage,single_average,2.0,packaging_mass_kg,0.5953155785941742,0.0008467932909194244,0.0014224275684488381,0.02,0.005,True
continuous_no_spoilage,single_average,2.1,packaging_mass_kg,0.5788912017481235,0.0008650944332033197,0.0014943990003491601,0.02,0.005,True
continuous_no_spoilage,single_average,2.25,packaging_mass_kg,0.5569832858897132,0.0007973813077472679,0.0014316072455810734,0.02,0.005,True
continuous_no_spoilage,single_average,2.4,packaging_mass_kg,0.5376727805646616,0.0007992358361201682,0.0014864725628863232,0.02,0.005,True
continuous_no_spoilage,single_average,3.0,packaging_mass_kg,0.47610260847888064,0.000698567945908529,0.0014672634290755343,0.02,0.005,True
continuous_no_spoilage,single_average,4.5,packaging_mass_kg,0.38653305564953594,0.0006303408181385781,0.0016307552715752705,0.02,0.005,True
continuous_no_spoilage,single_average,5.0,packaging_mass_kg,0.36681353286039853,0.0006036220374751026,0.0016455827918018182,0.02,0.005,True
continuous_no_spoilage,single_average,9.0,packaging_mass_kg,0.2795255776148769,0.0006248301132499038,0.0022353235742554427,0.02,0.005,True
continuous_no_spoilage,single_average,10.0,packaging_mass_kg,0.2645987935359391,0.0005304098334410318,0.0020045814508560444,0.02,0.005,True
continuous_no_spoilage,two_person_low,1.8,packaging_mass_kg,0.8840119525699152,0.0012628783306201604,0.0014285760808423927,0.02,0.005,True
continuous_no_spoilage,two_person_low,2.0,packaging_mass_kg,0.8316078077943967,0.0012109253075568173,0.0014561254670858038,0.02,0.005,True
continuous_no_spoilage,two_person_low,2.1,packaging_mass_kg,0.8086933469509828,0.0011591266205038546,0.0014333327025307066,0.02,0.005,True
continuous_no_spoilage,two_person_low,2.25,packaging_mass_kg,0.7778384173076388,0.0010984731984878878,0.0014122125804612148,0.02,0.005,True
continuous_no_spoilage,two_person_low,2.4,packaging_mass_kg,0.750596732160517,0.001099329273893165,0.0014646070610097868,0.02,0.005,True
continuous_no_spoilage,two_person_low,3.0,packaging_mass_kg,0.6642148638995042,0.0009543121755034238,0.0014367522128318575,0.02,0.005,True
continuous_no_spoilage,two_person_low,4.5,packaging_mass_kg,0.539192151123045,0.0008095038543544569,0.0015013272219716086,0.02,0.005,True
continuous_no_spoilage,two_person_low,5.0,packaging_mass_kg,0.511942291354459,0.0007867800654906297,0.0015368530374957404,0.02,0.005,True
continuous_no_spoilage,two_person_low,9.0,packaging_mass_kg,0.3884835068484309,0.0006996754799506718,0.0018010429467824338,0.02,0.005,True
continuous_no_spoilage,two_person_low,10.0,packaging_mass_kg,0.3707148348364398,0.0006672517460280777,0.0017999057046704664,0.02,0.005,True
continuous_no_spoilage,two_person_average,1.8,packaging_mass_kg,1.2637307264695774,0.0017668689184988623,0.0013981371834131764,0.02,0.005,True
continuous_no_spoilage,two_person_average,2.0,packaging_mass_kg,1.1892769361269424,0.0016737337090939458,0.0014073540470268507,0.02,0.005,True
continuous_no_spoilage,two_person_average,2.1,packaging_mass_kg,1.1563204572492547,0.0016414475914476685,0.0014195438480371367,0.02,0.005,True
continuous_no_spoilage,two_person_average,2.25,packaging_mass_kg,1.1127043097820157,0.0015928536668675497,0.001431515680189643,0.02,0.005,True
continuous_no_spoilage,two_person_average,2.4,packaging_mass_kg,1.0730830870273602,0.0015004963480377657,0.0013983039768098663,0.02,0.005,True
continuous_no_spoilage,two_person_average,3.0,packaging_mass_kg,0.9507671208004149,0.0013770028293318137,0.0014483071608245846,0.02,0.005,True
continuous_no_spoilage,two_person_average,4.5,packaging_mass_kg,0.7713153040627869,0.0011517993781656084,0.0014932925252470412,0.02,0.005,True
continuous_no_spoilage,two_person_average,5.0,packaging_mass_kg,0.7325546857319246,0.0010746303811607408,0.001466962674721048,0.02,0.005,True
continuous_no_spoilage,two_person_average,9.0,packaging_mass_kg,0.5575027628173098,0.0008903661676245915,0.001597061444368768,0.02,0.005,True
continuous_no_spoilage,two_person_average,10.0,packaging_mass_kg,0.5312715162178164,0.0008306417140989659,0.0015634975502025793,0.02,0.005,True
continuous_no_spoilage,family_three,1.8,packaging_mass_kg,1.8978536769565961,0.002535934761135447,0.0013362119492805575,0.02,0.005,True
continuous_no_spoilage,family_three,2.0,packaging_mass_kg,1.7859080437521968,0.0023775254115336298,0.001331269781695167,0.02,0.005,True
continuous_no_spoilage,family_three,2.1,packaging_mass_kg,1.7365155570014528,0.002316438475496347,0.0013339578019653808,0.02,0.005,True
continuous_no_spoilage,family_three,2.25,packaging_mass_kg,1.670461240121755,0.002252513871151972,0.0013484382738433328,0.02,0.005,True
continuous_no_spoilage,family_three,2.4,packaging_mass_kg,1.6111329466090158,0.0021749887125745646,0.0013499746977133746,0.02,0.005,True
continuous_no_spoilage,family_three,3.0,packaging_mass_kg,1.427287241066912,0.001897015526394846,0.0013291056430777082,0.02,0.005,True
continuous_no_spoilage,family_three,4.5,packaging_mass_kg,1.1588649574624237,0.0016073458130876617,0.0013870001010361727,0.02,0.005,True
continuous_no_spoilage,family_three,5.0,packaging_mass_kg,1.099725678588614,0.0014983234006278158,0.00136245195488275,0.02,0.005,True
continuous_no_spoilage,family_three,9.0,packaging_mass_kg,0.8362133970572163,0.0012374551696239869,0.0014798317917158607,0.02,0.005,True
continuous_no_spoilage,family_three,10.0,packaging_mass_kg,0.7970801017555528,0.0011931968820974382,0.001496959815543565,0.02,0.005,True
continuous_no_spoilage,family_four,1.8,packaging_mass_kg,2.528941838022584,0.0032194822961116813,0.001273055096683853,0.02,0.005,True
continuous_no_spoilage,family_four,2.0,packaging_mass_kg,2.379946785345617,0.0030606027142760384,0.0012859962807242249,0.02,0.005,True
continuous_no_spoilage,family_four,2.1,packaging_mass_kg,2.314458469292067,0.002951455129747613,0.001275224925790259,0.02,0.005,True
continuous_no_spoilage,family_four,2.25,packaging_mass_kg,2.2258565189824675,0.0028714644513491328,0.0012900492133526198,0.02,0.005,True
continuous_no_spoilage,family_four,2.4,packaging_mass_kg,2.147339308774257,0.002751792583030993,0.0012814894096088475,0.02,0.005,True
continuous_no_spoilage,family_four,3.0,packaging_mass_kg,1.9021373141829425,0.002435252366873902,0.0012802715917068046,0.02,0.005,True
continuous_no_spoilage,family_four,4.5,packaging_mass_kg,1.543986071792375,0.002047519085379567,0.0013261253600575897,0.02,0.005,True
continuous_no_spoilage,family_four,5.0,packaging_mass_kg,1.4658838681224793,0.001902662644669393,0.001297962741827799,0.02,0.005,True
continuous_no_spoilage,family_four,9.0,packaging_mass_kg,1.114109087922152,0.0015483025841700562,0.0013897226052232358,0.02,0.005,True
continuous_no_spoilage,family_four,10.0,packaging_mass_kg,1.0633207558653595,0.0014639144541978542,0.001376738341768266,0.02,0.005,True
baseline,single_low,1.8,mean_age_at_consumption_days,9.885514650558472,0.02950192317517315,0.0029843588541448845,0.02,0.25,True
baseline,single_low,2.0,mean_age_at_consumption_days,11.079417963852984,0.0260476912233296,0.0023509981578735606,0.02,0.25,True
baseline,single_low,2.1,mean_age_at_consumption_days,11.773910630802343,0.030485748185038596,0.0025892627471864136,0.02,0.25,True
baseline,single_low,2.25,mean_age_at_consumption_days,12.584869418620862,0.028164490387971898,0.0022379644516850586,0.02,0.25,True
baseline,single_low,2.4,mean_age_at_consumption_days,13.401054916220232,0.03088018621551152,0.002304310101597679,0.02,0.25,True
baseline,single_low,3.0,mean_age_at_consumption_days,16.718541751031548,0.03669482621867821,0.0021948580662792616,0.02,0.25,True
baseline,single_low,4.5,mean_age_at_consumption_days,24.94200094640306,0.05946886707966456,0.0023842861367640474,0.02,0.25,True
baseline,single_low,5.0,mean_age_at_consumption_days,27.647055389852543,0.06432304752654561,0.002326578603743618,0.02,0.25,True
baseline,single_low,9.0,mean_age_at_consumption_days,47.41482572036728,0.10342909703336067,0.002181366175283276,0.02,0.25,True
baseline,single_low,10.0,mean_age_at_consumption_days,52.59894717001102,0.10363842962656877,0.001970351788441454,0.02,0.25,True
baseline,single_average,1.8,mean_age_at_consumption_days,5.817286619484464,0.011193471749027066,0.0019241740146575495,0.02,0.25,True
baseline,single_average,2.0,mean_age_at_consumption_days,6.579039353933268,0.012518916367983648,0.0019028486826878812,0.02,0.25,True
baseline,single_average,2.1,mean_age_at_consumption_days,6.852061286818302,0.012632148496450602,0.0018435545112171982,0.02,0.25,True
baseline,single_average,2.25,mean_age_at_consumption_days,7.353950882824086,0.014318129183797958,0.0019469982070779712,0.02,0.25,True
baseline,single_average,2.4,mean_age_at_consumption_days,7.876091090888235,0.014417426939439506,0.0018305307509862184,0.02,0.25,True
baseline,single_average,3.0,mean_age_at_consumption_days,9.95592942078943,0.019355172669523028,0.0019440849619832188,0.02,0.25,True
baseline,single_average,4.5,mean_age_at_consumption_days,15.16980264775672,0.02767380097009631,0.001824269017381624,0.02,0.25,True
baseline,single_average,5.0,mean_age_at_consumption_days,16.860215275085412,0.03060958841229215,0.001815492146029973,0.02,0.25,True
baseline,single_average,9.0,mean_age_at_consumption_days,29.75971722199354,0.048369874450199954,0.0016253472467289713,0.02,0.25,True
baseline,single_average,10.0,mean_age_at_consumption_days,33.003634500669875,0.057449576456779713,0.001740704541362366,0.02,0.25,True
baseline,two_person_low,1.8,mean_age_at_consumption_days,4.107967097640496,0.007895100952156531,0.0019218997534550023,0.02,0.25,True
baseline,two_person_low,2.0,mean_age_at_consumption_days,4.663872456735761,0.009289924060719728,0.0019918906760202732,0.02,0.25,True
baseline,two_person_low,2.1,mean_age_at_consumption_days,4.8371825203162295,0.009447380381074897,0.0019530750269182065,0.02,0.25,True
baseline,two_person_low,2.25,mean_age_at_consumption_days,5.19826278754148,0.009734237149811753,0.0018725942776770552,0.02,0.25,True
baseline,two_person_low,2.4,mean_age_at_consumption_days,5.58445212037973,0.010284015045303959,0.0018415441342533472,0.02,0.25,True
baseline,two_person_low,3.0,mean_age_at_consumption_days,7.042745153030577,0.014127463821100703,0.002005959823070055,0.02,0.25,True
baseline,two_person_low,4.5,mean_age_at_consumption_days,10.759001942998102,0.022837338265709425,0.002122626093637973,0.02,0.25,True
baseline,two_person_low,5.0,mean_age_at_consumption_days,12.027865387271655,0.023473319830175247,0.0019515781956635139,0.02,0.25,True
baseline,two_person_low,9.0,mean_age_at_consumption_days,21.66782490805637,0.038310975904922356,0.001768104369842764,0.02,0.25,True
baseline,two_person_low,10.0,mean_age_at_consumption_days,24.02212600657889,0.043463997601033685,0.001809331846362403,0.02,0.25,True
baseline,two_person_average,1.8,mean_age_at_consumption_days,2.859974887205522,0.0049760510735838235,0.0017398932752328874,0.02,0.25,True
baseline,two_person_average,2.0,mean_age_at_consumption_days,3.2421997530152034,0.005703420679207306,0.00175912069387557,0.02,0.25,True
baseline,two_person_average,2.1,mean_age_at_consumption_days,3.3699112945669825,0.005984429227867011,0.0017758417669673356,0.02,0.25,True
baseline,two_person_average,2.25,mean_age_at_consumption_days,3.6289188427647416,0.0065200221798222225,0.0017966844843669346,0.02,0.25,True
baseline,two_person_average,2.4,mean_age_at_consumption_days,3.8864385365669776,0.0072544561631682596,0.001866607716785447,0.02,0.25,True
baseline,two_person_average,3.0,mean_age_at_consumption_days,4.909920934738452,0.008517552512551995,0.00173476368067131,0.02,0.25,True
baseline,two_person_average,4.5,mean_age_at_consumption_days,7.478390609593062,0.012867213747220677,0.0017205859414076324,0.02,0.25,True
baseline,two_person_average,5.0,mean_age_at_consumption_days,8.379091810430246,0.013583029588248636,0.0016210622697009427,0.02,0.25,True
baseline,two_person_average,9.0,mean_age_at_consumption_days,15.261212908393304,0.024783923305868136,0.0016239812297119299,0.02,0.25,True
baseline,two_person_average,10.0,mean_age_at_consumption_days,16.957014654949294,0.0283733707092267,0.0016732527090754905,0.02,0.25,True
baseline,family_three,1.8,mean_age_at_consumption_days,1.8271625613353175,0.003176582660396248,0.0017385331374537107,0.02,0.25,True
baseline,family_three,2.0,mean_age_at_consumption_days,2.138322883153341,0.0037991051223617354,0.0017766751468137835,0.02,0.25,True
baseline,family_three,2.1,mean_age_at_consumption_days,2.1673041336221264,0.0038133145015047313,0.0017594736439374087,0.02,0.25,True
baseline,family_three,2.25,mean_age_at_consumption_days,2.341621034484826,0.004011068879813882,0.0017129453574012445,0.02,0.25,True
baseline,family_three,2.4,mean_age_at_consumption_days,2.514779583566856,0.0040296640417151,0.0016023925389117388,0.02,0.25,True
baseline,family_three,3.0,mean_age_at_consumption_days,3.1981052986529312,0.005331284772127292,0.0016670135202780452,0.02,0.25,True
baseline,family_three,4.5,mean_age_at_consumption_days,4.914867545398343,0.008120814975097564,0.0016522957943598832,0.02,0.25,True
baseline,family_three,5.0,mean_age_at_consumption_days,5.569683968470869,0.008293373830591673,0.0014890205400412656,0.02,0.25,True
baseline,family_three,9.0,mean_age_at_consumption_days,10.066143449486558,0.016697612972709955,0.0016587894913778173,0.02,0.25,True
baseline,family_three,10.0,mean_age_at_consumption_days,11.319494173614194,0.018007132660336975,0.0015908071848574033,0.02,0.25,True
baseline,family_four,1.8,mean_age_at_consumption_days,1.3506836965832771,0.002359592789546547,0.0017469617761104476,0.02,0.25,True
baseline,family_four,2.0,mean_age_at_consumption_days,1.5920398574843964,0.0028883852294674574,0.0018142669078847272,0.02,0.25,True
baseline,family_four,2.1,mean_age_at_consumption_days,1.6051813689835575,0.0028374618141644528,0.0017676892275177646,0.02,0.25,True
baseline,family_four,2.25,mean_age_at_consumption_days,1.7329224235505236,0.002872739583356319,0.0016577427496555007,0.02,0.25,True
baseline,family_four,2.4,mean_age_at_consumption_days,1.8623825682771953,0.0034469258818493687,0.001850815155039795,0.02,0.25,True
baseline,family_four,3.0,mean_age_at_consumption_days,2.3770626250739313,0.003959171372123262,0.001665573018716797,0.02,0.25,True
baseline,family_four,4.5,mean_age_at_consumption_days,3.6581086913961074,0.005667111431265978,0.0015491916477482083,0.02,0.25,True
baseline,family_four,5.0,mean_age_at_consumption_days,4.159579825779548,0.00651476888413782,0.0015662084049359207,0.02,0.25,True
baseline,family_four,9.0,mean_age_at_consumption_days,7.514398194132741,0.011826092046530342,0.0015737909731432893,0.02,0.25,True
baseline,family_four,10.0,mean_age_at_consumption_days,8.434612970711397,0.013247339579491086,0.001570592465296457,0.02,0.25,True
full_carry_no_spoilage,single_low,1.8,mean_age_at_consumption_days,9.736044375667474,0.024529283877149814,0.0025194301639024893,0.02,0.25,True
full_carry_no_spoilage,single_low,2.0,mean_age_at_consumption_days,11.007954374965829,0.02563532385759629,0.0023287999735805472,0.02,0.25,True
full_carry_no_spoilage,single_low,2.1,mean_age_at_consumption_days,11.460454920363183,0.028574524899317125,0.002493315064530754,0.02,0.25,True
full_carry_no_spoilage,single_low,2.25,mean_age_at_consumption_days,12.297689527001912,0.02738435903631761,0.0022267889408160817,0.02,0.25,True
full_carry_no_spoilage,single_low,2.4,mean_age_at_consumption_days,13.141603884544844,0.031052388720571714,0.0023629070692878524,0.02,0.25,True
full_carry_no_spoilage,single_low,3.0,mean_age_at_consumption_days,16.617245171860763,0.03835267093810777,0.0023080041572145333,0.02,0.25,True
full_carry_no_spoilage,single_low,4.5,mean_age_at_consumption_days,25.131021578772252,0.05684655127061081,0.002262007180743823,0.02,0.25,True
full_carry_no_spoilage,single_low,5.0,mean_age_at_consumption_days,28.13165933114791,0.06733188513177625,0.002393455869033118,0.02,0.25,True
full_carry_no_spoilage,single_low,9.0,mean_age_at_consumption_days,51.102303145291664,0.13066888768038393,0.002557005841965132,0.02,0.25,True
full_carry_no_spoilage,single_low,10.0,mean_age_at_consumption_days,56.62876791214698,0.13436732262164927,0.0023727749618375014,0.02,0.25,True
full_carry_no_spoilage,single_average,1.8,mean_age_at_consumption_days,5.817286619484464,0.011193471749027066,0.0019241740146575495,0.02,0.25,True
full_carry_no_spoilage,single_average,2.0,mean_age_at_consumption_days,6.579039353933268,0.012518916367983648,0.0019028486826878812,0.02,0.25,True
full_carry_no_spoilage,single_average,2.1,mean_age_at_consumption_days,6.852061286818302,0.012632148496450602,0.0018435545112171982,0.02,0.25,True
full_carry_no_spoilage,single_average,2.25,mean_age_at_consumption_days,7.353950882824086,0.014318129183797958,0.0019469982070779712,0.02,0.25,True
full_carry_no_spoilage,single_average,2.4,mean_age_at_consumption_days,7.876091090888235,0.014417426939439506,0.0018305307509862184,0.02,0.25,True
full_carry_no_spoilage,single_average,3.0,mean_age_at_consumption_days,9.935182223516845,0.019073926025483398,0.0019198365562269103,0.02,0.25,True
full_carry_no_spoilage,single_average,4.5,mean_age_at_consumption_days,15.064267446253936,0.027877942796835017,0.0018506006280290441,0.02,0.25,True
full_carry_no_spoilage,single_average,5.0,mean_age_at_consumption_days,16.8706574634346,0.03127620890950011,0.0018538820420773787,0.02,0.25,True
full_carry_no_spoilage,single_average,9.0,mean_age_at_consumption_days,30.403806836968723,0.05828277128561922,0.001916956373198365,0.02,0.25,True
full_carry_no_spoilage,single_average,10.0,mean_age_at_consumption_days,34.051294170179915,0.06229905652525577,0.001829565014883151,0.02,0.25,True
full_carry_no_spoilage,two_person_low,1.8,mean_age_at_consumption_days,4.107967097640496,0.007895100952156531,0.0019218997534550023,0.02,0.25,True
full_carry_no_spoilage,two_person_low,2.0,mean_age_at_consumption_days,4.663872456735761,0.009289924060719728,0.0019918906760202732,0.02,0.25,True
full_carry_no_spoilage,two_person_low,2.1,mean_age_at_consumption_days,4.8371825203162295,0.009447380381074897,0.0019530750269182065,0.02,0.25,True
full_carry_no_spoilage,two_person_low,2.25,mean_age_at_consumption_days,5.19826278754148,0.009734237149811753,0.0018725942776770552,0.02,0.25,True
full_carry_no_spoilage,two_person_low,2.4,mean_age_at_consumption_days,5.58445212037973,0.010284015045303959,0.0018415441342533472,0.02,0.25,True
full_carry_no_spoilage,two_person_low,3.0,mean_age_at_consumption_days,7.042745153030577,0.014127463821100703,0.002005959823070055,0.02,0.25,True
full_carry_no_spoilage,two_person_low,4.5,mean_age_at_consumption_days,10.696581235119345,0.020670796524059506,0.0019324675865773366,0.02,0.25,True
full_carry_no_spoilage,two_person_low,5.0,mean_age_at_consumption_days,11.986255079027478,0.023276899351671806,0.0019419659600269754,0.02,0.25,True
full_carry_no_spoilage,two_person_low,9.0,mean_age_at_consumption_days,21.715067182988133,0.041913511705568396,0.0019301580488962976,0.02,0.25,True
full_carry_no_spoilage,two_person_low,10.0,mean_age_at_consumption_days,24.220210999873416,0.04669535060381861,0.0019279497855762965,0.02,0.25,True
full_carry_no_spoilage,two_person_average,1.8,mean_age_at_consumption_days,2.859974887205522,0.0049760510735838235,0.0017398932752328874,0.02,0.25,True
full_carry_no_spoilage,two_person_average,2.0,mean_age_at_consumption_days,3.2421997530152034,0.005703420679207306,0.00175912069387557,0.02,0.25,True
full_carry_no_spoilage,two_person_average,2.1,mean_age_at_consumption_days,3.3699112945669825,0.005984429227867011,0.0017758417669673356,0.02,0.25,True
full_carry_no_spoilage,two_person_average,2.25,mean_age_at_consumption_days,3.6289188427647416,0.0065200221798222225,0.0017966844843669346,0.02,0.25,True
full_carry_no_spoilage,two_person_average,2.4,mean_age_at_consumption_days,3.8864385365669776,0.0072544561631682596,0.001866607716785447,0.02,0.25,True
full_carry_no_spoilage,two_person_average,3.0,mean_age_at_consumption_days,4.909920934738452,0.008517552512551995,0.00173476368067131,0.02,0.25,True
full_carry_no_spoilage,two_person_average,4.5,mean_age_at_consumption_days,7.478390609593062,0.012867213747220677,0.0017205859414076324,0.02,0.25,True
full_carry_no_spoilage,two_person_average,5.0,mean_age_at_consumption_days,8.379091825773735,0.013583030715845146,0.0016210624013051527,0.02,0.25,True
full_carry_no_spoilage,two_person_average,9.0,mean_age_at_consumption_days,15.203857446827678,0.024298169334773037,0.00159815819240287,0.02,0.25,True
full_carry_no_spoilage,two_person_average,10.0,mean_age_at_consumption_days,16.957783194192558,0.027929815832512115,0.0016470204573718747,0.02,0.25,True
full_carry_no_spoilage,family_three,1.8,mean_age_at_consumption_days,1.8271625613353175,0.003176582660396248,0.0017385331374537107,0.02,0.25,True
full_carry_no_spoilage,family_three,2.0,mean_age_at_consumption_days,2.138322883153341,0.0037991051223617354,0.0017766751468137835,0.02,0.25,True
full_carry_no_spoilage,family_three,2.1,mean_age_at_consumption_days,2.1673041336221264,0.0038133145015047313,0.0017594736439374087,0.02,0.25,True
full_carry_no_spoilage,family_three,2.25,mean_age_at_consumption_days,2.341621034484826,0.004011068879813882,0.0017129453574012445,0.02,0.25,True
full_carry_no_spoilage,family_three,2.4,mean_age_at_consumption_days,2.514779583566856,0.0040296640417151,0.0016023925389117388,0.02,0.25,True
full_carry_no_spoilage,family_three,3.0,mean_age_at_consumption_days,3.1981052986529312,0.005331284772127292,0.0016670135202780452,0.02,0.25,True
full_carry_no_spoilage,family_three,4.5,mean_age_at_consumption_days,4.914867545398343,0.008120814975097564,0.0016522957943598832,0.02,0.25,True
full_carry_no_spoilage,family_three,5.0,mean_age_at_consumption_days,5.569683968470869,0.008293373830591673,0.0014890205400412656,0.02,0.25,True
full_carry_no_spoilage,family_three,9.0,mean_age_at_consumption_days,10.056289331696666,0.01612691285199439,0.001603664365658571,0.02,0.25,True
full_carry_no_spoilage,family_three,10.0,mean_age_at_consumption_days,11.289224454145382,0.017280268001937615,0.0015306869016668662,0.02,0.25,True
full_carry_no_spoilage,family_four,1.8,mean_age_at_consumption_days,1.3506836965832771,0.002359592789546547,0.0017469617761104476,0.02,0.25,True
full_carry_no_spoilage,family_four,2.0,mean_age_at_consumption_days,1.5920398574843964,0.0028883852294674574,0.0018142669078847272,0.02,0.25,True
full_carry_no_spoilage,family_four,2.1,mean_age_at_consumption_days,1.6051813689835575,0.0028374618141644528,0.0017676892275177646,0.02,0.25,True
full_carry_no_spoilage,family_four,2.25,mean_age_at_consumption_days,1.7329224235505236,0.002872739583356319,0.0016577427496555007,0.02,0.25,True
full_carry_no_spoilage,family_four,2.4,mean_age_at_consumption_days,1.8623825682771953,0.0034469258818493687,0.001850815155039795,0.02,0.25,True
full_carry_no_spoilage,family_four,3.0,mean_age_at_consumption_days,2.3770626250739313,0.003959171372123262,0.001665573018716797,0.02,0.25,True
full_carry_no_spoilage,family_four,4.5,mean_age_at_consumption_days,3.6581086913961074,0.005667111431265978,0.0015491916477482083,0.02,0.25,True
full_carry_no_spoilage,family_four,5.0,mean_age_at_consumption_days,4.159579825779548,0.00651476888413782,0.0015662084049359207,0.02,0.25,True
full_carry_no_spoilage,family_four,9.0,mean_age_at_consumption_days,7.514398194132741,0.011826092046530342,0.0015737909731432893,0.02,0.25,True
full_carry_no_spoilage,family_four,10.0,mean_age_at_consumption_days,8.434612970711397,0.013247339579491086,0.001570592465296457,0.02,0.25,True
perfect_final_batch_adaptation,single_low,1.8,mean_age_at_consumption_days,8.44178543281096,0.023077469045580657,0.0027337189779646272,0.02,0.25,True
perfect_final_batch_adaptation,single_low,2.0,mean_age_at_consumption_days,9.344933951990848,0.02506704769692258,0.002682421066398472,0.02,0.25,True
perfect_final_batch_adaptation,single_low,2.1,mean_age_at_consumption_days,10.151987010488154,0.02750210195774291,0.0027090363619782136,0.02,0.25,True
perfect_final_batch_adaptation,single_low,2.25,mean_age_at_consumption_days,10.968961384581164,0.02695484025390675,0.002457373976336228,0.02,0.25,True
perfect_final_batch_adaptation,single_low,2.4,mean_age_at_consumption_days,11.765317323074704,0.029395013578392176,0.002498446303759378,0.02,0.25,True
perfect_final_batch_adaptation,single_low,3.0,mean_age_at_consumption_days,14.873150177978909,0.038053325222902286,0.0025585249101595033,0.02,0.25,True
perfect_final_batch_adaptation,single_low,4.5,mean_age_at_consumption_days,23.036290971894598,0.05550689742709114,0.002409541427255467,0.02,0.25,True
perfect_final_batch_adaptation,single_low,5.0,mean_age_at_consumption_days,25.77528373994588,0.06159381454559097,0.002389646421239369,0.02,0.25,True
perfect_final_batch_adaptation,single_low,9.0,mean_age_at_consumption_days,45.72990629228375,0.10428087733946448,0.0022803649907557396,0.02,0.25,True
perfect_final_batch_adaptation,single_low,10.0,mean_age_at_consumption_days,50.76819230704283,0.10217381816322832,0.0020125557661239443,0.02,0.25,True
perfect_final_batch_adaptation,single_average,1.8,mean_age_at_consumption_days,4.950240179798146,0.010417883224115132,0.0021045207597462346,0.02,0.25,True
perfect_final_batch_adaptation,single_average,2.0,mean_age_at_consumption_days,5.466725005083544,0.010913498924534632,0.001996350450111556,0.02,0.25,True
perfect_final_batch_adaptation,single_average,2.1,mean_age_at_consumption_days,5.983330638898185,0.011744686033149952,0.001962901056611624,0.02,0.25,True
perfect_final_batch_adaptation,single_average,2.25,mean_age_at_consumption_days,6.476811204026876,0.013069491287424686,0.0020178898034419923,0.02,0.25,True
perfect_final_batch_adaptation,single_average,2.4,mean_age_at_consumption_days,6.982104394381191,0.01371764476721056,0.0019646862883129844,0.02,0.25,True
perfect_final_batch_adaptation,single_average,3.0,mean_age_at_consumption_days,9.036147345849171,0.017673599521739455,0.0019558777480380473,0.02,0.25,True
perfect_final_batch_adaptation,single_average,4.5,mean_age_at_consumption_days,13.9354859793565,0.024908151785607853,0.0017873902512266773,0.02,0.25,True
perfect_final_batch_adaptation,single_average,5.0,mean_age_at_consumption_days,15.597647293600957,0.02984395843879406,0.0019133628217787532,0.02,0.25,True
perfect_final_batch_adaptation,single_average,9.0,mean_age_at_consumption_days,28.515949229655032,0.04887494230914396,0.0017139510915637583,0.02,0.25,True
perfect_final_batch_adaptation,single_average,10.0,mean_age_at_consumption_days,31.76744006257194,0.05292493851707848,0.0016660120681059876,0.02,0.25,True
perfect_final_batch_adaptation,two_person_low,1.8,mean_age_at_consumption_days,3.1388636233723086,0.006338986200846903,0.00201951628406094,0.02,0.25,True
perfect_final_batch_adaptation,two_person_low,2.0,mean_age_at_consumption_days,3.5193635441906275,0.007931453347170731,0.0022536612792568955,0.02,0.25,True
perfect_final_batch_adaptation,two_person_low,2.1,mean_age_at_consumption_days,3.8621916973565646,0.007984628091091434,0.0020673826461168215,0.02,0.25,True
perfect_final_batch_adaptation,two_person_low,2.25,mean_age_at_consumption_days,4.213411263651913,0.008890003177320705,0.0021099300830214763,0.02,0.25,True
perfect_final_batch_adaptation,two_person_low,2.4,mean_age_at_consumption_days,4.58573496826195,0.00911009766799814,0.001986616699623829,0.02,0.25,True
perfect_final_batch_adaptation,two_person_low,3.0,mean_age_at_consumption_days,6.036683313657036,0.013038100554988222,0.002159811916171185,0.02,0.25,True
perfect_final_batch_adaptation,two_person_low,4.5,mean_age_at_consumption_days,9.66720051672167,0.019283028544345344,0.001994685898051961,0.02,0.25,True
perfect_final_batch_adaptation,two_person_low,5.0,mean_age_at_consumption_days,10.788932158794603,0.022486663933492235,0.0020842344360430722,0.02,0.25,True
perfect_final_batch_adaptation,two_person_low,9.0,mean_age_at_consumption_days,20.349896079531174,0.03773738536873578,0.0018544264413563132,0.02,0.25,True
perfect_final_batch_adaptation,two_person_low,10.0,mean_age_at_consumption_days,22.74297099548326,0.04228991692753971,0.0018594719632689352,0.02,0.25,True
perfect_final_batch_adaptation,two_person_average,1.8,mean_age_at_consumption_days,2.088009765631296,0.003660332887066399,0.0017530247929466562,0.02,0.25,True
perfect_final_batch_adaptation,two_person_average,2.0,mean_age_at_consumption_days,2.343426863297561,0.004253717027014201,0.0018151695252944951,0.02,0.25,True
perfect_final_batch_adaptation,two_person_average,2.1,mean_age_at_consumption_days,2.5780090979604537,0.005238031460887755,0.00203181263597236,0.02,0.25,True
perfect_final_batch_adaptation,two_person_average,2.25,mean_age_at_consumption_days,2.837610485876516,0.005783813714858753,0.0020382690801455006,0.02,0.25,True
perfect_final_batch_adaptation,two_person_average,2.4,mean_age_at_consumption_days,3.0855832515172863,0.005721395087811476,0.0018542345551681586,0.02,0.25,True
perfect_final_batch_adaptation,two_person_average,3.0,mean_age_at_consumption_days,4.096502505826898,0.007489501779255216,0.0018282673496725777,0.02,0.25,True
perfect_final_batch_adaptation,two_person_average,4.5,mean_age_at_consumption_days,6.648784004395753,0.01206945837218209,0.0018152880833852524,0.02,0.25,True
perfect_final_batch_adaptation,two_person_average,5.0,mean_age_at_consumption_days,7.427474731276594,0.013000770586551903,0.0017503621428433189,0.02,0.25,True
perfect_final_batch_adaptation,two_person_average,9.0,mean_age_at_consumption_days,14.217793884183498,0.023332955430025767,0.0016411094168401455,0.02,0.25,True
perfect_final_batch_adaptation,two_person_average,10.0,mean_age_at_consumption_days,15.92241419091573,0.027040440930965904,0.0016982626256760347,0.02,0.25,True
perfect_final_batch_adaptation,family_three,1.8,mean_age_at_consumption_days,1.1264909028362173,0.0024795245056469877,0.0022011047753729535,0.02,0.25,True
perfect_final_batch_adaptation,family_three,2.0,mean_age_at_consumption_days,1.2562574392997956,0.002792196387327339,0.0022226307283669776,0.02,0.25,True
perfect_final_batch_adaptation,family_three,2.1,mean_age_at_consumption_days,1.4477352519475553,0.002837435151243348,0.0019599130071788393,0.02,0.25,True
perfect_final_batch_adaptation,family_three,2.25,mean_age_at_consumption_days,1.6120215711116648,0.003277466227017301,0.002033140427988895,0.02,0.25,True
perfect_final_batch_adaptation,family_three,2.4,mean_age_at_consumption_days,1.779204842096565,0.003594706088553782,0.002020400351607565,0.02,0.25,True
perfect_final_batch_adaptation,family_three,3.0,mean_age_at_consumption_days,2.4392742226664654,0.004738583913028316,0.0019426204192197736,0.02,0.25,True
perfect_final_batch_adaptation,family_three,4.5,mean_age_at_consumption_days,4.1238839827252605,0.007759008251487764,0.0018814807312693212,0.02,0.25,True
perfect_final_batch_adaptation,family_three,5.0,mean_age_at_consumption_days,4.597217705974919,0.007686959952429456,0.0016720896081207674,0.02,0.25,True
perfect_final_batch_adaptation,family_three,9.0,mean_age_at_consumption_days,9.24132803146945,0.015955951470672004,0.0017265864187849711,0.02,0.25,True
perfect_final_batch_adaptation,family_three,10.0,mean_age_at_consumption_days,10.278299361158611,0.016334383999412293,0.0015892107658529043,0.02,0.25,True
perfect_final_batch_adaptation,family_four,1.8,mean_age_at_consumption_days,0.6506297533950803,0.0016883545790772792,0.0025949544579958114,0.02,0.25,True
perfect_final_batch_adaptation,family_four,2.0,mean_age_at_consumption_days,0.7445061888770192,0.0018756539791619346,0.002519326242258764,0.02,0.25,True
perfect_final_batch_adaptation,family_four,2.1,mean_age_at_consumption_days,0.8752335680226523,0.00198638868850639,0.0022695526783714256,0.02,0.25,True
perfect_final_batch_adaptation,family_four,2.25,mean_age_at_consumption_days,0.994245256965467,0.0023232608776212406,0.0023367080318915058,0.02,0.25,True
perfect_final_batch_adaptation,family_four,2.4,mean_age_at_consumption_days,1.1118354686883707,0.002388627171956693,0.0021483638894651833,0.02,0.25,True
perfect_final_batch_adaptation,family_four,3.0,mean_age_at_consumption_days,1.5983911843632086,0.0034255468668564926,0.002143121721621115,0.02,0.25,True
perfect_final_batch_adaptation,family_four,4.5,mean_age_at_consumption_days,2.838385999292941,0.005213895132480372,0.0018369225094047054,0.02,0.25,True
perfect_final_batch_adaptation,family_four,5.0,mean_age_at_consumption_days,3.1840815997872967,0.005793135166137214,0.0018194053715596382,0.02,0.25,True
perfect_final_batch_adaptation,family_four,9.0,mean_age_at_consumption_days,6.652900946486146,0.0117649907629489,0.001768400109603736,0.02,0.25,True
perfect_final_batch_adaptation,family_four,10.0,mean_age_at_consumption_days,7.419370415742286,0.012118921992555182,0.0016334164913563922,0.02,0.25,True
zero_sku_complexity,single_low,1.8,mean_age_at_consumption_days,9.885514650558472,0.02950192317517315,0.0029843588541448845,0.02,0.25,True
zero_sku_complexity,single_low,2.0,mean_age_at_consumption_days,11.079417963852984,0.0260476912233296,0.0023509981578735606,0.02,0.25,True
zero_sku_complexity,single_low,2.1,mean_age_at_consumption_days,11.773910630802343,0.030485748185038596,0.0025892627471864136,0.02,0.25,True
zero_sku_complexity,single_low,2.25,mean_age_at_consumption_days,12.584869418620862,0.028164490387971898,0.0022379644516850586,0.02,0.25,True
zero_sku_complexity,single_low,2.4,mean_age_at_consumption_days,13.401054916220232,0.03088018621551152,0.002304310101597679,0.02,0.25,True
zero_sku_complexity,single_low,3.0,mean_age_at_consumption_days,16.718541751031548,0.03669482621867821,0.0021948580662792616,0.02,0.25,True
zero_sku_complexity,single_low,4.5,mean_age_at_consumption_days,24.94200094640306,0.05946886707966456,0.0023842861367640474,0.02,0.25,True
zero_sku_complexity,single_low,5.0,mean_age_at_consumption_days,27.647055389852543,0.06432304752654561,0.002326578603743618,0.02,0.25,True
zero_sku_complexity,single_low,9.0,mean_age_at_consumption_days,47.41482572036728,0.10342909703336067,0.002181366175283276,0.02,0.25,True
zero_sku_complexity,single_low,10.0,mean_age_at_consumption_days,52.59894717001102,0.10363842962656877,0.001970351788441454,0.02,0.25,True
zero_sku_complexity,single_average,1.8,mean_age_at_consumption_days,5.817286619484464,0.011193471749027066,0.0019241740146575495,0.02,0.25,True
zero_sku_complexity,single_average,2.0,mean_age_at_consumption_days,6.579039353933268,0.012518916367983648,0.0019028486826878812,0.02,0.25,True
zero_sku_complexity,single_average,2.1,mean_age_at_consumption_days,6.852061286818302,0.012632148496450602,0.0018435545112171982,0.02,0.25,True
zero_sku_complexity,single_average,2.25,mean_age_at_consumption_days,7.353950882824086,0.014318129183797958,0.0019469982070779712,0.02,0.25,True
zero_sku_complexity,single_average,2.4,mean_age_at_consumption_days,7.876091090888235,0.014417426939439506,0.0018305307509862184,0.02,0.25,True
zero_sku_complexity,single_average,3.0,mean_age_at_consumption_days,9.95592942078943,0.019355172669523028,0.0019440849619832188,0.02,0.25,True
zero_sku_complexity,single_average,4.5,mean_age_at_consumption_days,15.16980264775672,0.02767380097009631,0.001824269017381624,0.02,0.25,True
zero_sku_complexity,single_average,5.0,mean_age_at_consumption_days,16.860215275085412,0.03060958841229215,0.001815492146029973,0.02,0.25,True
zero_sku_complexity,single_average,9.0,mean_age_at_consumption_days,29.75971722199354,0.048369874450199954,0.0016253472467289713,0.02,0.25,True
zero_sku_complexity,single_average,10.0,mean_age_at_consumption_days,33.003634500669875,0.057449576456779713,0.001740704541362366,0.02,0.25,True
zero_sku_complexity,two_person_low,1.8,mean_age_at_consumption_days,4.107967097640496,0.007895100952156531,0.0019218997534550023,0.02,0.25,True
zero_sku_complexity,two_person_low,2.0,mean_age_at_consumption_days,4.663872456735761,0.009289924060719728,0.0019918906760202732,0.02,0.25,True
zero_sku_complexity,two_person_low,2.1,mean_age_at_consumption_days,4.8371825203162295,0.009447380381074897,0.0019530750269182065,0.02,0.25,True
zero_sku_complexity,two_person_low,2.25,mean_age_at_consumption_days,5.19826278754148,0.009734237149811753,0.0018725942776770552,0.02,0.25,True
zero_sku_complexity,two_person_low,2.4,mean_age_at_consumption_days,5.58445212037973,0.010284015045303959,0.0018415441342533472,0.02,0.25,True
zero_sku_complexity,two_person_low,3.0,mean_age_at_consumption_days,7.042745153030577,0.014127463821100703,0.002005959823070055,0.02,0.25,True
zero_sku_complexity,two_person_low,4.5,mean_age_at_consumption_days,10.759001942998102,0.022837338265709425,0.002122626093637973,0.02,0.25,True
zero_sku_complexity,two_person_low,5.0,mean_age_at_consumption_days,12.027865387271655,0.023473319830175247,0.0019515781956635139,0.02,0.25,True
zero_sku_complexity,two_person_low,9.0,mean_age_at_consumption_days,21.66782490805637,0.038310975904922356,0.001768104369842764,0.02,0.25,True
zero_sku_complexity,two_person_low,10.0,mean_age_at_consumption_days,24.02212600657889,0.043463997601033685,0.001809331846362403,0.02,0.25,True
zero_sku_complexity,two_person_average,1.8,mean_age_at_consumption_days,2.859974887205522,0.0049760510735838235,0.0017398932752328874,0.02,0.25,True
zero_sku_complexity,two_person_average,2.0,mean_age_at_consumption_days,3.2421997530152034,0.005703420679207306,0.00175912069387557,0.02,0.25,True
zero_sku_complexity,two_person_average,2.1,mean_age_at_consumption_days,3.3699112945669825,0.005984429227867011,0.0017758417669673356,0.02,0.25,True
zero_sku_complexity,two_person_average,2.25,mean_age_at_consumption_days,3.6289188427647416,0.0065200221798222225,0.0017966844843669346,0.02,0.25,True
zero_sku_complexity,two_person_average,2.4,mean_age_at_consumption_days,3.8864385365669776,0.0072544561631682596,0.001866607716785447,0.02,0.25,True
zero_sku_complexity,two_person_average,3.0,mean_age_at_consumption_days,4.909920934738452,0.008517552512551995,0.00173476368067131,0.02,0.25,True
zero_sku_complexity,two_person_average,4.5,mean_age_at_consumption_days,7.478390609593062,0.012867213747220677,0.0017205859414076324,0.02,0.25,True
zero_sku_complexity,two_person_average,5.0,mean_age_at_consumption_days,8.379091810430246,0.013583029588248636,0.0016210622697009427,0.02,0.25,True
zero_sku_complexity,two_person_average,9.0,mean_age_at_consumption_days,15.261212908393304,0.024783923305868136,0.0016239812297119299,0.02,0.25,True
zero_sku_complexity,two_person_average,10.0,mean_age_at_consumption_days,16.957014654949294,0.0283733707092267,0.0016732527090754905,0.02,0.25,True
zero_sku_complexity,family_three,1.8,mean_age_at_consumption_days,1.8271625613353175,0.003176582660396248,0.0017385331374537107,0.02,0.25,True
zero_sku_complexity,family_three,2.0,mean_age_at_consumption_days,2.138322883153341,0.0037991051223617354,0.0017766751468137835,0.02,0.25,True
zero_sku_complexity,family_three,2.1,mean_age_at_consumption_days,2.1673041336221264,0.0038133145015047313,0.0017594736439374087,0.02,0.25,True
zero_sku_complexity,family_three,2.25,mean_age_at_consumption_days,2.341621034484826,0.004011068879813882,0.0017129453574012445,0.02,0.25,True
zero_sku_complexity,family_three,2.4,mean_age_at_consumption_days,2.514779583566856,0.0040296640417151,0.0016023925389117388,0.02,0.25,True
zero_sku_complexity,family_three,3.0,mean_age_at_consumption_days,3.1981052986529312,0.005331284772127292,0.0016670135202780452,0.02,0.25,True
zero_sku_complexity,family_three,4.5,mean_age_at_consumption_days,4.914867545398343,0.008120814975097564,0.0016522957943598832,0.02,0.25,True
zero_sku_complexity,family_three,5.0,mean_age_at_consumption_days,5.569683968470869,0.008293373830591673,0.0014890205400412656,0.02,0.25,True
zero_sku_complexity,family_three,9.0,mean_age_at_consumption_days,10.066143449486558,0.016697612972709955,0.0016587894913778173,0.02,0.25,True
zero_sku_complexity,family_three,10.0,mean_age_at_consumption_days,11.319494173614194,0.018007132660336975,0.0015908071848574033,0.02,0.25,True
zero_sku_complexity,family_four,1.8,mean_age_at_consumption_days,1.3506836965832771,0.002359592789546547,0.0017469617761104476,0.02,0.25,True
zero_sku_complexity,family_four,2.0,mean_age_at_consumption_days,1.5920398574843964,0.0028883852294674574,0.0018142669078847272,0.02,0.25,True
zero_sku_complexity,family_four,2.1,mean_age_at_consumption_days,1.6051813689835575,0.0028374618141644528,0.0017676892275177646,0.02,0.25,True
zero_sku_complexity,family_four,2.25,mean_age_at_consumption_days,1.7329224235505236,0.002872739583356319,0.0016577427496555007,0.02,0.25,True
zero_sku_complexity,family_four,2.4,mean_age_at_consumption_days,1.8623825682771953,0.0034469258818493687,0.001850815155039795,0.02,0.25,True
zero_sku_complexity,family_four,3.0,mean_age_at_consumption_days,2.3770626250739313,0.003959171372123262,0.001665573018716797,0.02,0.25,True
zero_sku_complexity,family_four,4.5,mean_age_at_consumption_days,3.6581086913961074,0.005667111431265978,0.0015491916477482083,0.02,0.25,True
zero_sku_complexity,family_four,5.0,mean_age_at_consumption_days,4.159579825779548,0.00651476888413782,0.0015662084049359207,0.02,0.25,True
zero_sku_complexity,family_four,9.0,mean_age_at_consumption_days,7.514398194132741,0.011826092046530342,0.0015737909731432893,0.02,0.25,True
zero_sku_complexity,family_four,10.0,mean_age_at_consumption_days,8.434612970711397,0.013247339579491086,0.001570592465296457,0.02,0.25,True
high_sku_complexity,single_low,1.8,mean_age_at_consumption_days,9.885514650558472,0.02950192317517315,0.0029843588541448845,0.02,0.25,True
high_sku_complexity,single_low,2.0,mean_age_at_consumption_days,11.079417963852984,0.0260476912233296,0.0023509981578735606,0.02,0.25,True
high_sku_complexity,single_low,2.1,mean_age_at_consumption_days,11.773910630802343,0.030485748185038596,0.0025892627471864136,0.02,0.25,True
high_sku_complexity,single_low,2.25,mean_age_at_consumption_days,12.584869418620862,0.028164490387971898,0.0022379644516850586,0.02,0.25,True
high_sku_complexity,single_low,2.4,mean_age_at_consumption_days,13.401054916220232,0.03088018621551152,0.002304310101597679,0.02,0.25,True
high_sku_complexity,single_low,3.0,mean_age_at_consumption_days,16.718541751031548,0.03669482621867821,0.0021948580662792616,0.02,0.25,True
high_sku_complexity,single_low,4.5,mean_age_at_consumption_days,24.94200094640306,0.05946886707966456,0.0023842861367640474,0.02,0.25,True
high_sku_complexity,single_low,5.0,mean_age_at_consumption_days,27.647055389852543,0.06432304752654561,0.002326578603743618,0.02,0.25,True
high_sku_complexity,single_low,9.0,mean_age_at_consumption_days,47.41482572036728,0.10342909703336067,0.002181366175283276,0.02,0.25,True
high_sku_complexity,single_low,10.0,mean_age_at_consumption_days,52.59894717001102,0.10363842962656877,0.001970351788441454,0.02,0.25,True
high_sku_complexity,single_average,1.8,mean_age_at_consumption_days,5.817286619484464,0.011193471749027066,0.0019241740146575495,0.02,0.25,True
high_sku_complexity,single_average,2.0,mean_age_at_consumption_days,6.579039353933268,0.012518916367983648,0.0019028486826878812,0.02,0.25,True
high_sku_complexity,single_average,2.1,mean_age_at_consumption_days,6.852061286818302,0.012632148496450602,0.0018435545112171982,0.02,0.25,True
high_sku_complexity,single_average,2.25,mean_age_at_consumption_days,7.353950882824086,0.014318129183797958,0.0019469982070779712,0.02,0.25,True
high_sku_complexity,single_average,2.4,mean_age_at_consumption_days,7.876091090888235,0.014417426939439506,0.0018305307509862184,0.02,0.25,True
high_sku_complexity,single_average,3.0,mean_age_at_consumption_days,9.95592942078943,0.019355172669523028,0.0019440849619832188,0.02,0.25,True
high_sku_complexity,single_average,4.5,mean_age_at_consumption_days,15.16980264775672,0.02767380097009631,0.001824269017381624,0.02,0.25,True
high_sku_complexity,single_average,5.0,mean_age_at_consumption_days,16.860215275085412,0.03060958841229215,0.001815492146029973,0.02,0.25,True
high_sku_complexity,single_average,9.0,mean_age_at_consumption_days,29.75971722199354,0.048369874450199954,0.0016253472467289713,0.02,0.25,True
high_sku_complexity,single_average,10.0,mean_age_at_consumption_days,33.003634500669875,0.057449576456779713,0.001740704541362366,0.02,0.25,True
high_sku_complexity,two_person_low,1.8,mean_age_at_consumption_days,4.107967097640496,0.007895100952156531,0.0019218997534550023,0.02,0.25,True
high_sku_complexity,two_person_low,2.0,mean_age_at_consumption_days,4.663872456735761,0.009289924060719728,0.0019918906760202732,0.02,0.25,True
high_sku_complexity,two_person_low,2.1,mean_age_at_consumption_days,4.8371825203162295,0.009447380381074897,0.0019530750269182065,0.02,0.25,True
high_sku_complexity,two_person_low,2.25,mean_age_at_consumption_days,5.19826278754148,0.009734237149811753,0.0018725942776770552,0.02,0.25,True
high_sku_complexity,two_person_low,2.4,mean_age_at_consumption_days,5.58445212037973,0.010284015045303959,0.0018415441342533472,0.02,0.25,True
high_sku_complexity,two_person_low,3.0,mean_age_at_consumption_days,7.042745153030577,0.014127463821100703,0.002005959823070055,0.02,0.25,True
high_sku_complexity,two_person_low,4.5,mean_age_at_consumption_days,10.759001942998102,0.022837338265709425,0.002122626093637973,0.02,0.25,True
high_sku_complexity,two_person_low,5.0,mean_age_at_consumption_days,12.027865387271655,0.023473319830175247,0.0019515781956635139,0.02,0.25,True
high_sku_complexity,two_person_low,9.0,mean_age_at_consumption_days,21.66782490805637,0.038310975904922356,0.001768104369842764,0.02,0.25,True
high_sku_complexity,two_person_low,10.0,mean_age_at_consumption_days,24.02212600657889,0.043463997601033685,0.001809331846362403,0.02,0.25,True
high_sku_complexity,two_person_average,1.8,mean_age_at_consumption_days,2.859974887205522,0.0049760510735838235,0.0017398932752328874,0.02,0.25,True
high_sku_complexity,two_person_average,2.0,mean_age_at_consumption_days,3.2421997530152034,0.005703420679207306,0.00175912069387557,0.02,0.25,True
high_sku_complexity,two_person_average,2.1,mean_age_at_consumption_days,3.3699112945669825,0.005984429227867011,0.0017758417669673356,0.02,0.25,True
high_sku_complexity,two_person_average,2.25,mean_age_at_consumption_days,3.6289188427647416,0.0065200221798222225,0.0017966844843669346,0.02,0.25,True
high_sku_complexity,two_person_average,2.4,mean_age_at_consumption_days,3.8864385365669776,0.0072544561631682596,0.001866607716785447,0.02,0.25,True
high_sku_complexity,two_person_average,3.0,mean_age_at_consumption_days,4.909920934738452,0.008517552512551995,0.00173476368067131,0.02,0.25,True
high_sku_complexity,two_person_average,4.5,mean_age_at_consumption_days,7.478390609593062,0.012867213747220677,0.0017205859414076324,0.02,0.25,True
high_sku_complexity,two_person_average,5.0,mean_age_at_consumption_days,8.379091810430246,0.013583029588248636,0.0016210622697009427,0.02,0.25,True
high_sku_complexity,two_person_average,9.0,mean_age_at_consumption_days,15.261212908393304,0.024783923305868136,0.0016239812297119299,0.02,0.25,True
high_sku_complexity,two_person_average,10.0,mean_age_at_consumption_days,16.957014654949294,0.0283733707092267,0.0016732527090754905,0.02,0.25,True
high_sku_complexity,family_three,1.8,mean_age_at_consumption_days,1.8271625613353175,0.003176582660396248,0.0017385331374537107,0.02,0.25,True
high_sku_complexity,family_three,2.0,mean_age_at_consumption_days,2.138322883153341,0.0037991051223617354,0.0017766751468137835,0.02,0.25,True
high_sku_complexity,family_three,2.1,mean_age_at_consumption_days,2.1673041336221264,0.0038133145015047313,0.0017594736439374087,0.02,0.25,True
high_sku_complexity,family_three,2.25,mean_age_at_consumption_days,2.341621034484826,0.004011068879813882,0.0017129453574012445,0.02,0.25,True
high_sku_complexity,family_three,2.4,mean_age_at_consumption_days,2.514779583566856,0.0040296640417151,0.0016023925389117388,0.02,0.25,True
high_sku_complexity,family_three,3.0,mean_age_at_consumption_days,3.1981052986529312,0.005331284772127292,0.0016670135202780452,0.02,0.25,True
high_sku_complexity,family_three,4.5,mean_age_at_consumption_days,4.914867545398343,0.008120814975097564,0.0016522957943598832,0.02,0.25,True
high_sku_complexity,family_three,5.0,mean_age_at_consumption_days,5.569683968470869,0.008293373830591673,0.0014890205400412656,0.02,0.25,True
high_sku_complexity,family_three,9.0,mean_age_at_consumption_days,10.066143449486558,0.016697612972709955,0.0016587894913778173,0.02,0.25,True
high_sku_complexity,family_three,10.0,mean_age_at_consumption_days,11.319494173614194,0.018007132660336975,0.0015908071848574033,0.02,0.25,True
high_sku_complexity,family_four,1.8,mean_age_at_consumption_days,1.3506836965832771,0.002359592789546547,0.0017469617761104476,0.02,0.25,True
high_sku_complexity,family_four,2.0,mean_age_at_consumption_days,1.5920398574843964,0.0028883852294674574,0.0018142669078847272,0.02,0.25,True
high_sku_complexity,family_four,2.1,mean_age_at_consumption_days,1.6051813689835575,0.0028374618141644528,0.0017676892275177646,0.02,0.25,True
high_sku_complexity,family_four,2.25,mean_age_at_consumption_days,1.7329224235505236,0.002872739583356319,0.0016577427496555007,0.02,0.25,True
high_sku_complexity,family_four,2.4,mean_age_at_consumption_days,1.8623825682771953,0.0034469258818493687,0.001850815155039795,0.02,0.25,True
high_sku_complexity,family_four,3.0,mean_age_at_consumption_days,2.3770626250739313,0.003959171372123262,0.001665573018716797,0.02,0.25,True
high_sku_complexity,family_four,4.5,mean_age_at_consumption_days,3.6581086913961074,0.005667111431265978,0.0015491916477482083,0.02,0.25,True
high_sku_complexity,family_four,5.0,mean_age_at_consumption_days,4.159579825779548,0.00651476888413782,0.0015662084049359207,0.02,0.25,True
high_sku_complexity,family_four,9.0,mean_age_at_consumption_days,7.514398194132741,0.011826092046530342,0.0015737909731432893,0.02,0.25,True
high_sku_complexity,family_four,10.0,mean_age_at_consumption_days,8.434612970711397,0.013247339579491086,0.001570592465296457,0.02,0.25,True
packaging_logistics_dominant,single_low,1.8,mean_age_at_consumption_days,9.885514650558472,0.02950192317517315,0.0029843588541448845,0.02,0.25,True
packaging_logistics_dominant,single_low,2.0,mean_age_at_consumption_days,11.079417963852984,0.0260476912233296,0.0023509981578735606,0.02,0.25,True
packaging_logistics_dominant,single_low,2.1,mean_age_at_consumption_days,11.773910630802343,0.030485748185038596,0.0025892627471864136,0.02,0.25,True
packaging_logistics_dominant,single_low,2.25,mean_age_at_consumption_days,12.584869418620862,0.028164490387971898,0.0022379644516850586,0.02,0.25,True
packaging_logistics_dominant,single_low,2.4,mean_age_at_consumption_days,13.401054916220232,0.03088018621551152,0.002304310101597679,0.02,0.25,True
packaging_logistics_dominant,single_low,3.0,mean_age_at_consumption_days,16.718541751031548,0.03669482621867821,0.0021948580662792616,0.02,0.25,True
packaging_logistics_dominant,single_low,4.5,mean_age_at_consumption_days,24.94200094640306,0.05946886707966456,0.0023842861367640474,0.02,0.25,True
packaging_logistics_dominant,single_low,5.0,mean_age_at_consumption_days,27.647055389852543,0.06432304752654561,0.002326578603743618,0.02,0.25,True
packaging_logistics_dominant,single_low,9.0,mean_age_at_consumption_days,47.41482572036728,0.10342909703336067,0.002181366175283276,0.02,0.25,True
packaging_logistics_dominant,single_low,10.0,mean_age_at_consumption_days,52.59894717001102,0.10363842962656877,0.001970351788441454,0.02,0.25,True
packaging_logistics_dominant,single_average,1.8,mean_age_at_consumption_days,5.817286619484464,0.011193471749027066,0.0019241740146575495,0.02,0.25,True
packaging_logistics_dominant,single_average,2.0,mean_age_at_consumption_days,6.579039353933268,0.012518916367983648,0.0019028486826878812,0.02,0.25,True
packaging_logistics_dominant,single_average,2.1,mean_age_at_consumption_days,6.852061286818302,0.012632148496450602,0.0018435545112171982,0.02,0.25,True
packaging_logistics_dominant,single_average,2.25,mean_age_at_consumption_days,7.353950882824086,0.014318129183797958,0.0019469982070779712,0.02,0.25,True
packaging_logistics_dominant,single_average,2.4,mean_age_at_consumption_days,7.876091090888235,0.014417426939439506,0.0018305307509862184,0.02,0.25,True
packaging_logistics_dominant,single_average,3.0,mean_age_at_consumption_days,9.95592942078943,0.019355172669523028,0.0019440849619832188,0.02,0.25,True
packaging_logistics_dominant,single_average,4.5,mean_age_at_consumption_days,15.16980264775672,0.02767380097009631,0.001824269017381624,0.02,0.25,True
packaging_logistics_dominant,single_average,5.0,mean_age_at_consumption_days,16.860215275085412,0.03060958841229215,0.001815492146029973,0.02,0.25,True
packaging_logistics_dominant,single_average,9.0,mean_age_at_consumption_days,29.75971722199354,0.048369874450199954,0.0016253472467289713,0.02,0.25,True
packaging_logistics_dominant,single_average,10.0,mean_age_at_consumption_days,33.003634500669875,0.057449576456779713,0.001740704541362366,0.02,0.25,True
packaging_logistics_dominant,two_person_low,1.8,mean_age_at_consumption_days,4.107967097640496,0.007895100952156531,0.0019218997534550023,0.02,0.25,True
packaging_logistics_dominant,two_person_low,2.0,mean_age_at_consumption_days,4.663872456735761,0.009289924060719728,0.0019918906760202732,0.02,0.25,True
packaging_logistics_dominant,two_person_low,2.1,mean_age_at_consumption_days,4.8371825203162295,0.009447380381074897,0.0019530750269182065,0.02,0.25,True
packaging_logistics_dominant,two_person_low,2.25,mean_age_at_consumption_days,5.19826278754148,0.009734237149811753,0.0018725942776770552,0.02,0.25,True
packaging_logistics_dominant,two_person_low,2.4,mean_age_at_consumption_days,5.58445212037973,0.010284015045303959,0.0018415441342533472,0.02,0.25,True
packaging_logistics_dominant,two_person_low,3.0,mean_age_at_consumption_days,7.042745153030577,0.014127463821100703,0.002005959823070055,0.02,0.25,True
packaging_logistics_dominant,two_person_low,4.5,mean_age_at_consumption_days,10.759001942998102,0.022837338265709425,0.002122626093637973,0.02,0.25,True
packaging_logistics_dominant,two_person_low,5.0,mean_age_at_consumption_days,12.027865387271655,0.023473319830175247,0.0019515781956635139,0.02,0.25,True
packaging_logistics_dominant,two_person_low,9.0,mean_age_at_consumption_days,21.66782490805637,0.038310975904922356,0.001768104369842764,0.02,0.25,True
packaging_logistics_dominant,two_person_low,10.0,mean_age_at_consumption_days,24.02212600657889,0.043463997601033685,0.001809331846362403,0.02,0.25,True
packaging_logistics_dominant,two_person_average,1.8,mean_age_at_consumption_days,2.859974887205522,0.0049760510735838235,0.0017398932752328874,0.02,0.25,True
packaging_logistics_dominant,two_person_average,2.0,mean_age_at_consumption_days,3.2421997530152034,0.005703420679207306,0.00175912069387557,0.02,0.25,True
packaging_logistics_dominant,two_person_average,2.1,mean_age_at_consumption_days,3.3699112945669825,0.005984429227867011,0.0017758417669673356,0.02,0.25,True
packaging_logistics_dominant,two_person_average,2.25,mean_age_at_consumption_days,3.6289188427647416,0.0065200221798222225,0.0017966844843669346,0.02,0.25,True
packaging_logistics_dominant,two_person_average,2.4,mean_age_at_consumption_days,3.8864385365669776,0.0072544561631682596,0.001866607716785447,0.02,0.25,True
packaging_logistics_dominant,two_person_average,3.0,mean_age_at_consumption_days,4.909920934738452,0.008517552512551995,0.00173476368067131,0.02,0.25,True
packaging_logistics_dominant,two_person_average,4.5,mean_age_at_consumption_days,7.478390609593062,0.012867213747220677,0.0017205859414076324,0.02,0.25,True
packaging_logistics_dominant,two_person_average,5.0,mean_age_at_consumption_days,8.379091810430246,0.013583029588248636,0.0016210622697009427,0.02,0.25,True
packaging_logistics_dominant,two_person_average,9.0,mean_age_at_consumption_days,15.261212908393304,0.024783923305868136,0.0016239812297119299,0.02,0.25,True
packaging_logistics_dominant,two_person_average,10.0,mean_age_at_consumption_days,16.957014654949294,0.0283733707092267,0.0016732527090754905,0.02,0.25,True
packaging_logistics_dominant,family_three,1.8,mean_age_at_consumption_days,1.8271625613353175,0.003176582660396248,0.0017385331374537107,0.02,0.25,True
packaging_logistics_dominant,family_three,2.0,mean_age_at_consumption_days,2.138322883153341,0.0037991051223617354,0.0017766751468137835,0.02,0.25,True
packaging_logistics_dominant,family_three,2.1,mean_age_at_consumption_days,2.1673041336221264,0.0038133145015047313,0.0017594736439374087,0.02,0.25,True
packaging_logistics_dominant,family_three,2.25,mean_age_at_consumption_days,2.341621034484826,0.004011068879813882,0.0017129453574012445,0.02,0.25,True
packaging_logistics_dominant,family_three,2.4,mean_age_at_consumption_days,2.514779583566856,0.0040296640417151,0.0016023925389117388,0.02,0.25,True
packaging_logistics_dominant,family_three,3.0,mean_age_at_consumption_days,3.1981052986529312,0.005331284772127292,0.0016670135202780452,0.02,0.25,True
packaging_logistics_dominant,family_three,4.5,mean_age_at_consumption_days,4.914867545398343,0.008120814975097564,0.0016522957943598832,0.02,0.25,True
packaging_logistics_dominant,family_three,5.0,mean_age_at_consumption_days,5.569683968470869,0.008293373830591673,0.0014890205400412656,0.02,0.25,True
packaging_logistics_dominant,family_three,9.0,mean_age_at_consumption_days,10.066143449486558,0.016697612972709955,0.0016587894913778173,0.02,0.25,True
packaging_logistics_dominant,family_three,10.0,mean_age_at_consumption_days,11.319494173614194,0.018007132660336975,0.0015908071848574033,0.02,0.25,True
packaging_logistics_dominant,family_four,1.8,mean_age_at_consumption_days,1.3506836965832771,0.002359592789546547,0.0017469617761104476,0.02,0.25,True
packaging_logistics_dominant,family_four,2.0,mean_age_at_consumption_days,1.5920398574843964,0.0028883852294674574,0.0018142669078847272,0.02,0.25,True
packaging_logistics_dominant,family_four,2.1,mean_age_at_consumption_days,1.6051813689835575,0.0028374618141644528,0.0017676892275177646,0.02,0.25,True
packaging_logistics_dominant,family_four,2.25,mean_age_at_consumption_days,1.7329224235505236,0.002872739583356319,0.0016577427496555007,0.02,0.25,True
packaging_logistics_dominant,family_four,2.4,mean_age_at_consumption_days,1.8623825682771953,0.0034469258818493687,0.001850815155039795,0.02,0.25,True
packaging_logistics_dominant,family_four,3.0,mean_age_at_consumption_days,2.3770626250739313,0.003959171372123262,0.001665573018716797,0.02,0.25,True
packaging_logistics_dominant,family_four,4.5,mean_age_at_consumption_days,3.6581086913961074,0.005667111431265978,0.0015491916477482083,0.02,0.25,True
packaging_logistics_dominant,family_four,5.0,mean_age_at_consumption_days,4.159579825779548,0.00651476888413782,0.0015662084049359207,0.02,0.25,True
packaging_logistics_dominant,family_four,9.0,mean_age_at_consumption_days,7.514398194132741,0.011826092046530342,0.0015737909731432893,0.02,0.25,True
packaging_logistics_dominant,family_four,10.0,mean_age_at_consumption_days,8.434612970711397,0.013247339579491086,0.001570592465296457,0.02,0.25,True
consumer_inconvenience_dominant,single_low,1.8,mean_age_at_consumption_days,9.885514650558472,0.02950192317517315,0.0029843588541448845,0.02,0.25,True
consumer_inconvenience_dominant,single_low,2.0,mean_age_at_consumption_days,11.079417963852984,0.0260476912233296,0.0023509981578735606,0.02,0.25,True
consumer_inconvenience_dominant,single_low,2.1,mean_age_at_consumption_days,11.773910630802343,0.030485748185038596,0.0025892627471864136,0.02,0.25,True
consumer_inconvenience_dominant,single_low,2.25,mean_age_at_consumption_days,12.584869418620862,0.028164490387971898,0.0022379644516850586,0.02,0.25,True
consumer_inconvenience_dominant,single_low,2.4,mean_age_at_consumption_days,13.401054916220232,0.03088018621551152,0.002304310101597679,0.02,0.25,True
consumer_inconvenience_dominant,single_low,3.0,mean_age_at_consumption_days,16.718541751031548,0.03669482621867821,0.0021948580662792616,0.02,0.25,True
consumer_inconvenience_dominant,single_low,4.5,mean_age_at_consumption_days,24.94200094640306,0.05946886707966456,0.0023842861367640474,0.02,0.25,True
consumer_inconvenience_dominant,single_low,5.0,mean_age_at_consumption_days,27.647055389852543,0.06432304752654561,0.002326578603743618,0.02,0.25,True
consumer_inconvenience_dominant,single_low,9.0,mean_age_at_consumption_days,47.41482572036728,0.10342909703336067,0.002181366175283276,0.02,0.25,True
consumer_inconvenience_dominant,single_low,10.0,mean_age_at_consumption_days,52.59894717001102,0.10363842962656877,0.001970351788441454,0.02,0.25,True
consumer_inconvenience_dominant,single_average,1.8,mean_age_at_consumption_days,5.817286619484464,0.011193471749027066,0.0019241740146575495,0.02,0.25,True
consumer_inconvenience_dominant,single_average,2.0,mean_age_at_consumption_days,6.579039353933268,0.012518916367983648,0.0019028486826878812,0.02,0.25,True
consumer_inconvenience_dominant,single_average,2.1,mean_age_at_consumption_days,6.852061286818302,0.012632148496450602,0.0018435545112171982,0.02,0.25,True
consumer_inconvenience_dominant,single_average,2.25,mean_age_at_consumption_days,7.353950882824086,0.014318129183797958,0.0019469982070779712,0.02,0.25,True
consumer_inconvenience_dominant,single_average,2.4,mean_age_at_consumption_days,7.876091090888235,0.014417426939439506,0.0018305307509862184,0.02,0.25,True
consumer_inconvenience_dominant,single_average,3.0,mean_age_at_consumption_days,9.95592942078943,0.019355172669523028,0.0019440849619832188,0.02,0.25,True
consumer_inconvenience_dominant,single_average,4.5,mean_age_at_consumption_days,15.16980264775672,0.02767380097009631,0.001824269017381624,0.02,0.25,True
consumer_inconvenience_dominant,single_average,5.0,mean_age_at_consumption_days,16.860215275085412,0.03060958841229215,0.001815492146029973,0.02,0.25,True
consumer_inconvenience_dominant,single_average,9.0,mean_age_at_consumption_days,29.75971722199354,0.048369874450199954,0.0016253472467289713,0.02,0.25,True
consumer_inconvenience_dominant,single_average,10.0,mean_age_at_consumption_days,33.003634500669875,0.057449576456779713,0.001740704541362366,0.02,0.25,True
consumer_inconvenience_dominant,two_person_low,1.8,mean_age_at_consumption_days,4.107967097640496,0.007895100952156531,0.0019218997534550023,0.02,0.25,True
consumer_inconvenience_dominant,two_person_low,2.0,mean_age_at_consumption_days,4.663872456735761,0.009289924060719728,0.0019918906760202732,0.02,0.25,True
consumer_inconvenience_dominant,two_person_low,2.1,mean_age_at_consumption_days,4.8371825203162295,0.009447380381074897,0.0019530750269182065,0.02,0.25,True
consumer_inconvenience_dominant,two_person_low,2.25,mean_age_at_consumption_days,5.19826278754148,0.009734237149811753,0.0018725942776770552,0.02,0.25,True
consumer_inconvenience_dominant,two_person_low,2.4,mean_age_at_consumption_days,5.58445212037973,0.010284015045303959,0.0018415441342533472,0.02,0.25,True
consumer_inconvenience_dominant,two_person_low,3.0,mean_age_at_consumption_days,7.042745153030577,0.014127463821100703,0.002005959823070055,0.02,0.25,True
consumer_inconvenience_dominant,two_person_low,4.5,mean_age_at_consumption_days,10.759001942998102,0.022837338265709425,0.002122626093637973,0.02,0.25,True
consumer_inconvenience_dominant,two_person_low,5.0,mean_age_at_consumption_days,12.027865387271655,0.023473319830175247,0.0019515781956635139,0.02,0.25,True
consumer_inconvenience_dominant,two_person_low,9.0,mean_age_at_consumption_days,21.66782490805637,0.038310975904922356,0.001768104369842764,0.02,0.25,True
consumer_inconvenience_dominant,two_person_low,10.0,mean_age_at_consumption_days,24.02212600657889,0.043463997601033685,0.001809331846362403,0.02,0.25,True
consumer_inconvenience_dominant,two_person_average,1.8,mean_age_at_consumption_days,2.859974887205522,0.0049760510735838235,0.0017398932752328874,0.02,0.25,True
consumer_inconvenience_dominant,two_person_average,2.0,mean_age_at_consumption_days,3.2421997530152034,0.005703420679207306,0.00175912069387557,0.02,0.25,True
consumer_inconvenience_dominant,two_person_average,2.1,mean_age_at_consumption_days,3.3699112945669825,0.005984429227867011,0.0017758417669673356,0.02,0.25,True
consumer_inconvenience_dominant,two_person_average,2.25,mean_age_at_consumption_days,3.6289188427647416,0.0065200221798222225,0.0017966844843669346,0.02,0.25,True
consumer_inconvenience_dominant,two_person_average,2.4,mean_age_at_consumption_days,3.8864385365669776,0.0072544561631682596,0.001866607716785447,0.02,0.25,True
consumer_inconvenience_dominant,two_person_average,3.0,mean_age_at_consumption_days,4.909920934738452,0.008517552512551995,0.00173476368067131,0.02,0.25,True
consumer_inconvenience_dominant,two_person_average,4.5,mean_age_at_consumption_days,7.478390609593062,0.012867213747220677,0.0017205859414076324,0.02,0.25,True
consumer_inconvenience_dominant,two_person_average,5.0,mean_age_at_consumption_days,8.379091810430246,0.013583029588248636,0.0016210622697009427,0.02,0.25,True
consumer_inconvenience_dominant,two_person_average,9.0,mean_age_at_consumption_days,15.261212908393304,0.024783923305868136,0.0016239812297119299,0.02,0.25,True
consumer_inconvenience_dominant,two_person_average,10.0,mean_age_at_consumption_days,16.957014654949294,0.0283733707092267,0.0016732527090754905,0.02,0.25,True
consumer_inconvenience_dominant,family_three,1.8,mean_age_at_consumption_days,1.8271625613353175,0.003176582660396248,0.0017385331374537107,0.02,0.25,True
consumer_inconvenience_dominant,family_three,2.0,mean_age_at_consumption_days,2.138322883153341,0.0037991051223617354,0.0017766751468137835,0.02,0.25,True
consumer_inconvenience_dominant,family_three,2.1,mean_age_at_consumption_days,2.1673041336221264,0.0038133145015047313,0.0017594736439374087,0.02,0.25,True
consumer_inconvenience_dominant,family_three,2.25,mean_age_at_consumption_days,2.341621034484826,0.004011068879813882,0.0017129453574012445,0.02,0.25,True
consumer_inconvenience_dominant,family_three,2.4,mean_age_at_consumption_days,2.514779583566856,0.0040296640417151,0.0016023925389117388,0.02,0.25,True
consumer_inconvenience_dominant,family_three,3.0,mean_age_at_consumption_days,3.1981052986529312,0.005331284772127292,0.0016670135202780452,0.02,0.25,True
consumer_inconvenience_dominant,family_three,4.5,mean_age_at_consumption_days,4.914867545398343,0.008120814975097564,0.0016522957943598832,0.02,0.25,True
consumer_inconvenience_dominant,family_three,5.0,mean_age_at_consumption_days,5.569683968470869,0.008293373830591673,0.0014890205400412656,0.02,0.25,True
consumer_inconvenience_dominant,family_three,9.0,mean_age_at_consumption_days,10.066143449486558,0.016697612972709955,0.0016587894913778173,0.02,0.25,True
consumer_inconvenience_dominant,family_three,10.0,mean_age_at_consumption_days,11.319494173614194,0.018007132660336975,0.0015908071848574033,0.02,0.25,True
consumer_inconvenience_dominant,family_four,1.8,mean_age_at_consumption_days,1.3506836965832771,0.002359592789546547,0.0017469617761104476,0.02,0.25,True
consumer_inconvenience_dominant,family_four,2.0,mean_age_at_consumption_days,1.5920398574843964,0.0028883852294674574,0.0018142669078847272,0.02,0.25,True
consumer_inconvenience_dominant,family_four,2.1,mean_age_at_consumption_days,1.6051813689835575,0.0028374618141644528,0.0017676892275177646,0.02,0.25,True
consumer_inconvenience_dominant,family_four,2.25,mean_age_at_consumption_days,1.7329224235505236,0.002872739583356319,0.0016577427496555007,0.02,0.25,True
consumer_inconvenience_dominant,family_four,2.4,mean_age_at_consumption_days,1.8623825682771953,0.0034469258818493687,0.001850815155039795,0.02,0.25,True
consumer_inconvenience_dominant,family_four,3.0,mean_age_at_consumption_days,2.3770626250739313,0.003959171372123262,0.001665573018716797,0.02,0.25,True
consumer_inconvenience_dominant,family_four,4.5,mean_age_at_consumption_days,3.6581086913961074,0.005667111431265978,0.0015491916477482083,0.02,0.25,True
consumer_inconvenience_dominant,family_four,5.0,mean_age_at_consumption_days,4.159579825779548,0.00651476888413782,0.0015662084049359207,0.02,0.25,True
consumer_inconvenience_dominant,family_four,9.0,mean_age_at_consumption_days,7.514398194132741,0.011826092046530342,0.0015737909731432893,0.02,0.25,True
consumer_inconvenience_dominant,family_four,10.0,mean_age_at_consumption_days,8.434612970711397,0.013247339579491086,0.001570592465296457,0.02,0.25,True
no_discrete_consumption_quantum,single_low,1.8,mean_age_at_consumption_days,9.915053401458104,0.02296851343661715,0.002316529473581999,0.02,0.25,True
no_discrete_consumption_quantum,single_low,2.0,mean_age_at_consumption_days,11.060833938814307,0.025793096731224312,0.0023319305645401692,0.02,0.25,True
no_discrete_consumption_quantum,single_low,2.1,mean_age_at_consumption_days,11.602330220771094,0.026095644239623583,0.002249172687130194,0.02,0.25,True
no_discrete_consumption_quantum,single_low,2.25,mean_age_at_consumption_days,12.46550119666702,0.027584792242829455,0.002212890746037951,0.02,0.25,True
no_discrete_consumption_quantum,single_low,2.4,mean_age_at_consumption_days,13.332522157115895,0.029325146888372084,0.002199519831491188,0.02,0.25,True
no_discrete_consumption_quantum,single_low,3.0,mean_age_at_consumption_days,16.729300250117266,0.03506942177937029,0.0020962874271519194,0.02,0.25,True
no_discrete_consumption_quantum,single_low,4.5,mean_age_at_consumption_days,24.94079815934249,0.0519585953117377,0.00208327716618302,0.02,0.25,True
no_discrete_consumption_quantum,single_low,5.0,mean_age_at_consumption_days,27.695327885873954,0.05560354014290738,0.0020076866528548325,0.02,0.25,True
no_discrete_consumption_quantum,single_low,9.0,mean_age_at_consumption_days,47.467351447512065,0.10069315292999631,0.002121313910706387,0.02,0.25,True
no_discrete_consumption_quantum,single_low,10.0,mean_age_at_consumption_days,52.59732516245864,0.09742439616657747,0.001852269024435375,0.02,0.25,True
no_discrete_consumption_quantum,single_average,1.8,mean_age_at_consumption_days,5.917910328548344,0.010474072055383253,0.0017698936742680468,0.02,0.25,True
no_discrete_consumption_quantum,single_average,2.0,mean_age_at_consumption_days,6.609517863438032,0.011956095007603034,0.001808920900833137,0.02,0.25,True
no_discrete_consumption_quantum,single_average,2.1,mean_age_at_consumption_days,6.952928189737481,0.013553635019105535,0.0019493420109114163,0.02,0.25,True
no_discrete_consumption_quantum,single_average,2.25,mean_age_at_consumption_days,7.467945233595654,0.012740907878391862,0.0017060794475400017,0.02,0.25,True
no_discrete_consumption_quantum,single_average,2.4,mean_age_at_consumption_days,7.98748011164719,0.014818375303749276,0.0018552002755088436,0.02,0.25,True
no_discrete_consumption_quantum,single_average,3.0,mean_age_at_consumption_days,10.026718086485708,0.017894261799244502,0.001784657915471154,0.02,0.25,True
no_discrete_consumption_quantum,single_average,4.5,mean_age_at_consumption_days,15.14591288537793,0.024839519731559,0.0016400146970037975,0.02,0.25,True
no_discrete_consumption_quantum,single_average,5.0,mean_age_at_consumption_days,16.817787760637938,0.02735309678425638,0.00162643845751677,0.02,0.25,True
no_discrete_consumption_quantum,single_average,9.0,mean_age_at_consumption_days,29.734367247771104,0.04942946956298557,0.001662368300999942,0.02,0.25,True
no_discrete_consumption_quantum,single_average,10.0,mean_age_at_consumption_days,33.05329445623547,0.05092890229395273,0.0015408116840330585,0.02,0.25,True
no_discrete_consumption_quantum,two_person_low,1.8,mean_age_at_consumption_days,4.202952802969745,0.007465076543621582,0.0017761504574466953,0.02,0.25,True
no_discrete_consumption_quantum,two_person_low,2.0,mean_age_at_consumption_days,4.6921621473030966,0.00869798756475628,0.0018537269795238435,0.02,0.25,True
no_discrete_consumption_quantum,two_person_low,2.1,mean_age_at_consumption_days,4.9468600328396155,0.008807096280733468,0.0017803407054713019,0.02,0.25,True
no_discrete_consumption_quantum,two_person_low,2.25,mean_age_at_consumption_days,5.305780284520725,0.00963241942451903,0.0018154576533485564,0.02,0.25,True
no_discrete_consumption_quantum,two_person_low,2.4,mean_age_at_consumption_days,5.663138526168171,0.009155236622886377,0.0016166365312418115,0.02,0.25,True
no_discrete_consumption_quantum,two_person_low,3.0,mean_age_at_consumption_days,7.139483625303291,0.012890900626898849,0.0018055788490377318,0.02,0.25,True
no_discrete_consumption_quantum,two_person_low,4.5,mean_age_at_consumption_days,10.800896593458504,0.0194222157326724,0.0017982040254357538,0.02,0.25,True
no_discrete_consumption_quantum,two_person_low,5.0,mean_age_at_consumption_days,12.026500152671579,0.019791232513464166,0.0016456352440213226,0.02,0.25,True
no_discrete_consumption_quantum,two_person_low,9.0,mean_age_at_consumption_days,21.642685925444372,0.036889432239583034,0.0017044756998582011,0.02,0.25,True
no_discrete_consumption_quantum,two_person_low,10.0,mean_age_at_consumption_days,23.969147077506786,0.04141201915041631,0.0017277218507820134,0.02,0.25,True
no_discrete_consumption_quantum,two_person_average,1.8,mean_age_at_consumption_days,2.9189879865843493,0.005256332107334766,0.0018007378349937841,0.02,0.25,True
no_discrete_consumption_quantum,two_person_average,2.0,mean_age_at_consumption_days,3.2629611345948013,0.00542481484499897,0.0016625435061066488,0.02,0.25,True
no_discrete_consumption_quantum,two_person_average,2.1,mean_age_at_consumption_days,3.435774342929078,0.006069729788175813,0.001766626437695913,0.02,0.25,True
no_discrete_consumption_quantum,two_person_average,2.25,mean_age_at_consumption_days,3.688696156667048,0.005651447211164785,0.001532098869393243,0.02,0.25,True
no_discrete_consumption_quantum,two_person_average,2.4,mean_age_at_consumption_days,3.943642030505412,0.006876946394026668,0.0017438059389851181,0.02,0.25,True
no_discrete_consumption_quantum,two_person_average,3.0,mean_age_at_consumption_days,4.973783230515699,0.008038045087086415,0.0016160827109976408,0.02,0.25,True
no_discrete_consumption_quantum,two_person_average,4.5,mean_age_at_consumption_days,7.53913689802313,0.011910683903378384,0.0015798471449034884,0.02,0.25,True
no_discrete_consumption_quantum,two_person_average,5.0,mean_age_at_consumption_days,8.393754294848605,0.014190311006808431,0.0016905797463618007,0.02,0.25,True
no_discrete_consumption_quantum,two_person_average,9.0,mean_age_at_consumption_days,15.239434598530233,0.024628608324585678,0.0016161103724255613,0.02,0.25,True
no_discrete_consumption_quantum,two_person_average,10.0,mean_age_at_consumption_days,16.932460405741207,0.026651138739768702,0.001573967285388261,0.02,0.25,True
no_discrete_consumption_quantum,family_three,1.8,mean_age_at_consumption_days,1.9533522855344572,0.0033735221739098946,0.0017270423767860514,0.02,0.25,True
no_discrete_consumption_quantum,family_three,2.0,mean_age_at_consumption_days,2.179062794741025,0.0038504286709680965,0.0017670113409584914,0.02,0.25,True
no_discrete_consumption_quantum,family_three,2.1,mean_age_at_consumption_days,2.2869602910403297,0.0040925878478577805,0.0017895316608213068,0.02,0.25,True
no_discrete_consumption_quantum,family_three,2.25,mean_age_at_consumption_days,2.460380703567512,0.003831146631665634,0.0015571357010362395,0.02,0.25,True
no_discrete_consumption_quantum,family_three,2.4,mean_age_at_consumption_days,2.6310577130439707,0.004489530988583127,0.001706359752705317,0.02,0.25,True
no_discrete_consumption_quantum,family_three,3.0,mean_age_at_consumption_days,3.31462186595998,0.005462484457255824,0.0016479962656837722,0.02,0.25,True
no_discrete_consumption_quantum,family_three,4.5,mean_age_at_consumption_days,5.01603960365184,0.007769932808822661,0.0015490174366179041,0.02,0.25,True
no_discrete_consumption_quantum,family_three,5.0,mean_age_at_consumption_days,5.602821213172775,0.009084913813181002,0.001621489151183602,0.02,0.25,True
no_discrete_consumption_quantum,family_three,9.0,mean_age_at_consumption_days,10.146754053501207,0.01589896773794901,0.0015669018539444114,0.02,0.25,True
no_discrete_consumption_quantum,family_three,10.0,mean_age_at_consumption_days,11.300853514004023,0.01671166052836422,0.0014787963146018239,0.02,0.25,True
no_discrete_consumption_quantum,family_four,1.8,mean_age_at_consumption_days,1.4527629165822045,0.002607805832289059,0.0017950663542708183,0.02,0.25,True
no_discrete_consumption_quantum,family_four,2.0,mean_age_at_consumption_days,1.6242162239542008,0.0027999633224897362,0.0017238858233253854,0.02,0.25,True
no_discrete_consumption_quantum,family_four,2.1,mean_age_at_consumption_days,1.7083716312691195,0.0030227850093370295,0.001769395460571688,0.02,0.25,True
no_discrete_consumption_quantum,family_four,2.25,mean_age_at_consumption_days,1.8349603381480204,0.003187315779310453,0.001736994371511774,0.02,0.25,True
no_discrete_consumption_quantum,family_four,2.4,mean_age_at_consumption_days,1.960263204384835,0.0035261037888937633,0.0017987909893969146,0.02,0.25,True
no_discrete_consumption_quantum,family_four,3.0,mean_age_at_consumption_days,2.4765643504321377,0.004202662027052882,0.0016969726735828834,0.02,0.25,True
no_discrete_consumption_quantum,family_four,4.5,mean_age_at_consumption_days,3.75638624120428,0.006308038015549086,0.0016792836546879583,0.02,0.25,True
no_discrete_consumption_quantum,family_four,5.0,mean_age_at_consumption_days,4.188245440630628,0.006744634063432094,0.0016103722093270035,0.02,0.25,True
no_discrete_consumption_quantum,family_four,9.0,mean_age_at_consumption_days,7.619808616888407,0.012172010026347182,0.001597416764427568,0.02,0.25,True
no_discrete_consumption_quantum,family_four,10.0,mean_age_at_consumption_days,8.471680548291696,0.012995736636122357,0.00153402109086171,0.02,0.25,True
randomized_non_lattice_usage,single_low,1.8,mean_age_at_consumption_days,9.883376092377459,0.021398134955358486,0.0021650633098806967,0.02,0.25,True
randomized_non_lattice_usage,single_low,2.0,mean_age_at_consumption_days,11.002080018459415,0.025506966504510568,0.002318376748916086,0.02,0.25,True
randomized_non_lattice_usage,single_low,2.1,mean_age_at_consumption_days,11.569020160759655,0.027256703084698033,0.0023560079164827285,0.02,0.25,True
randomized_non_lattice_usage,single_low,2.25,mean_age_at_consumption_days,12.44863928424563,0.0282599254225459,0.002270121639584355,0.02,0.25,True
randomized_non_lattice_usage,single_low,2.4,mean_age_at_consumption_days,13.323727884188854,0.031137606653026253,0.0023370040970273017,0.02,0.25,True
randomized_non_lattice_usage,single_low,3.0,mean_age_at_consumption_days,16.664329630076356,0.03791848709801228,0.0022754282914312788,0.02,0.25,True
randomized_non_lattice_usage,single_low,4.5,mean_age_at_consumption_days,24.891139968581417,0.04863860476051759,0.00195405292091528,0.02,0.25,True
randomized_non_lattice_usage,single_low,5.0,mean_age_at_consumption_days,27.568325914979493,0.05686695995993727,0.00206276435266017,0.02,0.25,True
randomized_non_lattice_usage,single_low,9.0,mean_age_at_consumption_days,47.47261810128415,0.11026419252493833,0.002322690362045898,0.02,0.25,True
randomized_non_lattice_usage,single_low,10.0,mean_age_at_consumption_days,52.39281124405957,0.0955412456500364,0.0018235563883942016,0.02,0.25,True
randomized_non_lattice_usage,single_average,1.8,mean_age_at_consumption_days,5.9400668107414205,0.01157100517189052,0.001947958758808348,0.02,0.25,True
randomized_non_lattice_usage,single_average,2.0,mean_age_at_consumption_days,6.609593147886797,0.012310956217121728,0.0018625891097484202,0.02,0.25,True
randomized_non_lattice_usage,single_average,2.1,mean_age_at_consumption_days,6.9483976656808215,0.012362200654385489,0.0017791440918018052,0.02,0.25,True
randomized_non_lattice_usage,single_average,2.25,mean_age_at_consumption_days,7.46290442297195,0.014621228209250171,0.001959187386112546,0.02,0.25,True
randomized_non_lattice_usage,single_average,2.4,mean_age_at_consumption_days,7.984134969895018,0.014124004677956816,0.0017690087568926118,0.02,0.25,True
randomized_non_lattice_usage,single_average,3.0,mean_age_at_consumption_days,10.010633468535168,0.017634101550937253,0.0017615370302352712,0.02,0.25,True
randomized_non_lattice_usage,single_average,4.5,mean_age_at_consumption_days,15.14880709492508,0.02611472364729788,0.001723879872762155,0.02,0.25,True
randomized_non_lattice_usage,single_average,5.0,mean_age_at_consumption_days,16.87258819497411,0.028507021260404736,0.0016895464365624837,0.02,0.25,True
randomized_non_lattice_usage,single_average,9.0,mean_age_at_consumption_days,29.78944364965224,0.05046077403909043,0.0016939146172902596,0.02,0.25,True
randomized_non_lattice_usage,single_average,10.0,mean_age_at_consumption_days,33.050814445739846,0.052290571059542275,0.0015821265507810316,0.02,0.25,True
randomized_non_lattice_usage,two_person_low,1.8,mean_age_at_consumption_days,4.18606155083381,0.007982291741563141,0.0019068739541044661,0.02,0.25,True
randomized_non_lattice_usage,two_person_low,2.0,mean_age_at_consumption_days,4.6737306539225685,0.00836792582064529,0.0017904167869884108,0.02,0.25,True
randomized_non_lattice_usage,two_person_low,2.1,mean_age_at_consumption_days,4.921942171650034,0.009348761175352325,0.0018994049197084007,0.02,0.25,True
randomized_non_lattice_usage,two_person_low,2.25,mean_age_at_consumption_days,5.284030059245355,0.009996152468666841,0.0018917667682788416,0.02,0.25,True
randomized_non_lattice_usage,two_person_low,2.4,mean_age_at_consumption_days,5.660723841187092,0.011033130629622676,0.0019490671050486988,0.02,0.25,True
randomized_non_lattice_usage,two_person_low,3.0,mean_age_at_consumption_days,7.124131083130489,0.012693033104863088,0.0017816956140685593,0.02,0.25,True
randomized_non_lattice_usage,two_person_low,4.5,mean_age_at_consumption_days,10.778253760330038,0.01866362228196972,0.0017315998209897615,0.02,0.25,True
randomized_non_lattice_usage,two_person_low,5.0,mean_age_at_consumption_days,11.971862627247281,0.020980203527075747,0.0017524594276020168,0.02,0.25,True
randomized_non_lattice_usage,two_person_low,9.0,mean_age_at_consumption_days,21.613927099387322,0.03674730866019638,0.001700168067155091,0.02,0.25,True
randomized_non_lattice_usage,two_person_low,10.0,mean_age_at_consumption_days,23.938186732680748,0.04010553294166653,0.0016753788993931562,0.02,0.25,True
randomized_non_lattice_usage,two_person_average,1.8,mean_age_at_consumption_days,2.9182485570713936,0.005244685016785603,0.0017972029846727324,0.02,0.25,True
randomized_non_lattice_usage,two_person_average,2.0,mean_age_at_consumption_days,3.274179141897777,0.005690240632377814,0.0017379136527879908,0.02,0.25,True
randomized_non_lattice_usage,two_person_average,2.1,mean_age_at_consumption_days,3.4363529687706253,0.006041558876031179,0.0017581310566570176,0.02,0.25,True
randomized_non_lattice_usage,two_person_average,2.25,mean_age_at_consumption_days,3.6856708165390923,0.006393982792305779,0.0017348219932212603,0.02,0.25,True
randomized_non_lattice_usage,two_person_average,2.4,mean_age_at_consumption_days,3.9473185212914466,0.007356944310188134,0.0018637827858343588,0.02,0.25,True
randomized_non_lattice_usage,two_person_average,3.0,mean_age_at_consumption_days,4.966231416951562,0.009155156319539474,0.001843481616319687,0.02,0.25,True
randomized_non_lattice_usage,two_person_average,4.5,mean_age_at_consumption_days,7.538327985625407,0.011861464818062275,0.0015734874949299789,0.02,0.25,True
randomized_non_lattice_usage,two_person_average,5.0,mean_age_at_consumption_days,8.396032941457277,0.015045492339676217,0.0017919763350838893,0.02,0.25,True
randomized_non_lattice_usage,two_person_average,9.0,mean_age_at_consumption_days,15.238437801301648,0.024994073832883303,0.0016401992224392148,0.02,0.25,True
randomized_non_lattice_usage,two_person_average,10.0,mean_age_at_consumption_days,16.93515528918262,0.028004885605663662,0.0016536539008621823,0.02,0.25,True
randomized_non_lattice_usage,family_three,1.8,mean_age_at_consumption_days,1.942982538795227,0.00363172087319805,0.0018691474579333833,0.02,0.25,True
randomized_non_lattice_usage,family_three,2.0,mean_age_at_consumption_days,2.1729941180931687,0.004147495992155243,0.0019086549556768823,0.02,0.25,True
randomized_non_lattice_usage,family_three,2.1,mean_age_at_consumption_days,2.285511266703028,0.004514564638060651,0.001975297476688072,0.02,0.25,True
randomized_non_lattice_usage,family_three,2.25,mean_age_at_consumption_days,2.4597650450520816,0.0047932355028805895,0.0019486558330123356,0.02,0.25,True
randomized_non_lattice_usage,family_three,2.4,mean_age_at_consumption_days,2.6280596452615073,0.004850382436811664,0.001845613529189526,0.02,0.25,True
randomized_non_lattice_usage,family_three,3.0,mean_age_at_consumption_days,3.3123856575085164,0.005997576306696937,0.0018106515746744737,0.02,0.25,True
randomized_non_lattice_usage,family_three,4.5,mean_age_at_consumption_days,5.026678616124838,0.008819703953480236,0.0017545788436101597,0.02,0.25,True
randomized_non_lattice_usage,family_three,5.0,mean_age_at_consumption_days,5.590061719239256,0.009490674050662068,0.001697776254955847,0.02,0.25,True
randomized_non_lattice_usage,family_three,9.0,mean_age_at_consumption_days,10.163043327716808,0.016817722081218935,0.0016547919298300524,0.02,0.25,True
randomized_non_lattice_usage,family_three,10.0,mean_age_at_consumption_days,11.286170411046134,0.019180634273390874,0.0016994811858075593,0.02,0.25,True
randomized_non_lattice_usage,family_four,1.8,mean_age_at_consumption_days,1.454356768030717,0.0026612669768064073,0.0018298584194096448,0.02,0.25,True
randomized_non_lattice_usage,family_four,2.0,mean_age_at_consumption_days,1.6270279274319617,0.0031137196085309865,0.0019137468730764577,0.02,0.25,True
randomized_non_lattice_usage,family_four,2.1,mean_age_at_consumption_days,1.7119093581401692,0.003200324065173375,0.001869447146810524,0.02,0.25,True
randomized_non_lattice_usage,family_four,2.25,mean_age_at_consumption_days,1.8420142363266165,0.0033453272821090574,0.0018161245532935615,0.02,0.25,True
randomized_non_lattice_usage,family_four,2.4,mean_age_at_consumption_days,1.9643583125737518,0.0034784863473744337,0.0017708003296083154,0.02,0.25,True
randomized_non_lattice_usage,family_four,3.0,mean_age_at_consumption_days,2.479260028997246,0.004203290754400098,0.0016953811642339703,0.02,0.25,True
randomized_non_lattice_usage,family_four,4.5,mean_age_at_consumption_days,3.765748762060328,0.006633432376751654,0.0017615175084389726,0.02,0.25,True
randomized_non_lattice_usage,family_four,5.0,mean_age_at_consumption_days,4.184499912200091,0.007641729349423688,0.001826198950833741,0.02,0.25,True
randomized_non_lattice_usage,family_four,9.0,mean_age_at_consumption_days,7.618523164186056,0.01230218940362665,0.0016147735116771788,0.02,0.25,True
randomized_non_lattice_usage,family_four,10.0,mean_age_at_consumption_days,8.470062734171309,0.01475761167700956,0.0017423261362010927,0.02,0.25,True
continuous_no_spoilage,single_low,1.8,mean_age_at_consumption_days,9.914755582173951,0.023009003948305493,0.0023206829212889623,0.02,0.25,True
continuous_no_spoilage,single_low,2.0,mean_age_at_consumption_days,11.063143282495261,0.0261196505649942,0.002360961066672815,0.02,0.25,True
continuous_no_spoilage,single_low,2.1,mean_age_at_consumption_days,11.599165618464147,0.025817896549697746,0.00222584084053421,0.02,0.25,True
continuous_no_spoilage,single_low,2.25,mean_age_at_consumption_days,12.473881946331993,0.0278639330700296,0.0022337820086731804,0.02,0.25,True
continuous_no_spoilage,single_low,2.4,mean_age_at_consumption_days,13.333225413576562,0.0302597841546997,0.0022695021809117292,0.02,0.25,True
continuous_no_spoilage,single_low,3.0,mean_age_at_consumption_days,16.774861099466378,0.03658483771650458,0.0021809323784903576,0.02,0.25,True
continuous_no_spoilage,single_low,4.5,mean_age_at_consumption_days,25.332233801483877,0.05658625205580442,0.002233764795447679,0.02,0.25,True
continuous_no_spoilage,single_low,5.0,mean_age_at_consumption_days,28.227513347586854,0.06425356656861392,0.002276274419833262,0.02,0.25,True
continuous_no_spoilage,single_low,9.0,mean_age_at_consumption_days,51.403546093148684,0.11665661398195357,0.002269427361500691,0.02,0.25,True
continuous_no_spoilage,single_low,10.0,mean_age_at_consumption_days,56.70834668210076,0.12398633702439821,0.0021863860309567595,0.02,0.25,True
continuous_no_spoilage,single_average,1.8,mean_age_at_consumption_days,5.917910328548344,0.010474072055383253,0.0017698936742680468,0.02,0.25,True
continuous_no_spoilage,single_average,2.0,mean_age_at_consumption_days,6.609517863438032,0.011956095007603034,0.001808920900833137,0.02,0.25,True
continuous_no_spoilage,single_average,2.1,mean_age_at_consumption_days,6.952928189737481,0.013553635019105535,0.0019493420109114163,0.02,0.25,True
continuous_no_spoilage,single_average,2.25,mean_age_at_consumption_days,7.467945233595654,0.012740907878391862,0.0017060794475400017,0.02,0.25,True
continuous_no_spoilage,single_average,2.4,mean_age_at_consumption_days,7.987482296529049,0.014818489893549523,0.001855214114213296,0.02,0.25,True
continuous_no_spoilage,single_average,3.0,mean_age_at_consumption_days,10.02652502839291,0.017890956770181494,0.0017843626500226395,0.02,0.25,True
continuous_no_spoilage,single_average,4.5,mean_age_at_consumption_days,15.14557880952843,0.025425922875995835,0.00167876864897364,0.02,0.25,True
continuous_no_spoilage,single_average,5.0,mean_age_at_consumption_days,16.87373337641289,0.028774300079778083,0.0017052717047195088,0.02,0.25,True
continuous_no_spoilage,single_average,9.0,mean_age_at_consumption_days,30.4593668380391,0.05238340800409163,0.0017197799377324137,0.02,0.25,True
continuous_no_spoilage,single_average,10.0,mean_age_at_consumption_days,33.986341906635026,0.06161522489398534,0.00181294077083231,0.02,0.25,True
continuous_no_spoilage,two_person_low,1.8,mean_age_at_consumption_days,4.202952802969745,0.007465076543621582,0.0017761504574466953,0.02,0.25,True
continuous_no_spoilage,two_person_low,2.0,mean_age_at_consumption_days,4.6921621473030966,0.00869798756475628,0.0018537269795238435,0.02,0.25,True
continuous_no_spoilage,two_person_low,2.1,mean_age_at_consumption_days,4.9468600328396155,0.008807096280733468,0.0017803407054713019,0.02,0.25,True
continuous_no_spoilage,two_person_low,2.25,mean_age_at_consumption_days,5.305780284520725,0.00963241942451903,0.0018154576533485564,0.02,0.25,True
continuous_no_spoilage,two_person_low,2.4,mean_age_at_consumption_days,5.663138526168171,0.009155236622886377,0.0016166365312418115,0.02,0.25,True
continuous_no_spoilage,two_person_low,3.0,mean_age_at_consumption_days,7.139483625303291,0.012890900626898849,0.0018055788490377318,0.02,0.25,True
continuous_no_spoilage,two_person_low,4.5,mean_age_at_consumption_days,10.801015096972641,0.01933799481898557,0.0017903867965526421,0.02,0.25,True
continuous_no_spoilage,two_person_low,5.0,mean_age_at_consumption_days,12.024518083618611,0.019617725968903304,0.0016314771063988972,0.02,0.25,True
continuous_no_spoilage,two_person_low,9.0,mean_age_at_consumption_days,21.820169457430055,0.03898201323659961,0.0017865128551201844,0.02,0.25,True
continuous_no_spoilage,two_person_low,10.0,mean_age_at_consumption_days,24.298932181720343,0.04175060596787593,0.0017182074362627412,0.02,0.25,True
continuous_no_spoilage,two_person_average,1.8,mean_age_at_consumption_days,2.9189879865843493,0.005256332107334766,0.0018007378349937841,0.02,0.25,True
continuous_no_spoilage,two_person_average,2.0,mean_age_at_consumption_days,3.2629611345948013,0.00542481484499897,0.0016625435061066488,0.02,0.25,True
continuous_no_spoilage,two_person_average,2.1,mean_age_at_consumption_days,3.435774342929078,0.006069729788175813,0.001766626437695913,0.02,0.25,True
continuous_no_spoilage,two_person_average,2.25,mean_age_at_consumption_days,3.688696156667048,0.005651447211164785,0.001532098869393243,0.02,0.25,True
continuous_no_spoilage,two_person_average,2.4,mean_age_at_consumption_days,3.943642030505412,0.006876946394026668,0.0017438059389851181,0.02,0.25,True
continuous_no_spoilage,two_person_average,3.0,mean_age_at_consumption_days,4.973783230515699,0.008038045087086415,0.0016160827109976408,0.02,0.25,True
continuous_no_spoilage,two_person_average,4.5,mean_age_at_consumption_days,7.53913689802313,0.011910683903378384,0.0015798471449034884,0.02,0.25,True
continuous_no_spoilage,two_person_average,5.0,mean_age_at_consumption_days,8.393754294848605,0.014190311006808431,0.0016905797463618007,0.02,0.25,True
continuous_no_spoilage,two_person_average,9.0,mean_age_at_consumption_days,15.251122445841395,0.024386331687482676,0.0015989860270338482,0.02,0.25,True
continuous_no_spoilage,two_person_average,10.0,mean_age_at_consumption_days,16.954928361128637,0.02630460585460938,0.0015514430550421013,0.02,0.25,True
continuous_no_spoilage,family_three,1.8,mean_age_at_consumption_days,1.9533522855344572,0.0033735221739098946,0.0017270423767860514,0.02,0.25,True
continuous_no_spoilage,family_three,2.0,mean_age_at_consumption_days,2.179062794741025,0.0038504286709680965,0.0017670113409584914,0.02,0.25,True
continuous_no_spoilage,family_three,2.1,mean_age_at_consumption_days,2.2869602910403297,0.0040925878478577805,0.0017895316608213068,0.02,0.25,True
continuous_no_spoilage,family_three,2.25,mean_age_at_consumption_days,2.460380703567512,0.003831146631665634,0.0015571357010362395,0.02,0.25,True
continuous_no_spoilage,family_three,2.4,mean_age_at_consumption_days,2.6310577130439707,0.004489530988583127,0.001706359752705317,0.02,0.25,True
continuous_no_spoilage,family_three,3.0,mean_age_at_consumption_days,3.31462186595998,0.005462484457255824,0.0016479962656837722,0.02,0.25,True
continuous_no_spoilage,family_three,4.5,mean_age_at_consumption_days,5.01603960365184,0.007769932808822661,0.0015490174366179041,0.02,0.25,True
continuous_no_spoilage,family_three,5.0,mean_age_at_consumption_days,5.602821213172775,0.009084913813181002,0.001621489151183602,0.02,0.25,True
continuous_no_spoilage,family_three,9.0,mean_age_at_consumption_days,10.146672719067269,0.015891386384005217,0.0015661672376741478,0.02,0.25,True
continuous_no_spoilage,family_three,10.0,mean_age_at_consumption_days,11.301610948201775,0.016743742718941846,0.0014815359328579597,0.02,0.25,True
continuous_no_spoilage,family_four,1.8,mean_age_at_consumption_days,1.4527629165822045,0.002607805832289059,0.0017950663542708183,0.02,0.25,True
continuous_no_spoilage,family_four,2.0,mean_age_at_consumption_days,1.6242162239542008,0.0027999633224897362,0.0017238858233253854,0.02,0.25,True
continuous_no_spoilage,family_four,2.1,mean_age_at_consumption_days,1.7083716312691195,0.0030227850093370295,0.001769395460571688,0.02,0.25,True
continuous_no_spoilage,family_four,2.25,mean_age_at_consumption_days,1.8349603381480204,0.003187315779310453,0.001736994371511774,0.02,0.25,True
continuous_no_spoilage,family_four,2.4,mean_age_at_consumption_days,1.960263204384835,0.0035261037888937633,0.0017987909893969146,0.02,0.25,True
continuous_no_spoilage,family_four,3.0,mean_age_at_consumption_days,2.4765643504321377,0.004202662027052882,0.0016969726735828834,0.02,0.25,True
continuous_no_spoilage,family_four,4.5,mean_age_at_consumption_days,3.75638624120428,0.006308038015549086,0.0016792836546879583,0.02,0.25,True
continuous_no_spoilage,family_four,5.0,mean_age_at_consumption_days,4.188245440630628,0.006744634063432094,0.0016103722093270035,0.02,0.25,True
continuous_no_spoilage,family_four,9.0,mean_age_at_consumption_days,7.619808616888407,0.012172010026347182,0.001597416764427568,0.02,0.25,True
continuous_no_spoilage,family_four,10.0,mean_age_at_consumption_days,8.471680548291696,0.012995736636122357,0.00153402109086171,0.02,0.25,True
