regime,household,package_kg,scenario_weight,generalized_cost_jpy,generalized_cost_jpy_se,generalized_cost_jpy_ci_low,generalized_cost_jpy_ci_high,product_cost_jpy,product_cost_jpy_se,product_cost_jpy_ci_low,product_cost_jpy_ci_high,unmet_demand_cost_jpy,unmet_demand_cost_jpy_se,unmet_demand_cost_jpy_ci_low,unmet_demand_cost_jpy_ci_high,purchase_event_cost_jpy,purchase_event_cost_jpy_se,purchase_event_cost_jpy_ci_low,purchase_event_cost_jpy_ci_high,packaging_cost_jpy,packaging_cost_jpy_se,packaging_cost_jpy_ci_low,packaging_cost_jpy_ci_high,storage_cost_jpy,storage_cost_jpy_se,storage_cost_jpy_ci_low,storage_cost_jpy_ci_high,freshness_cost_jpy,freshness_cost_jpy_se,freshness_cost_jpy_ci_low,freshness_cost_jpy_ci_high,handling_cost_jpy,handling_cost_jpy_se,handling_cost_jpy_ci_low,handling_cost_jpy_ci_high,adaptation_cost_jpy,adaptation_cost_jpy_se,adaptation_cost_jpy_ci_low,adaptation_cost_jpy_ci_high,physical_discard_kg,physical_discard_kg_se,physical_discard_kg_ci_low,physical_discard_kg_ci_high,purchases,purchases_se,purchases_ci_low,purchases_ci_high,openings,openings_se,openings_ci_low,openings_ci_high,packaging_mass_kg,packaging_mass_kg_se,packaging_mass_kg_ci_low,packaging_mass_kg_ci_high,storage_kg_days,storage_kg_days_se,storage_kg_days_ci_low,storage_kg_days_ci_high,mean_age_at_consumption_days,mean_age_at_consumption_days_se,mean_age_at_consumption_days_ci_low,mean_age_at_consumption_days_ci_high,freshness_penalty_jpy,freshness_penalty_jpy_se,freshness_penalty_jpy_ci_low,freshness_penalty_jpy_ci_high,adaptation_events,adaptation_events_se,adaptation_events_ci_low,adaptation_events_ci_high,purchased_kg,purchased_kg_se,purchased_kg_ci_low,purchased_kg_ci_high,ending_inventory_kg,ending_inventory_kg_se,ending_inventory_kg_ci_low,ending_inventory_kg_ci_high,consumed_kg,consumed_kg_se,consumed_kg_ci_low,consumed_kg_ci_high,demanded_kg,demanded_kg_se,demanded_kg_ci_low,demanded_kg_ci_high,unmet_demand_kg,unmet_demand_kg_se,unmet_demand_kg_ci_low,unmet_demand_kg_ci_high,opening_demand_backlog_kg,opening_demand_backlog_kg_se,opening_demand_backlog_kg_ci_low,opening_demand_backlog_kg_ci_high,service_level_fraction,service_level_fraction_se,service_level_fraction_ci_low,service_level_fraction_ci_high
dense_candidate_grid,single_low,1.5,0.1905,30316.631481652425,109.33254622921011,30102.34362870511,30530.919334599737,27558.490298172994,99.29221430653051,27363.881134186962,27753.099462159025,0.00010296536842263985,0.00010296536842263985,0.0,0.00030477378218591173,2575.0,9.980139007206994,2555.439286985171,2594.560713014829,148.65620264073715,0.5761590550050836,147.52695164356055,149.78545363791375,20.629691588878995,0.05471709767040767,20.522448048106437,20.736935129651553,0.001019617777626331,0.0006915890111591614,0.0,0.002375107331601957,0.0,0.0,0.0,0.0,13.854166666666664,1.4226429150551496,11.065837790297495,16.64249554303583,5.10779347458401e-06,3.4648008945745568e-06,0.0,1.1898678441552302e-05,21.458333333333332,0.08316782506005829,21.29532739154309,21.621339275123574,21.458333333333332,0.08316782506005829,21.29532739154309,21.621339275123574,0.4247320075449632,0.0016461687285859526,0.42150557612445866,0.42795843896546776,257.87114486098744,0.6839637208800956,256.53060060133043,259.21168912064445,8.013453400893184,0.03763212838983051,7.939695784587529,8.08721101719884,0.001019617777626331,0.0006915890111591614,0.0,0.002375107331601957,1.3854166666666665,0.14226429150551495,1.1065837790297497,1.6642495543035833,32.1875,0.12475173759008742,31.94299108731464,32.43200891268536,0.6866768725868796,0.05400071090138866,0.5808374240805984,0.7925163210931608,32.19023431443213,0.1159798844137867,31.962917918049992,32.417550710814275,32.189453125,0.11596676309914912,31.96216244592198,32.416743804078024,6.056786377802344e-08,6.056786377802344e-08,0.0,1.7927869540347745e-07,0.0007812499999999999,0.0005480252925095325,0.0,0.0018553598359357117,0.9999999980756834,1.9243165619992064e-09,0.9999999943040923,1.0000000018472746
dense_candidate_grid,single_low,1.75,0.1905,29848.732411115612,107.45284220093895,29638.128710365305,30059.33611186592,27452.3325433374,98.83912860122629,27258.611411015674,27646.05367565913,1.5639600879236708,0.9092886999398768,0.0,3.3461331913550776,2207.5,8.158888424133542,2191.5088725348173,2223.4911274651827,135.65857853448315,0.5013921658162653,134.67586794735274,136.64128912161357,24.62814534341729,0.055345938561878645,24.51966929714544,24.73662138968914,0.017933812385462933,0.005430374159418847,0.007290474610425023,0.028577150160500844,0.0,0.0,0.0,0.0,27.031249999999996,1.1857778692034155,24.707168082696654,29.35533191730334,9.001722878623132e-05,2.7274391992012777e-05,3.656040278165862e-05,0.00014347405479080402,18.395833333333332,0.06799073686777954,18.262573937790144,18.52909272887652,18.395833333333332,0.06799073686777954,18.262573937790144,18.52909272887652,0.3875959386699519,0.0014325490451893286,0.3847881941352936,0.3904036832046102,307.85181679271614,0.6918242320234828,306.495866214318,309.20776737111424,9.568417542109517,0.042141129975977486,9.485822445088779,9.651012639130254,0.017933812385462933,0.005430374159418847,0.007290474610425023,0.028577150160500844,2.7031249999999996,0.11857778692034156,2.4707168082696653,2.935533191730334,32.19270833333333,0.11898378951861416,31.95950439113275,32.4259122755339,0.8491842436504209,0.06319014315336946,0.7253338388918864,0.9730346484089554,32.18931439847769,0.11590217493762348,31.96215030987009,32.41647848708529,32.189453125,0.11596676309914912,31.96216244592198,32.416743804078024,0.0009199765223080417,0.0005348757058469864,0.0,0.001968313641973575,0.0007812499999999999,0.0005480252925095325,0.0,0.0018553598359357117,0.999971956091213,1.6319863975984177e-05,0.9999399697455875,1.0000039424368385
dense_candidate_grid,single_low,1.8,0.1905,29757.680715670253,107.03144975592147,29547.90292893554,29967.458502404967,27433.250105942283,98.82079505332362,27239.564906714153,27626.935305170413,0.0,0.0,0.0,0.0,2145.625,7.8864555128115414,2130.167831229212,2161.082168770788,133.40675227460204,0.4903496262964498,132.44568466722833,134.36781988197575,25.260673297596824,0.07843917162971865,25.10693534622542,25.41441124896823,0.03401748910636923,0.009386964880878448,0.015619376015705153,0.05241560219703331,0.0,0.0,0.0,0.0,20.104166666666664,1.8603835790738097,16.457881854252275,23.750451479081054,0.00017087974457360544,4.721259730161003e-05,7.834475424585685e-05,0.00026341473490135403,17.880208333333332,0.06572046260676283,17.751398593576766,18.009018073089898,17.880208333333332,0.06572046260676283,17.751398593576766,18.009018073089898,0.38116214935600584,0.0014009989322755708,0.37841624190636663,0.38390805680564505,315.7584162199603,0.9804896453714831,313.83669182781773,317.68014061210283,9.81635730187236,0.05030916829829571,9.717753143915536,9.914961459829184,0.03401748910636923,0.009386964880878448,0.015619376015705153,0.05241560219703331,2.010416666666666,0.18603835790738094,1.6457881854252272,2.375045147908105,32.184375,0.11829683269217306,31.952517468438185,32.416232531561825,0.910964640245892,0.06493311045470769,0.7836980823505036,1.0382311981412804,32.189453125,0.11596676309914912,31.96216244592198,32.416743804078024,32.189453125,0.11596676309914912,31.96216244592198,32.416743804078024,0.0,0.0,0.0,0.0,0.0,0.0,0.0,0.0,1.0,0.0,1.0,1.0
dense_candidate_grid,single_low,2.0,0.1905,29469.03048417585,105.68760146682946,29261.886591688442,29676.17437666326,27361.304251421207,98.46963942506345,27168.307304577436,27554.301198264977,0.8963489197905248,0.5373971427780493,0.0,1.9496279650302306,1928.125,6.8533207974222945,1914.692738062553,1941.557261937447,125.33315923314566,0.4454837454932412,124.4600271362809,126.20629133001043,28.4644441519004,0.06347946567304726,28.34002668542338,28.58886161837742,0.16769711647542582,0.028625733440001095,0.11159170990197981,0.22380252304887183,0.0,0.0,0.0,0.0,24.73958333333333,1.1896931328416953,22.40782764030898,27.071339026357677,0.0008438466248275234,0.00014431740754866353,0.000560989703689954,0.0011267035459650927,16.067708333333332,0.05711100664518576,15.95577281718794,16.179643849478722,16.067708333333332,0.05711100664518576,15.95577281718794,16.179643849478722,0.35809474066613045,0.001272810701409261,0.3556000775322311,0.3605894038000298,355.80555189875497,0.7934933209130903,354.2503335677922,357.36077022971773,11.068651408034263,0.04806692251181456,10.97444197106343,11.162860845005097,0.16769711647542582,0.028625733440001095,0.11159170990197981,0.22380252304887183,2.4739583333333335,0.11896931328416953,2.2407827640308984,2.7071339026357686,32.135416666666664,0.11422201329037152,31.91154563437588,32.359287698957445,0.8722183549699085,0.0715135159524987,0.7320544392951804,1.0123822706446366,32.18892586092954,0.11590804636640634,31.96175026453298,32.41610145732609,32.189453125,0.11596676309914912,31.96216244592198,32.416743804078024,0.0005272640704650146,0.000316115966340029,0.0,0.0011468399794295474,0.0,0.0,0.0,0.0,0.9999840189750382,9.518344415858329e-06,0.9999653633627906,1.0000026745872856
dense_candidate_grid,single_low,2.1,0.1905,29358.458927950458,105.54479120477453,29151.5949384333,29565.322917467616,27329.020725666112,98.38078783020589,27136.197924748234,27521.84352658399,0.7673493802421762,0.7368260004986454,0.0,2.2115018040922134,1840.0,7.014723744122017,1826.251394100023,1853.748605899977,122.13968212707663,0.4656392001719136,121.22704606494963,123.05231818920362,30.18710411543183,0.08112497807525412,30.02810208015773,30.34610615070593,0.25031666159318405,0.030651583854897795,0.190240661168475,0.3103926620178931,0.0,0.0,0.0,0.0,36.09375,1.5422380027768068,33.071019058968474,39.116480941031526,0.001258352300109011,0.000154402035872483,0.0009557298706592827,0.001560974729558739,15.333333333333332,0.0584560312010168,15.21876161750019,15.447905049166474,15.333333333333332,0.0584560312010168,15.21876161750019,15.447905049166474,0.3489705203630761,0.0013303977147768938,0.34636298875699895,0.3515780519691532,377.33880144289776,1.0140622259406764,375.35127600197154,379.326326883824,11.721281900032757,0.05175825872901674,11.619837577021379,11.822726223044135,0.25031666159318405,0.030651583854897795,0.190240661168475,0.3103926620178931,3.6093749999999996,0.1542238002776807,3.307101905896847,3.911648094103152,32.2,0.12275766552213514,31.959399396750403,32.4406006032496,0.9358617360712826,0.07117498978593939,0.7963613194908352,1.07536215265173,32.18979590727164,0.11596716570356334,31.962504439103466,32.41708737543981,32.189453125,0.11596676309914912,31.96216244592198,32.416743804078024,0.0004513819883777508,0.00043342705911685037,0.0,0.0013008834141718904,0.0007941642600164228,0.0005570914217621515,0.0,0.001886043382766453,0.9999860726982293,1.3357220920680371e-05,0.9999598930262912,1.0000122523701673
dense_candidate_grid,single_low,2.25,0.1905,29187.284190997823,104.92792381214342,28981.62923935346,29392.939142642186,27283.936544228243,98.17531245029198,27091.516467654703,27476.356620801784,0.16670151315047027,0.1667015131504703,0.0,0.49343047509372223,1718.75,6.604997506698399,1705.8044427688942,1731.6955572311058,117.57359733946538,0.451824475508789,116.68803764013445,118.4591570387963,32.29860176549249,0.08215102211537596,32.1375887208532,32.45961481013178,0.6524961514705108,0.058934399969745296,0.5369868500793316,0.76800545286169,0.0,0.0,0.0,0.0,33.90625,1.376041147228833,31.20925891018631,36.60324108981369,0.0032806461194440075,0.0002975499299292321,0.0026974589731802957,0.0038638332657077194,14.322916666666668,0.05504164588915333,14.215037023074121,14.430796310259215,14.322916666666668,0.05504164588915333,14.215037023074121,14.430796310259215,0.33592456382704394,0.001290927072882254,0.333394393257527,0.3384547343965609,403.7325220686562,1.0268877764422,401.71985901066506,405.7451851266473,12.531456206052384,0.05228755720596727,12.428974477089112,12.633937935015657,0.6524961514705108,0.058934399969745296,0.5369868500793316,0.76800545286169,3.390625,0.1376041147228833,3.120925891018631,3.660324108981369,32.2265625,0.12384370325059497,31.983833301916768,32.46929169808323,1.0612080056694895,0.0739306319941088,0.9163066296067516,1.2061093817322273,32.19026456653539,0.11598823144411662,31.962931810274426,32.417597322796354,32.189453125,0.11596676309914912,31.96216244592198,32.416743804078024,9.805971361792368e-05,9.805971361792368e-05,0.0,0.00029025322064336596,0.0009095012490075747,0.0005806725610556077,0.0,0.0020475985554872017,0.9999968845206157,3.1154793842091547e-06,0.9999907782932281,1.0000029907480035
dense_candidate_grid,single_low,2.4,0.1905,29029.27029238452,104.70755846324786,28824.047248887433,29234.49333588161,27242.193763257856,97.8518713312392,27050.40761962878,27433.979906886932,0.0,0.0,0.0,0.0,1611.25,6.328867473100025,1598.845647689797,1623.654352310203,113.41279901118075,0.44547685008229165,112.53968042907312,114.28591759328839,34.424374803959466,0.08982580986703212,34.24831945173794,34.60043015618099,1.3747719781935175,0.09129088165680008,1.1958451380292812,1.5536988183577538,0.0,0.0,0.0,0.0,26.614583333333336,1.174980269966439,24.311664321653964,28.917502345012707,0.006939004886568529,0.0004621576066754744,0.006033192622303371,0.007844817150833686,13.427083333333332,0.05274056227583354,13.323713730748306,13.530452935918358,13.427083333333332,0.05274056227583354,13.323713730748306,13.530452935918358,0.3240365686033736,0.0012727910002351187,0.3215419440830661,0.3265311931236811,430.30468504949334,1.1228226233379015,428.1039931467243,432.5053769522624,13.384532470701423,0.0524759425116598,13.281681513323775,13.48738342807907,1.3747719781935175,0.09129088165680008,1.1958451380292812,1.5536988183577538,2.661458333333333,0.11749802699664388,2.431166432165396,2.89175023450127,32.224999999999994,0.12657734946200042,31.97691295379593,32.47308704620406,1.2026170532101168,0.09406008495144665,1.0182626743225034,1.3869714320977302,32.189453125,0.11596676309914912,31.96216244592198,32.416743804078024,32.189453125,0.11596676309914912,31.96216244592198,32.416743804078024,0.0,0.0,0.0,0.0,0.0,0.0,0.0,0.0,1.0,0.0,1.0,1.0
dense_candidate_grid,single_low,2.5,0.1905,28930.554777003603,103.32877241347877,28728.03410450645,29133.075449500757,27215.7646527978,97.67590543268793,27024.323395992393,27407.205909603206,0.3529110318684938,0.3529110318684938,0.0,1.044603944077609,1543.75,5.614518453110423,1532.745746041368,1554.754253958632,110.66564342492585,0.40248375522888036,109.87678976031481,111.45449708953689,35.492293729017746,0.08837934790006001,35.31907339015649,35.665514067879,1.7688593533266452,0.11564718433468797,1.542195037117192,1.9955236695360985,0.0,0.0,0.0,0.0,22.760416666666664,0.8925849728469578,21.010982266744964,24.509851066588364,0.008921453237710753,0.0005839884505350413,0.007776856907274721,0.010066049568146785,12.864583333333332,0.04678765377592019,12.772881217011399,12.956285449655265,12.864583333333332,0.04678765377592019,12.772881217011399,12.956285449655265,0.31618755264264525,0.0011499535863682294,0.31393368502947083,0.3184414202558197,443.65367161272184,1.1047418487507497,441.4884173769562,445.8189258484875,13.785752162542476,0.059673579828794815,13.668794095249462,13.90271022983549,1.7688593533266452,0.11564718433468797,1.542195037117192,1.9955236695360985,2.2760416666666665,0.0892584972846958,2.1010982266744964,2.4509851066588366,32.16145833333333,0.11696913443980038,31.932203042528496,32.39071362413816,1.1264714566727658,0.08947684362339679,0.9511000657205857,1.301842847624946,32.18924553027537,0.11598014540749131,31.96192862235497,32.416562438195776,32.189453125,0.11596676309914912,31.96216244592198,32.416743804078024,0.00020759472462852577,0.00020759472462852577,0.0,0.0006144729082809464,0.0,0.0,0.0,0.0,0.9999934564310597,6.543568940220804e-06,0.9999806312716065,1.0000062815905129
dense_candidate_grid,single_low,2.75,0.1905,28735.79221808064,102.64275757202084,28534.616109965606,28936.968326195678,27162.096427379933,97.11491892774623,26971.754683920022,27352.438170839843,0.0,0.0,0.0,0.0,1405.625,5.764366971949443,1394.3270483413069,1416.9229516586931,105.22270640990476,0.43151074684100554,104.37696088715441,106.06845193265511,39.091267140794244,0.1003231576335111,38.894637365017225,39.28789691657126,4.433900483345809,0.19725862941053082,4.047280674061435,4.820520292630183,0.0,0.0,0.0,0.0,19.322916666666664,0.894512492173923,17.569704398284607,21.07612893504872,0.02240408952905904,0.000994235974150697,0.02045542282758958,0.024352756230528502,11.713541666666666,0.04803639143291203,11.61939206951089,11.807691263822441,11.713541666666666,0.04803639143291203,11.61939206951089,11.807691263822441,0.30063630402829933,0.0012328878481171579,0.29821988824901263,0.303052719807586,488.64083925992804,1.2540394704188882,486.18296706271536,491.0987114571407,15.156507204707577,0.07329535269261714,15.012850953195887,15.300163456219266,4.433900483345809,0.19725862941053082,4.047280674061435,4.820520292630183,1.9322916666666665,0.0894512492173923,1.756970439828461,2.107612893504872,32.21223958333333,0.13210007644050809,31.953328191154945,32.47115097551171,1.3536999645954533,0.1051172263590419,1.1476739867769867,1.5597259424139198,32.189453125,0.11596676309914912,31.96216244592198,32.416743804078024,32.189453125,0.11596676309914912,31.96216244592198,32.416743804078024,0.0,0.0,0.0,0.0,0.0,0.0,0.0,0.0,1.0,0.0,1.0,1.0
dense_candidate_grid,single_low,3.0,0.1905,28583.89435503827,101.18292004899745,28385.579475891638,28782.2092341849,27122.920254872297,96.45314882206462,26933.875556985568,27311.964952759026,0.787463595270939,0.787463595270939,0.0,2.330863881138405,1290.0,5.039526306789696,1280.12270993955,1299.87729006045,100.53683845809508,0.39275817225661713,99.76704658583833,101.30663033035182,42.86198165513058,0.1021526869458064,42.661766067792804,43.06219724246835,9.3398997908069,0.31673264828722114,8.719115207435955,9.960684374177845,0.0,0.0,0.0,0.0,17.447916666666664,0.967226927532021,15.552186723826571,19.34364660950676,0.047093208969936844,0.0016147250480614062,0.04392840603080178,0.050258011909071906,10.75,0.041996052556580815,10.66768924949625,10.83231075050375,10.75,0.041996052556580815,10.66768924949625,10.83231075050375,0.2872481098802717,0.0011221662064474778,0.2850487045309667,0.28944751522957674,535.7747706891322,1.2769085868225796,533.27207584741,538.2774655308544,16.59615357817747,0.07164698481851395,16.455728068332295,16.736579088022648,9.3398997908069,0.31673264828722114,8.719115207435955,9.960684374177845,1.7447916666666665,0.0967226927532021,1.555218672382657,1.934364660950676,32.25,0.12598815766974242,32.00306774848875,32.49693225151125,1.5301224390693262,0.11331262830916237,1.3080337685897943,1.7522111095488582,32.18898991112043,0.11608267145215768,31.961472055845004,32.41650776639585,32.189453125,0.11596676309914912,31.96216244592198,32.416743804078024,0.0004632138795711406,0.00046321387957114056,0.0,0.00137109640066965,0.0,0.0,0.0,0.0,0.9999847501603434,1.5249839656662073e-05,0.9999548610238463,1.0000146392968405
dense_candidate_grid,single_low,3.25,0.1905,28464.246078171913,99.95719639335036,28268.33357324535,28660.158583098477,27098.093410327896,95.68649933477711,26910.55131782502,27285.635502830773,1.8260863694337115,1.053219480900906,0.0,3.8903586198154585,1189.375,4.563675375890351,1180.4303606261226,1198.3196393738774,96.25415209189151,0.36933070203171353,95.53027721752446,96.97802696625857,46.60833353371386,0.10585796863464761,46.40085572771338,46.815811339714344,16.464095848982538,0.4420007562753404,15.597790285543404,17.330401412421672,0.0,0.0,0.0,0.0,15.625,0.7638888888888888,14.127805289587458,17.12219471041254,0.08343640261444152,0.0022520448268953364,0.07902247586215692,0.08785032936672611,9.911458333333334,0.038030628132419586,9.836919671884356,9.985996994782312,9.911458333333334,0.038030628132419586,9.836919671884356,9.985996994782312,0.27501186311969006,0.0010552305772334695,0.2729436491929271,0.27708007704645304,582.6041691714231,1.323224607933096,580.0106965964171,585.1976417464291,18.030479567208886,0.07709381469066302,17.87937846698438,18.18158066743339,16.464095848982538,0.4420007562753404,15.597790285543404,17.330401412421672,1.5624999999999998,0.0763888888888889,1.4127805289587456,1.712219471041254,32.212239583333336,0.1235995414303636,31.96998893362416,32.45449023304251,1.4135351819474509,0.12261758689178731,1.1732091277683372,1.6538612361265645,32.188378956547396,0.11589569963863218,31.961227559292606,32.41553035380219,32.189453125,0.11596676309914912,31.96216244592198,32.416743804078024,0.0010741684526080655,0.00061954087111818,0.0,0.0022884462469502697,0.0,0.0,0.0,0.0,0.9999670852833683,1.8945852380026654e-05,0.9999299520950471,1.0000042184716895
dense_candidate_grid,single_low,3.5,0.1905,28384.49226964214,98.86808921175631,28190.714375566808,28578.270163717476,27088.415868479642,95.14776180547122,26901.929682131322,27274.902054827962,0.2246077696093124,0.22460776960931242,0.0,0.6648309086914348,1110.0,4.364357804719847,1101.4460158871027,1118.5539841128973,93.06829372992648,0.36593093163258067,92.35108228309744,93.78550517675552,50.3015550563549,0.11478972795873048,50.07657132376064,50.52653878894916,25.91944460661264,0.5424453130952874,24.856271329363324,26.982617883861955,0.0,0.0,0.0,0.0,16.5625,0.7785170452100195,15.03663463003782,18.08836536996218,0.13150706711844148,0.0027705339388761022,0.12607692038029844,0.13693721385658453,9.25,0.03636964837266536,9.17871679905919,9.32128320094081,9.25,0.03636964837266536,9.17871679905919,9.32128320094081,0.26590941065693285,0.001045516947521658,0.26386023509456413,0.2679585862193016,628.7694382044364,1.4348715994841303,625.9571415470081,631.5817348618647,19.419986781665912,0.08099537605365267,19.261238761686474,19.57873480164535,25.91944460661264,0.5424453130952874,24.856271329363324,26.982617883861955,1.6562499999999998,0.07785170452100196,1.503663463003782,1.8088365369962176,32.37499999999999,0.1272937693043287,32.12550879670716,32.62449120329283,1.8290778269684862,0.1321885486234293,1.569993032497943,2.088162621439029,32.18939972709485,0.11597590121463991,31.962091137639582,32.41670831655012,32.189453125,0.11596676309914912,31.96216244592198,32.416743804078024,0.00013212221741724255,0.00013212221741724255,0.0,0.0003910770051126086,7.872431226951552e-05,7.872431226951552e-05,0.0,0.00023302112902545062,0.9999959440608621,4.055939137905668e-06,0.9999879945662283,1.0000038935554958
dense_candidate_grid,single_low,3.75,0.1905,28323.7631135238,97.93204489817948,28131.81983259101,28515.706394456593,27090.42790569207,94.49621411540978,26905.218729350483,27275.63708203366,0.4067176638210517,0.4067176638210517,0.0,1.2038696367865822,1036.875,4.300672474178746,1028.4458368413068,1045.3041631586932,89.8903997466319,0.37284066824184586,89.15964546490603,90.62115402835776,54.079192317820194,0.09454138551259492,53.89389460716699,54.264490028473396,37.55264810345775,0.6523950081756358,36.27397738373979,38.83131882317571,0.0,0.0,0.0,0.0,14.53125,0.6445025438198827,13.268048226168581,15.794451773831419,0.1907356917406203,0.003355497803879906,0.18415903689481244,0.19731234658642816,8.640625,0.0358389372848229,8.570381973677557,8.710868026322443,8.640625,0.0358389372848229,8.570381973677557,8.710868026322443,0.2568297135618054,0.0010652590521195594,0.25474184418544576,0.258917582938165,675.9899039727524,1.1817673189074362,673.6736825895873,678.3061253559174,20.783847501156743,0.08665041694314296,20.614015804702802,20.953679197610683,37.55264810345775,0.6523950081756358,36.27397738373979,38.83131882317571,1.453125,0.06445025438198826,1.3268048226168583,1.5794451773831417,32.40234375,0.1343960148180858,32.13893240129084,32.66575509870916,1.84736111537479,0.13542608381508836,1.581930868529914,2.112791362219666,32.1892138793154,0.1160264122392592,31.961806290071056,32.41662146855975,32.189453125,0.11596676309914912,31.96216244592198,32.416743804078024,0.00023924568460061864,0.00023924568460061864,0.0,0.0007081586098744603,0.0,0.0,0.0,0.0,0.9999921235988609,7.876401139113656e-06,0.9999766861363004,1.0000075610614214
dense_candidate_grid,single_low,4.0,0.1905,28286.641568449708,97.31092985535653,28095.915650631105,28477.36748626831,27101.18944519227,93.95092385205373,26917.049018127982,27285.32987225656,0.0,0.0,0.0,0.0,975.625,4.045101633114083,967.6967464852922,983.5532535147078,87.2981332342768,0.3619524113402011,86.58871954393258,88.00754692462102,57.63008604386401,0.093703669698445,57.44643022603582,57.8137418616922,50.41973731263084,0.7191014194884512,49.01032442920185,51.829150196059835,0.0,0.0,0.0,0.0,14.479166666666664,0.7505830699432019,13.00805088217248,15.950282451160849,0.25654547470747435,0.003789859630329464,0.24911748632556632,0.2639734630893824,8.130208333333332,0.033709180275950656,8.0641395540441,8.196277112622564,8.130208333333332,0.033709180275950656,8.0641395540441,8.196277112622564,0.24942323781221948,0.001034149746686288,0.24739634155409312,0.25145013407034583,720.3760755483002,1.1712958712305621,718.0803778254478,722.6717732711525,22.11403864847676,0.0880199869282364,21.94152264417773,22.28655465277579,50.41973731263084,0.7191014194884512,49.01032442920185,51.829150196059835,1.4479166666666665,0.07505830699432019,1.3008050882172482,1.5950282451160849,32.52083333333333,0.13483672110380263,32.2565582161764,32.785108450490256,2.1335944304603296,0.1435832073564427,1.8521765152569554,2.415012345663704,32.189453125,0.11596676309914912,31.96216244592198,32.416743804078024,32.189453125,0.11596676309914912,31.96216244592198,32.416743804078024,0.0,0.0,0.0,0.0,0.0,0.0,0.0,0.0,1.0,0.0,1.0,1.0
dense_candidate_grid,single_low,4.25,0.1905,28269.23644722616,96.3384243553008,28080.416605162434,28458.05628928989,27123.439396891372,93.88411073769947,26939.42992112491,27307.448872657835,0.0,0.0,0.0,0.0,920.0,3.450327796711771,913.2374817835874,926.7625182164126,84.83074007788629,0.3181455005503933,84.20718635496405,85.45429380080853,61.456771468348435,0.1423289126873522,61.17781192552248,61.735731011174394,65.19703878855479,0.7636986988831357,63.70021684370375,66.69386073340584,1.9166666666666665,0.007188182909816192,1.9025780870491404,1.9307552462841926,12.395833333333332,0.7942860800644356,10.83906122298554,13.952605443681124,0.33334028684394723,0.003922256509844435,0.32565280534652435,0.3410277683413701,7.666666666666666,0.02875273163926477,7.610312348196562,7.72302098513677,7.666666666666666,0.02875273163926477,7.610312348196562,7.72302098513677,0.24237354307967512,0.0009089871444296949,0.240591961014183,0.24415512514516724,768.2096433543554,1.7791114085919009,764.7226490690309,771.6966376396799,23.452353138481957,0.09443503028490356,23.267263880244595,23.63744239671932,65.19703878855479,0.7636986988831357,63.70021684370375,66.69386073340584,1.2395833333333333,0.07942860800644355,1.0839061222985542,1.3952605443681123,32.58333333333333,0.1221991094668753,32.34382747983538,32.822839186831274,2.1446803589647123,0.1419751758404658,1.866414127618658,2.4229465903107665,32.18945761520496,0.1159659706863489,31.962168489227487,32.41674674118243,32.189453125,0.11596676309914912,31.96216244592198,32.416743804078024,0.0,0.0,0.0,0.0,4.490204956439628e-06,4.490204956439629e-06,0.0,1.3290844954264544e-05,1.0,0.0,1.0,1.0
dense_candidate_grid,single_low,4.5,0.1905,28270.052470249073,95.93494486510937,28082.023433454622,28458.081507043524,27152.898618293915,93.18283793964925,26970.26361195497,27335.53362463286,0.0,0.0,0.0,0.0,870.0,3.779644730092272,862.5920324546626,877.4079675453374,82.547737308206,0.3586219773540253,81.84485114852757,83.25062346788442,65.28686783354573,0.131038098790668,65.03003787931341,65.54369778777804,81.07966348007605,0.913423953933689,79.28938542774985,82.86994153240225,7.25,0.031497039417435584,7.1882669371221874,7.3117330628778126,10.989583333333332,0.5924257719784249,9.828450156742282,12.150716509924383,0.41615531225474733,0.0048433852318136034,0.4066624516371395,0.4256481728723552,7.25,0.031497039417435584,7.1882669371221874,7.3117330628778126,7.25,0.031497039417435584,7.1882669371221874,7.3117330628778126,0.2358506780234457,0.0010246342210115003,0.2338424318529359,0.2378589241939555,816.0858479193215,1.6379762348833502,812.8754734914177,819.2962223472254,24.87238607975456,0.09898761810600427,24.678373913351386,25.066398246157732,81.07966348007605,0.913423953933689,79.28938542774985,82.86994153240225,1.0989583333333335,0.059242577197842504,0.9828450156742283,1.2150716509924386,32.625,0.1417366773784602,32.34720121704984,32.90279878295016,2.266226188081895,0.16563232237184988,1.9415928015573414,2.5908595746064487,32.189453125,0.11596676309914912,31.96216244592198,32.416743804078024,32.189453125,0.11596676309914912,31.96216244592198,32.416743804078024,0.0,0.0,0.0,0.0,0.0,0.0,0.0,0.0,1.0,0.0,1.0,1.0
dense_candidate_grid,single_low,4.75,0.1905,28291.64179785295,95.12610786967291,28105.19805243892,28478.08554326698,27188.08421966506,92.88413843998427,27006.034653587656,27370.133785742462,0.3182610505301386,0.3182610505301386,0.0,0.9420412472510924,828.75,3.2694776535379666,822.3419415508071,835.1580584491929,80.8101481437222,0.31880177802110715,80.1853081405935,81.4349881468509,69.18687539490267,0.1514660258086515,68.8900074394363,69.48374335036904,98.3803144320704,0.9462765923255292,96.52564639169908,100.23498247244173,15.5390625,0.06130270600383687,15.418911404077633,15.659213595922367,10.572916666666666,0.6866815615037083,9.227045537271671,11.918787796061661,0.5036854195507008,0.0049616886449932555,0.49396068850401265,0.5134101505973889,6.90625,0.02724564711281641,6.852849512923392,6.959650487076608,6.90625,0.02724564711281641,6.852849512923392,6.959650487076608,0.23088613755349202,0.0009108622229174478,0.22910088040169574,0.2326713947052883,864.8359424362834,1.8933253226081417,861.1250929929538,868.546791879613,26.24185709981909,0.10058523276982863,26.044713666213646,26.439000533424533,98.3803144320704,0.9462765923255292,96.52564639169908,100.23498247244173,1.0572916666666665,0.06866815615037083,0.9227045537271671,1.1918787796061658,32.8046875,0.12941682378587785,32.551035186386116,33.058339813613884,2.6713923033705997,0.160779271196646,2.3562707223645756,2.986513884376624,32.189279282630025,0.11592840415548093,31.962063785700078,32.41649477955997,32.189453125,0.11596676309914912,31.96216244592198,32.416743804078024,0.0001872123826647874,0.00018721238266478739,0.0,0.0005541419101477014,1.3370012693271426e-05,1.3370012693271426e-05,0.0,3.957475604492679e-05,0.999994432345497,5.567654503041765e-06,0.9999835199431927,1.0000053447478012
dense_candidate_grid,single_low,5.0,0.1905,28317.591496385696,94.85117001229452,28131.686619270113,28503.49637350128,27226.736891605186,92.66836801958557,27045.110227780693,27408.363555429678,0.0,0.0,0.0,0.0,786.875,3.3398374045586245,780.3290389728454,793.4209610271546,78.7573736827682,0.3342803145487023,78.10219630551202,79.41255106002438,72.46396318345016,0.14395878193151548,72.18180915560613,72.74611721129419,114.91451791429296,0.9725694045283547,113.00831690895181,116.8207189196341,26.229166666666664,0.11132791348528746,26.01096796576151,26.44736536757182,11.614583333333332,0.6514135842443687,10.33783616917422,12.891330497492444,0.5929575176020567,0.005139404662640937,0.5828844695613032,0.6030305656428102,6.557291666666666,0.027831978371321866,6.502741991440377,6.611841341892955,6.557291666666666,0.027831978371321866,6.502741991440377,6.611841341892955,0.22502106766505203,0.0009550866129962924,0.22314913230146297,0.2268930030286411,905.7995397931269,1.7994847741439428,902.2726144450766,909.3264651411772,27.50741820555359,0.10870549909651073,27.29435934240298,27.720477068704202,114.91451791429296,0.9725694045283547,113.00831690895181,116.8207189196341,1.1614583333333333,0.06514135842443686,1.0337836169174222,1.2891330497492444,32.78645833333333,0.13915989185660932,32.51370995720188,33.059206709464775,2.4478522288545683,0.20013708081717535,2.0555907584819226,2.840113699227214,32.189453125,0.11596676309914912,31.96216244592198,32.416743804078024,32.189453125,0.11596676309914912,31.96216244592198,32.416743804078024,0.0,0.0,0.0,0.0,0.0,0.0,0.0,0.0,1.0,0.0,1.0,1.0
dense_candidate_grid,single_low,5.25,0.1905,28347.758171691832,93.8998133080187,28163.71791945308,28531.798423930584,27266.975151901257,91.90905089488592,27086.83672229402,27447.113581508493,0.0,0.0,0.0,0.0,746.875,3.2188294604154,740.5662101852093,753.1837898147907,76.64913278966729,0.33033705337395536,76.00168406229525,77.29658151703933,76.17125371212106,0.14658424229805717,75.88395387651578,76.45855354772634,131.71914370545971,1.1654595429945283,129.43488497575194,134.0034024351675,38.89973958333333,0.16764736772996855,38.57115678047965,39.22832238618701,10.46875,0.7566110285787667,8.985819633679812,11.951680366320188,0.6820640800944601,0.006110069210646922,0.670088564498545,0.6940395956903751,6.223958333333333,0.026823578836794985,6.171385084876744,6.276531581789922,6.223958333333333,0.026823578836794985,6.171385084876744,6.276531581789922,0.2189975222561923,0.0009438201524970167,0.21714766874941505,0.22084737576296953,952.1406714015131,1.8323030287257163,948.5494234564471,955.7319193465792,28.742200164062652,0.1141896776760626,28.51839250841133,28.966007819713973,131.71914370545971,1.1654595429945283,129.43488497575194,134.0034024351675,1.046875,0.07566110285787668,0.8985819633679811,1.1951680366320188,32.67578125,0.14082378889317376,32.39977169560291,32.95179080439709,2.3339607789799213,0.20135067589199254,1.9393207059688184,2.728600851991024,32.189831169308576,0.11596404413882896,31.962545819294856,32.41711651932229,32.189453125,0.11596676309914912,31.96216244592198,32.416743804078024,0.0,0.0,0.0,0.0,0.00037804430857707385,0.00037804430857707385,0.0,0.0011189975379484853,1.0,0.0,1.0,1.0
dense_candidate_grid,single_low,5.5,0.1905,28408.019974973016,94.6037892387158,28222.599955264115,28593.439994681918,27319.45633717427,91.91821950374438,27139.299937423883,27499.612736924657,0.5469504158563474,0.5469504158563475,0.0,1.6189535322639939,716.875,3.705924846546941,709.6115207713559,724.1384792286441,75.36086011357325,0.38958212233937467,74.5972931847674,76.12442704237911,80.21601052565137,0.20177172490429515,79.82054521174042,80.61147583956232,151.90335841033266,1.1563806713041502,149.63689394215828,154.16982287850703,53.765625,0.2779443634910206,53.22086405785169,54.31038594214831,9.895833333333332,0.5891094881064743,8.741199953693815,11.050466712972849,0.7853303671807412,0.00637048986382344,0.7728444364837698,0.7978162978777127,5.973958333333333,0.030882707054557857,5.913429339761299,6.034487326905367,5.973958333333333,0.030882707054557857,5.913429339761299,6.034487326905367,0.21531674318163785,0.0011130917781124992,0.2131351233850497,0.217498362978226,1002.7001315706422,2.5221465613036895,997.7568151467553,1007.643447994529,30.145336027124362,0.11670791374044848,29.916592719482274,30.37407933476645,151.90335841033266,1.1563806713041502,149.63689394215828,154.16982287850703,0.9895833333333334,0.058910948810647436,0.8741199953693817,1.105046671297285,32.85677083333333,0.16985488880006805,32.523861368687136,33.18968029797952,2.438606764874152,0.2083946908865655,2.0301606761671263,2.847052853581178,32.18913138946127,0.11602948175546297,31.961717784075713,32.416544994846824,32.189453125,0.11596676309914912,31.96216244592198,32.416743804078024,0.0003217355387390279,0.0003217355387390279,0.0,0.000952325607214114,0.0,0.0,0.0,0.0,0.9999895455551994,1.0454444800618232e-05,0.9999690552199118,1.0000100358904869
dense_candidate_grid,single_low,5.75,0.1905,28465.508747910648,93.75384227589521,28281.754593637645,28649.26290218365,27366.485434558817,91.95084362426714,27186.26509270718,27546.705776410454,0.0,0.0,0.0,0.0,691.875,2.911347189930713,686.1688643612439,697.5811356387561,74.43483991663551,0.313215048996191,73.82094970118703,75.04873013208399,83.46565461682236,0.16400852210803057,83.14420382033298,83.78710541331175,169.71266256836944,1.104287319827636,167.548299192923,171.87702594381588,70.62890624999999,0.29720002563876075,70.04640490354363,71.21140759645634,8.906249999999998,0.6257917714061219,7.679720666222477,10.132779333777519,0.8794753509168002,0.006175178632745557,0.8673722231985176,0.8915784786350828,5.765624999999999,0.02426122658275597,5.718073869677031,5.813176130322967,5.765624999999999,0.02426122658275597,5.718073869677031,5.813176130322967,0.21267097119038714,0.0008949001399891157,0.21091699914624862,0.21442494323452566,1043.3206827102795,2.050106526350384,1039.302547754162,1047.3388176663968,31.351086883912604,0.11577358541610702,31.124174826135963,31.577998941689245,169.71266256836944,1.104287319827636,167.548299192923,171.87702594381588,0.890625,0.06257917714061219,0.7679720666222478,1.0132779333777522,33.15234374999999,0.13950205285084688,32.87892475064293,33.425762749357055,2.670223164508172,0.21935916191469534,2.2402871074764787,3.1001592215398652,32.189453125,0.11596676309914912,31.96216244592198,32.416743804078024,32.189453125,0.11596676309914912,31.96216244592198,32.416743804078024,0.0,0.0,0.0,0.0,0.0,0.0,0.0,0.0,1.0,0.0,1.0,1.0
dense_candidate_grid,single_low,6.0,0.1905,28523.223894751318,94.07748677742033,28338.83540891153,28707.612380591105,27418.050103615147,91.9079172866133,27237.913895839298,27598.186311390997,0.42328515668719857,0.4232851566871986,0.0,1.2529088189845015,660.625,3.0850622565815633,654.5783890870363,666.6716109129637,72.6746451643599,0.3393843781374074,72.00946400629506,73.33982632242474,86.76839143296729,0.2015825245162374,86.3732969450028,87.16348592093178,187.79705271548738,1.2804444719710026,185.28742766622082,190.30667776475394,88.08333333333334,0.41134163421087494,87.27711854493818,88.88954812172851,8.802083333333332,0.5268746842185249,7.769427927899109,9.834738738767555,0.9782805565575914,0.006478017172390172,0.9655838762084746,0.9909772369067081,5.505208333333334,0.025708852138179684,5.454819909058636,5.555596757608032,5.505208333333334,0.025708852138179684,5.454819909058636,5.555596757608032,0.20764184332674263,0.0009696696518211644,0.20574132573227166,0.2095423609212136,1084.6048929120911,2.519781556452966,1079.666211812535,1089.5435740116473,32.56767616646384,0.1258342312985624,32.32104560509637,32.81430672783131,187.79705271548738,1.2804444719710026,185.28742766622082,190.30667776475394,0.8802083333333334,0.05268746842185249,0.7769427927899111,0.9834738738767557,33.03125,0.15425311282907817,32.72891945435181,33.33358054564819,2.7016338359009895,0.23635055540237146,2.238395259586303,3.164872412215676,32.189204133731366,0.11595815043175743,31.961930335171242,32.416477932291485,32.189453125,0.11596676309914912,31.96216244592198,32.416743804078024,0.00024899126863952854,0.00024899126863952865,0.0,0.0007370051876379421,0.0,0.0,0.0,0.0,0.9999923269254657,7.673074534345417e-06,0.9999772879757277,1.0000073658752038
dense_candidate_grid,single_low,6.25,0.1905,28604.866631088058,93.02047721998235,28422.549845912163,28787.183416263953,27479.42013350754,91.11269208281084,27300.842538490746,27657.997728524337,0.0,0.0,0.0,0.0,637.5,3.0699516567208636,631.4830053185481,643.5169946814519,71.65510287838171,0.3450630616376344,70.97879170517682,72.3314140515866,91.01359761076955,0.20140801874097986,90.61884514783966,91.40835007369944,208.27258875802772,1.3554774953763704,205.61590168523549,210.92927583081996,107.578125,0.5180543420716457,106.56275714750498,108.59349285249502,9.427083333333332,0.5777066476934826,8.294799110224737,10.559367556441927,1.0871901482053956,0.007538392853126068,1.0724151697119544,1.1019651266988368,5.3125,0.02558293047267384,5.262358377654567,5.362641622345433,5.3125,0.02558293047267384,5.262358377654567,5.362641622345433,0.20472886536680493,0.0009858944618218114,0.20279654772907668,0.20666118300453318,1137.6699701346192,2.5176002342622485,1132.7355643479957,1142.6043759212428,33.96709100041768,0.1381052007968826,33.69640978077812,34.237772220057245,208.27258875802772,1.3554774953763704,205.61590168523549,210.92927583081996,0.9427083333333333,0.05777066476934826,0.8294799110224738,1.0559367556441928,33.20312499999999,0.1598933154542115,32.88973986034104,33.51651013965895,3.413041903108625,0.24724395720304176,2.9284526515955007,3.8976311546217492,32.189453125,0.11596676309914912,31.96216244592198,32.416743804078024,32.189453125,0.11596676309914912,31.96216244592198,32.416743804078024,0.0,0.0,0.0,0.0,0.0,0.0,0.0,0.0,1.0,0.0,1.0,1.0
dense_candidate_grid,single_low,6.5,0.1905,28672.820757514142,93.16491400331365,28490.220881444875,28855.42063358341,27528.42722285144,91.40348876270193,27349.27967681523,27707.574768887647,0.0,0.0,0.0,0.0,616.25,2.777281701735287,610.8066278896767,621.6933721103233,70.72067608611098,0.31872006430556543,70.09599623892178,71.34535593330018,94.61414733834937,0.22007896099440855,94.18280050104534,95.0454941756534,225.7774612382442,1.415034813849803,223.00404396622824,228.55087851026016,128.38541666666666,0.5786003545281837,127.2513808103493,129.519452522984,8.645833333333332,0.7031938899232535,7.267598634935132,10.024068031731533,1.180214994441579,0.007424423872724409,1.1656633910450798,1.1947665978380781,5.135416666666666,0.023144014181127378,5.090055232413972,5.18077810091936,5.135416666666666,0.023144014181127378,5.090055232413972,5.18077810091936,0.20205907453174565,0.0009106287551587567,0.20027427496834796,0.20384387409514335,1182.6768417293672,2.7509870124301083,1177.2850062630666,1188.0686771956678,34.99793195085908,0.14136416187697406,34.72086328487553,35.27500061684264,225.7774612382442,1.415034813849803,223.00404396622824,228.55087851026016,0.8645833333333333,0.07031938899232536,0.7267598634935133,1.0024068031731532,33.38020833333333,0.1504360921773279,33.085359010690816,33.67505765597584,3.495128481214895,0.22904255032169066,3.046213331657178,3.9440436307726117,32.189453125,0.11596676309914912,31.96216244592198,32.416743804078024,32.189453125,0.11596676309914912,31.96216244592198,32.416743804078024,0.0,0.0,0.0,0.0,0.0,0.0,0.0,0.0,1.0,0.0,1.0,1.0
dense_candidate_grid,single_low,6.75,0.1905,28747.408322644013,93.5969442908,28563.96168277104,28930.854962516984,27583.091776728023,91.44964903698654,27403.8537582167,27762.329795239344,0.114997981424245,0.11499798142424501,0.0,0.3403898833105714,594.375,2.936792805787801,588.6189918705995,600.1310081294005,69.59489798431878,0.3438667435876066,68.920931551406,70.26886441723155,98.15871886081698,0.2300990472576107,97.70773301531509,98.60970470631887,244.68881650609944,1.3637066578516441,242.01600057123272,247.36163244096616,149.83203125,0.7403165197923415,148.38103753404698,151.28302496595302,7.552083333333333,0.5567555863739077,6.460862435848995,8.643304230817671,1.27908294125826,0.006859592603738943,1.2656383868063144,1.2925274957102058,4.953125,0.024473273381565026,4.90515826558833,5.00109173441167,4.953125,0.024473273381565026,4.90515826558833,5.00109173441167,0.19884256566948222,0.0009824764102503033,0.19691694728973141,0.20076818404923302,1226.9839857602124,2.876238090720137,1221.3466626914387,1232.621308828986,36.174945041792185,0.132968616273015,35.91433134282295,36.43555874076142,244.68881650609944,1.3637066578516441,242.01600057123272,247.36163244096616,0.7552083333333334,0.055675558637390765,0.6460862435848995,0.8643304230817672,33.43359375,0.1651945953255638,33.10981829272123,33.75736920727877,2.8456183385584697,0.22346086112733285,2.4076430987945905,3.283593578322349,32.189385479128575,0.11598358175163213,31.96206183609742,32.41670912215973,32.189453125,0.11596676309914912,31.96216244592198,32.416743804078024,6.764587142602647e-05,6.764587142602645e-05,0.0,0.00020022934312386546,0.0,0.0,0.0,0.0,0.9999977729754264,2.2270245736959876e-06,0.9999934080874693,1.0000021378633834
dense_candidate_grid,single_low,7.0,0.1905,28866.785808313056,91.86147021232601,28686.740635129998,29046.830981496114,27660.88067842769,90.43601792554519,27483.6293403884,27838.132016466978,0.022625974493530758,0.02262597449353076,0.0,0.06697206961597293,581.25,2.6679684322636867,576.0208779608733,586.4791220391267,69.39550040370986,0.3185290398593375,68.77119495755544,70.01980584986428,102.11428472666375,0.23739092839758602,101.64900705674796,102.57956239657955,270.4664687805027,1.7184130820463723,267.09844102912933,273.834496531876,174.375,0.8003905296791061,172.806263388262,175.943736611738,8.28125,0.5750171931138609,7.154237011005519,9.40826298899448,1.4049168982926767,0.008990876029998379,1.3872951050844156,1.422538691500938,4.843749999999999,0.02223307026886409,4.800173983007277,4.887326016992721,4.843749999999999,0.02223307026886409,4.800173983007277,4.887326016992721,0.19827285829631391,0.0009100829710266787,0.19648912845015842,0.2000565881424694,1276.428559083297,2.9673866049698256,1270.6125882093495,1282.2445299572444,37.782093093907456,0.1616896287865358,37.46518724481219,38.09899894300272,270.4664687805027,1.7184130820463723,267.09844102912933,273.834496531876,0.8281249999999999,0.05750171931138608,0.7154237011005519,0.9408262988994479,33.90625,0.15563149188204856,33.60121788105095,34.21128211894905,3.4853123650587188,0.2773861731965239,2.9416454557841423,4.028979274333295,32.18943981560324,0.11596688127910867,31.96214890489675,32.41673072630972,32.189453125,0.11596676309914912,31.96216244592198,32.416743804078024,1.3309396760900446e-05,1.3309396760900446e-05,0.0,3.939533506821937e-05,0.0,0.0,0.0,0.0,0.9999995856997117,4.1430028827754706e-07,0.9999987736860679,1.0000003977133556
dense_candidate_grid,single_low,7.25,0.1905,28943.686982112682,93.83669254774175,28759.77044429075,29127.603519934615,27715.397397399625,91.59982080202803,27535.865047637326,27894.929747161925,0.0,0.0,0.0,0.0,561.875,2.5865475395985236,556.8054599780862,566.9445400219138,68.35983216865864,0.31468913139615057,67.743052804796,68.97661153252129,105.3761956262583,0.22427597234388233,104.93662279786659,105.81576845465,287.2475673348059,1.3536427091127288,284.59447637700976,289.9006582926021,197.82682291666669,0.9106802795669807,196.04192236728454,199.61172346604883,7.604166666666666,0.5960848804862173,6.435861769184818,8.772471564148514,1.5016267982134832,0.007241824533757367,1.4874330829449602,1.5158205134820062,4.682291666666666,0.021554562829987706,4.640045499817385,4.724537833515948,4.682291666666666,0.021554562829987706,4.640045499817385,4.724537833515948,0.1953138061961675,0.000899111803989002,0.19355157944227422,0.1970760329500608,1317.2024453282288,2.803449654298528,1311.7077849733325,1322.697105683125,38.8825940568248,0.1318789855990217,38.62411599473304,39.14107211891656,287.2475673348059,1.3536427091127288,284.59447637700976,289.9006582926021,0.7604166666666667,0.05960848804862174,0.6435861769184819,0.8772471564148516,33.94661458333333,0.15627058051741088,33.64032987367604,34.25289929299062,3.821327695500249,0.24451974353140446,3.3420778046697253,4.300577586330773,32.189453125,0.11596676309914912,31.96216244592198,32.416743804078024,32.189453125,0.11596676309914912,31.96216244592198,32.416743804078024,0.0,0.0,0.0,0.0,0.0,0.0,0.0,0.0,1.0,0.0,1.0,1.0
dense_candidate_grid,single_low,7.5,0.1905,29054.15696936379,92.66502344015662,28872.536860794524,29235.777077933057,27804.05719508773,90.73663644468549,27626.216655577842,27981.89773459762,0.3711346458285603,0.37113464582856015,0.0,1.0985451850675667,536.875,2.4888142615654205,531.9970136831221,541.7529863168779,66.52495775109625,0.30839257480971416,65.92051941136964,67.12939609082287,109.2455997604618,0.2849952029077646,108.6870194269959,109.8041800939277,310.463290452009,1.5010504752867466,307.52128558147024,313.4052953225478,219.22395833333331,1.0162658234725472,217.23211392060819,221.21580274605844,7.395833333333332,0.5274056227583354,6.362137307483076,8.429529359183588,1.6392454982765594,0.007829900040248958,1.6238991761951227,1.6545918203579961,4.473958333333332,0.020740118846378483,4.43330844735935,4.5146082193073145,4.473958333333332,0.020740118846378483,4.43330844735935,4.5146082193073145,0.19007130786027499,0.0008811216423134698,0.1883443411753418,0.19179827454520817,1365.5699970057724,3.5624400363470587,1358.5877428374486,1372.5522511740962,40.358385270518255,0.15196465281821556,40.06054002407142,40.65623051696509,310.463290452009,1.5010504752867466,307.52128558147024,313.4052953225478,0.7395833333333333,0.05274056227583354,0.6362137307483077,0.8429529359183588,33.5546875,0.15555089134783878,33.24981335519513,33.85956164480487,3.2850279235747957,0.2834685178971886,2.7294398377453586,3.8406160094042328,32.189234810502455,0.11599503781008609,31.961888714009326,32.416580906995584,32.189453125,0.11596676309914912,31.96216244592198,32.416743804078024,0.00021831449754621196,0.00021831449754621194,0.0,0.0006462030500397454,0.0,0.0,0.0,0.0,0.9999930139360785,6.9860639214797135e-06,0.9999793215023988,1.0000067063697584
dense_candidate_grid,single_low,7.75,0.1905,29131.34193829723,92.42368972987254,28950.194835108377,29312.489041486086,27854.92126563494,90.61028624895093,27677.328367958133,28032.51416331175,0.0,0.0,0.0,0.0,521.25,2.514836925509239,516.3210101990104,526.1789898009896,65.74749288643365,0.3172071421975238,65.12577831208762,66.36920746077968,112.52087696886335,0.3093774584805135,111.91450829261301,113.12724564511369,325.53511530699524,1.6361475602613675,322.3283250154899,328.7419055985006,244.3359375,1.1788298088324558,242.02547353078614,246.64640146921386,7.03125,0.5511591295924952,5.9509979562482656,8.111502043751734,1.7296674222143325,0.010302032829628192,1.7094758089007118,1.749859035527953,4.343749999999999,0.02095697437924364,4.302675084991753,4.384824915008245,4.343749999999999,0.02095697437924364,4.302675084991753,4.384824915008245,0.18784997967552475,0.0009063061205643542,0.1860736523202504,0.1896263070307991,1406.5109621107918,3.8672182310064205,1398.9313536576624,1414.0905705639211,41.22806190872886,0.15843339824262528,40.91753815422503,41.538585663232695,325.53511530699524,1.6361475602613675,322.3283250154899,328.7419055985006,0.703125,0.05511591295924952,0.5950997956248265,0.8111502043751735,33.66406249999999,0.1624165514391383,33.34573190868608,33.9823930913139,4.121748961922191,0.2768765688118733,3.5790808588878935,4.6644170649564884,32.189453125,0.11596676309914912,31.96216244592198,32.416743804078024,32.189453125,0.11596676309914912,31.96216244592198,32.416743804078024,0.0,0.0,0.0,0.0,0.0,0.0,0.0,0.0,1.0,0.0,1.0,1.0
dense_candidate_grid,single_low,8.0,0.1905,29236.17433758825,91.84503315373962,29056.161380448033,29416.18729472847,27930.99570428938,90.068162939832,27754.465348773625,28107.526059805135,0.0,0.0,0.0,0.0,503.75,2.475074153129975,498.89894380079926,508.60105619920074,64.64791666666665,0.31763451631834544,64.02536445443589,65.2704688788974,116.44484504952186,0.24923133759538832,115.95636060401615,116.93332949502756,344.9504549160119,1.8641700146062394,341.2967488263242,348.6041610056996,268.66666666666663,1.3200395483359855,266.0794366937596,271.25389663957367,6.71875,0.5169747945126296,5.705498021840251,7.732001978159749,1.8502686810688824,0.010781156731284948,1.8291380021638823,1.8713993599738825,4.197916666666666,0.020625617942749773,4.157491198339994,4.238342134993339,4.197916666666666,0.020625617942749773,4.157491198339994,4.238342134993339,0.18470833333333325,0.0009075271894809888,0.18292961272695965,0.18648705393970685,1455.5605631190233,3.115391719942355,1449.454507550202,1461.6666186878447,42.40459590169727,0.1722141765049581,42.06706231812033,42.74212948527421,344.9504549160119,1.8641700146062394,341.2967488263242,348.6041610056996,0.671875,0.05169747945126296,0.5705498021840251,0.7732001978159749,33.58333333333333,0.16500494354199818,33.25992958671995,33.90673707994671,3.8806107985007556,0.31335008792172936,3.2664559116217067,4.494765685379805,32.189453125,0.11596676309914912,31.96216244592198,32.416743804078024,32.189453125,0.11596676309914912,31.96216244592198,32.416743804078024,0.0,0.0,0.0,0.0,0.0,0.0,0.0,0.0,1.0,0.0,1.0,1.0
dense_candidate_grid,single_low,8.25,0.1905,29343.639085155522,92.90463872129695,29161.549339265075,29525.72883104597,27997.31805383661,91.00218221151773,27818.957054187485,28175.679053485735,0.0,0.0,0.0,0.0,493.75,2.7048970875004197,488.44849912661186,499.05150087338814,64.43911278684492,0.35301502480657765,63.74721605222251,65.13100952146732,120.73756569183293,0.2759972020483605,120.19662111598431,121.27851026768154,364.6469570069006,1.4858017379307455,361.73483911238935,367.55907490141186,297.2786458333333,1.6285734547658772,294.08670051581424,300.4705911508524,5.468749999999999,0.45984711234583625,4.567466221407416,6.370033778592582,1.9583089469041384,0.008960566847329909,1.940746558602308,1.9758713352059687,4.114583333333333,0.022540809062503483,4.070404159388432,4.158762507278234,4.114583333333333,0.022540809062503483,4.070404159388432,4.158762507278234,0.18411175081955689,0.0010086143565902215,0.18213490300635002,0.18608859863276375,1509.2195711479117,3.4499650256045062,1502.457763949804,1515.9813783460193,43.51084923958713,0.1599902083182472,43.197274193404304,43.82442428576996,364.6469570069006,1.4858017379307455,361.73483911238935,367.55907490141186,0.546875,0.045984711234583635,0.4567466221407417,0.6370033778592583,33.9453125,0.18596167476565387,33.580834314954565,34.309790685045435,4.1673281613608495,0.2880890931077902,3.6026839145307745,4.7319724081909245,32.189453125,0.11596676309914912,31.96216244592198,32.416743804078024,32.189453125,0.11596676309914912,31.96216244592198,32.416743804078024,0.0,0.0,0.0,0.0,0.0,0.0,0.0,0.0,1.0,0.0,1.0,1.0
dense_candidate_grid,single_low,8.5,0.1905,29457.281897846704,93.92466192608381,29273.192943211478,29641.37085248193,28064.970845923606,90.87541101150676,27886.85831326078,28243.083378586434,0.0,0.0,0.0,0.0,483.75,3.049687727964166,477.77272188909643,489.72727811090357,64.17620130124271,0.4045837179033756,63.38323178542078,64.96917081706464,124.35019750969346,0.3078311670159159,123.74685950902332,124.9535355103636,386.7846531121601,1.6482335662119318,383.5541746842747,390.01513154004545,326.53125,2.058539216375812,322.4965872751401,330.5659127248599,6.71875,0.5429735328589796,5.6545414310379245,7.7829585689620755,2.067329356583212,0.009557618368968615,2.0485967688020548,2.086061944364369,4.03125,0.025414064399701376,3.9814393490758038,4.081060650924196,4.03125,0.025414064399701376,3.9814393490758038,4.081060650924196,0.18336057514640774,0.0011559534797239298,0.1810949479583451,0.18562620233447039,1554.3774688711683,3.847889587698947,1546.8357438627916,1561.919193879545,44.822823651419895,0.1541811257704741,44.520634197813926,45.125013105025864,386.7846531121601,1.6482335662119318,383.5541746842747,390.01513154004545,0.671875,0.05429735328589797,0.5654541431037924,0.7782958568962076,34.265625,0.21601954739746163,33.84223446714433,34.68901553285567,4.108883818728156,0.3419272971614593,3.438718630960571,4.779049006495741,32.189453125,0.11596676309914912,31.96216244592198,32.416743804078024,32.189453125,0.11596676309914912,31.96216244592198,32.416743804078024,0.0,0.0,0.0,0.0,0.0,0.0,0.0,0.0,1.0,0.0,1.0,1.0
dense_candidate_grid,single_low,8.75,0.1905,29566.33958995279,90.95327957632502,29388.07443770739,29744.60474219819,28125.923396737813,89.25390707111656,27950.98895339894,28300.857840076686,0.0,0.0,0.0,0.0,476.875,2.5672985462148388,471.84318731185687,481.90681268814313,64.2814847369867,0.34606503237493524,63.60320973722314,64.95975973675026,128.05354983616206,0.29165795470001854,127.48191074914541,128.6251889231787,405.52516905849177,1.9832925514651583,401.6379870868135,409.41235103017004,358.6497395833333,1.930822448299078,354.86539712412565,362.434082042541,7.03125,0.5610697940744549,5.931573410800764,8.130926589199236,2.167562087037015,0.010104441297151745,2.1477577460106985,2.187366428063332,3.973958333333333,0.02139415455179032,3.9320265609321403,4.015890105734526,3.973958333333333,0.02139415455179032,3.9320265609321403,4.015890105734526,0.18366138496281914,0.000988757235356957,0.1817234563920661,0.18559931353357217,1600.6693729520262,3.645724433750235,1593.523884364318,1607.8148615397342,45.84761017995859,0.1865058061058889,45.48206551708344,46.213154842833745,405.52516905849177,1.9832925514651583,401.6379870868135,409.41235103017004,0.703125,0.056106979407445495,0.5931573410800763,0.8130926589199237,34.772135416666664,0.18719885232816547,34.40523240815623,35.1390384251771,4.6674444761672245,0.29820984455834754,4.082963920997575,5.2519250313368735,32.189453125,0.11596676309914912,31.96216244592198,32.416743804078024,32.189453125,0.11596676309914912,31.96216244592198,32.416743804078024,0.0,0.0,0.0,0.0,0.0,0.0,0.0,0.0,1.0,0.0,1.0,1.0
dense_candidate_grid,single_low,9.0,0.1905,29680.430392272992,90.69751283634221,29502.6665336264,29858.194250919583,28186.472075299425,89.90170073214908,28010.267979715514,28362.676170883336,0.0,0.0,0.0,0.0,470.0,2.1821789023599236,465.7230079435514,474.2769920564486,64.34792888766961,0.2987631762324032,63.762363822347304,64.93349395299191,131.48984190161426,0.31075751931839085,130.8807683558252,132.0989154474033,430.0476295176169,2.0493303345921485,426.03101586939084,434.0642431658429,391.66666666666663,1.8184824186332718,388.1025066196261,395.23082671370713,6.40625,0.5159743585591013,5.394958840278005,7.417541159721995,2.266721077644804,0.010885727847470213,2.2453854431182574,2.2880567121713504,3.9166666666666665,0.01818482418633271,3.8810250661962615,3.9523082671370715,3.9166666666666665,0.01818482418633271,3.8810250661962615,3.9523082671370715,0.18385122539334176,0.0008536090749497221,0.18217818234956376,0.18552426843711975,1643.6230237701784,3.884468991479885,1636.0096044478153,1651.2364430925415,47.313341152359435,0.19523359492470432,46.93069033773473,47.69599196698414,430.0476295176169,2.0493303345921485,426.03101586939084,434.0642431658429,0.640625,0.051597435855910145,0.5394958840278005,0.7417541159721995,35.25,0.16366341767699427,34.929225595766354,35.570774404233646,5.053853878766581,0.3311013033419536,4.404907248982081,5.702800508551082,32.189453125,0.11596676309914912,31.96216244592198,32.416743804078024,32.189453125,0.11596676309914912,31.96216244592198,32.416743804078024,0.0,0.0,0.0,0.0,0.0,0.0,0.0,0.0,1.0,0.0,1.0,1.0
dense_candidate_grid,single_low,9.25,0.1905,29781.181192806,92.84063816994171,29599.2168856912,29963.145499920804,28256.490050477652,89.79790940649302,28080.489382153937,28432.490718801368,0.0,0.0,0.0,0.0,454.375,2.576941016011038,449.32428841833433,459.42571158166567,63.1600099794548,0.3582054916923769,62.45794011667328,63.86207984223632,134.00854902754676,0.2652702480938189,133.48862889511287,134.52846915998066,450.22180207134636,1.8034365564857417,446.68713137223136,453.75647277046136,417.45703125,2.367564558460141,412.81668998434463,422.09737251565537,5.468749999999999,0.47748691947235133,4.532892834745214,6.4046071652547845,2.376915776206064,0.009838447559131306,2.357632773326381,2.3961987790857475,3.7864583333333335,0.02147450846675866,3.744369070152786,3.828547596513881,3.7864583333333335,0.02147450846675866,3.744369070152786,3.828547596513881,0.1804571713698708,0.0010234442619782192,0.17845125747620932,0.18246308526353228,1675.1068628443345,3.315878101172736,1668.6078611889109,1681.6058644997581,48.45386365464335,0.17438607488999483,48.11207322845365,48.795654080833046,450.22180207134636,1.8034365564857417,446.68713137223136,453.75647277046136,0.546875,0.04774869194723513,0.45328928347452146,0.6404607165254785,35.02473958333333,0.19863920331751764,34.635413898913264,35.414065267753394,4.373473953985541,0.3577965065125667,3.6722056874266595,5.074742220544422,32.189453125,0.11596676309914912,31.96216244592198,32.416743804078024,32.189453125,0.11596676309914912,31.96216244592198,32.416743804078024,0.0,0.0,0.0,0.0,0.0,0.0,0.0,0.0,1.0,0.0,1.0,1.0
dense_candidate_grid,single_low,9.5,0.1905,29909.505063618082,93.41034346560478,29726.42415464198,30092.585972594185,28341.71836141432,91.44847198082849,28162.482649890677,28520.954072937966,0.0,0.0,0.0,0.0,442.5,1.966989481173608,438.6447714589306,446.3552285410694,62.427470891459926,0.27750096854186024,61.883578987442895,62.971362795476956,137.86678906788615,0.28913114896560765,137.30010242910487,138.43347570666742,472.50285891107967,1.828972903235731,468.918137892038,476.08757993012136,446.18749999999994,1.9833810601833888,442.30014455442165,450.07485544557824,6.302083333333333,0.48179596942149033,5.357780585370651,7.2463860812960155,2.505228222669945,0.009640258804028225,2.4863336626124046,2.5241227827274852,3.6875,0.016391579009780072,3.6553730954910884,3.7196269045089116,3.6875,0.016391579009780072,3.6553730954910884,3.7196269045089116,0.17836420254702834,0.0007928599101196018,0.17681022567840826,0.17991817941564842,1723.3348633485768,3.6141393620700986,1716.2512803638108,1730.418446333343,49.75532279444379,0.17560635363603058,49.41114066586077,50.099504923026814,472.50285891107967,1.828972903235731,468.918137892038,476.08757993012136,0.6302083333333333,0.04817959694214903,0.5357780585370651,0.7246386081296015,35.03124999999999,0.15572000059291072,34.72604440716533,35.33645559283465,4.629084380987499,0.3284587955521671,3.985316971299847,5.272851790675151,32.189453125,0.11596676309914912,31.96216244592198,32.416743804078024,32.189453125,0.11596676309914912,31.96216244592198,32.416743804078024,0.0,0.0,0.0,0.0,0.0,0.0,0.0,0.0,1.0,0.0,1.0,1.0
dense_candidate_grid,single_low,9.75,0.1905,30023.020162079276,90.06086559607535,29846.504109094465,30199.536215064087,28412.282516049258,88.61104951939356,28238.60805035895,28585.956981739564,0.12415486207149232,0.12415486207149232,0.0,0.3674939202371552,431.875,2.0275263488394164,427.90112137856875,435.84887862143125,61.8167686426102,0.2902115825713516,61.247964392873975,62.385572892346424,141.00003653361887,0.2675066212219488,140.47573319039785,141.5243398768399,494.4906964083888,2.2138716861375274,490.1515876371663,498.82980517961136,475.96223958333326,2.234502996950106,471.5826941859642,480.3417849807023,5.46875,0.5055206004617236,4.47794782965196,6.45955217034804,2.6152005292928315,0.01132606159270156,2.593001856484454,2.637399202101209,3.5989583333333335,0.016896052906995144,3.56584267815474,3.632073988511927,3.5989583333333335,0.016896052906995144,3.56584267815474,3.632073988511927,0.17661933897888626,0.000829175950203861,0.17499418397963992,0.1782444939781326,1762.5004566702362,3.343832765274361,1755.9466648799735,1769.054248460499,51.034650578278296,0.21244195194544296,50.61827200365984,51.45102915289675,494.4906964083888,2.2138716861375274,490.1515876371663,498.82980517961136,0.546875,0.05055206004617236,0.4477947829651959,0.6459552170348041,35.08984375,0.1647365158432026,34.76696611200871,35.41272138799129,5.40236049095078,0.3656614905503298,4.6856771389389005,6.11904384296266,32.1893800927282,0.11597392778608166,31.96207537112183,32.416684814334566,32.189453125,0.11596676309914912,31.96216244592198,32.416743804078024,7.303227180676019e-05,7.303227180676019e-05,0.0,0.00021617289425715014,0.0,0.0,0.0,0.0,0.9999976796736518,2.320326348110094e-06,0.9999931319175771,1.0000022274297264
dense_candidate_grid,single_low,10.0,0.1905,30137.486115787848,91.64035338458025,29957.874323623546,30317.09790795215,28500.996207577282,88.1534515595525,28328.218617407663,28673.7737977469,0.0,0.0,0.0,0.0,415.625,2.45873685146701,410.80596432366326,420.44403567633674,60.338376089637336,0.35694722129147033,59.638772391524405,61.03797978775027,143.89722426408485,0.33442005276592424,143.24177300495566,144.55267552321405,512.2022245235137,2.353515482028844,507.5894189416797,516.8150301053477,498.75,2.9504842217604117,492.9671571883959,504.5328428116041,5.677083333333333,0.4906516263177869,4.715423816794466,6.6387428498722,2.746824908272517,0.014389591764767055,2.718621826661339,2.7750279898836947,3.463541666666666,0.02048947376222509,3.4233830360305264,3.5037002973028057,3.463541666666666,0.02048947376222509,3.4233830360305264,3.5037002973028057,0.17239536025610663,0.001019849203689914,0.17039649254721254,0.17439422796500073,1798.715303301061,4.180250659574053,1790.522162561946,1806.9084440401762,52.058787362872636,0.2046736253584805,51.65763442858477,52.4599402971605,512.2022245235137,2.353515482028844,507.5894189416797,516.8150301053477,0.5677083333333333,0.049065162631778694,0.4715423816794465,0.66387428498722,34.63541666666666,0.204894737622251,34.23383036030526,35.03700297302805,4.592266866123376,0.39998987394729324,3.8083011190059652,5.376232613240787,32.189453125,0.11596676309914912,31.96216244592198,32.416743804078024,32.189453125,0.11596676309914912,31.96216244592198,32.416743804078024,0.0,0.0,0.0,0.0,0.0,0.0,0.0,0.0,1.0,0.0,1.0,1.0
dense_candidate_grid,single_average,1.5,0.1905,50233.44474660932,133.7941264890543,49971.21307734778,50495.67641587086,45677.98901958007,121.64859468104062,45439.56215523532,45916.41588392482,0.6640625,0.6640625,0.0,1.9656010834836297,4267.5,11.508278593711408,4244.944188432272,4290.055811567728,246.36518243469737,0.6643794154069205,245.06302270843003,247.66734216096472,20.457732094560946,0.042581545673515936,20.374273798634807,20.541190390487085,0.0,0.0,0.0,0.0,0.0,0.0,0.0,0.0,20.46875,0.9027539297826929,18.69938481072392,22.23811518927608,0.0,0.0,0.0,0.0,35.5625,0.09590232161426174,35.37453490360227,35.75046509639773,35.5625,0.09590232161426174,35.37453490360227,35.75046509639773,0.7039005212419924,0.0018982269011626283,0.7001800648812286,0.7076209776027562,255.72165118201187,0.5322693209189487,254.67842248293513,256.7648798810886,4.793759614737441,0.016082963102995246,4.762237586290884,4.825281643183998,0.0,0.0,0.0,0.0,2.046875,0.0902753929782693,1.869938481072392,2.223811518927608,53.34375,0.1438534824213926,53.06180235540341,53.62569764459659,0.704296875,0.051447170466910414,0.6034622737783629,0.8051314762216372,53.355078125,0.14209404600148168,53.076578912419514,53.63357733758048,53.355078125,0.14221072404037274,53.0763502276655,53.6338060223345,0.00039062499999999997,0.00039062499999999997,0.0,0.0011562359314609585,0.00039062499999999997,0.0003906249999999999,0.0,0.0011562359314609583,0.9999927762367082,7.223763291723875e-06,0.9999786179208237,1.0000069345525928
dense_candidate_grid,single_average,1.75,0.1905,49448.07778885464,131.44109925881605,49190.45796821901,49705.69760949028,45502.547406989695,121.31707318571283,45264.77031283589,45740.3245011435,1.328125,0.754523841416036,0.0,2.8069645546522417,3660.0,9.960238411119947,3640.4782914367725,3679.5217085632275,224.91977233803323,0.612091408705364,223.72009522172434,226.11944945434212,24.438734526916498,0.043209893494873815,24.354044691890735,24.52342436194226,0.0,0.0,0.0,0.0,0.0,0.0,0.0,0.0,34.84375,1.0418113325470484,32.80183730952211,36.88566269047789,0.0,0.0,0.0,0.0,30.5,0.08300198675933292,30.337319095306437,30.662680904693563,30.5,0.08300198675933292,30.337319095306437,30.662680904693563,0.6426279209658092,0.0017488325963010399,0.6392002720620695,0.6460555698695489,305.4841815864562,0.5401236686859225,304.42555864863414,306.54280452427827,5.723712814859292,0.016409371661536318,5.691551037393749,5.755874592324835,0.0,0.0,0.0,0.0,3.484375,0.10418113325470484,3.2801837309522104,3.6885662690477896,53.375,0.14525347682883258,53.090308416786264,53.659691583213736,0.834375,0.06134472954748409,0.714141539445581,0.954608460554419,53.354296875,0.14225109378738507,53.075489854415295,53.63310389558471,53.355078125,0.14221072404037274,53.0763502276655,53.6338060223345,0.00078125,0.00044383755377413884,0.0,0.0016511556203836716,0.0,0.0,0.0,0.0,0.9999852300590777,8.39142881050939e-06,0.9999687831608303,1.0000016769573252
dense_candidate_grid,single_average,1.8,0.1905,49287.1326138297,131.34199773436058,49029.707028612815,49544.55819904659,45470.94076948994,121.18050740032949,45233.431339357005,45708.45019962288,0.6640625,0.6640625,0.0,1.9656010834836297,3551.875,9.643637901960389,3532.973817032212,3570.776182967788,220.84199626465585,0.5996045034024085,219.6667930330191,222.0171994962926,24.894118908427338,0.04741694781813783,24.801183398446973,24.987054418407702,0.0,0.0,0.0,0.0,0.0,0.0,0.0,0.0,17.916666666666664,0.8893228107545622,16.17362598695779,19.659707346375537,0.0,0.0,0.0,0.0,29.598958333333332,0.08036364918300325,29.441448475268434,29.75646819139823,29.598958333333332,0.08036364918300325,29.441448475268434,29.75646819139823,0.6309771321847308,0.0017131557240068795,0.6276194086657687,0.634334855703693,311.1764863553417,0.5927118477267229,310.0147924805871,312.33818023009627,5.835585789746732,0.02044243256637423,5.7955193581602495,5.8756522213332145,0.0,0.0,0.0,0.0,1.7916666666666665,0.08893228107545623,1.6173625986957794,1.9659707346375537,53.278125,0.14465456852940592,52.99460725548319,53.56164274451682,0.765234375,0.0695003630735474,0.6290161664633896,0.9014525835366104,53.3546875,0.14219077050137188,53.075998710883304,53.63337628911669,53.355078125,0.14221072404037274,53.0763502276655,53.6338060223345,0.00039062499999999997,0.00039062499999999997,0.0,0.0011562359314609585,0.0,0.0,0.0,0.0,0.9999927426846261,7.257315373897233e-06,0.9999785186078688,1.0000069667613833
dense_candidate_grid,single_average,2.0,0.1905,48818.42508098839,129.89627321140213,48563.83306376806,49073.017098208715,45351.59505208333,120.88067889529015,45114.67327502181,45588.51682914485,0.4427083333333333,0.4427083333333334,0.0,1.3104007223224199,3200.0,8.683134537528794,3182.9813690335277,3217.0186309664723,208.0083550319954,0.5644264161477714,206.90209958442276,209.11461047956803,28.118548873061897,0.056542188052368304,28.007728220872163,28.22936952525163,0.0,0.0,0.0,0.0,0.0,0.0,0.0,0.0,30.260416666666664,1.1093852854306219,28.086061462243958,32.434771871089374,0.0,0.0,0.0,0.0,26.666666666666664,0.07235945447940663,26.524844741946062,26.808488591387267,26.666666666666664,0.07235945447940663,26.524844741946062,26.808488591387267,0.5943095858057011,0.0016126469032793453,0.5911488559554936,0.5974703156559087,351.48186091327364,0.7067773506546032,350.096602760902,352.8671190656453,6.586655168470919,0.023556216555258164,6.540485832410587,6.632824504531252,0.0,0.0,0.0,0.0,3.0260416666666665,0.11093852854306217,2.808606146224396,3.243477187108937,53.33333333333333,0.14471890895881326,53.049689483892124,53.616977182774534,0.9929687500000001,0.07258527746272159,0.8507042203652189,1.1352332796347813,53.35481770833333,0.14221256340622368,53.07608620590801,53.633549210758645,53.355078125,0.14221072404037274,53.0763502276655,53.6338060223345,0.00026041666666666666,0.0002604166666666667,0.0,0.0007708239543073058,0.0,0.0,0.0,0.0,0.9999951141338337,4.885866166353531e-06,0.9999855380121143,1.000004690255553
dense_candidate_grid,single_average,2.1,0.1905,48593.5965231258,129.3494152886696,48340.076327738694,48847.11671851291,45296.49834205393,120.5798162447817,45060.166244951695,45532.83043915616,0.6640625,0.6640625,0.0,1.9656010834836297,3050.625,8.368600966879539,3034.222843503929,3067.027156496071,202.50128684180063,0.5555099249690284,201.41250739580678,203.59006628779449,29.193248396738717,0.06008490436534181,29.075484148168115,29.31101264530932,0.0,0.0,0.0,0.0,0.0,0.0,0.0,0.0,14.11458333333333,0.8055630387583458,12.535708790090329,15.693457876576332,0.0,0.0,0.0,0.0,25.421874999999996,0.06973834139066283,25.285190362532738,25.558559637467255,25.421874999999996,0.06973834139066283,25.285190362532738,25.558559637467255,0.5785751052622874,0.0015871712141972212,0.5754643068451621,0.5816859036794126,364.9156049592339,0.7510613045667728,363.4435518521014,366.38765806636644,6.839610263070554,0.02262728269409528,6.795261603922121,6.883958922218987,0.0,0.0,0.0,0.0,1.411458333333333,0.08055630387583458,1.253570879009033,1.569345787657633,53.3859375,0.14645051692039182,53.098899761318755,53.67297523868124,0.9808593750000001,0.07591158595717443,0.8320754005146217,1.1296433494853786,53.355078125,0.14203185128033355,53.07670081183299,53.633455438167005,53.355078125,0.14221072404037274,53.0763502276655,53.6338060223345,0.00039062499999999997,0.0003906249999999999,0.0,0.0011562359314609583,0.00039062499999999997,0.0003906249999999999,0.0,0.0011562359314609583,0.9999928587751371,7.1412248628891645e-06,0.9999788622316004,1.0000068553186738
dense_candidate_grid,single_average,2.25,0.1905,48302.6089545687,128.76688856778668,48050.230490574555,48554.98741856284,45218.27454102851,120.52317770523396,44982.053453423934,45454.49562863309,0.0,0.0,0.0,0.0,2844.375,7.924103649675063,2828.8440422368744,2859.9059577631256,194.57361508796617,0.5420598526737946,193.51119729926046,195.6360328766719,31.323298452209592,0.061661243457301784,31.202444635791323,31.44415226862786,0.0,0.0,0.0,0.0,0.0,0.0,0.0,0.0,14.0625,0.8315746985550342,12.43264354037738,15.69235645962262,0.0,0.0,0.0,0.0,23.703125,0.06603419708062551,23.573700351973955,23.832549648026045,23.703125,0.06603419708062551,23.573700351973955,23.832549648026045,0.5559246145370462,0.0015487424362108388,0.5528891351407441,0.5589600939333483,391.5412306526199,0.7707655432162733,390.03055794739157,393.05190335784823,7.337710906140271,0.024704420327048813,7.289291132040316,7.386130680240226,0.0,0.0,0.0,0.0,1.40625,0.08315746985550342,1.2432643540377382,1.5692356459622618,53.33203125,0.14857694343140743,53.040825791941394,53.623236708058606,1.06640625,0.08013431717474417,0.9093458744117919,1.223466625588208,53.355078125,0.14221072404037274,53.0763502276655,53.6338060223345,53.355078125,0.14221072404037274,53.0763502276655,53.6338060223345,0.0,0.0,0.0,0.0,0.0,0.0,0.0,0.0,1.0,0.0,1.0,1.0
dense_candidate_grid,single_average,2.4,0.1905,48045.53740166755,128.453222487353,47793.773711894224,48297.30109144087,45144.44002630719,120.30819779902166,44908.64029157619,45380.23976103819,1.328125,0.9316429972662054,0.0,3.1541117210907106,2665.0,7.740842003337551,2649.8282284634433,2680.1717715365567,187.58424165386919,0.5448630307536558,186.51632973708467,188.6521535706537,33.539175373161,0.05589506898057026,33.4296230510457,33.6487276952763,0.0,0.0,0.0,0.0,0.0,0.0,0.0,0.0,13.645833333333332,0.7597062619837712,12.15683642101559,15.134830245651074,0.0,0.0,0.0,0.0,22.20833333333333,0.0645070166944796,22.081901903862025,22.33476476280463,22.20833333333333,0.0645070166944796,22.081901903862025,22.33476476280463,0.535954976153912,0.0015567515164390134,0.5329037992488134,0.5390061530590106,419.23969216451246,0.6986883622571274,417.8702881380712,420.6090961909537,7.864173471649655,0.023816361827900114,7.817494260224197,7.910852683075114,0.0,0.0,0.0,0.0,1.3645833333333333,0.07597062619837712,1.215683642101559,1.5134830245651074,53.3,0.15481684006675084,52.99656456926887,53.603435430731125,1.07578125,0.08973887512502794,0.8998962867418078,1.251666213258192,53.354296874999996,0.14218715080139832,53.07561518036489,53.6329785696351,53.355078125,0.14221072404037274,53.0763502276655,53.6338060223345,0.0007812499999999999,0.0005480252925095325,0.0,0.0018553598359357117,0.0,0.0,0.0,0.0,0.9999854289130353,1.0223284815086031e-05,0.999965391642994,1.0000054661830766
dense_candidate_grid,single_average,2.5,0.1905,47905.44322677243,127.42343472475483,47655.697883925524,48155.18856961934,45098.81727196398,120.20478055687336,44863.22023130296,45334.41431262499,0.0,0.0,0.0,0.0,2563.125,6.975278767826336,2549.4537048329335,2576.7962951670665,183.7408112087534,0.5000315549212792,182.76076736997413,184.72085504753267,35.43722693303688,0.07091672162727095,35.29823271274578,35.576221153327985,0.0,0.0,0.0,0.0,0.0,0.0,0.0,0.0,24.322916666666664,1.033178878572276,22.297923275077522,26.347910058255806,0.0,0.0,0.0,0.0,21.359374999999996,0.05812732306521948,21.24544754027444,21.473302459725552,21.359374999999996,0.05812732306521948,21.24544754027444,21.473302459725552,0.524973746310724,0.00142866158548937,0.522173621057069,0.527773871564379,442.965336662961,0.8864590203408873,441.2279089093222,444.70276441659985,8.30564609142874,0.029301135420481773,8.248216921298464,8.363075261559015,0.0,0.0,0.0,0.0,2.4322916666666665,0.1033178878572276,2.2297923275077522,2.634791005825581,53.3984375,0.1453183076630487,53.113618850686116,53.683256149313884,1.375,0.08746987860228464,1.2035621882074314,1.5464378117925686,53.355078125,0.14221072404037274,53.0763502276655,53.6338060223345,53.355078125,0.14221072404037274,53.0763502276655,53.6338060223345,0.0,0.0,0.0,0.0,0.0,0.0,0.0,0.0,1.0,0.0,1.0,1.0
dense_candidate_grid,single_average,2.75,0.1905,47555.806346004625,126.40975464179387,47308.04777961216,47803.56491239709,44990.20662225208,119.90879230437947,44755.1897079058,45225.22353659836,1.1067708333333333,0.7922353080603431,0.0,2.6595235044126007,2328.75,6.328867473100025,2316.345647689797,2341.154352310203,174.32628016154075,0.47376829810881327,173.39771136023063,175.25484896285087,39.12486991690395,0.07263409126792425,38.98250971396902,39.26723011983887,0.0001361741077711687,9.532602111054689e-05,0.0,0.0003230096759373455,0.0,0.0,0.0,0.0,22.291666666666664,0.9732845669815765,20.384063968674113,24.199269364659216,6.81207809836326e-07,4.768948480214804e-07,0.0,1.6159045363711305e-06,19.40625,0.05274056227583355,19.302880397414974,19.509619602585026,19.40625,0.05274056227583355,19.302880397414974,19.509619602585026,0.4980750861758306,0.0013536237088823235,0.4954220324578017,0.5007281398938594,489.0608739612994,0.9079261408490522,487.2813714246128,490.84037649798603,9.167405990998343,0.03168008913297803,9.105314157270687,9.229497824726,0.0001361741077711687,9.532602111054689e-05,0.0,0.0003230096759373455,2.2291666666666665,0.09732845669815765,2.0384063968674115,2.4199269364659215,53.3671875,0.14503654625854223,53.082921092891176,53.651453907108824,1.408184206017102,0.09661778230577771,1.2188168324316464,1.5975515796025574,53.354427083333334,0.14220131962683316,53.07571761831067,53.633136548356,53.355078125,0.14221072404037274,53.0763502276655,53.6338060223345,0.0006510416666666666,0.00046602076944726067,0.0,0.0015644255908309414,0.0,0.0,0.0,0.0,0.9999878277014747,8.691140900855352e-06,0.9999707933783244,1.000004862024625
dense_candidate_grid,single_average,3.0,0.1905,47246.51235188721,125.30928937820524,47000.910657777626,47492.1140459968,44892.44980078643,119.58088350348254,44658.075575880124,45126.82402569274,0.0,0.0,0.0,0.0,2132.5,5.967837075949658,2120.803254265536,2144.196745734464,166.1975255906107,0.4651065674798302,165.28593346937717,167.10911771184422,42.44380291379302,0.08925977926895692,42.26885696115787,42.61874886642817,0.0045559297078039285,0.001994074172976537,0.000647616146268422,0.008464243269339436,0.0,0.0,0.0,0.0,12.916666666666666,1.2631582573330957,10.440921975519421,15.392411357813911,2.2828480449365248e-05,9.993309380456216e-06,3.2419539773047835e-06,4.241500692142571e-05,17.77083333333333,0.04973197563291385,17.673360452212794,17.868306214453863,17.77083333333333,0.04973197563291385,17.673360452212794,17.868306214453863,0.47485007311603056,0.0013288759070852285,0.4722455241982205,0.4774546220338406,530.5475364224127,1.1157472408619609,528.3607120144733,532.7343608303521,9.93623323468914,0.030525135367592677,9.876405068745449,9.996061400632833,0.0045559297078039285,0.001994074172976537,0.000647616146268422,0.008464243269339436,1.2916666666666665,0.12631582573330957,1.044092197551942,1.539241135781391,53.3125,0.14919592689874145,53.02008135663839,53.60491864336161,1.3358385686925187,0.10402155158510432,1.1319600739697389,1.5397170634152986,53.35546875,0.1421249030949084,53.076909058627734,53.634028441372266,53.355078125,0.14221072404037274,53.0763502276655,53.6338060223345,0.0,0.0,0.0,0.0,0.00039062499999999997,0.0003906249999999999,0.0,0.0011562359314609583,1.0,0.0,1.0,1.0
dense_candidate_grid,single_average,3.25,0.1905,47001.577933307446,124.93062792406865,46756.718402010294,47246.4374646046,44801.17283740151,119.37844039053668,44567.19539370549,45035.15028109752,0.6640625,0.6640625,0.0,1.9656010834836297,1971.25,5.379911930594439,1960.7055663760375,1981.7944336239625,159.53000299412815,0.4353873767385543,158.67665941639723,160.38334657185908,46.477289549829536,0.0916719755211156,46.29761577941651,46.65696332024256,0.035824195313274215,0.009158765335515117,0.017873345112810683,0.05377504551373775,0.0,0.0,0.0,0.0,22.447916666666664,1.18374263428686,20.12782373649985,24.76800959683348,0.00017978861427525767,4.601375788462663e-05,8.960330602804353e-05,0.00026997392252247184,16.427083333333332,0.04483259942162027,16.339213053133644,16.51495361353302,16.427083333333332,0.04483259942162027,16.339213053133644,16.51495361353302,0.45580000855465175,0.0012439639335387262,0.4533618840468491,0.4582381330624544,580.9661193728693,1.145899694013946,578.7201972427065,583.2120415030322,10.892353854591054,0.03797911848788275,10.817916150190225,10.966791558991883,0.035824195313274215,0.009158765335515117,0.017873345112810683,0.05377504551373775,2.244791666666666,0.11837426342868601,2.012782373649985,2.4768009596833473,53.38802083333333,0.14570594812026605,53.10244242268435,53.67359924398231,1.7074132164085312,0.11437863022387516,1.4832352205687114,1.931591212248351,53.3546875,0.14217986853757147,53.07602007833972,53.63335492166028,53.355078125,0.14221072404037274,53.0763502276655,53.6338060223345,0.00039062499999999997,0.00039062499999999997,0.0,0.0011562359314609585,0.0,0.0,0.0,0.0,0.9999927762367082,7.223763291723875e-06,0.9999786179208237,1.0000069345525928
dense_candidate_grid,single_average,3.5,0.1905,46772.0391765509,124.97281387641311,46527.0969623065,47016.98139079529,44717.43075302862,119.17917309417747,44483.84386605676,44951.01764000047,0.9302233037458332,0.6526459560922608,0.0,2.2093858723423736,1825.625,5.660163460256727,1814.5312834712872,1836.7187165287128,153.07009346008743,0.4745781580888022,152.13993736238402,154.00024955779085,50.21399127022419,0.0808690561973019,50.055490832613735,50.37249170783465,0.13369882155997415,0.020424720547510145,0.09366710489255906,0.17373053822738924,0.0,0.0,0.0,0.0,24.635416666666664,1.0951663165531973,22.488930129141007,26.78190320419232,0.0006714683985779443,0.00010272593858214388,0.00047012925867886876,0.0008728075384770199,15.213541666666666,0.04716802883547271,15.121094028927393,15.305989304405939,15.213541666666666,0.04716802883547271,15.121094028927393,15.305989304405939,0.4373431241716784,0.001355937594539434,0.43468553532109727,0.44000071302225957,627.6748908778025,1.0108632024662745,625.6936354076718,629.6561463479331,11.763414746664647,0.03421080571531196,11.69636279958054,11.830466693748756,0.13369882155997415,0.020424720547510145,0.09366710489255906,0.17373053822738924,2.4635416666666665,0.10951663165531975,2.2488930129141007,2.6781903204192323,53.24739583333333,0.1650881009241545,52.92382910124587,53.570962565420785,1.5690073450114133,0.12242728786643202,1.329054270068289,1.8089604199545375,53.35453093482133,0.1422299309298116,53.07576539267528,53.633296476967374,53.355078125,0.14221072404037274,53.0763502276655,53.6338060223345,0.0005471901786740195,0.00038390938593662406,0.0,0.0012996387484366905,0.0,0.0,0.0,0.0,0.999989683830143,7.236708873539968e-06,0.9999755001413843,1.0000038675189018
dense_candidate_grid,single_average,3.75,0.1905,46579.2308971032,124.33450195904723,46335.53975122775,46822.92204297866,44641.03030095805,118.9014990249063,44407.98764516141,44874.072956754695,0.0,0.0,0.0,0.0,1705.625,5.2225995093363835,1695.3888930560242,1715.8611069439758,147.8667274915964,0.4527658180694977,146.97932279474938,148.75413218844344,54.300847945731434,0.0736702925123858,54.15645682567663,54.44523906578624,0.4601040411473587,0.04067932803234263,0.38037402328867653,0.5398340590060409,0.0,0.0,0.0,0.0,29.947916666666664,1.1172750344186848,27.758097838380294,32.137735494953034,0.002303861620146988,0.00020516452421737454,0.0019017465417756382,0.002705976698518338,14.213541666666668,0.04352166257780318,14.12824077546687,14.298842557866466,14.213541666666668,0.04352166257780318,14.12824077546687,14.298842557866466,0.42247636426170404,0.0012936166230557075,0.4199409222707125,0.4250118062526956,678.760599321643,0.9208786564048218,676.9557103209579,680.5654883223281,12.721677033409465,0.037567811973595565,12.648045474963245,12.795308591855685,0.4601040411473587,0.04067932803234263,0.38037402328867653,0.5398340590060409,2.994791666666666,0.11172750344186848,2.775809783838029,3.2137735494953033,53.30078125,0.16320623466676198,52.98090290800076,53.62065959199924,1.9121770952446393,0.13751656823890462,1.6426495742188416,2.181704616270437,53.355078125,0.14221072404037274,53.0763502276655,53.6338060223345,53.355078125,0.14221072404037274,53.0763502276655,53.6338060223345,0.0,0.0,0.0,0.0,0.0,0.0,0.0,0.0,1.0,0.0,1.0,1.0
dense_candidate_grid,single_average,4.0,0.1905,46396.0108854231,122.731930987859,46155.46072093384,46636.56104991236,44570.56940472884,118.63458138892642,44338.04989788556,44803.08891157212,0.0,0.0,0.0,0.0,1600.625,4.317938542171282,1592.161995969887,1609.088004030113,143.22262601728568,0.38636563654261324,142.46536328479826,143.9798887497731,57.312165479597326,0.10527501325677183,57.10583024514207,57.51850071405258,1.1046058640398768,0.07383493365793027,0.9598920532694293,1.2493196748103244,0.0,0.0,0.0,0.0,23.17708333333333,0.954861111111111,21.305589945317653,25.048576721349004,0.005555194012514267,0.0003721371775799629,0.004825818547149153,0.00628456947787938,13.338541666666666,0.03598282118476067,13.26801663308239,13.409066700250943,13.338541666666666,0.03598282118476067,13.26801663308239,13.409066700250943,0.4092075029065306,0.0011039018186931825,0.4070438950994237,0.41137111071363747,716.4020684949667,1.3159376657096467,713.8228780642761,718.9812589256572,13.42813423302089,0.041248290540226606,13.347289069138201,13.508979396903579,1.1046058640398768,0.07383493365793027,0.9598920532694293,1.2493196748103244,2.317708333333333,0.0954861111111111,2.1305589945317656,2.5048576721349005,53.354166666666664,0.14393128473904268,53.07206653232956,53.63626680100377,2.0627521739296353,0.13910767041662472,1.790106149939783,2.3353981979194876,53.355078125,0.14221072404037274,53.0763502276655,53.6338060223345,53.355078125,0.14221072404037274,53.0763502276655,53.6338060223345,0.0,0.0,0.0,0.0,0.0,0.0,0.0,0.0,1.0,0.0,1.0,1.0
dense_candidate_grid,single_average,4.25,0.1905,46238.95950634776,122.05879393912092,45999.72866623069,46478.190346464835,44507.4309979043,118.29125313108709,44275.58440208126,44739.27759372735,0.10192274787861041,0.10192274787861041,0.0,0.301687662926043,1508.75,4.030513575531,1500.8503385527595,1516.6496614472405,139.11780336142496,0.3716428798981111,138.3893967017139,139.84621002113602,61.19249525972904,0.10972239393017157,60.97744331932839,61.4075472001297,2.4522245744283415,0.12410990246554332,2.208973635471098,2.695475513385585,3.143229166666667,0.008396903282356257,3.1267715386515826,3.1596867946817513,16.770833333333332,0.9621609494677987,14.885032525045585,18.65663414162108,0.012335515909295056,0.0006263635686514763,0.01110786587351018,0.013563165945079931,12.572916666666668,0.03358761312942503,12.50708615460633,12.638747178727005,12.572916666666668,0.03358761312942503,12.50708615460633,12.638747178727005,0.39747943817549986,0.0010618367997088888,0.39539827629061114,0.39956060006038857,764.9061907466131,1.3715299241271453,762.2180414916049,767.5943400016213,14.335178248475835,0.044427755127509384,14.248101448511951,14.422255048439718,2.4522245744283415,0.12410990246554332,2.208973635471098,2.695475513385585,1.6770833333333333,0.09621609494677988,1.4885032525045585,1.865663414162108,53.43489583333333,0.1427473558000562,53.1551161570769,53.71467550958976,2.153006576621885,0.149232521621166,1.8605162089223046,2.445496944321465,53.35501817044242,0.14221478574150495,53.07628231231999,53.63375402856485,53.355078125,0.14221072404037274,53.0763502276655,53.6338060223345,5.995455757565319e-05,5.995455757565319e-05,0.0,0.0001774633311329665,0.0,0.0,0.0,0.0,0.9999988634207095,1.136579290534484e-06,0.9999966357662345,1.0000010910751846
dense_candidate_grid,single_average,4.5,0.1905,46107.96860555504,122.34198685707442,45868.1827175181,46347.75449359198,44452.38122307132,117.86827001617922,44221.36365891957,44683.39878722308,0.0,0.0,0.0,0.0,1420.625,4.541885097412223,1411.723068787153,1429.526931212847,134.7923900154829,0.43094521598303337,133.94775291284634,135.63702711811948,64.91519943157624,0.10577059565437914,64.70789287347031,65.12250598968217,4.7704180366505256,0.1820993571630485,4.4135098550030545,5.127326218297997,11.838541666666668,0.0378490424784352,11.764358906559607,11.912724426773728,18.645833333333332,0.8324027542230354,17.014353914424238,20.277312752242427,0.024008823990655064,0.0009231797363393326,0.02219942495617279,0.025818223025137338,11.838541666666668,0.0378490424784352,11.764358906559607,11.912724426773728,11.838541666666668,0.0378490424784352,11.764358906559607,11.912724426773728,0.3851211143299512,0.0012312720456658108,0.3827078654652753,0.38753436319462714,811.439992894703,1.3221324456797388,808.8486609183789,814.0313248710271,15.169917417470145,0.04625755933677036,15.079254267157351,15.26058056778294,4.7704180366505256,0.1820993571630485,4.4135098550030545,5.127326218297997,1.8645833333333333,0.08324027542230354,1.7014353914424236,2.0277312752242427,53.2734375,0.17032069115295836,52.939615079518234,53.607259920481766,1.9888618637794198,0.15644623247876965,1.6822328826040507,2.295490844954789,53.355078125,0.14221072404037274,53.0763502276655,53.6338060223345,53.355078125,0.14221072404037274,53.0763502276655,53.6338060223345,0.0,0.0,0.0,0.0,0.0,0.0,0.0,0.0,1.0,0.0,1.0,1.0
dense_candidate_grid,single_average,4.75,0.1905,46005.46685818356,121.47687184217499,45767.37656441831,46243.55715194881,44406.68549778549,117.48850226319128,44176.41226475208,44636.9587308189,0.7068061099343712,0.7068061099343712,0.0,2.092120629458597,1347.5,4.166666666666667,1339.3334833977497,1355.6665166022503,131.39266922915917,0.4062853099231889,130.59636465426203,132.1889738040563,68.38106441722536,0.12571018683311116,68.13467697854266,68.62745185590806,8.556028975089598,0.2544351943791253,8.057345157707065,9.054712792472131,25.265625,0.078125,25.11250281370781,25.41874718629219,16.979166666666664,0.9023006981176691,15.210689795130685,18.747643538202645,0.04316860444359853,0.0012815449815892928,0.040656822435115474,0.04568038645208159,11.229166666666664,0.03472222222222219,11.161112361647913,11.297220971685416,11.229166666666664,0.03472222222222219,11.161112361647913,11.297220971685416,0.37540762636902625,0.0011608151712091113,0.3731324704407487,0.3776827822973038,854.7633052153171,1.5713773354138882,851.6834622317834,857.8431481988508,16.002076568176502,0.04542734316175388,15.913040611666123,16.09111252468688,8.556028975089598,0.2544351943791253,8.057345157707065,9.054712792472131,1.6979166666666665,0.09023006981176691,1.5210689795130685,1.8747643538202645,53.338541666666664,0.1649305555555554,53.01528371782759,53.661799615505736,2.378995986432286,0.17282418615311465,2.0402668059147353,2.7177251669498363,53.35471665257901,0.14225432574005087,53.07590329748348,53.63353000767454,53.355078125,0.14221072404037274,53.0763502276655,53.6338060223345,0.00041576829996139487,0.0004157682999613948,0.0,0.0012306591937991747,5.429587896912835e-05,5.4295878969128345e-05,0.0,0.00016071384625756567,0.9999920919010944,7.908098905589495e-06,0.9999765923120533,1.0000075914901356
dense_candidate_grid,single_average,5.0,0.1905,45930.06151736469,120.714157711558,45693.46611582595,46166.65691890343,44371.700724388305,117.03556138353237,44142.31523916616,44601.086209610454,0.0,0.0,0.0,0.0,1285.625,3.970844888305778,1277.8422870307256,1293.4077129692744,128.67666216477696,0.3974370957326246,127.89769977102081,129.4556245585331,72.25060416658911,0.1221769718634899,72.01114170199651,72.49006663118172,14.006443311682027,0.3436334363769588,13.332934152499451,14.679952470864603,42.85416666666666,0.1323614962768595,42.59474290102418,43.11359043230913,14.947916666666664,0.8166052087203284,13.347399867987008,16.54843346534632,0.07076279925855777,0.001771799280102133,0.06729013648172359,0.07423546203539196,10.713541666666664,0.033090374069214876,10.648685725256046,10.778397608077283,10.713541666666664,0.033090374069214876,10.648685725256046,10.778397608077283,0.3676476061850771,0.0011355345592360699,0.3654219993457738,0.36987321302438037,903.1325520823639,1.5272121482936243,900.1392712749563,906.1258328897715,16.875128614926606,0.05407483420468174,16.769143887415456,16.981113342437755,14.006443311682027,0.3436334363769588,13.332934152499451,14.679952470864603,1.4947916666666665,0.08166052087203284,1.3347399867987009,1.6548433465346322,53.56770833333333,0.16545187034607423,53.243428626280235,53.89198804038642,2.619965510504111,0.18165116467228332,2.263935769996681,2.975995251011541,53.355078125,0.14221072404037274,53.0763502276655,53.6338060223345,53.355078125,0.14221072404037274,53.0763502276655,53.6338060223345,0.0,0.0,0.0,0.0,0.0,0.0,0.0,0.0,1.0,0.0,1.0,1.0
dense_candidate_grid,single_average,5.25,0.1905,45865.936699855476,119.73707706712372,45631.256341189815,46100.61705852114,44343.96565516818,116.32609671741449,44115.97069513992,44571.96061519643,0.0,0.0,0.0,0.0,1221.25,3.880021068507682,1213.6452984464684,1228.8547015535316,125.33255687950619,0.3981928034902113,124.55211332576233,126.11300043325004,75.84873883371375,0.12880591784077222,75.59628387375021,76.1011937936773,20.568394807416666,0.4518674595845629,19.682750860845314,21.45403875398802,63.60677083333333,0.20208443065144144,63.21069262742022,64.00284903924644,15.364583333333332,0.7701481922234245,13.85512061381679,16.874046052849874,0.10410412162976013,0.002310614943134142,0.09957539955907714,0.10863284370044311,10.177083333333332,0.032333508904230646,10.113710820387235,10.24045584627943,10.177083333333332,0.032333508904230646,10.113710820387235,10.24045584627943,0.358093019655732,0.001137693724257747,0.35586318093074953,0.36032285838071443,948.109235421422,1.6100739730096532,944.9535484218777,951.2649224209663,17.710400816486587,0.05744678975879448,17.597807177531905,17.82299445544127,20.568394807416666,0.4518674595845629,19.682750860845314,21.45403875398802,1.5364583333333333,0.07701481922234245,1.385512061381679,1.6874046052849876,53.4296875,0.16975092174721107,53.09698180703299,53.76239319296701,2.79569743534484,0.19078106563924138,2.4217734177597547,3.169621452929925,53.355078125,0.14221072404037274,53.0763502276655,53.6338060223345,53.355078125,0.14221072404037274,53.0763502276655,53.6338060223345,0.0,0.0,0.0,0.0,0.0,0.0,0.0,0.0,1.0,0.0,1.0,1.0
dense_candidate_grid,single_average,5.5,0.1905,45836.24007859392,118.80509990746934,45603.38636159559,46069.09379559224,44328.51551556432,115.81683221115192,44101.518695626946,44555.5123355017,0.0,0.0,0.0,0.0,1172.5,3.54953607520847,1165.5430371307657,1179.4569628692343,123.25804147607971,0.37314188893721817,122.52669681263951,123.98938613951991,79.8221578923511,0.14189471378055943,79.54404936374459,80.10026642095761,29.57144699449573,0.5578115558278659,28.478156434912858,30.664737554078602,87.9375,0.2662152056406352,87.41572778480743,88.45927221519257,14.635416666666666,0.7913261154882933,13.084445980283627,16.186387353049703,0.1492420765591881,0.002831338756838488,0.14369275456775227,0.15479139855062396,9.770833333333332,0.02957946729340397,9.71285864275638,9.828808023910284,9.770833333333332,0.02957946729340397,9.71285864275638,9.828808023910284,0.3521658327887992,0.001066119682677762,0.35007627660754154,0.3542553889700569,997.7769736543887,1.7736839222569931,994.3006170468072,1001.2533302619702,18.58405025533802,0.0582148251955622,18.469951294588423,18.698149216087618,29.57144699449573,0.5578115558278659,28.478156434912858,30.664737554078602,1.4635416666666665,0.07913261154882933,1.3084445980283628,1.6186387353049703,53.739583333333336,0.16268707011372177,53.420722535160095,54.058444131506576,2.9636699234500696,0.18441696240676117,2.602219318994541,3.3251205279055984,53.355078125,0.14221072404037274,53.0763502276655,53.6338060223345,53.355078125,0.14221072404037274,53.0763502276655,53.6338060223345,0.0,0.0,0.0,0.0,0.0,0.0,0.0,0.0,1.0,0.0,1.0,1.0
dense_candidate_grid,single_average,5.75,0.1905,45799.828797072645,118.62166376471886,45567.334608307574,46032.322985837716,44316.106885367175,115.77545325258934,44089.1911666983,44543.02260403605,0.16797640335011765,0.16797640335011765,0.0,0.4972041041689215,1115.0,3.2732683535398857,1108.584511915327,1121.415488084673,119.95641771569808,0.352152059114624,119.2662123627518,120.64662306864436,82.73293211044805,0.1368325061843408,82.46474532641238,83.00111889448371,38.55208547597021,0.541230348216208,37.49129348612637,39.61287746581405,113.82291666666667,0.3341461444238629,113.16800225802298,114.47783107531036,13.489583333333332,0.6740239182656501,12.168520728814089,14.810645937852575,0.1954180284253278,0.0027341245592161028,0.1900592427600178,0.2007768140906378,9.291666666666666,0.02727723627949901,9.238204265961059,9.345129067372273,9.291666666666666,0.02727723627949901,9.238204265961059,9.345129067372273,0.34273262204485155,0.0010061487403274963,0.34076060675071934,0.34470463733898377,1034.1616513806007,1.710406327304258,1030.809316580155,1037.5139861810464,19.288247178218626,0.05771482505367865,19.175128199739387,19.401366156697865,38.55208547597021,0.541230348216208,37.49129348612637,39.61287746581405,1.348958333333333,0.06740239182656502,1.2168520728814087,1.4810645937852573,53.427083333333336,0.1568441086071193,53.1196745292761,53.734492137390575,2.6660175280848524,0.2100397414805728,2.254347199460826,3.0776878567088786,53.354979315350974,0.14220557562134337,53.07626150873235,53.6336971219696,53.355078125,0.14221072404037274,53.0763502276655,53.6338060223345,9.880964902948098e-05,9.880964902948097e-05,0.0,0.00029247300245230677,0.0,0.0,0.0,0.0,0.9999981642424705,1.8357575295759043e-06,0.9999945662238281,1.0000017622611128
dense_candidate_grid,single_average,6.0,0.1905,45798.07056187185,118.84045883549494,45565.14754264806,46030.99358109564,44313.30802606844,115.20319343611472,44087.51391602965,44539.10213610722,0.33135937007258626,0.33135937007258626,0.0,0.9808118013547347,1072.5,3.8704210016687757,1064.9141142317217,1080.0858857682783,117.98457057903651,0.4257808483375053,117.15005545098809,118.81908570708494,86.89949138928037,0.13011083847436047,86.64447883187232,87.15450394668842,49.62003113168868,0.6323241939696729,48.3806984849548,50.859363778422555,143.0,0.5160561335558366,141.98854856422957,144.01145143577043,14.42708333333333,0.7084099223299709,13.03862539927577,15.815541267390891,0.25064329386901174,0.003241057124333413,0.2442909386334813,0.2569956491045422,8.9375,0.032253508347239786,8.874284285264348,9.000715714735652,8.9375,0.032253508347239786,8.874284285264348,9.000715714735652,0.3370987730829615,0.0012165167095357296,0.3347144441456803,0.3394831020202427,1086.2436423660047,1.6263854809295062,1083.055985398404,1089.4312993336055,20.153550049655156,0.0596812146079556,20.036577018469956,20.270523080840356,49.62003113168868,0.6323241939696729,48.3806984849548,50.859363778422555,1.442708333333333,0.0708409922329971,1.303862539927577,1.5815541267390891,53.625,0.19352105008343878,53.24570571158609,54.00429428841391,3.1446429906604667,0.22106768111111755,2.711358297536891,3.5779276837840426,53.3549544775382,0.1422049823129385,53.076237833782685,53.633671121293716,53.355078125,0.14221072404037274,53.0763502276655,53.6338060223345,0.00019491727651328603,0.00019491727651328603,0.0,0.0005769481184439615,7.126981471048013e-05,7.126981471048013e-05,0.0,0.00021095608472786415,0.9999963756253878,3.6243746121596837e-06,0.9999892719816815,1.0000034792690942
dense_candidate_grid,single_average,6.25,0.1905,45811.03772914755,117.38916841166963,45580.95918688557,46041.11627140953,44321.85599833348,114.80211248255614,44096.84799251855,44546.8640041484,0.0,0.0,0.0,0.0,1033.125,3.279891536630974,1026.6965307150056,1039.5534692849944,116.12341672349508,0.36866033801917675,115.40085573844914,116.84597770854103,90.4165495976541,0.14887965324071575,90.12475083927148,90.70834835603671,62.364420742914916,0.714488724717411,60.96404857510884,63.76479291072099,174.33984375,0.5534816968064769,173.2550395581572,175.4246479418428,12.8125,0.6812991968871035,11.477178111405214,14.147821888594786,0.3171822100896967,0.003654425723741019,0.3100196672869876,0.32434475289240583,8.609374999999998,0.02733242947192483,8.555804422625044,8.662945577374952,8.609374999999998,0.02733242947192483,8.555804422625044,8.662945577374952,0.3317811906385574,0.0010533152514833647,0.3297167306812832,0.33384565059583154,1130.2068699706763,1.8609956655089452,1126.5593854908936,1133.854354450459,21.006695985569515,0.06021368713233173,20.888679327413783,21.124712643725246,62.364420742914916,0.714488724717411,60.96404857510884,63.76479291072099,1.28125,0.06812991968871035,1.1477178111405213,1.4147821888594787,53.80859375,0.1708276841995301,53.47377764140654,54.14340985859346,3.1702441014987537,0.23263174644660312,2.714294256802758,3.6261939461947494,53.355078125,0.14221072404037274,53.0763502276655,53.6338060223345,53.355078125,0.14221072404037274,53.0763502276655,53.6338060223345,0.0,0.0,0.0,0.0,0.0,0.0,0.0,0.0,1.0,0.0,1.0,1.0
dense_candidate_grid,single_average,6.5,0.1905,45819.886532636156,117.08336159481932,45590.40736072143,46049.36570455088,44330.18024303675,114.42062400017029,44105.91994090782,44554.440545165686,0.0,0.0,0.0,0.0,988.75,3.016982356541473,982.836823239186,994.663176760814,113.46867096169126,0.34622804380443317,112.79007646539681,114.14726545798571,93.88396077707263,0.18283863098941208,93.52560364535077,94.24231790879449,74.80157452731072,0.8120120255060459,73.21006020230546,76.39308885231598,205.98958333333331,0.6285379909461394,204.75767150816372,207.2214951585029,12.812499999999998,0.8003345792307877,11.243873049125636,14.38112695087436,0.381319114103605,0.0041128618233492445,0.3732580530564507,0.38938017515075923,8.239583333333332,0.025141519637845555,8.19030686032655,8.288859806340115,8.239583333333332,0.025141519637845555,8.19030686032655,8.288859806340115,0.32419620274768923,0.0009892229822983758,0.3222573613297051,0.32613504416567335,1173.5495097134078,2.2854828873676505,1169.0700455668846,1178.028973859931,21.75344900492921,0.06791631499088227,21.6203354735844,21.886562536274017,74.80157452731072,0.8120120255060459,73.21006020230546,76.39308885231598,1.28125,0.08003345792307877,1.1243873049125637,1.4381126950874363,53.55729166666667,0.16341987764599628,53.23699459212258,53.877588741210765,3.0897394773336435,0.2231870226214261,2.652300951178922,3.527178003488365,53.35525618712553,0.14222613657946465,53.07649808176951,53.63401429248156,53.355078125,0.14221072404037274,53.0763502276655,53.6338060223345,0.0,0.0,0.0,0.0,0.00017806212553351708,0.00017806212553351706,0.0,0.0005270574785898605,1.0,0.0,1.0,1.0
dense_candidate_grid,single_average,6.75,0.1905,45855.205767066494,116.79522578021552,45626.29133097105,46084.12020316194,44346.750939131874,113.58318862725862,44124.13198017323,44569.36989809052,0.0,0.0,0.0,0.0,956.25,3.75,948.9001350579748,963.5998649420252,111.96655511672739,0.43908452986951974,111.10596525201443,112.82714498144036,98.03732251662146,0.16238250283604094,97.71905865934335,98.35558637389957,89.2712628012683,0.9274074827538838,87.45357753607774,91.08894806645887,241.0546875,0.9453124999999998,239.20190904586448,242.90746595413552,11.874999999999998,0.7817183340512662,10.342860219204866,13.40713978079513,0.45363170181556073,0.005050207155512082,0.44373347767629057,0.4635299259548309,7.96875,0.03124999999999998,7.907501125483123,8.029998874516876,7.96875,0.03124999999999998,7.907501125483123,8.029998874516876,0.3199044431906496,0.0012545272281986276,0.3174456150057554,0.32236327137554377,1225.466531457768,2.0297812854505093,1221.4882332417917,1229.4448296737444,22.590235138736464,0.07533679443256917,22.44257773493793,22.737892542534997,89.2712628012683,0.9274074827538838,87.45357753607774,91.08894806645887,1.1875,0.07817183340512662,1.0342860219204868,1.3407139780795132,53.7890625,0.2109375,53.375632597011084,54.202492402988916,3.4800600062545275,0.23472580331970505,3.0200058855056735,3.9401141270033815,53.35534103289929,0.14216312482530152,53.07670642831203,53.63397563748655,53.355078125,0.14221072404037274,53.0763502276655,53.6338060223345,0.0,0.0,0.0,0.0,0.00026290789929067057,0.00026290789929067057,0.0,0.0007781979131514685,1.0,0.0,1.0,1.0
dense_candidate_grid,single_average,7.0,0.1905,45910.01292087854,117.19866610518689,45680.307756276234,46139.71808548084,44372.80881878575,113.98093489083331,44149.41029147551,44596.20734609599,0.0,0.0,0.0,0.0,928.75,3.388677458926258,922.1083142252818,935.3916857747182,110.88356301065902,0.4045745685487471,110.09061142724264,111.6765145940754,101.90944270552956,0.21051056866193274,101.49684957258712,102.32203583847199,105.68192970993276,0.898988019777951,103.919945568635,107.44391385123052,278.625,1.0166032376778773,276.63249426758455,280.61750573241545,11.354166666666664,0.6953119581423883,9.99138027068756,12.716953062645768,0.5360464991827445,0.004806186205181138,0.5266265473175963,0.5454664510478927,7.739583333333333,0.028238978824385506,7.684235951877349,7.794930714789317,7.739583333333333,0.028238978824385506,7.684235951877349,7.794930714789317,0.31681018003045425,0.0011559273387107087,0.314544604077836,0.3190757559830725,1273.8680338191193,2.631382108274161,1268.7106196573388,1279.0254479808998,23.527112519715406,0.07263327825568068,23.384753910255196,23.669471129175616,105.68192970993276,0.898988019777951,103.919945568635,107.44391385123052,1.1354166666666665,0.06953119581423883,0.9991380270687562,1.2716953062645768,54.17708333333333,0.19767285177069857,53.789651663141434,54.56451500352522,3.8244856913532477,0.25322632071264667,3.328171222818871,4.320800159887624,53.355078125,0.14221072404037274,53.0763502276655,53.6338060223345,53.355078125,0.14221072404037274,53.0763502276655,53.6338060223345,0.0,0.0,0.0,0.0,0.0,0.0,0.0,0.0,1.0,0.0,1.0,1.0
dense_candidate_grid,single_average,7.25,0.1905,45951.01146264357,115.79525220115697,45724.05693874857,46177.96598653857,44396.87579343641,113.08365325871328,44175.23590580912,44618.515681063705,0.5371676611993508,0.3773544044268673,0.0,1.2767687032835726,894.375,3.0035940772601717,888.4880637843922,900.2619362156078,108.81303652208064,0.3654285864725825,108.09680965367299,109.52926339048828,105.08798804057949,0.18457632189201745,104.72622509727226,105.44975098388672,120.11544573330391,1.0257808567489572,118.10495219804532,122.1259392685625,314.89453124999994,1.0575154147020174,312.82183912408806,316.96722337591183,10.3125,0.7186984779478703,8.90387686747842,11.72112313252158,0.6144690833088906,0.005585121587135242,0.6035224461488283,0.6254157204689529,7.453125,0.02502995064383474,7.404067198203268,7.502182801796732,7.453125,0.02502995064383474,7.404067198203268,7.502182801796732,0.3108943900630875,0.00104408167563595,0.3088480275819228,0.3129407525442522,1313.5998505072434,2.307204023650221,1309.0778137159032,1318.1218872985837,24.270991886015576,0.07307410076427377,24.127769280314947,24.414214491716205,120.11544573330391,1.0257808567489572,118.10495219804532,122.1259392685625,1.03125,0.07186984779478703,0.890387686747842,1.172112313252158,54.03515625,0.18146714216780183,53.6794871869737,54.3908253130263,3.8853234536887356,0.2680154518809326,3.3600228207018796,4.4106240866755915,53.35476214402283,0.14219051505900823,53.07607385556397,53.63345043248169,53.355078125,0.14221072404037274,53.0763502276655,53.6338060223345,0.0003159809771760887,0.00022197317907462786,0.0,0.0007510404136962192,0.0,0.0,0.0,0.0,0.9999941411807516,4.115149672219547e-06,0.999986075635603,1.0000022067259002
dense_candidate_grid,single_average,7.5,0.1905,45998.040082321204,116.23271427910538,45770.228148508824,46225.852016133584,44422.34631260272,113.14827912752158,44200.57976060009,44644.11286460535,0.0,0.0,0.0,0.0,861.875,2.9452258247425034,856.1024634571675,867.6475365428325,106.79617780996708,0.3649471917269998,106.08089445792312,107.51146116201103,108.8134327413019,0.1854915801526515,108.44987592476727,109.17698955783652,135.07895083388175,1.018673936083676,133.08238660716808,137.07551506059542,351.9322916666667,1.2026338784365211,349.57517257834337,354.28941075499,11.197916666666664,0.6402125156114199,9.943123193616493,12.452710139716835,0.6924465567985717,0.005491724248288686,0.6816829750589005,0.7032101385382429,7.182291666666667,0.02454354853952084,7.134187195476396,7.230396137856938,7.182291666666667,0.02454354853952084,7.134187195476396,7.230396137856938,0.3051319365999059,0.0010427062620771389,0.3030882698797803,0.30717560332003147,1360.1679092662737,2.3186447519081437,1355.623449059591,1364.7123694729564,25.00575485643294,0.06889973325118631,24.870713860716197,25.140795852149683,135.07895083388175,1.018673936083676,133.08238660716808,137.07551506059542,1.1197916666666665,0.064021251561142,0.9943123193616494,1.2452710139716836,53.8671875,0.18407661404640646,53.506403966072966,54.227971033927034,3.9777068232051542,0.27430482005207796,3.440079255117341,4.515334391292967,53.355078125,0.14221072404037274,53.0763502276655,53.6338060223345,53.355078125,0.14221072404037274,53.0763502276655,53.6338060223345,0.0,0.0,0.0,0.0,0.0,0.0,0.0,0.0,1.0,0.0,1.0,1.0
dense_candidate_grid,single_average,7.75,0.1905,46065.21936805855,115.55409923844562,45838.737495285226,46291.70124083187,44453.7050939208,112.43621783634912,44233.33415640365,44674.076031437944,0.2891935645878703,0.2891935645878703,0.0,0.856002535740854,837.5,3.435921354681384,830.7657178911124,844.2342821088876,105.63745859450972,0.43338746249450305,104.78803477666929,106.48688241235016,113.21169217650919,0.19310833721741744,112.83320679044863,113.59017756256975,152.03738813547503,1.2259819680792101,149.63450763234425,154.4402686386058,392.578125,1.6105881350068987,389.42143026145897,395.73481973854103,10.260416666666666,0.6694085789477029,8.94839996098703,11.572433372346302,0.7766606072675648,0.006443138944955466,0.7640322869880647,0.7892889275470649,6.979166666666666,0.028632677955678212,6.923047649092603,7.035285684240729,6.979166666666666,0.028632677955678212,6.923047649092603,7.035285684240729,0.30182131027002773,0.0012382498928414365,0.2993943850761979,0.30424823546385754,1415.1461522063648,2.41385421521772,1410.415084880608,1419.8772195321217,25.855737807257583,0.0865063419697692,25.68618849256253,26.025287121952637,152.03738813547503,1.2259819680792101,149.63450763234425,154.4402686386058,1.0260416666666665,0.06694085789477029,0.894839996098703,1.15724333723463,54.088541666666664,0.22190325415650594,53.65361928046767,54.523464052865656,3.943002131193629,0.2818121505815249,3.390660465648062,4.4953437967391965,53.35490801113848,0.142196206186681,53.07620856827435,53.6336074540026,53.355078125,0.14221072404037274,53.0763502276655,53.6338060223345,0.00017011386152227667,0.00017011386152227664,0.0,0.000503530903376973,0.0,0.0,0.0,0.0,0.9999968570187248,3.1429812752392645e-06,0.9999906968886212,1.0000030171488283
dense_candidate_grid,single_average,8.0,0.1905,46152.53637696706,114.72673129179304,45927.67611557114,46377.396638362974,44493.92129168146,112.54778029250706,44273.33169576822,44714.5108875947,0.5138263425735993,0.5098507493783634,0.0,1.5131154488459488,818.75,2.6679684322636867,813.5208779608733,823.9791220391267,105.07291666666663,0.34238928214050596,104.40184600497871,105.74398732835455,116.71112960223618,0.20956139252531444,116.3003968203365,117.12186238413587,170.79637934078454,1.226764819452772,168.39196447715634,173.20079420441274,436.66666666666663,1.4229164972073018,433.87780157913244,439.4555317542008,10.104166666666666,0.5844129748151345,8.958738283931089,11.249595049402243,0.8703122273703847,0.006341396297535682,0.8578833190155192,0.8827411357252503,6.822916666666666,0.02223307026886409,6.779340649673944,6.866492683659388,6.822916666666666,0.02223307026886409,6.779340649673944,6.866492683659388,0.30020833333333324,0.0009782550918300214,0.2982909885856535,0.302125678081013,1458.8891200279522,2.619517406566434,1453.7549602542063,1464.0232798016982,26.66622043920684,0.08420621380317657,26.501179292878135,26.831261585535543,170.79637934078454,1.226764819452772,168.39196447715634,173.20079420441274,1.0104166666666665,0.05844129748151346,0.8958738283931088,1.1249595049402243,54.58333333333333,0.17786456215091273,54.234725197391555,54.9319414692751,4.059171140919732,0.26804167004063595,3.533819121284117,4.584523160555348,53.35477587421025,0.14221722488484131,53.076035235454725,53.63351651296577,53.355078125,0.14221072404037274,53.0763502276655,53.6338060223345,0.00030225078974917605,0.00029991220551668434,0.0,0.0008900679110858522,0.0,0.0,0.0,0.0,0.9999943155729646,5.64009504457021e-06,0.9999832611898078,1.0000053699561213
dense_candidate_grid,single_average,8.25,0.1905,46225.76386502647,115.2603451849865,45999.857739618245,46451.6699904347,44537.46011475787,112.6408259316687,44316.68815274296,44758.23207677279,0.024850380333892492,0.024850380333892495,0.0,0.07355623079044422,790.0,2.519763153394848,785.061354969775,794.938645030225,103.10258045895186,0.3288532699498657,102.4580398936519,103.74712102425183,120.18473239972391,0.1984414831981774,119.79579423961677,120.57367055983106,188.35617036291558,1.1587892259424477,186.08498521439535,190.6273555114358,475.64583333333326,1.517107398606481,472.6723574713853,478.61930919528123,10.989583333333332,0.5970592593277738,9.819368688414736,12.159797978251929,0.9663750092740445,0.006161392660666628,0.9542989015645285,0.9784511169835606,6.583333333333332,0.02099802627829039,6.542177958081457,6.624488708585207,6.583333333333332,0.02099802627829039,6.542177958081457,6.624488708585207,0.29457880131129105,0.0009395807712853306,0.2927372568390054,0.2964203457835767,1502.3091549965488,2.4805185399772163,1497.4474279952096,1507.170881997888,27.53666778136587,0.07625002144130597,27.387220485520505,27.686115077211237,188.35617036291558,1.1587892259424477,186.08498521439535,190.6273555114358,1.0989583333333333,0.0597059259327774,0.9819368688414736,1.215979797825193,54.3125,0.1732337167958958,53.97296815417203,54.65203184582797,3.6413542882813843,0.28254636172198255,3.087573595343472,4.195134981219296,53.355063507129216,0.1422077961836791,53.076341348288395,53.63378566597004,53.355078125,0.14221072404037274,53.0763502276655,53.6338060223345,1.4617870784642642e-05,1.4617870784642644e-05,0.0,4.3268371053202486e-05,0.0,0.0,0.0,0.0,0.9999997349434128,2.650565872099054e-07,0.999999215442048,1.0000002544447775
dense_candidate_grid,single_average,8.5,0.1905,46308.94567369729,114.17302347817174,46085.17065967403,46532.72068772055,44584.391336214816,112.10842454780742,44364.66286173759,44804.11981069204,0.3104470794917704,0.3104470794917705,0.0,0.9189121744012838,766.25,2.55398070868154,761.2442897937741,771.2557102062259,101.65377622134825,0.33882125081103237,100.98969877256182,102.31785367013468,123.70800411048563,0.20836097154049082,123.2996241104825,124.11638411048877,205.88211007114344,1.223802182763902,203.4835018687247,208.2807182735622,517.21875,1.7239369783600393,513.8398956107975,520.5976043892025,9.531249999999998,0.6025152466657807,8.350341816398801,10.712158183601195,1.0658913309886622,0.006627829016125565,1.0529010248213666,1.0788816371559578,6.385416666666666,0.021283172572346146,6.343702414948117,6.427130918385215,6.385416666666666,0.021283172572346146,6.343702414948117,6.427130918385215,0.29043936063242365,0.0009680607166029497,0.28854199649303386,0.29233672477181344,1546.3500513810702,2.6045121442561334,1541.245301381031,1551.4548013811095,28.34529815795574,0.0780011084485067,28.192418794642464,28.498177521269014,205.88211007114344,1.223802182763902,203.4835018687247,208.2807182735622,0.953125,0.06025152466657808,0.8350341816398803,1.0712158183601197,54.27604166666666,0.18090696686494243,53.921470527058986,54.63061280627433,4.245707448859674,0.33409516716419063,3.5908929538089716,4.900521943910377,53.354895509070886,0.14220482980866592,53.07617916421825,53.63361185392352,53.355078125,0.14221072404037274,53.0763502276655,53.6338060223345,0.00018261592911280613,0.00018261592911280613,0.0,0.0005405365731772256,0.0,0.0,0.0,0.0,0.9999965961616195,3.4038383804821386e-06,0.9999899247609846,1.0000032675622545
dense_candidate_grid,single_average,8.75,0.1905,46386.59651792665,114.27585094521785,46162.61996577136,46610.57307008194,44619.578873297905,111.9354378545037,44400.18944650936,44838.96830008645,0.27828967442962627,0.27828967442962627,0.0,0.8237274135810709,745.0,2.597312408246599,739.9093612232376,750.0906387767624,100.42402333746807,0.35011082134288907,99.73781873703827,101.11022793789787,127.7855949167632,0.21245374429667221,127.36919322956105,128.20199660396537,222.550570033417,1.360567888373028,219.88390597368414,225.21723409314984,560.3020833333333,1.953395373702125,556.47349875331,564.1306679133565,10.677083333333332,0.6688937976900244,9.366075580378663,11.988091086288001,1.1498045303605857,0.007209104368720428,1.1356749454371033,1.163934115284068,6.208333333333333,0.021644270068721636,6.165911343526981,6.2507553231396855,6.208333333333333,0.021644270068721636,6.165911343526981,6.2507553231396855,0.2869257809641945,0.0010003166324082534,0.28496519639153794,0.2888863655368511,1597.3199364595398,2.655671803708407,1592.1149153695128,1602.5249575495668,29.08718759494426,0.08775071616520701,28.91519935164286,29.259175838245664,222.550570033417,1.360567888373028,219.88390597368414,225.21723409314984,1.0677083333333333,0.06688937976900244,0.9366075580378663,1.1988091086288002,54.32291666666667,0.18938736310131432,53.95172425586109,54.694109077472255,4.9525459786855075,0.3174605266024992,4.33033478003149,5.574757177339525,53.35491442519151,0.1422122814009438,53.07618347548638,53.63364537489664,53.355078125,0.14221072404037274,53.0763502276655,53.6338060223345,0.00016369980848801547,0.00016369980848801547,0.0,0.00048454553740063004,0.0,0.0,0.0,0.0,0.99999692726779,3.072732210005966e-06,0.9999909048233242,1.0000029497122558
dense_candidate_grid,single_average,9.0,0.1905,46463.123558379026,113.59676160488269,46240.47799687307,46685.76911988498,44660.54206114862,110.97622202332515,44443.03266284258,44878.051459454655,0.0,0.0,0.0,0.0,721.875,2.877069648427852,716.2360471080681,727.5139528919319,98.83225779954574,0.3939010066849103,98.06022601296925,99.60428958612223,131.6656733246709,0.2105017006748691,131.25309757266373,132.07824907667808,239.1148161061862,1.6016678022729491,235.9756048985338,242.2540273138386,601.5625,2.3975580403565413,596.8633725900568,606.2616274099432,9.53125,0.6249655524016603,8.306340025714565,10.756159974285435,1.2392798030970469,0.007962227514900288,1.2236741239311284,1.2548854822629654,6.015625,0.023975580403565438,5.968633725900568,6.062616274099432,6.015625,0.023975580403565438,5.968633725900568,6.062616274099432,0.28237787942727355,0.001125431447671173,0.28017207432276925,0.28458368453177785,1645.8209165583862,2.6312712584358637,1640.6637196582965,1650.978113458476,29.700832803435873,0.09797825702927261,29.50879894839049,29.892866658481257,239.1148161061862,1.6016678022729491,235.9756048985338,242.2540273138386,0.953125,0.062496555240166035,0.8306340025714566,1.0756159974285433,54.140625,0.21578022363208887,53.71770353310511,54.56354646689489,4.162812710544236,0.2958445891492724,3.5829679707906124,4.742657450297859,53.35539998274257,0.14224772366006663,53.076599567486035,53.6342003979991,53.355078125,0.14221072404037274,53.0763502276655,53.6338060223345,0.0,0.0,0.0,0.0,0.00032185774256593815,0.00032185774256593815,0.0,0.0009526873261405412,1.0,0.0,1.0,1.0
dense_candidate_grid,single_average,9.25,0.1905,46583.15206638517,114.967567960537,46357.819773792355,46808.484358977985,44711.47371604222,112.25989193017672,44491.44837095072,44931.49906113373,0.43443748021528183,0.4344374802152819,0.0,1.2859192949715665,712.5,2.7995180991202018,707.0130453516564,717.9869546483436,99.04045581372552,0.3891446296079146,98.27774635491683,99.8031652725342,135.36516027762588,0.2317657133340834,134.91090782663983,135.81941272861192,260.0935051047155,1.4213241962850656,257.30776086964147,262.87924933978957,654.609375,2.5720572535666855,649.5682354168343,659.6505145831657,9.635416666666664,0.696889297529718,8.269538742297,11.001294591036329,1.3408608369250667,0.007122555013979952,1.3269008856197608,1.3548207882303727,5.9375,0.023329317492668367,5.89177537793047,5.98322462206953,5.9375,0.023329317492668367,5.89177537793047,5.98322462206953,0.28297273089635866,0.001111841798879757,0.2807935610140481,0.2851519007786692,1692.0645034703234,2.8970714166760434,1686.386347832998,1697.742659107649,30.56398420372385,0.08587175755988206,30.395678651617327,30.732289755830376,260.0935051047155,1.4213241962850656,257.30776086964147,262.87924933978957,0.9635416666666666,0.06968892975297179,0.8269538742297001,1.1001294591036332,54.921875,0.21579618680718224,54.498922245856846,55.344827754143154,4.303488549462969,0.3650309379691872,3.5880410578004875,5.018936041125451,53.35500874292633,0.14215460401171845,53.07639083882681,53.63362664702585,53.355078125,0.14221072404037274,53.0763502276655,53.6338060223345,0.00025555145895016576,0.00025555145895016576,0.0,0.0007564231146891567,0.00018616938528070884,0.00018616938528070884,0.0,0.0005510546754548594,0.999995308830492,4.69116950803372e-06,0.999986114307211,1.0000045033537732
dense_candidate_grid,single_average,9.5,0.1905,46690.19077242685,113.32908377686012,46468.06984982328,46912.311695030425,44757.814211369034,110.33938245005073,44541.552995690545,44974.07542704752,0.0,0.0,0.0,0.0,700.0,2.6726124191242437,694.761775913882,705.238224086118,98.75532118423038,0.3770495683593968,98.0163176098596,99.49432475860117,138.7537383888772,0.25331906088971234,138.25724215293585,139.25023462481855,279.8675014847074,1.674527936976598,276.5854870371271,283.1495159322877,705.8333333333334,2.694884189283615,700.551457379831,711.1152092868357,9.166666666666666,0.6722648550038657,7.849051762787048,10.484281570546285,1.4354635803255391,0.009475405332711491,1.4168921271345059,1.4540350335165724,5.833333333333332,0.022271770159368733,5.789681465949015,5.876985200717649,5.833333333333332,0.022271770159368733,5.789681465949015,5.876985200717649,0.2821580605263725,0.001077284481026848,0.2800466217424559,0.28426949931028905,1734.4217298609653,3.166488261121407,1728.2155269116986,1740.627932810232,31.32324297937846,0.09922648432867849,31.128762643781723,31.517723314975196,279.8675014847074,1.674527936976598,276.5854870371271,283.1495159322877,0.9166666666666666,0.06722648550038657,0.7849051762787048,1.0484281570546286,55.41666666666666,0.2115818165140029,55.001973926515646,55.83135940681767,5.198603632097969,0.31652705737289305,4.578221999514655,5.818985264681283,53.355078125,0.14221072404037274,53.0763502276655,53.6338060223345,53.355078125,0.14221072404037274,53.0763502276655,53.6338060223345,0.0,0.0,0.0,0.0,0.0,0.0,0.0,0.0,1.0,0.0,1.0,1.0
dense_candidate_grid,single_average,9.75,0.1905,46809.51280092144,114.3622189542828,46585.36697057896,47033.65863126392,44832.4004308025,111.97221581650635,44612.93892053301,45051.861941072,0.0,0.0,0.0,0.0,678.125,2.258965822517372,673.6975083455591,682.5524916544409,97.06395655171067,0.3233388541177886,96.43022404283735,97.697689060584,142.61578862461784,0.21719228645679778,142.1900995654426,143.04147768379306,303.207364525943,1.3242249309533967,300.6119313538443,305.8027976980417,747.3502604166667,2.4895685835660224,742.470795655835,752.2297251774985,8.75,0.6277496833157291,7.5196332293947465,9.980366770605254,1.5638779423693676,0.007191380128799907,1.5497830963177828,1.5779727884209525,5.651041666666666,0.01882471518764477,5.614145902879658,5.687937430453674,5.651041666666666,0.01882471518764477,5.614145902879658,5.687937430453674,0.2773255901477447,0.0009238252974793971,0.2755149258366781,0.27913625445881135,1782.697357807723,2.71490358070997,1777.3762445680325,1788.0184710474134,32.36286869827589,0.08335208046465026,32.19950162252869,32.526235774023085,303.207364525943,1.3242249309533967,300.6119313538443,305.8027976980417,0.8749999999999999,0.06277496833157291,0.7519633229394745,0.9980366770605252,55.09765625,0.18354097307953648,54.73792255307667,55.45738994692333,4.392662644186934,0.36703221812100495,3.673292715503915,5.1120325728699525,53.355078125,0.14221072404037274,53.0763502276655,53.6338060223345,53.355078125,0.14221072404037274,53.0763502276655,53.6338060223345,0.0,0.0,0.0,0.0,0.0,0.0,0.0,0.0,1.0,0.0,1.0,1.0
dense_candidate_grid,single_average,10.0,0.1905,46903.6652428863,114.10424495822728,46680.02503228504,47127.30545348756,44876.81661950867,110.4344365628451,44660.36910119252,45093.264137824815,0.0,0.0,0.0,0.0,661.875,2.508665537248395,656.9581058977363,666.7918941022637,96.08772974274576,0.3641956202576979,95.37391944371345,96.80154004177808,145.9443401136792,0.2539652080994332,145.4465774524781,146.4421027748803,319.57697018787655,1.5259861047033465,316.58609238174944,322.56784799400367,794.25,3.010398644698074,788.3497270772835,800.1502729227165,9.114583333333332,0.7283099180640347,7.687122124344507,10.542044542322158,1.654540880896933,0.009142098146157589,1.6366226977873337,1.6724590640065324,5.515625,0.020905546143736606,5.474650882481136,5.556599117518864,5.515625,0.020905546143736606,5.474650882481136,5.556599117518864,0.2745363706935593,0.0010405589150219942,0.2724969126963241,0.2765758286907945,1824.30425142099,3.174565101242915,1818.0822181559763,1830.526284686004,33.06709225812379,0.0982093842140832,32.87460540212033,33.259579114127256,319.57697018787655,1.5259861047033465,316.58609238174944,322.56784799400367,0.9114583333333333,0.07283099180640347,0.7687122124344506,1.0542044542322158,55.15625,0.2090554614373664,54.74650882481136,55.56599117518864,5.5696108245060465,0.34725764824248795,4.888998340594691,6.250223308417402,53.355078125,0.14221072404037274,53.0763502276655,53.6338060223345,53.355078125,0.14221072404037274,53.0763502276655,53.6338060223345,0.0,0.0,0.0,0.0,0.0,0.0,0.0,0.0,1.0,0.0,1.0,1.0
dense_candidate_grid,two_person_low,1.5,0.15475,70342.30549789051,177.60849955961416,69994.19923540547,70690.41176037556,63959.016552949106,161.35861390303376,63642.75948110386,64275.273624794354,1.328125,0.9316429972662054,0.0,3.1541117210907106,5976.875,15.270177582880246,5946.9460019000235,6006.8039980999765,345.0483654983906,0.8815559662604606,343.3205475541637,346.7761834426175,20.089537776342162,0.039404459505131675,20.012306454881838,20.166769097802486,0.0,0.0,0.0,0.0,0.0,0.0,0.0,0.0,39.947916666666664,1.324899307968954,37.35116173990547,42.54467159342786,0.0,0.0,0.0,0.0,49.80729166666666,0.12725147985733537,49.55788334916686,50.05669998416646,49.80729166666666,0.12725147985733537,49.55788334916686,50.05669998416646,0.9858524728525446,0.0025187313321727435,0.9809158501547535,0.9907890955503358,251.11922220427704,0.4925557438141456,250.15383068602299,252.0846137225311,3.3633890531619066,0.011280007605962742,3.3412806445088816,3.3854974618149316,0.0,0.0,0.0,0.0,3.9947916666666665,0.13248993079689542,3.7351161739905474,4.254467159342786,74.7109375,0.19087721978600308,74.3368250237503,75.0850499762497,0.6984375,0.05438051593533163,0.5918536473060436,0.8050213526939565,74.70859374999999,0.1884781190180608,74.33918342485075,75.07800407514924,74.708203125,0.1885963768026813,74.33856101885199,75.077845231148,0.0007812499999999999,0.0005480252925095325,0.0,0.0018553598359357117,0.001171875,0.0006657563306612084,0.0,0.0024767334305755076,0.9999896576363865,7.256055443290197e-06,0.9999754360290478,1.0000038792437251
dense_candidate_grid,two_person_low,1.75,0.15475,69222.37751524127,175.03566013507833,68879.31392536632,69565.44110511622,63713.73823421992,160.90794220575071,63398.36446267019,64029.112005769646,0.8854166666666666,0.8854166666666669,0.0,2.6208014446448398,5121.875,13.464523860047104,5095.485018165327,5148.264981834673,314.7570926076131,0.8274419784813691,313.13533613049304,316.3788490847332,24.194688413725544,0.043530899397963466,24.1093694186909,24.280007408760188,0.0,0.0,0.0,0.0,0.0,0.0,0.0,0.0,46.92708333333333,1.413092065633655,44.157473777852054,49.6966928888146,0.0,0.0,0.0,0.0,42.682291666666664,0.11220436550039255,42.46237515137773,42.9022081819556,42.682291666666664,0.11220436550039255,42.46237515137773,42.9022081819556,0.8993059788788946,0.0023641199385181968,0.8946723889442659,0.9039395688135233,302.4336051715693,0.5441362424745438,301.36711773363623,303.50009260950236,4.04946440747019,0.012333218082574192,4.025291744214867,4.073637070725514,0.0,0.0,0.0,0.0,4.692708333333334,0.1413092065633655,4.415747377785206,4.9696692888814615,74.69401041666666,0.196357639625687,74.30915651491101,75.0788643184223,0.8109375000000001,0.060370145779914224,0.6926141885299355,0.9292608114700647,74.70794270833333,0.18867361515395506,74.33814921779862,75.07773619886805,74.708203125,0.1885963768026813,74.33856101885199,75.077845231148,0.0005208333333333333,0.0005208333333333334,0.0,0.0015416479086146117,0.00026041666666666666,0.00026041666666666666,0.0,0.0007708239543073058,0.99999289207324,7.107926759923264e-06,0.9999789607927858,1.0000068233536943
dense_candidate_grid,two_person_low,1.8,0.15475,69017.30760442387,174.304024596079,68675.67799385518,69358.93721499256,63669.570576683385,160.6017502464067,63354.79693034633,63984.34422302044,1.328125,0.9316429972662054,0.0,3.1541117210907106,4978.125,12.784219175242377,4953.068390846059,5003.181609153941,309.5207637247903,0.794873829553522,307.96283964661194,311.07868780296866,24.440222349027472,0.042092848888543755,24.35772188119924,24.522722816855705,0.0,0.0,0.0,0.0,0.0,0.0,0.0,0.0,34.32291666666666,1.3335806803889676,31.70914656262586,36.93668677070745,0.0,0.0,0.0,0.0,41.484375,0.1065351597936865,41.27556992371716,41.69318007628284,41.484375,0.1065351597936865,41.27556992371716,41.69318007628284,0.8843450392136867,0.002271068084438635,0.8798938275617486,0.8887962508656247,305.50277936284334,0.526160611106796,304.47152351499045,306.53403521069623,4.090422835693923,0.011754257008572187,4.067384915292094,4.113460756095752,0.0,0.0,0.0,0.0,3.432291666666666,0.13335806803889674,3.1709146562625863,3.693668677070746,74.671875,0.19176328762863568,74.29602586269088,75.04772413730912,0.8203125,0.06786925702486468,0.6872912005737731,0.9533337994262269,74.70859375,0.18844686411457748,74.33924468333592,75.07794281666409,74.708203125,0.1885963768026813,74.33856101885199,75.077845231148,0.0007812499999999999,0.0005480252925095325,0.0,0.0018553598359357117,0.001171875,0.0006657563306612084,0.0,0.0024767334305755076,0.9999897241422593,7.208708997234911e-06,0.9999755953322497,1.0000038529522688
dense_candidate_grid,two_person_low,2.0,0.15475,68349.8687461988,172.11927259348766,68012.52117087033,68687.21632152727,63502.083333333336,160.2895707243523,63187.92154761622,63816.24511905045,1.7708333333333333,1.1155201460341775,0.0,3.957212643589183,4483.75,11.116937956281376,4461.961201987322,4505.538798012678,291.4554568358467,0.7226299928996369,290.03912807561494,292.87178559607844,27.684122696301664,0.05468690472806937,27.576938332608673,27.791307059994654,0.0,0.0,0.0,0.0,0.0,0.0,0.0,0.0,43.12499999999999,1.4373969558957407,40.30775373495683,45.94224626504315,0.0,0.0,0.0,0.0,37.36458333333333,0.09264114963567814,37.18301001656101,37.546156650105644,37.36458333333333,0.09264114963567814,37.18301001656101,37.546156650105644,0.8327298766738476,0.0020646571225703915,0.8286832230731855,0.8367765302745096,346.05153370377076,0.6835863091008673,344.7117291576084,347.39133824993314,4.633140212146001,0.015225240081037216,4.603299289931193,4.66298113436081,0.0,0.0,0.0,0.0,4.3125,0.14373969558957406,4.030775373495684,4.594224626504316,74.72916666666666,0.18528229927135628,74.36602003312203,75.09231330021129,1.04296875,0.070068677225632,0.9056366661933994,1.1803008338066006,74.70833333333333,0.1885759655580615,74.33873123248966,75.077935434177,74.708203125,0.1885963768026813,74.33856101885199,75.077845231148,0.0010416666666666667,0.0006561883211965749,0.0,0.0023277721432877546,0.001171875,0.0006657563306612084,0.0,0.0024767334305755076,0.9999859541614448,8.910711487228318e-06,0.9999684894878531,1.0000034188350364
dense_candidate_grid,two_person_low,2.1,0.15475,68038.80004687191,171.9227449310411,67701.8376586838,68375.76243506002,63424.18423822195,160.114050952318,63110.3664649366,63738.0020115073,0.6640625,0.6640625,0.0,1.9656010834836297,4272.5,10.978875820670998,4250.981798800747,4294.018201199253,283.6096695043124,0.728780653722501,282.1812856703868,285.03805333823806,28.831659978982024,0.06401628063378687,28.706190374515593,28.957129583448456,0.0,0.0,0.0,0.0,0.0,0.0,0.0,0.0,29.010416666666664,1.1963340707697327,26.665644974479797,31.355188358853532,0.0,0.0,0.0,0.0,35.604166666666664,0.09149063183892497,35.42484832333956,35.78348500999377,35.604166666666664,0.09149063183892497,35.42484832333956,35.78348500999377,0.8103133414408926,0.0020822304392071455,0.8062322447725336,0.8143944381092516,360.39574973727525,0.8002035079223357,358.8273796814449,361.9641197931056,4.826134946233058,0.015376317429175649,4.795997917857018,4.856271974609098,0.0,0.0,0.0,0.0,2.9010416666666665,0.11963340707697326,2.66656449744798,3.135518835885353,74.76875000000001,0.1921303268617425,74.39218147901309,75.14531852098693,1.198828125,0.07101567411203709,1.0596399614025738,1.338016288597426,74.7078125,0.18859951674321382,74.33816423968165,75.07746076031836,74.708203125,0.1885963768026813,74.33856101885199,75.077845231148,0.00039062499999999997,0.00039062499999999997,0.0,0.0011562359314609585,0.0,0.0,0.0,0.0,0.9999947654941373,5.2345058626467045e-06,0.9999845060511697,1.000005024937105
dense_candidate_grid,two_person_low,2.25,0.15475,67625.95599163561,171.03775384914246,67290.72815409466,67961.18382917656,63314.986278509445,159.69132662973962,63001.99702967174,63627.97552734715,1.9921875,1.1317857621240541,0.0,4.210446831978363,3979.375,10.427078130201831,3958.9383024008193,3999.8116975991807,272.21494336740943,0.7132794679316337,270.8169412993515,273.61294543546734,31.13758225875289,0.05781050533808267,31.024275750362186,31.250888767143593,0.0,0.0,0.0,0.0,0.0,0.0,0.0,0.0,26.249999999999996,1.1023963796102458,24.08934279927657,28.410657200723424,0.0,0.0,0.0,0.0,33.16145833333333,0.086892317751682,32.99115252000682,33.331764146659836,33.16145833333333,0.086892317751682,32.99115252000682,33.331764146659836,0.7777569810497413,0.002037941336947526,0.7737626894267188,0.7817512726727639,389.21977823441114,0.7226313167260334,387.80344687952737,390.6361095892949,5.213649413473338,0.017465943956008156,5.1794167923635674,5.247882034583109,0.0,0.0,0.0,0.0,2.625,0.11023963796102461,2.4089342799276574,2.8410657200723426,74.61328125,0.19550771494128436,74.23009317001537,74.99646932998463,0.828515625,0.08367650172282058,0.6645126952709679,0.992518554729032,74.70820312499998,0.18842698653801523,74.33889301767006,75.0775132323299,74.708203125,0.1885963768026813,74.33856101885199,75.077845231148,0.001171875,0.0006657563306612085,0.0,0.0024767334305755076,0.001171875,0.0006657563306612084,0.0,0.0024767334305755076,0.999984532181156,8.789793347179473e-06,0.9999673045027639,1.000001759859548
dense_candidate_grid,two_person_low,2.4,0.15475,67269.77231029382,170.09310866363785,66936.39594329463,67603.14867729301,63213.51974691155,159.52298685886626,62900.86043796192,63526.17905586118,0.0,0.0,0.0,0.0,3734.375,9.814436544322842,3715.1390578445735,3753.6109421554265,262.855498096123,0.6908193757699131,261.5015169997915,264.20947919245447,33.18873195281118,0.05545372293325,33.08004465305335,33.297419252569014,0.0,0.0,0.0,0.0,0.0,0.0,0.0,0.0,25.833333333333332,0.950726075453249,23.969944466281856,27.69672220038481,0.0,0.0,0.0,0.0,31.119791666666664,0.08178697120269034,30.959492148704776,31.280091184628553,31.119791666666664,0.08178697120269034,30.959492148704776,31.280091184628553,0.7510157088460656,0.001973769645056898,0.7471471914279757,0.7548842262641555,414.8591494101398,0.6931715366656258,413.5005581631669,416.21774065711276,5.554014141467676,0.015957759990933122,5.522737506611513,5.5852907763238395,0.0,0.0,0.0,0.0,2.583333333333333,0.09507260754532491,2.3969944466281854,2.7696722200384807,74.6875,0.1962887308864568,74.30278115689147,75.07221884310853,1.14609375,0.08002979268768555,0.9892382386419293,1.3029492613580707,74.709375,0.18853344496675312,74.3398562379839,75.0788937620161,74.708203125,0.1885963768026813,74.33856101885199,75.077845231148,0.0,0.0,0.0,0.0,0.001171875,0.0006657563306612084,0.0,0.0024767334305755076,1.0,0.0,1.0,1.0
dense_candidate_grid,two_person_low,2.5,0.15475,67055.0221905931,169.19085304890643,66723.41421210363,67386.63016908256,63147.501144577865,159.48825942066978,62834.90990015637,63460.09238899936,0.8854166666666666,0.8854166666666667,0.0,2.6208014446448398,3583.125,9.461898845469907,3564.580019037518,3601.669980962482,256.86078289680154,0.6782880153881713,255.53136281549558,258.1902029781075,35.13942978509994,0.06329069447075181,35.01538230338074,35.263477266819145,0.0,0.0,0.0,0.0,0.0,0.0,0.0,0.0,31.510416666666664,1.0653515979368648,29.422365903838212,33.598467429495116,0.0,0.0,0.0,0.0,29.859375,0.07884915704558257,29.704833491979315,30.013916508020685,29.859375,0.07884915704558257,29.704833491979315,30.013916508020685,0.7338879511337189,0.001937965758251918,0.7300896080442733,0.7376862942231645,439.2428723137493,0.7911336808843983,437.69227879225923,440.7934658352393,5.881160747156299,0.019017370151253935,5.8438873865791745,5.9184341077334235,0.0,0.0,0.0,0.0,3.1510416666666665,0.10653515979368648,2.9422365903838212,3.359846742949512,74.6484375,0.1971228926139564,74.26208372994829,75.03479127005171,1.10390625,0.0869797792785669,0.9334290152307657,1.2743834847692346,74.70794270833335,0.18868584712752773,74.33812524357096,75.07776017309574,74.708203125,0.1885963768026813,74.33856101885199,75.077845231148,0.0005208333333333333,0.0005208333333333333,0.0,0.0015416479086146117,0.00026041666666666666,0.00018267509750317747,0.0,0.0006184532786452372,0.9999927561427909,7.243857209087226e-06,0.999978558443552,1.00000695384203
dense_candidate_grid,two_person_low,2.75,0.15475,66567.52552517787,168.0550180608503,66238.14374235738,66896.90730799836,62996.411653105744,159.03066186007868,62684.717283422426,63308.10602278906,0.0,0.0,0.0,0.0,3257.5,8.585471301001329,3240.672785459735,3274.327214540265,243.8509318845814,0.6426938380406767,242.59127510893586,245.11058866022694,38.721273520882825,0.0675513614866948,38.588875285262255,38.853671756503395,0.0,0.0,0.0,0.0,0.0,0.0,0.0,0.0,31.041666666666664,1.2150651741470677,28.660182686469522,33.4231506468638,0.0,0.0,0.0,0.0,27.145833333333332,0.0715455941750111,27.00560654549779,27.286060121168873,27.145833333333332,0.0715455941750111,27.00560654549779,27.286060121168873,0.6967169482416611,0.0018362681086876475,0.6931179288826738,0.7003159676006484,484.0159190110353,0.8443920185836832,482.3609410657782,485.6708969562924,6.481793373396348,0.01885151577193503,6.444845081429367,6.518741665363329,0.0,0.0,0.0,0.0,3.1041666666666665,0.12150651741470676,2.866018268646952,3.342315064686381,74.65104166666666,0.19675038398128056,74.26541800011893,75.03666533321439,1.2234375,0.0986765647057244,1.0300349870586438,1.416840012941356,74.708203125,0.1885963768026813,74.33856101885199,75.077845231148,74.708203125,0.1885963768026813,74.33856101885199,75.077845231148,0.0,0.0,0.0,0.0,0.0,0.0,0.0,0.0,1.0,0.0,1.0,1.0
dense_candidate_grid,two_person_low,3.0,0.15475,66141.17140830823,166.97456594661853,65813.90727271866,66468.43554389781,62858.934132191964,158.56871106745012,62548.145169424824,63169.7230949591,0.6640625,0.6640625,0.0,1.9656010834836297,2986.875,7.920973139469068,2971.3501779241315,3002.3998220758685,232.78369718567654,0.6173252689563662,231.57376189177558,233.9936324795775,42.01868309725364,0.07516680844726303,41.87135885986419,42.1660073346431,0.0,0.0,0.0,0.0,0.0,0.0,0.0,0.0,19.895833333333332,1.0445561775341197,17.84854084553763,21.943125821129033,0.0,0.0,0.0,0.0,24.890625,0.06600810949557556,24.761251482701095,25.019998517298905,24.890625,0.06600810949557556,24.761251482701095,25.019998517298905,0.6650962776733617,0.001763786482732472,0.6616393196907875,0.6685532356559358,525.2335387156705,0.9395851055907886,523.3919857483023,527.0750916830387,7.030254480671326,0.02104333726404505,6.989010297519268,7.071498663823384,0.0,0.0,0.0,0.0,1.9895833333333333,0.10445561775341196,1.7848540845537633,2.1943125821129033,74.671875,0.19802432848672671,74.28375444810328,75.05999555189672,1.400390625,0.10694435259599423,1.1907835455618987,1.6099977044381013,74.708984375,0.18846179180494674,74.33960605060042,75.07836269939958,74.708203125,0.1885963768026813,74.33856101885199,75.077845231148,0.00039062499999999997,0.00039062499999999997,0.0,0.0011562359314609585,0.001171875,0.0006657563306612084,0.0,0.0024767334305755076,0.9999949203511054,5.079648894668748e-06,0.9999849644222177,1.0000048762799931
dense_candidate_grid,two_person_low,3.25,0.15475,65783.40558669582,165.832105263622,65458.38063289867,66108.43054049298,62731.20505519587,158.36116371425547,62420.82287776608,63041.58723262566,0.0,0.0,0.0,0.0,2755.625,7.188901692169851,2741.535011594948,2769.714988405052,223.00817476255895,0.5817859269379067,221.8678952990484,224.1484542260695,46.015273404057126,0.08231615853697889,45.85393669797896,46.17661011013529,0.0,0.0,0.0,0.0,0.0,0.0,0.0,0.0,27.552083333333332,0.9827720897997754,25.625885432314607,29.478281234352057,0.0,0.0,0.0,0.0,22.963541666666664,0.05990751410141543,22.846125096624565,23.080958236708764,22.963541666666664,0.05990751410141543,22.846125096624565,23.080958236708764,0.6371662136073112,0.0016622455055368788,0.6339082722829953,0.6404241549316271,575.1909175507141,1.0289519817122363,573.174208724737,577.2076263766911,7.703010996734631,0.023926045007863335,7.6561168102267345,7.749905183242527,0.0,0.0,0.0,0.0,2.755208333333333,0.09827720897997755,2.5625885432314606,2.9478281234352055,74.63151041666666,0.19469942082960015,74.24990656402983,75.01311426930349,1.47734375,0.11669817648198805,1.2486195270338043,1.7060679729661956,74.708203125,0.1885963768026813,74.33856101885199,75.077845231148,74.708203125,0.1885963768026813,74.33856101885199,75.077845231148,0.0,0.0,0.0,0.0,0.0,0.0,0.0,0.0,1.0,0.0,1.0,1.0
dense_candidate_grid,two_person_low,3.5,0.15475,65464.310488159725,165.11767405990622,65140.68579379129,65787.93518252816,62613.77325199748,158.07564365223146,62303.95068360612,62923.595820388844,0.0,0.0,0.0,0.0,2562.5,6.718548123582124,2549.33188764938,2575.66811235062,214.85360602066365,0.5633187479316997,213.74952156290132,215.95769047842597,49.7982134749052,0.09758758670690863,49.606945319621474,49.98948163018892,0.0,0.0,0.0,0.0,0.0,0.0,0.0,0.0,23.385416666666664,1.122197144099408,21.18595068067812,25.58488265265521,0.0,0.0,0.0,0.0,21.354166666666664,0.05598790102985103,21.244432397078164,21.463900936255165,21.354166666666664,0.05598790102985103,21.244432397078164,21.463900936255165,0.6138674457733246,0.0016094821369477142,0.6107129187511465,0.6170219727955027,622.4776684363148,1.2198448338363594,620.0868164952683,624.8685203773614,8.333388052154698,0.027771981861689117,8.278955967926487,8.387820136382908,0.0,0.0,0.0,0.0,2.3385416666666665,0.11221971440994082,2.118595068067812,2.558488265265521,74.73958333333333,0.19595765360447862,74.35551338977358,75.12365327689308,1.65703125,0.1244549983386892,1.4131039355601769,1.900958564439823,74.70846354166667,0.18861007486466208,74.33879458781054,75.07813249552281,74.708203125,0.1885963768026813,74.33856101885199,75.077845231148,0.0,0.0,0.0,0.0,0.00026041666666666666,0.00026041666666666666,0.0,0.0007708239543073058,1.0,0.0,1.0,1.0
dense_candidate_grid,two_person_low,3.75,0.15475,65168.72213423763,164.5120567752818,64846.28442793547,65491.15984053979,62503.70010528849,157.7230191083524,62194.568668303196,62812.83154227378,0.6640625,0.6640625,0.0,1.9656010834836297,2389.375,6.377178277089153,2376.875960253914,2401.874039746086,207.1434588495321,0.5528603781391983,206.05987241990007,208.22704527916412,53.047480825471105,0.10217937907817788,52.84721292251521,53.247748728427,0.00036010746453038966,0.00036010746453038966,0.0,0.0010659051255739885,0.0,0.0,0.0,0.0,14.791666666666666,0.8557661820716129,13.114395770618959,16.468937562714373,1.804712702349128e-06,1.8047127023491281e-06,0.0,5.341884601395374e-06,19.911458333333332,0.05314315230907629,19.807299668782615,20.01561699788405,19.911458333333332,0.05314315230907629,19.807299668782615,20.01561699788405,0.5918384538558059,0.0015796010803977062,0.5887424926282858,0.594934415083326,663.0935103183888,1.2772422384772242,660.5901615314401,665.5968591053374,8.886343331656592,0.028132069059031945,8.831205489490296,8.941481173822888,0.00036010746453038966,0.00036010746453038966,0.0,0.0010659051255739885,1.4791666666666665,0.0855766182071613,1.3114395770618956,1.6468937562714374,74.66796875,0.19928682115903604,74.27737375793481,75.05856374206519,1.845697710861893,0.1405068183257001,1.5703094073612083,2.121086014362578,74.7078125,0.18851895334774524,74.33832214103523,75.07730285896477,74.708203125,0.1885963768026813,74.33856101885199,75.077845231148,0.00039062499999999997,0.0003906249999999999,0.0,0.0011562359314609583,0.0,0.0,0.0,0.0,0.999994931884528,5.068115471943206e-06,0.9999849985607335,1.0000048652083224
dense_candidate_grid,two_person_low,4.0,0.15475,64923.20295894718,163.66239505005697,64602.4305590255,65243.975358868855,62402.55118994045,157.47588394241166,62093.90412897972,62711.19825090119,0.0,0.0,0.0,0.0,2241.25,5.974067636626165,2229.5410425910063,2252.9589574089937,200.54523111986975,0.5345547238875308,199.49752311328444,201.59293912645506,56.98033510199819,0.09466600279832672,56.79479314595311,57.16587705804328,0.001202784855884289,0.0011311650527615546,0.0,0.003419827619867286,0.0,0.0,0.0,0.0,21.875,0.98454492213596,19.945327411451725,23.804672588548275,6.026306372744408e-06,5.668150065030558e-06,0.0,1.7135676359172666e-05,18.677083333333332,0.049783896971884706,18.579508688258386,18.77465797840828,18.677083333333332,0.049783896971884706,18.579508688258386,18.77465797840828,0.5729863746281993,0.0015272992111072291,0.5699929231808127,0.575979826075586,712.2541887749774,1.183325034979083,709.9349143244137,714.573463225541,9.529911553363684,0.027274371796196312,9.476454766942185,9.583368339785183,0.001202784855884289,0.0011311650527615546,0.0,0.003419827619867286,2.1875,0.098454492213596,1.9945327411451728,2.3804672588548272,74.70833333333333,0.19913558788753882,74.31803475303354,75.09863191363311,2.0710756710808815,0.14485498822928944,1.7871651111705007,2.3549862309912624,74.709375,0.18853344496675312,74.3398562379839,75.0788937620161,74.708203125,0.1885963768026813,74.33856101885199,75.077845231148,0.0,0.0,0.0,0.0,0.001171875,0.0006657563306612084,0.0,0.0024767334305755076,1.0,0.0,1.0,1.0
dense_candidate_grid,two_person_low,4.25,0.15475,64691.14889514625,163.07782366905633,64371.522234077725,65010.77555621478,62305.020500277795,157.2194575538845,61996.876025803256,62613.16497475233,1.1067708333333333,0.7922353080603431,0.0,2.6595235044126007,2107.5,5.764904768001548,2096.200994280414,2118.799005719586,194.32693990667977,0.531566454291421,193.28508880087892,195.3687910124806,60.689064960376825,0.10419850174537582,60.48483964971285,60.8932902710408,0.00561916807042441,0.003839635906794196,0.0,0.013144716161487826,0.0,0.0,0.0,0.0,22.5,1.0577462647033204,20.42685541639972,24.57314458360028,2.8211594529602698e-05,1.930025180823751e-05,0.0,6.603939296630228e-05,17.5625,0.04804087306667955,17.468341619003446,17.656658380996554,17.5625,0.04804087306667955,17.468341619003446,17.656658380996554,0.5552198283047993,0.0015187612979754848,0.552243110859654,0.5581965457499446,758.6133120047102,1.3024812718171965,756.0604956214106,761.1661283880098,10.14425944784199,0.029471059355005623,10.086497232919935,10.202021662764043,0.00561916807042441,0.003839635906794196,0.0,0.013144716161487826,2.25,0.10577462647033206,2.042685541639972,2.457314458360028,74.640625,0.20417371053338823,74.24045188076465,75.04079811923535,1.947959901069558,0.14846764118378847,1.656968671479717,2.238951130659399,74.7078125,0.18851575567737913,74.33832840835399,75.07729659164602,74.708203125,0.1885963768026813,74.33856101885199,75.077845231148,0.0006510416666666666,0.00046602076944726067,0.0,0.0015644255908309414,0.00026041666666666666,0.00026041666666666666,0.0,0.0007708239543073058,0.9999914504421558,6.10602555041618e-06,0.9999794828519882,1.0000034180323232
dense_candidate_grid,two_person_low,4.5,0.15475,64476.47651574607,162.66868855187096,64157.65174477204,64795.3012867201,62215.312965628225,156.94133976985856,61907.71359199384,62522.91233926261,0.6640625,0.6640625,0.0,1.9656010834836297,1989.375,5.580734114251301,1978.4369621287733,2000.3130378712267,188.75678725001413,0.5295137628162763,187.71895934557594,189.79461515445232,64.43153018859736,0.11076722131110552,64.21443042416001,64.64862995303471,0.019503512566826878,0.005087221149958649,0.009532742331517487,0.029474282802136268,0.0,0.0,0.0,0.0,17.916666666666664,1.2587874544096747,15.449488591832846,20.383844741500482,9.777035190168273e-05,2.5519556503132968e-05,4.7752940254107185e-05,0.00014778776354925827,16.578124999999996,0.04650611761876084,16.48697468440644,16.669275315593552,16.578124999999996,0.04650611761876084,16.48697468440644,16.669275315593552,0.5393051064286118,0.0015128964651893592,0.5363398838445027,0.542270329012721,805.3941273574671,1.3845902663888205,802.6803803020003,808.1078744129339,10.780196975087666,0.03592904571165515,10.709777339493929,10.850616610681403,0.019503512566826878,0.005087221149958649,0.009532742331517487,0.029474282802136268,1.7916666666666665,0.12587874544096747,1.5449488591832847,2.0383844741500483,74.6015625,0.20927752928442378,74.191386079829,75.011738920171,1.9859780597828511,0.1651166306332415,1.6623554104930949,2.3096007090726074,74.708984375,0.18846179180494674,74.33960605060042,75.07836269939958,74.708203125,0.1885963768026813,74.33856101885199,75.077845231148,0.00039062499999999997,0.00039062499999999997,0.0,0.0011562359314609585,0.001171875,0.0006657563306612084,0.0,0.0024767334305755076,0.9999949203511054,5.079648894668748e-06,0.9999849644222177,1.0000048762799931
dense_candidate_grid,two_person_low,4.75,0.15475,64288.020905167636,162.02365681856446,63970.460373159774,64605.5814371755,62129.14144614258,156.81965581214922,61821.7805686828,62436.50232360236,0.0,0.0,0.0,0.0,1885.0,5.156287578025647,1874.8938620531385,1895.1061379468615,183.80347420925048,0.5027817352058955,182.81804011616236,184.7889083023386,68.0542564303681,0.1096515467702806,67.83934334784924,68.26916951288696,0.09464505209509674,0.015305515295738044,0.06464679335062326,0.12464331083957023,0.0,0.0,0.0,0.0,21.927083333333332,1.0119564305591857,19.94368517551362,23.910481491153043,0.00047483350002084827,7.686479330129469e-05,0.00032418127347119506,0.0006254857265705015,15.708333333333332,0.042969063150213746,15.624115517109486,15.792551149557179,15.708333333333332,0.042969063150213746,15.624115517109486,15.792551149557179,0.5251527834550014,0.0014365192434454138,0.5223372574747497,0.5279683094352531,850.6782053796014,1.3706443346285084,847.9917918481157,853.3646189110872,11.38955861331025,0.03273251910076709,11.325404054749477,11.453713171871023,0.09464505209509674,0.015305515295738044,0.06464679335062326,0.12464331083957023,2.1927083333333335,0.10119564305591856,1.9943685175513624,2.3910481491153046,74.61458333333333,0.2041030499635153,74.21454870627007,75.01461796039659,2.2137981234492905,0.17503896408935626,1.8707280579429524,2.5568681889556286,74.708203125,0.1885963768026813,74.33856101885199,75.077845231148,74.708203125,0.1885963768026813,74.33856101885199,75.077845231148,0.0,0.0,0.0,0.0,0.0,0.0,0.0,0.0,1.0,0.0,1.0,1.0
dense_candidate_grid,two_person_low,5.0,0.15475,64112.478625417905,161.70510083479368,63795.54245166529,64429.41479917052,62047.796161685445,156.6977683303329,61740.67417930019,62354.918144070696,0.9296365914654734,0.9296365914654734,0.0,2.751690829448377,1791.25,5.153882032022076,1781.1485768366686,1801.3514231633314,179.28406113964547,0.5158458625739365,178.27302182742656,180.29510045186439,71.74916780537716,0.10682652741657246,71.5397916590472,71.95854395170711,0.21959819596862992,0.029003259015235306,0.1627528528644821,0.27644353907277774,0.0,0.0,0.0,0.0,21.25,0.9257605672450956,19.435542629892243,23.064457370107757,0.0011024868102441458,0.00014579850249066988,0.0008167269963625596,0.001388246624125732,14.927083333333332,0.0429490169335173,14.842904806972237,15.011261859694427,14.927083333333332,0.0429490169335173,14.842904806972237,15.011261859694427,0.5122401746847014,0.0014738453216398201,0.5093514909355045,0.5151288584338983,896.8645975672144,1.3353315927071576,894.24739573809,899.4817993963389,12.020776576344307,0.035448527225938525,11.95129873967648,12.090254413012135,0.21959819596862992,0.029003259015235306,0.1627528528644821,0.27644353907277774,2.125,0.09257605672450957,1.9435542629892242,2.306445737010776,74.63541666666666,0.2147450846675865,74.21452403486118,75.05630929847213,2.4280842989473603,0.18023519446920733,2.074829809041141,2.7813387888535797,74.70767886068961,0.18873029889916573,74.33777427205577,75.07758344932346,74.708203125,0.1885963768026813,74.33856101885199,75.077845231148,0.0005468450538032196,0.0005468450538032196,0.0,0.001618641664381398,2.2580743427411676e-05,2.258074342741168e-05,0.0,6.683818728927811e-05,0.9999923943664284,7.605633571673362e-06,0.9999774875985483,1.0000073011343085
dense_candidate_grid,two_person_low,5.25,0.15475,63957.75469179136,161.05907534728235,63642.084704727364,64273.42467885535,61972.18618380059,156.4073774370145,61665.63335710768,62278.739010493504,0.0,0.0,0.0,0.0,1709.375,4.563675375890351,1700.4303606261226,1718.3196393738774,175.42709471107958,0.46835382078065957,174.50913809032775,176.3450513318314,75.67416537681916,0.14263102890038326,75.39461369709652,75.9537170565418,0.560997902874541,0.051680683272195584,0.45970562496461603,0.662290180784466,0.0,0.0,0.0,0.0,24.53125,0.9488900607196028,22.671459655701554,26.391040344298446,0.0028053848071723547,0.00025979497674567093,0.002296196009386419,0.0033145736049582904,14.244791666666666,0.038030628132419565,14.170253005217688,14.319330328115644,14.244791666666666,0.038030628132419565,14.170253005217688,14.319330328115644,0.5012202706030845,0.0013381537736590256,0.49859753740093643,0.5038430038052325,945.9270672102393,1.7828878612547916,942.4326712137063,949.4214632067724,12.663549172080725,0.037037007212162576,12.590957971849736,12.736140372311713,0.560997902874541,0.051680683272195584,0.45970562496461603,0.662290180784466,2.453125,0.09488900607196027,2.2671459655701556,2.6391040344298444,74.78515625,0.19966079769520287,74.39382827739287,75.17648422260713,2.5487171130905497,0.1914892183052087,2.1734051417846127,2.9240290843964867,74.708203125,0.1885963768026813,74.33856101885199,75.077845231148,74.708203125,0.1885963768026813,74.33856101885199,75.077845231148,0.0,0.0,0.0,0.0,0.0,0.0,0.0,0.0,1.0,0.0,1.0,1.0
dense_candidate_grid,two_person_low,5.5,0.15475,63799.34356646682,160.81928693622731,63484.143556052404,64114.54357688124,61900.669392391916,156.12928461903422,61594.6616176066,62206.67716717723,0.23915778020556772,0.23915778020556772,0.0,0.7078984160310267,1627.5,4.618372557445434,1618.4481561202188,1636.5518438797812,171.08952025784197,0.4855023933796151,170.13795305240993,172.041087463274,79.16634240214833,0.14450934196220094,78.88310929647284,79.44957550782382,1.1479036347108946,0.07895446862452304,0.9931557197883317,1.3026515496334574,0.0,0.0,0.0,0.0,19.53125,0.9088385915153964,17.749959092869712,21.312540907130288,0.005768988063465567,0.00039775847851273764,0.004989395771035152,0.006548580355895982,13.5625,0.038486437978711985,13.48706796766849,13.63793203233151,13.5625,0.038486437978711985,13.48706796766849,13.63793203233151,0.4888272007366914,0.0013871496953703235,0.48610843729259984,0.49154596418078295,989.5792800268541,1.8063667745275112,986.0388662059104,993.1196938477979,13.242504222814949,0.041216193600846926,13.161721967777458,13.32328647785244,1.1479036347108946,0.07895446862452304,0.9931557197883317,1.3026515496334574,1.9531249999999998,0.09088385915153964,1.7749959092869712,2.1312540907130284,74.59375,0.2116754088829158,74.1788738221767,75.0086261778233,2.5340309587484002,0.2007043189744168,2.1406577220169045,2.927404195479896,74.70806244395283,0.18859060617499068,74.33843164802727,75.07769323987839,74.708203125,0.1885963768026813,74.33856101885199,75.077845231148,0.0001406810471797457,0.0001406810471797457,0.0,0.00041641083295942743,0.0,0.0,0.0,0.0,0.9999981292413939,1.870758606112993e-06,0.9999944626219021,1.0000017958608856
dense_candidate_grid,two_person_low,5.75,0.15475,63662.2505490989,159.9636256071523,63348.72760407243,63975.773494125366,61834.4214561579,155.81553840252207,61529.02861265724,62139.81429965856,0.0,0.0,0.0,0.0,1558.125,4.124037886836576,1550.0420342709217,1566.2079657290783,167.6296801374637,0.4436814452275639,166.760080484209,168.49927979071842,82.9380898193868,0.1435604455497996,82.65671651650467,83.21946312226893,2.105072984162618,0.11980248662370743,1.8702644251218097,2.339881543203426,0.0,0.0,0.0,0.0,17.03125,0.9186402140790922,15.230748265654814,18.831751734345186,0.010591695723814427,0.0006051358395574826,0.009405651272527352,0.011777740175101501,12.984375,0.034366982390304786,12.917016952257681,13.051733047742319,12.984375,0.034366982390304786,12.917016952257681,13.051733047742319,0.47894194324989625,0.0012676612720787536,0.47645737281202566,0.48142651368776684,1036.726122742335,1.794505569372494,1033.2089564563084,1040.2432890283617,13.888357020009945,0.042692848890373655,13.804680573787401,13.972033466232489,2.105072984162618,0.11980248662370743,1.8702644251218097,2.339881543203426,1.703125,0.09186402140790921,1.5230748265654814,1.8831751734345186,74.66015625,0.19761014874425248,74.27284747548167,75.04746502451833,2.7343343305535965,0.2112171227630331,2.3203563770198765,3.1483122840873166,74.70846805979664,0.1886103156852757,74.33879863394077,75.07813748565252,74.708203125,0.1885963768026813,74.33856101885199,75.077845231148,0.0,0.0,0.0,0.0,0.00026493479664445844,0.00026493479664445844,0.0,0.0007841974563190402,1.0,0.0,1.0,1.0
dense_candidate_grid,two_person_low,6.0,0.15475,63540.41637920141,160.10753815240471,63226.61137076932,63854.22138763349,61772.69677327479,155.40363229520753,61468.111250909475,62077.2822956401,1.0175806296169219,1.017580629616922,0.0,3.0120020150316815,1494.375,4.397617275117595,1485.7558285229784,1502.9941714770216,164.39458522988133,0.48377714291440654,163.4463994532254,165.34277100653725,86.49888754600475,0.14960931927351465,86.20565866847711,86.79211642353239,3.568969187781162,0.17041393197396576,3.23496401864833,3.9029743569139934,0.0,0.0,0.0,0.0,17.864583333333332,1.0716381013888618,15.76421125015028,19.964955416516386,0.018035128172685988,0.0008668818508314207,0.01633607096620498,0.019734185379166998,12.453125,0.03664681062597995,12.38129857102482,12.52495142897518,12.453125,0.03664681062597995,12.38129857102482,12.52495142897518,0.4696988149425181,0.001382220408326875,0.46698971272350115,0.472407917161535,1081.2360943250594,1.8701164909189332,1077.570733355964,1084.9014552941549,14.462217423690662,0.0398500163063058,14.38411282694697,14.540322020434354,3.568969187781162,0.17041393197396576,3.23496401864833,3.9029743569139934,1.7864583333333333,0.10716381013888618,1.576421125015028,1.9964955416516386,74.71875,0.21988086375587973,74.28779142614891,75.14970857385109,3.0651934922424022,0.2132312901578397,2.647267843156026,3.4831191413287783,74.70810209758528,0.1884875958226839,74.33867319824029,75.07753099693028,74.708203125,0.1885963768026813,74.33856101885199,75.077845231148,0.0005985768409511305,0.0005985768409511305,0.0,0.0017717658911951064,0.0004975494262326307,0.0004594319803475039,0.0,0.0013980195610596522,0.9999922161659174,7.783834082588563e-06,0.9999769601314539,1.0000074722003809
dense_candidate_grid,two_person_low,6.25,0.15475,63426.3753020312,159.056070410308,63114.63113250453,63738.11947155787,61717.62351919428,155.03911575081523,61413.75243612775,62021.49460226082,0.0,0.0,0.0,0.0,1434.375,4.352265192010627,1425.8447169724918,1442.9052830275082,161.2239814763589,0.4891953099412104,160.2651762874682,162.18278666524958,89.86166267213386,0.15068360185830668,89.5663282394308,90.15699710483692,5.875774105085323,0.22362815291256352,5.4374709794474825,6.314077230723164,2.98828125,0.00906721915002214,2.970509827026025,3.006052672973975,14.427083333333332,0.9184527077824861,12.626949104576369,16.227217562090296,0.029661301817841032,0.0011301576662615814,0.027446233495116493,0.03187637014056557,11.953125,0.03626887660008856,11.8820393081041,12.0242106918959,11.953125,0.03626887660008856,11.8820393081041,12.0242106918959,0.4606399470753111,0.0013977008855463177,0.45790050367848056,0.4633793904721416,1123.2707834016733,1.8835450232288327,1119.579102992885,1126.9624638104615,15.03416010584345,0.048838813330928973,14.938437790667153,15.129882421019746,5.875774105085323,0.22362815291256352,5.4374709794474825,6.314077230723164,1.442708333333333,0.0918452707782486,1.2626949104576368,1.6227217562090293,74.70703125,0.22668047875055367,74.26274567565062,75.15131682434938,3.097083247600214,0.22166553941807246,2.6626267737271485,3.5315397214732798,74.70828191314595,0.1886100979420616,74.33861291405894,75.07795091223296,74.708203125,0.1885963768026813,74.33856101885199,75.077845231148,0.0,0.0,0.0,0.0,7.878814596167652e-05,7.878814596167652e-05,0.0,0.0002332100744552474,1.0,1.7484369184381568e-18,1.0,1.0
dense_candidate_grid,two_person_low,6.5,0.15475,63337.17221984025,158.62346659357925,63026.27593821394,63648.06850146656,61668.83466407856,154.88077148370556,61365.27393007272,61972.3953980844,0.9783836945467725,0.6898714668271483,0.0,2.3305069234898017,1379.375,4.271740612109173,1371.002542248969,1387.747457751031,158.29668572215712,0.4902237471040292,157.33586483346696,159.2575066108473,94.00116863623963,0.13309025243421155,93.74031653477523,94.26202073770402,9.243609375413493,0.28184319700998867,8.691206859986288,9.796011890840699,11.494791666666666,0.03559783843424313,11.425021185408074,11.564562147925258,14.947916666666664,0.9478003737025283,13.090262069676104,16.805571263657225,0.046553777949663665,0.0014245769359034117,0.04376165846208655,0.04934589743724078,11.494791666666666,0.03559783843424313,11.425021185408074,11.564562147925258,11.494791666666666,0.03559783843424313,11.425021185408074,11.564562147925258,0.45227624492044893,0.0014006392774400828,0.4495310423813342,0.4550214474595637,1175.0146079529954,1.6636281554276466,1171.7539566846904,1178.2752592213005,15.716281757081758,0.04568151128970713,15.626747640194571,15.805815873968944,9.243609375413493,0.28184319700998867,8.691206859986288,9.796011890840699,1.4947916666666665,0.09478003737025284,1.3090262069676106,1.6805571263657224,74.71614583333333,0.23138594982258032,74.26263770515249,75.16965396151417,3.1288937845104123,0.2378518137339421,2.6627127959343566,3.595074773086468,74.70775490063596,0.18865629446355328,74.33799535803061,75.07751444324131,74.708203125,0.1885963768026813,74.33856101885199,75.077845231148,0.0005755198203216309,0.0004058067451924401,0.0,0.001370886425582236,0.0001272954562838843,0.00012729545628388425,0.0,0.0003767899659958903,0.9999921433424728,5.539642918741006e-06,0.9999812858418649,1.0000030008430807
dense_candidate_grid,two_person_low,6.75,0.15475,63263.14399532305,157.43632474745033,62954.5744689597,63571.713521686404,61627.47638880573,154.33420650070101,61324.98690248179,61929.96587512967,0.0,0.0,0.0,0.0,1329.375,3.6451955224412034,1322.2305480594086,1336.5194519405914,155.65546583874448,0.42681305660095165,154.81892761967515,156.4920040578138,97.6309862239405,0.18318806936449508,97.27194420558867,97.99002824229233,13.653289871304592,0.34281323640723527,12.981388274522796,14.325191468086388,24.92578125,0.06834741604577256,24.79182277611391,25.05973972388609,14.427083333333332,0.7388750427602307,12.978914860447787,15.875251806218877,0.06866612673071336,0.0017337508430348128,0.06526803752019916,0.07206421594122756,11.078124999999998,0.03037662935367666,11.01858790049507,11.137662099504926,11.078124999999998,0.03037662935367666,11.01858790049507,11.137662099504926,0.44472990239641286,0.0012194658760027203,0.44233979319907196,0.44712001159375375,1220.3873277992561,2.2898508670561872,1215.8993025698583,1224.875353028654,16.32393728396743,0.048654976946022103,16.228575281484602,16.41929928645026,13.653289871304592,0.34281323640723527,12.981388274522796,14.325191468086388,1.442708333333333,0.07388750427602307,1.2978914860447786,1.5875251806218875,74.77734375,0.20504224813731767,74.37546832834174,75.17921917165826,3.3690269326484943,0.25328892423607513,2.8725897634628925,3.865464101834096,74.708203125,0.1885963768026813,74.33856101885199,75.077845231148,74.708203125,0.1885963768026813,74.33856101885199,75.077845231148,0.0,0.0,0.0,0.0,0.0,0.0,0.0,0.0,1.0,0.0,1.0,1.0
dense_candidate_grid,two_person_low,7.0,0.15475,63205.069372495775,157.40153491050236,62896.56803295987,63513.57071203168,61592.511550322844,153.78272699158498,61291.102943974984,61893.920156670705,0.5306523088410626,0.40140851306795655,0.0,1.317398537542033,1282.5,4.166666666666667,1274.3334833977497,1290.6665166022503,153.11781379399207,0.49745878425598494,152.14281249305725,154.0928150949269,101.36778340288363,0.1801131248739438,101.01476816498774,101.72079864077952,19.166572667217054,0.4672265528597111,18.25082545099122,20.08231988344289,42.75,0.13888888888888906,42.47778277992499,43.02221722007501,13.124999999999998,0.7991500941724733,11.558694597180159,14.691305402819838,0.09653185216285504,0.002376012899060711,0.09187495245389343,0.10118875187181664,10.6875,0.034722222222222265,10.619445694981248,10.755554305018752,10.6875,0.034722222222222265,10.619445694981248,10.755554305018752,0.4374794679828346,0.0014213108121599585,0.4346937499801637,0.4402651859855055,1267.0972925360452,2.251414060924296,1262.6846020623466,1271.5099830097438,16.924015764661355,0.052653982461897605,16.820815855393434,17.027215673929277,19.166572667217054,0.4672265528597111,18.25082545099122,20.08231988344289,1.3125,0.07991500941724733,1.155869459718016,1.469130540281984,74.8125,0.24305555555555575,74.33611986486873,75.28888013513127,3.4107978153356493,0.25721703125937545,2.9066616978569604,3.914933932814338,74.70805690917791,0.18861214203272247,74.33838390374682,75.07772991460901,74.708203125,0.1885963768026813,74.33856101885199,75.077845231148,0.0003121484169653309,0.0002361226547458568,0.0,0.0007749403162011959,0.00016593259488163168,0.00016593259488163165,0.0,0.000491154504710905,0.9999958028761213,3.1584503842992258e-06,0.9999896124271211,1.0000019933251214
dense_candidate_grid,two_person_low,7.25,0.15475,63158.41228661132,156.28340174808235,62852.10244780367,63464.722125418964,61563.064764232906,153.25307257577742,61262.694261464276,61863.435267001536,0.0,0.0,0.0,0.0,1236.25,3.532024690273047,1229.3273588145587,1243.1726411854413,150.40683874261038,0.42971944835172193,149.56460410038457,151.24907338483618,105.09189367183996,0.17847338709118568,104.74209226094236,105.44169508273755,25.408685797302024,0.5584637800244463,24.31411690178401,26.503254692820036,64.38802083333333,0.1839596192850542,64.02746660492492,64.74857506174173,13.802083333333332,0.7306709256932555,12.369994634424009,15.234172032242656,0.1283978282427522,0.002836933434789036,0.12283754088402818,0.13395811560147622,10.302083333333332,0.029433539085608695,10.244394656787987,10.359772009878677,10.302083333333332,0.029433539085608695,10.244394656787987,10.359772009878677,0.4297338249788869,0.001227769852433491,0.4273274402868132,0.4321402096709606,1313.6486708979992,2.2309173386398236,1309.2761532617792,1318.0211885342192,17.525861828768193,0.056097553889282836,17.415912643524404,17.63581101401198,25.408685797302024,0.5584637800244463,24.31411690178401,26.503254692820036,1.3802083333333333,0.07306709256932557,1.2369994634424009,1.5234172032242657,74.69010416666666,0.21339315837066303,74.2718612617129,75.10834707162041,3.4419017480273,0.26738691807520426,2.917833018662738,3.9659704773918625,74.708203125,0.1885963768026813,74.33856101885199,75.077845231148,74.708203125,0.1885963768026813,74.33856101885199,75.077845231148,0.0,0.0,0.0,0.0,0.0,0.0,0.0,0.0,1.0,0.0,1.0,1.0
dense_candidate_grid,two_person_low,7.5,0.15475,63133.11823790468,156.41133665672265,62826.557651283736,63439.678824525625,61543.168743829076,152.94257712607913,61243.40680095922,61842.93068669893,0.0,0.0,0.0,0.0,1196.875,3.705924846546941,1189.6115207713558,1204.1384792286442,148.30651233218776,0.4592065077443967,147.40648411554233,149.2065405488332,108.47638295733005,0.20529324766960205,108.07401558562836,108.87875032903173,33.661390452756564,0.610258573482276,32.465305627474514,34.85747527803861,89.765625,0.2779443634910206,89.22086405785168,90.31038594214832,12.864583333333332,0.778157459410242,11.33942273858807,14.389743928078595,0.1697852701003679,0.003069763875642321,0.16376864346306685,0.17580189673766894,9.973958333333332,0.03088270705455783,9.913429339761297,10.034487326905367,9.973958333333332,0.03088270705455783,9.913429339761297,10.034487326905367,0.42373289237767936,0.0013120185935554206,0.4211613831872638,0.4263044015680949,1355.9547869666258,2.5661655958700256,1350.9251948203548,1360.9843791128967,18.086067430129823,0.050865161835913,17.986373544863632,18.185761315396014,33.661390452756564,0.610258573482276,32.465305627474514,34.85747527803861,1.286458333333333,0.0778157459410242,1.1339422738588067,1.4389743928078593,74.8046875,0.2316203029091838,74.35072004820974,75.25865495179026,3.754578075674258,0.26992119676119514,3.225542251358366,4.28361389999015,74.708203125,0.1885963768026813,74.33856101885199,75.077845231148,74.708203125,0.1885963768026813,74.33856101885199,75.077845231148,0.0,0.0,0.0,0.0,0.0,0.0,0.0,0.0,1.0,0.0,1.0,1.0
dense_candidate_grid,two_person_low,7.75,0.15475,63123.12508376909,155.38525454090313,62818.57558114033,63427.67458639785,61528.5184675289,152.06023697243853,61230.485879582295,61826.5510554755,0.0,0.0,0.0,0.0,1161.875,3.7192855923497348,1154.5853341907757,1169.1646658092243,146.55226531880112,0.4691294062841829,145.63278857839546,147.47174205920678,112.47526486654701,0.21947807244607728,112.04509574915642,112.9054339839376,42.64809647150961,0.7470113382790499,41.18398115243961,44.112211790579615,118.60807291666666,0.37967707088570235,117.86391953197501,119.3522263013583,12.447916666666666,0.7432907857155432,10.991093496623723,13.90473983670961,0.21547786800186358,0.003861849799184561,0.2079087814817586,0.22304695452196857,9.682291666666666,0.03099404660291451,9.621544451589797,9.743038881743535,9.682291666666666,0.03099404660291451,9.621544451589797,9.743038881743535,0.41872075805371767,0.0013403697322405216,0.41609368165255867,0.42134783445487667,1405.9408108318376,2.743475905575966,1400.5636968644553,1411.3179247992198,18.74047595457055,0.06470471548222173,18.613657042595484,18.867294866545613,42.64809647150961,0.7470113382790499,41.18398115243961,44.112211790579615,1.2447916666666665,0.07432907857155432,1.099109349662372,1.390473983670961,75.03776041666666,0.24020386117258727,74.56696949982093,75.50855133351239,3.9968805026158876,0.28561847263695134,3.437078582928124,4.556682422303651,74.708203125,0.1885963768026813,74.33856101885199,75.077845231148,74.708203125,0.1885963768026813,74.33856101885199,75.077845231148,0.0,0.0,0.0,0.0,0.0,0.0,0.0,0.0,1.0,0.0,1.0,1.0
dense_candidate_grid,two_person_low,8.0,0.15475,63110.15772610364,155.592200232873,62805.20261737186,63415.11283483541,61515.530916309646,151.9887360800884,61217.63846753691,61813.42336508238,0.0,0.0,0.0,0.0,1121.25,3.880021068507682,1113.6452984464684,1128.8547015535316,143.89374999999995,0.4979360371251518,142.91781330063006,144.86968669936985,115.55520046373223,0.1973422170818494,115.16841682562253,115.94198410184194,51.511192663589824,0.758316887356885,50.02491887550181,52.99746645167784,149.5,0.5173361424676906,148.48603979286244,150.51396020713756,12.916666666666664,0.78742598543589,11.373340094721359,14.45999323861197,0.2612530774595987,0.003953374375333345,0.2535046060665418,0.2690015488526556,9.34375,0.03233350890423066,9.280377487053903,9.407122512946097,9.34375,0.03233350890423066,9.280377487053903,9.407122512946097,0.4111249999999999,0.0014226743917861492,0.40833660943037164,0.41391339056962817,1444.4400057966532,2.466777713523117,1439.6052103202817,1449.2748012730247,19.24027618041583,0.05368183748683302,19.135061712317704,19.345490648513955,51.511192663589824,0.758316887356885,50.02491887550181,52.99746645167784,1.2916666666666665,0.078742598543589,1.137334009472136,1.445999323861197,74.75,0.2586680712338453,74.24301989643122,75.25698010356878,3.8548637438317206,0.29564270169979756,3.275414696207999,4.434312791455443,74.708203125,0.1885963768026813,74.33856101885199,75.077845231148,74.708203125,0.1885963768026813,74.33856101885199,75.077845231148,0.0,0.0,0.0,0.0,0.0,0.0,0.0,0.0,1.0,0.0,1.0,1.0
dense_candidate_grid,two_person_low,8.25,0.15475,63123.49127649975,154.0627361960318,62821.53386219583,63425.44869080367,61513.38458827132,151.57908951151492,61216.29503201938,61810.474144523265,0.0,0.0,0.0,0.0,1090.0,3.212080372198105,1083.7044381550436,1096.2955618449564,142.25545911425007,0.4192073101457915,141.4338278843084,143.07709034419173,119.65723348572661,0.22940726454116675,119.20760350943407,120.10686346201915,63.05857896178519,0.8553641591283154,61.3820960162273,64.73506190734307,183.9375,0.5420385628084302,182.87512393866362,184.99987606133638,11.197916666666664,0.6655380141015881,9.893486128685241,12.502347204648087,0.31842682286303037,0.004408436689477191,0.3097864457235301,0.32706720000253064,9.083333333333332,0.026767336434984166,9.030870317958696,9.135796348707968,9.083333333333332,0.026767336434984166,9.030870317958696,9.135796348707968,0.4064441688978573,0.0011977351718451194,0.40409665109802395,0.4087916866976906,1495.7154185715826,2.8675908067645866,1490.0950438679258,1501.3357932752394,19.874003796935867,0.0583587174269793,19.759622812595037,19.988384781276697,63.05857896178519,0.8553641591283154,61.3820960162273,64.73506190734307,1.1197916666666665,0.0665538014101588,0.9893486128685242,1.2502347204648088,74.9375,0.22083052558861974,74.50468012315926,75.37031987684074,3.9664541056883227,0.30290255442810105,3.3727760081840614,4.560132203192584,74.708203125,0.1885963768026813,74.33856101885199,75.077845231148,74.708203125,0.1885963768026813,74.33856101885199,75.077845231148,0.0,0.0,0.0,0.0,0.0,0.0,0.0,0.0,1.0,0.0,1.0,1.0
dense_candidate_grid,two_person_low,8.5,0.15475,63150.1881921969,153.92868887448867,62848.49350581544,63451.88287857837,61515.062059606906,151.24071403472192,61218.63570710273,61811.48841211108,1.16296659343955,1.16296659343955,0.0,3.4423392318043033,1061.875,3.324952261263692,1055.3582133176083,1068.3917866823917,140.87256590544104,0.44110140699923617,140.00802303419258,141.7371087766895,123.64349935318151,0.236483146759386,123.18000090258242,124.1069978037806,74.83772573793385,0.9098654775368381,73.05442217118531,76.6210293046824,221.22395833333334,0.6926983877632693,219.86629444116838,222.5816222254983,11.510416666666666,0.756838632112103,10.027040205618384,12.993793127714948,0.37925415676836244,0.004726912986672678,0.3699895775564293,0.38851873598029557,8.848958333333332,0.02770793551053077,8.794651777646733,8.903264889019932,8.848958333333332,0.02770793551053077,8.794651777646733,8.903264889019932,0.40249304544411724,0.0012602897342835347,0.40002292295483594,0.40496316793339854,1545.5437419147688,2.9560393344923237,1539.7500112822802,1551.3374725472574,20.51043434787573,0.05597743987767038,20.40072058176874,20.62014811398272,74.83772573793385,0.9098654775368381,73.05442217118531,76.6210293046824,1.1510416666666665,0.0756838632112103,1.0027040205618383,1.2993793127714948,75.21614583333333,0.23551745183951198,74.75454010999724,75.67775155666942,4.303508466508112,0.31231986192731515,3.691372785474052,4.915644147542173,74.70751902700385,0.18860240796034342,74.33786510000405,75.07717295400366,74.708203125,0.1885963768026813,74.33856101885199,75.077845231148,0.0006840979961409118,0.0006840979961409118,0.0,0.00202490543047312,0.0,0.0,0.0,0.0,0.9999908328576732,9.167142326845651e-06,0.9999728655888714,1.000008800126475
dense_candidate_grid,two_person_low,8.75,0.15475,63175.372694714046,153.71136956414634,62874.10394635399,63476.6414430741,61518.67311539612,150.97351375499443,61222.77046581687,61814.57576497537,0.0,0.0,0.0,0.0,1031.875,3.234203061720838,1025.536078480338,1038.213921519662,139.0940121897314,0.43596199160854254,138.2395423875503,139.94848199191247,126.56581621097271,0.2011330838055894,126.17160261061429,126.96002981133114,86.59834466722427,0.9533844143941423,84.72974555158994,88.46694378285859,260.11848958333326,0.8152886884754615,258.52055311691845,261.71642604974807,12.447916666666666,0.7091389268164983,11.058029910070944,13.837803423262388,0.4394803211955087,0.004941684632400258,0.42979479729304915,0.4491658450979683,8.598958333333332,0.02695169218100703,8.546133987336148,8.651782679330516,8.598958333333332,0.02695169218100703,8.546133987336148,8.651782679330516,0.3974114633992325,0.0012456056903101225,0.3949701211072865,0.3998528056911785,1582.072702637159,2.5141635475698676,1577.1450326326785,1587.0003726416394,21.01660090533055,0.056758955149169094,20.905355397438054,21.127846413223043,86.59834466722427,0.9533844143941423,84.72974555158994,88.46694378285859,1.2447916666666665,0.07091389268164983,1.1058029910070943,1.3837803423262387,75.24088541666666,0.2358273065838115,74.7786723891913,75.70309844414201,4.270965552763065,0.32520471436986825,3.633576024995488,4.908355080530642,74.708203125,0.1885963768026813,74.33856101885199,75.077845231148,74.708203125,0.1885963768026813,74.33856101885199,75.077845231148,0.0,0.0,0.0,0.0,0.0,0.0,0.0,0.0,1.0,0.0,1.0,1.0
dense_candidate_grid,two_person_low,9.0,0.15475,63208.52103723043,153.460192122591,62907.74458760955,63509.297486851305,61532.375834544786,150.18257195139796,61238.02340241445,61826.72826667512,0.6618692874923747,0.6618692874923747,0.0,1.9591092534506163,998.125,3.6110157191307715,991.0475392428957,1005.2024607571043,136.653779831926,0.4943859206529441,135.68480123298255,137.62275843086942,130.45829786321812,0.21846088880638845,130.030122389127,130.88647333730924,100.39208903633826,1.0713939654308227,98.2921954508403,102.49198262183623,299.4375,1.0833047157392315,297.3142617728687,301.5607382271313,10.416666666666664,0.6577612878670943,9.127478232022476,11.705855101310853,0.5116125784431191,0.005620957795816655,0.5005957036046988,0.5226294532815394,8.317708333333332,0.03009179765942307,8.258729493690796,8.376687172975869,8.317708333333332,0.03009179765942307,8.258729493690796,8.376687172975869,0.3904393709483601,0.0014125312018655562,0.38767086066566453,0.3932078812310557,1630.7287232902263,2.730761110079855,1625.3765298640872,1636.0809167163654,21.630494378046436,0.06416193676054517,21.50473929281743,21.75624946327544,100.39208903633826,1.0713939654308227,98.2921954508403,102.49198262183623,1.0416666666666665,0.06577612878670942,0.9127478232022478,1.1705855101310854,74.859375,0.27082617893480787,74.32856544321717,75.39018455678283,4.120833141769923,0.3361134738804031,3.462062838245689,4.779603445294157,74.707813790125,0.18863882184373804,74.33808849322521,75.07753908702479,74.708203125,0.1885963768026813,74.33856101885199,75.077845231148,0.00038933487499551454,0.00038933487499551444,0.0,0.001152417207912127,0.0,0.0,0.0,0.0,0.9999946975161731,5.302483826973709e-06,0.9999843048388436,1.0000050901935025
dense_candidate_grid,two_person_low,9.25,0.15475,63258.15140432636,153.27191582833362,62957.74396946137,63558.55883919135,61542.470138072014,150.4930822777313,61247.50911688524,61837.43115925879,0.0,0.0,0.0,0.0,976.875,3.4277911231764087,970.1566528520482,983.5933471479518,135.78967757618685,0.47647718634895947,134.8557994514879,136.72355570088578,134.451729883251,0.19529543082694886,134.06895787248496,134.83450189401705,113.6338692115751,1.0694541982233574,111.53777749994217,115.72996092320804,343.94140625,1.20686812461836,341.5759881916586,346.3068243083414,10.989583333333332,0.7185486835616276,9.581253792413873,12.39791287425279,0.5771462614180431,0.0055189752150465446,0.5663292687649827,0.5879632540711036,8.140625,0.02856492602647002,8.084638773767068,8.196611226232932,8.140625,0.02856492602647002,8.084638773767068,8.196611226232932,0.38797050736053385,0.0013613633895684582,0.3853022841471083,0.39063873057395937,1680.6466235406376,2.4411928853368616,1675.861973406062,1685.4312736752133,22.20341552897896,0.05696218139322154,22.09177170496741,22.315059352990513,113.6338692115751,1.0694541982233574,111.53777749994217,115.72996092320804,1.098958333333333,0.07185486835616275,0.9581253792413873,1.2397912874252788,75.30078125,0.264225565744848,74.78290865734537,75.81865384265463,4.658937467948334,0.34702418910434524,3.9787825555396004,5.339092380357068,74.708203125,0.1885963768026813,74.33856101885199,75.077845231148,74.708203125,0.1885963768026813,74.33856101885199,75.077845231148,0.0,0.0,0.0,0.0,0.0,0.0,0.0,0.0,1.0,0.0,1.0,1.0
dense_candidate_grid,two_person_low,9.5,0.15475,63313.673674664475,152.3115703192594,63015.14848240999,63612.19886691896,61560.130663782715,149.27939707450383,61267.548421882835,61852.712905682594,0.0,0.0,0.0,0.0,953.75,3.359274061791062,947.16594382469,960.33405617531,134.55412511351386,0.4739231270257593,133.62525285310278,135.48299737392495,138.01494069410663,0.2632937817510608,137.4988943645212,138.53098702369206,128.50519507414245,1.3337446293696495,125.89110363600422,131.1192865122807,389.44791666666663,1.3717035752313518,386.75942706174834,392.1364062715849,9.270833333333332,0.6187685382824938,8.05806928353315,10.483597383133514,0.650993161723825,0.006889259004084455,0.6374904621956512,0.6644958612519989,7.947916666666666,0.02799395051492551,7.893049531872416,8.002783801460916,7.947916666666666,0.02799395051492551,7.893049531872416,8.002783801460916,0.3844403574671825,0.0013540660772164528,0.3817864367231508,0.3870942782112142,1725.1867586763328,3.2911722718882648,1718.736179556515,1731.6373377961506,22.75796406005771,0.0676476095529551,22.62537718169369,22.89055093842173,128.50519507414245,1.3337446293696495,125.89110363600422,131.1192865122807,0.9270833333333333,0.061876853828249374,0.8058069283533151,1.0483597383133514,75.50520833333333,0.2659425298917924,74.98397055278795,76.0264461138787,5.057558255517794,0.33963267026101646,4.3918904538330334,5.723226057202554,74.708203125,0.1885963768026813,74.33856101885199,75.077845231148,74.708203125,0.1885963768026813,74.33856101885199,75.077845231148,0.0,0.0,0.0,0.0,0.0,0.0,0.0,0.0,1.0,0.0,1.0,1.0
dense_candidate_grid,two_person_low,9.75,0.15475,63376.500607495596,151.31635782522244,63079.925995886384,63673.07521910481,61579.673603808085,148.99579283485056,61287.64721600379,61871.69999161238,0.0,0.0,0.0,0.0,931.25,3.016982356541473,925.336823239186,937.163176760814,133.29520300649668,0.4318381483835859,132.4488157885144,134.14159022447896,141.46976795483158,0.21246627740835142,141.05334170318193,141.88619420648124,142.77817855950684,1.3399964821074941,140.1518337151658,145.4045234038479,436.5234375,1.4142104796288155,433.7516358933684,439.2952391066316,11.510416666666666,0.7233267176415817,10.092722351033593,12.928110982299739,0.7258882195027816,0.007016797080095246,0.7121355499389691,0.7396408890665941,7.760416666666666,0.025141519637845635,7.711140193659882,7.80969313967345,7.760416666666666,0.025141519637845635,7.711140193659882,7.80969313967345,0.38084343716141905,0.0012338232810959607,0.37842518796718394,0.38326168635565416,1768.3720994353948,2.6558284676043944,1763.166771289774,1773.5774275810156,23.32121925444328,0.06937167422753178,23.185253271410073,23.45718523747649,142.77817855950684,1.3399964821074941,140.1518337151658,145.4045234038479,1.1510416666666665,0.07233267176415818,1.0092722351033592,1.2928110982299739,75.6640625,0.24512981646899468,75.18361688818386,76.14450811181614,4.761498654211028,0.3340997261076138,4.106675223795409,5.416322084626647,74.708203125,0.1885963768026813,74.33856101885199,75.077845231148,74.708203125,0.1885963768026813,74.33856101885199,75.077845231148,0.0,0.0,0.0,0.0,0.0,0.0,0.0,0.0,1.0,0.0,1.0,1.0
dense_candidate_grid,two_person_low,10.0,0.15475,63451.646217182715,152.04468410253673,63153.64411230097,63749.64832206446,61614.29970337414,149.5526630046806,61321.181870092914,61907.41753665537,0.44900240093462546,0.44900240093462546,0.0,1.3290309357385048,905.625,3.0035940772601717,899.7380637843922,911.5119362156078,131.47414579531505,0.43604689095779003,130.61950959346711,132.328781997163,145.73507245806263,0.24556110198815914,145.25378154216187,146.2163633739634,160.28204315426058,1.2476759782722977,157.8366431724711,162.72744313605006,483.0,1.6019168412054243,479.8603006850092,486.1396993149908,10.781249999999998,0.7488313480997075,9.313567527229996,12.24893247277,0.8183439907981118,0.006585404313361625,0.8054368355202883,0.8312511460759353,7.546875,0.025029950643834755,7.497817198203268,7.595932801796732,7.546875,0.025029950643834755,7.497817198203268,7.595932801796732,0.3756404165580429,0.0012458482598794005,0.3731985988384774,0.37808223427760845,1821.688405725783,3.0695137748519916,1815.6722692770236,1827.7045421745424,24.0680298177881,0.0661625901008253,23.9383535240666,24.197706111509603,160.28204315426058,1.2476759782722977,157.8366431724711,162.72744313605006,1.078125,0.07488313480997075,0.9313567527229997,1.2248932472770002,75.46875,0.25029950643834753,74.97817198203269,75.95932801796731,4.460166764650587,0.36646265306878706,3.741913162956768,5.178420366344406,74.70793900594063,0.18860007845382262,74.33828964468971,75.07758836719155,74.708203125,0.1885963768026813,74.33856101885199,75.077845231148,0.00026411905937330905,0.0002641190593733091,0.0,0.0007817829033755911,0.0,0.0,0.0,0.0,0.9999964571554745,3.5428445254621906e-06,0.9999895133078017,1.000003401003147
dense_candidate_grid,two_person_average,1.5,0.15475,100715.99126952799,260.45257973563037,100205.51359356561,101226.46894549037,91580.70776572052,236.79129554299254,91116.60535460367,92044.81017683737,0.0,0.0,0.0,0.0,8560.0,22.484562605386735,8515.931067085306,8604.068932914694,494.1736289727029,1.2980464834775578,491.629504614828,496.71775333057775,20.068208168097883,0.040372065391170116,19.989080373949694,20.14733596224607,0.0,0.0,0.0,0.0,0.0,0.0,0.0,0.0,61.04166666666666,1.4639912918612263,58.172296460938384,63.91103687239493,0.0,0.0,0.0,0.0,71.33333333333333,0.18737135504488953,70.96609222571088,71.70057444095578,71.33333333333333,0.18737135504488953,70.96609222571088,71.70057444095578,1.4119246542077224,0.003708704238507305,1.404655727470937,1.4191935809445078,250.8526021012235,0.5046508173896264,249.86350467437114,251.84169952807588,2.345344082963855,0.007260548150284308,2.331113670081279,2.3595744958464313,0.0,0.0,0.0,0.0,6.104166666666666,0.14639912918612263,5.817229646093839,6.391103687239493,107.0,0.28105703256733416,106.44913833856633,107.55086166143367,0.655078125,0.05176144486917069,0.5536275572686699,0.75652869273133,106.97265625,0.27658875410650646,106.43055225342245,107.51476024657755,106.97226562499999,0.2765048994964276,106.43032598043813,107.51420526956186,0.0,0.0,0.0,0.0,0.00039062499999999997,0.0003906249999999999,0.0,0.0011562359314609583,1.0,0.0,1.0,1.0
dense_candidate_grid,two_person_average,1.75,0.15475,99115.20105757772,256.372237587197,98612.72070527087,99617.68140988458,91230.18618088344,235.86489059691755,90767.899490096,91692.47287167088,0.4427083333333333,0.3105476657554017,0.0,1.0513705736969035,7337.5,19.413524168345134,7299.450191817045,7375.549808182955,450.91498074598877,1.1930288077112279,448.57668725035603,453.2532742416215,24.021770948300237,0.04344811219811856,23.936614213195668,24.106927683404805,0.0,0.0,0.0,0.0,0.0,0.0,0.0,0.0,72.13541666666666,1.7714532645034995,68.66343206794389,75.60740126538943,0.0,0.0,0.0,0.0,61.14583333333333,0.1617793680695428,60.82875159847538,61.46291506819128,61.14583333333333,0.1617793680695428,60.82875159847538,61.46291506819128,1.2883285164171108,0.0034086537363177947,1.28164767785816,1.2950093549760615,300.27213685375295,0.5431014024764822,299.20767766494583,301.3365960425601,2.807176696796102,0.008560029493102115,2.790399347283021,2.823954046309183,0.0,0.0,0.0,0.0,7.213541666666666,0.17714532645034994,6.866343206794389,7.560740126538943,107.00520833333331,0.2831138941216999,106.4503152973319,107.56010136933473,0.855078125,0.05846917560880065,0.740480646601003,0.969675603398997,106.97252604166665,0.276564854330864,106.43046888778859,107.51458319554472,106.97226562499999,0.2765048994964276,106.43032598043813,107.51420526956186,0.00026041666666666666,0.00018267509750317747,0.0,0.0006184532786452372,0.0005208333333333333,0.00036535019500635494,0.0,0.0012369065572904745,0.9999975388839244,1.7264055465433031e-06,0.9999941551912305,1.0000009225766184
dense_candidate_grid,two_person_average,1.8,0.15475,98817.62486596158,255.7375224342992,98316.38853249485,99318.86119942831,91166.26006475548,235.71969858288418,90704.25794508639,91628.26218442457,0.0,0.0,0.0,0.0,7131.875,18.722698377205393,7095.179185487271,7168.570814512729,443.43269740911273,1.1641057427648984,441.1510920790973,445.7143027391282,24.33835379696363,0.05201827032381597,24.236399860590883,24.44030773333638,0.0,0.0,0.0,0.0,0.0,0.0,0.0,0.0,51.71875,1.473592106567757,48.83056254322469,54.60693745677531,0.0,0.0,0.0,0.0,59.43229166666667,0.1560224864767116,59.12649321239393,59.73809012093941,59.43229166666667,0.1560224864767116,59.12649321239393,59.73809012093941,1.2669505640260363,0.0033260164078997108,1.2604316916545637,1.273469436397509,304.22942246204536,0.6502283790476995,302.954998257386,305.5038466667047,2.844889429001493,0.009481481955180577,2.826306065849273,2.8634727921537135,0.0,0.0,0.0,0.0,5.171875,0.14735921065677574,4.883056254322469,5.460693745677531,106.978125,0.28084047565808096,106.42768778230906,107.52856221769095,0.814453125,0.06580263347515528,0.685482333300806,0.943423916699194,106.97265625,0.27658875410650646,106.43055225342245,107.51476024657755,106.97226562499999,0.2765048994964276,106.43032598043813,107.51420526956186,0.0,0.0,0.0,0.0,0.00039062499999999997,0.0003906249999999999,0.0,0.0011562359314609583,1.0,0.0,1.0,1.0
dense_candidate_grid,two_person_average,2.0,0.15475,97858.4678962532,253.12846758110726,97362.34521633243,98354.59057617399,90927.20052083333,235.1247875017584,90466.36440545725,91388.0366362094,0.0,0.0,0.0,0.0,6419.375,17.136061194275896,6385.788937222344,6452.961062777656,417.27613565109857,1.1138887189840423,415.0929538791044,419.4593174230927,27.58498976877922,0.04221885466968847,27.5022423341581,27.66773720340034,0.0,0.0,0.0,0.0,0.0,0.0,0.0,0.0,67.03125,1.7741735343670586,63.553933770316426,70.50856622968357,0.0,0.0,0.0,0.0,53.494791666666664,0.14280050995229915,53.214907810186205,53.774675523147124,53.494791666666664,0.14280050995229915,53.214907810186205,53.774675523147124,1.1922175304317102,0.003182539197097264,1.1859798682260125,1.1984551926374079,344.81237210974024,0.5277356833711059,343.77802917697625,345.84671504250423,3.2240482158853974,0.009354700636564276,3.2057133395515773,3.2423830922192174,0.0,0.0,0.0,0.0,6.703125,0.17741735343670587,6.355393377031643,7.050856622968357,106.98958333333333,0.2856010199045983,106.42981562037241,107.54935104629425,0.9050781250000001,0.0748928212510665,0.7582908926473138,1.0518653573526864,106.97317708333333,0.2766173970608921,106.43101694759676,107.51533721906989,106.97226562499999,0.2765048994964276,106.43032598043813,107.51420526956186,0.0,0.0,0.0,0.0,0.0009114583333333333,0.000495139636762275,0.0,0.0018819141887056368,1.0,0.0,1.0,1.0
dense_candidate_grid,two_person_average,2.1,0.15475,97408.47439140853,251.51739346644618,96915.5093587289,97901.43942408815,90815.84952647335,234.62375989094068,90355.99540716973,91275.70364577697,0.6640625,0.6640625,0.0,1.9656010834836297,6114.375,15.78293199821622,6083.441021713052,6145.308978286948,405.873814622687,1.0476751615735855,403.8204090385056,407.9272202068684,28.69115447916418,0.05704741917139242,28.579343592177292,28.802965366151067,0.0,0.0,0.0,0.0,0.0,0.0,0.0,0.0,43.02083333333333,1.3295223935585083,40.41501732531916,45.626649341347495,0.0,0.0,0.0,0.0,50.953125,0.1315244333184685,50.69534184760876,51.21090815239124,50.953125,0.1315244333184685,50.69534184760876,51.21090815239124,1.159639470350534,0.002993357604495952,1.1537725972528727,1.1655063434481951,358.63943098955224,0.713092739642405,357.2417949022161,360.0370670768884,3.353166427668294,0.010933643773729247,3.331736879651994,3.374595975684594,0.0,0.0,0.0,0.0,4.302083333333332,0.1329522393558508,4.041501732531916,4.562664934134748,107.00156249999999,0.2762013099687837,106.46021787997839,107.5429071200216,1.06875,0.07520433474398742,0.9213522124204905,1.2161477875795097,106.97265624999999,0.276365050217141,106.43099070498879,107.51432179501118,106.97226562499999,0.2765048994964276,106.43032598043813,107.51420526956186,0.00039062499999999997,0.0003906249999999999,0.0,0.0011562359314609583,0.0007812499999999999,0.0005480252925095325,0.0,0.0018553598359357117,0.9999964072200506,3.59277994941426e-06,0.9999893655007454,1.0000034489393559
dense_candidate_grid,two_person_average,2.25,0.15475,96828.74193961066,250.27067313196488,96338.2204338854,97319.2634453359,90659.01707356126,234.40816989993,90199.58550287546,91118.44864424707,0.0,0.0,0.0,0.0,5706.875,15.146236566977855,5677.1889218274,5736.5610781726,390.38709720242116,1.0361003748853206,388.3563777832775,392.41781662156484,30.90026884697509,0.05274907995170936,30.796882550052118,31.003655143898065,0.0,0.0,0.0,0.0,0.0,0.0,0.0,0.0,41.5625,1.4104843901038504,38.79800139464051,44.32699860535949,0.0,0.0,0.0,0.0,47.557291666666664,0.12621863805814873,47.309907681895,47.80467565143833,47.557291666666664,0.12621863805814873,47.309907681895,47.80467565143833,1.1153917062926322,0.0029602867853866237,1.1095896508093646,1.1211937617758998,386.2533605871886,0.6593634993963668,384.96103187565143,387.54568929872573,3.6108085422001084,0.010459574896780939,3.5903081521088187,3.631308932291398,0.0,0.0,0.0,0.0,4.15625,0.14104843901038505,3.879800139464051,4.4326998605359496,107.00390625,0.2839919356308348,106.44729228426375,107.56052021573625,1.0535156250000002,0.07613409090356339,0.9042955488333174,1.202735701166683,106.97265625,0.27658875410650646,106.43055225342245,107.51476024657755,106.97226562499999,0.2765048994964276,106.43032598043813,107.51420526956186,0.0,0.0,0.0,0.0,0.00039062499999999997,0.0003906249999999999,0.0,0.0011562359314609583,1.0,0.0,1.0,1.0
dense_candidate_grid,two_person_average,2.4,0.15475,96312.58192695105,249.27825322666004,95824.00552849774,96801.15832540437,90511.9795936963,233.93322541091064,90053.47889710363,90970.48029028898,1.328125,0.9316429972662054,0.0,3.1541117210907106,5351.875,14.231077313679963,5323.982601003982,5379.767398996018,376.7082226271299,1.0016982535850782,374.74493012672644,378.6715151275333,33.03473562761901,0.05244319976505063,32.931948844845465,33.13752241039255,0.0,0.0,0.0,0.0,0.0,0.0,0.0,0.0,37.65625,1.4786093992740927,34.758228830220375,40.554271169779625,0.0,0.0,0.0,0.0,44.59895833333333,0.11859231094733298,44.366521675033184,44.83139499163347,44.59895833333333,0.11859231094733298,44.366521675033184,44.83139499163347,1.0763092075060854,0.0028619950102430837,1.0706998003620756,1.0819186146500952,412.93419534523764,0.6555399970631329,411.6493605605684,414.21903012990686,3.8607890264657154,0.011934270845775549,3.837398285426249,3.8841797675051817,0.0,0.0,0.0,0.0,3.765625,0.14786093992740926,3.4758228830220372,4.055427116977962,107.0375,0.2846215462735995,106.47965202007964,107.59534797992035,1.163671875,0.08577691469496355,0.9955522114929068,1.331791538507093,106.97226562499999,0.2764757465199858,106.430383119222,107.51414813077798,106.97226562499999,0.2765048994964276,106.43032598043813,107.51420526956186,0.0007812499999999999,0.0005480252925095325,0.0,0.0018553598359357117,0.0007812499999999999,0.0005480252925095325,0.0,0.0018553598359357117,0.9999927177277247,5.108777816919329e-06,0.9999827047071985,1.0000027307482509
dense_candidate_grid,two_person_average,2.5,0.15475,96008.30924698048,247.84986397869315,95522.53244000909,96494.08605395188,90418.9645229988,233.75716610378157,89960.80889630724,90877.12014969035,0.6640625,0.49181030134895704,0.0,1.6279929778697464,5132.5,13.653158248505367,5105.740301557704,5159.259698442296,367.929661459713,0.9787436711599563,366.0113591141429,369.84796380528303,34.8135000219842,0.06494964527174071,34.68620105644293,34.94079898752546,0.0,0.0,0.0,0.0,0.0,0.0,0.0,0.0,53.4375,1.5695388193285276,50.36126044177857,56.51373955822143,0.0,0.0,0.0,0.0,42.77083333333333,0.11377631873754468,42.54783584631419,42.993830820352464,42.77083333333333,0.11377631873754468,42.54783584631419,42.993830820352464,1.0512276041706086,0.0027964104890284467,1.0457467403261227,1.0567084680150944,435.1687502748024,0.8118705658967572,433.5775132055366,436.7599873440682,4.06865390090773,0.013249906431309131,4.0426845615038385,4.094623240311622,0.0,0.0,0.0,0.0,5.34375,0.15695388193285276,5.036126044177856,5.651373955822144,106.92708333333333,0.2844407968438617,106.36958961578549,107.48457705088117,1.0703125,0.08904857521330614,0.8957804997073138,1.2448445002926862,106.97200520833333,0.2765511961108406,106.4299748240746,107.51403559259205,106.97226562499999,0.2765048994964276,106.43032598043813,107.51420526956186,0.000390625,0.0002893001772640924,0.0,0.0009576429281586745,0.00013020833333333333,0.00013020833333333333,0.0,0.0003854119771536529,0.9999962708114805,2.765403930385155e-06,0.9999908507193742,1.0000016909035867
dense_candidate_grid,two_person_average,2.75,0.15475,95302.50975034048,246.28211341786366,94819.80567800507,95785.2138226759,90202.63908851228,233.22076557185724,89745.53478754459,90659.74338947998,0.4427083333333333,0.3105476657554017,0.0,1.0513705736969035,4666.25,12.25453430821062,4642.231554108596,4690.268445891404,349.30757050082207,0.9173536794685301,347.50959032797846,351.1055506736657,38.609966327366024,0.07337043618492425,38.466162914913575,38.75376973981847,0.0,0.0,0.0,0.0,0.0,0.0,0.0,0.0,45.260416666666664,1.4449111873731004,42.42844277855638,48.09239055477695,0.0,0.0,0.0,0.0,38.885416666666664,0.10212111923508851,38.68526295090497,39.08557038242836,38.885416666666664,0.10212111923508851,38.68526295090497,39.08557038242836,0.9980216300023488,0.0026210105127672276,0.9928845437942242,1.0031587162104734,482.62457909207524,0.9171304523115537,480.8270364364197,484.4221217477308,4.5111753041156755,0.013884538655692506,4.483962108408564,4.538388499822787,0.0,0.0,0.0,0.0,4.526041666666666,0.14449111873731005,4.242844277855638,4.809239055477694,106.93489583333333,0.2808330778964934,106.38447311498867,107.48531855167799,1.245703125,0.09690708424070692,1.0557687300414254,1.4356375199585745,106.97239583333332,0.276579314124336,106.43031033878083,107.51448132788582,106.97226562499999,0.2765048994964276,106.43032598043813,107.51420526956186,0.00026041666666666666,0.00018267509750317747,0.0,0.0006184532786452372,0.000390625,0.00028930017726409244,0.0,0.0009576429281586746,0.9999975388839244,1.7264055465433031e-06,0.9999941551912305,1.0000009225766184
dense_candidate_grid,two_person_average,3.0,0.15475,94691.73537530427,245.11636499398875,94211.31612789468,95172.15462271386,90005.06712034074,232.71731534746783,89548.94956368086,90461.18467700062,0.0,0.0,0.0,0.0,4279.375,11.700365870686973,4256.442704287512,4302.307295712488,333.51537447799274,0.9118742584820665,331.7281337729387,335.3026151830468,42.00704715219673,0.06629038981566221,41.87712037563691,42.136973928756554,0.0,0.0,0.0,0.0,0.0,0.0,0.0,0.0,31.77083333333333,1.2084559096740362,29.40230327346763,34.13936339319903,0.0,0.0,0.0,0.0,35.66145833333333,0.09750304892239146,35.470355869062594,35.85256079760406,35.66145833333333,0.09750304892239146,35.470355869062594,35.85256079760406,0.9529010699371222,0.002605355024234475,0.9477946679226822,0.9580074719515622,525.0880894024591,0.8286298726957777,523.4640046954614,526.7121741094568,4.908548010761035,0.014211918102058518,4.880693163129767,4.936402858392303,0.0,0.0,0.0,0.0,3.177083333333333,0.12084559096740362,2.940230327346763,3.413936339319903,106.984375,0.2925091467671743,106.4110676071878,107.5576823928122,1.311328125,0.11028312017070904,1.0951771813627074,1.5274790686372925,106.97265625,0.27658875410650646,106.43055225342245,107.51476024657755,106.97226562499999,0.2765048994964276,106.43032598043813,107.51420526956186,0.0,0.0,0.0,0.0,0.00039062499999999997,0.0003906249999999999,0.0,0.0011562359314609583,1.0,0.0,1.0,1.0
dense_candidate_grid,two_person_average,3.25,0.15475,94177.28886699025,242.9851732887477,93701.04667856707,94653.53105541342,89821.80451833521,232.22304527700823,89366.65571321205,90276.95332345837,2.2135416666666665,1.3092519267798215,0.0,4.779628289844789,3948.125,10.105777363029086,3928.318040332683,3967.931959667317,319.51522793719323,0.8178438518615213,317.9122834425671,321.11817243181935,45.890995717834954,0.06685740864157894,45.75995760479778,46.022033830872125,0.0,0.0,0.0,0.0,0.0,0.0,0.0,0.0,39.739583333333336,1.2340353703619003,37.32091845177546,42.15824821489121,0.0,0.0,0.0,0.0,32.901041666666664,0.08421481135857574,32.73598366943902,33.066099663894306,32.901041666666664,0.08421481135857574,32.73598366943902,33.066099663894306,0.9129006512491233,0.0023366967196043423,0.9083208098359059,0.9174804926623408,573.637446472937,0.8357176080197367,571.9994700599723,575.2754228859017,5.363336933102355,0.017005681992514978,5.3300064088644845,5.396667457340225,0.0,0.0,0.0,0.0,3.973958333333333,0.12340353703619003,3.7320918451775458,4.21582482148912,106.92838541666667,0.2736981369153712,106.39194692567683,107.46482390765651,1.455859375,0.1149962017729978,1.2304709611660232,1.6812477888339767,106.97109375,0.27656038843181485,106.42904534912323,107.51314215087676,106.97226562499999,0.2765048994964276,106.43032598043813,107.51420526956186,0.0013020833333333335,0.0007701481922234245,0.0,0.0028115460528498762,0.00013020833333333333,0.00013020833333333336,0.0,0.0003854119771536529,0.9999877330578244,7.241931989026665e-06,0.9999735391319474,1.0000019269837013
dense_candidate_grid,two_person_average,3.5,0.15475,93717.07160591359,242.52524818828934,93241.7308541229,94192.41235770428,89654.32919605685,231.75166342136905,89200.10428239372,90108.55410971997,0.4427083333333333,0.3105476657554017,0.0,1.0513705736969035,3668.75,10.368938275078165,3648.427254422928,3689.072745577072,307.6074798393404,0.869386840587795,305.90351294315525,309.3114467355255,49.58805501739826,0.07243699451536319,49.44608111699982,49.7300289177967,0.0,0.0,0.0,0.0,0.0,0.0,0.0,0.0,36.354166666666664,1.1894940558516993,34.02280115737286,38.68553217596047,0.0,0.0,0.0,0.0,30.572916666666664,0.08640781895898472,30.403560453524396,30.742272879808933,30.572916666666664,0.08640781895898472,30.403560453524396,30.742272879808933,0.8788785138266868,0.0024839624016794134,0.8740100369804435,0.88374699067293,619.8506877174782,0.90546243144204,618.0760139624978,621.6253614724586,5.796356897681299,0.01722690608118655,5.762592782197119,5.8301210131654795,0.0,0.0,0.0,0.0,3.635416666666667,0.11894940558516993,3.402280115737286,3.8685532175960478,107.00520833333333,0.3024273663564466,106.41246158733539,107.59795507933127,1.812109375,0.13384503765828515,1.5497779216803538,2.074440828319646,106.97226562499999,0.27651760624222765,106.430301075674,107.51423017432599,106.97226562499999,0.2765048994964276,106.43032598043813,107.51420526956186,0.00026041666666666666,0.00018267509750317747,0.0,0.0006184532786452372,0.00026041666666666666,0.00026041666666666666,0.0,0.0007708239543073058,0.9999975388839244,1.7264055465433031e-06,0.9999941551912305,1.0000009225766184
dense_candidate_grid,two_person_average,3.75,0.15475,93291.93723463491,240.95025478133667,92819.68341319774,93764.19105607209,89497.17050253248,231.29734666874637,89043.83603334206,89950.5049717229,0.6640625,0.6640625,0.0,1.9656010834836297,3420.0,9.258200997725515,3401.854259482825,3438.145740517175,296.492023757426,0.8026265351370341,294.91890465552126,298.06514285933076,52.766895845016464,0.0829265015580286,52.60436288859882,52.929428801434106,0.0,0.0,0.0,0.0,0.0,0.0,0.0,0.0,24.84375,0.833100786005425,23.210902463937355,26.476597536062645,0.0,0.0,0.0,0.0,28.5,0.07715167498104593,28.34878549569021,28.65121450430979,28.5,0.07715167498104593,28.34878549569021,28.65121450430979,0.84712006787836,0.0022932186718200957,0.8426254418729179,0.8516146938838022,659.5861980627058,1.03658126947536,657.5545361074852,661.6178600179263,6.165753038458664,0.01842037091362873,6.129649774886083,6.201856302031246,0.0,0.0,0.0,0.0,2.484375,0.08331007860054251,2.3210902463937355,2.6476597536062645,106.875,0.28931878117892235,106.30794560883828,107.44205439116172,1.5585937500000002,0.12456922144703178,1.3144425623816234,1.802744937618377,106.971875,0.2764591407387643,106.43002504095513,107.51372495904486,106.97226562499999,0.2765048994964276,106.43032598043813,107.51420526956186,0.00039062499999999997,0.0003906249999999999,0.0,0.0011562359314609583,0.0,0.0,0.0,0.0,0.9999964171061684,3.582893831689457e-06,0.9999893947632978,1.000003439449039
dense_candidate_grid,two_person_average,4.0,0.15475,92939.92773342758,240.81391566850803,92467.94113174125,93411.91433511392,89351.22592631585,231.02088358113204,88898.43331482021,89804.01853781148,0.0,0.0,0.0,0.0,3211.875,9.114774657855897,3194.010369943404,3229.739630056596,287.3959684118825,0.8155826393152226,285.79745581240854,288.99448101135647,56.87875536653072,0.08406337160184492,56.713994185772094,57.04351654728934,0.0,0.0,0.0,0.0,0.0,0.0,0.0,0.0,32.55208333333333,1.2056556435209713,30.189041694274763,34.915124972391894,0.0,0.0,0.0,0.0,26.765625,0.0759564554821325,26.6167530828617,26.9144969171383,26.765625,0.0759564554821325,26.6167530828617,26.9144969171383,0.8211313383196643,0.0023302361123292074,0.8165641594640245,0.8256985171753042,710.9844420816339,1.0507921450230637,708.9249273221511,713.0439568411167,6.642980770885687,0.018764745537049314,6.606202545454012,6.6797589963173625,0.0,0.0,0.0,0.0,3.255208333333333,0.12056556435209716,3.0189041694274765,3.4915124972391895,107.0625,0.30382582192853,106.4670123314468,107.6579876685532,1.9988281250000002,0.131235153269671,1.7416119510858512,2.256044298914149,106.97278645833333,0.2765820769725044,106.43069554869794,107.51487736796872,106.97226562499999,0.2765048994964276,106.43032598043813,107.51420526956186,0.0,0.0,0.0,0.0,0.0005208333333333333,0.0004097894752445016,0.0,0.0013240059460561246,1.0,0.0,1.0,1.0
dense_candidate_grid,two_person_average,4.25,0.15475,92599.4060355318,238.76448961795234,92131.43623509353,93067.37583597009,89212.8727936789,230.61003218189305,88760.88543612877,89664.86015122902,0.22135416666666666,0.22135416666666669,0.0,0.6552003611612099,3019.375,7.714765655999159,3004.254337165075,3034.495662834925,278.4084954594217,0.7113579131802912,277.01425956947077,279.80273134937266,60.55964222681571,0.10299097960076944,60.3577836160657,60.76150083756572,0.0,0.0,0.0,0.0,0.0,0.0,0.0,0.0,27.968749999999993,0.9320415388945213,26.141982151671442,29.795517848328544,0.0,0.0,0.0,0.0,25.161458333333332,0.06428971379999299,25.035452809708957,25.287463856957707,25.161458333333332,0.06428971379999299,25.035452809708957,25.287463856957707,0.7954528441697762,0.002032451180515119,0.7914693130556307,0.7994363752839218,756.9955278351963,1.2873872450096175,754.4722952008212,759.5187604695714,7.079835746599083,0.02269191376196062,7.0353604128853515,7.124311080312815,0.0,0.0,0.0,0.0,2.796875,0.09320415388945215,2.614198215167145,2.979551784832855,106.93619791666666,0.27323128364997024,106.40067444126306,107.47172139207025,2.04609375,0.15163238217734623,1.748899742042388,2.3432877579576115,106.97213541666666,0.2765166821614919,106.43017267850563,107.51409815482769,106.97226562499999,0.2765048994964276,106.43032598043813,107.51420526956186,0.00013020833333333333,0.00013020833333333333,0.0,0.0003854119771536529,0.0,0.0,0.0,0.0,0.9999987646268185,1.235373181531288e-06,0.9999963433398752,1.0000011859137616
dense_candidate_grid,two_person_average,4.5,0.15475,92293.46714684044,238.85317430014018,91825.3235276191,92761.61076606179,89083.3764281815,230.3341897044052,88631.92971195265,89534.82314441034,0.0,0.0,0.0,0.0,2854.375,8.182792024575738,2838.33702233885,2870.41297766115,270.8301122748396,0.7764034097613338,269.3083895542333,272.3518349954459,63.89602305078078,0.10388291391704411,63.69241628089429,64.09962982066726,0.0,0.0,0.0,0.0,0.0,0.0,0.0,0.0,20.989583333333336,0.9292655341022663,19.168256354418517,22.810910312248154,0.0,0.0,0.0,0.0,23.78645833333333,0.06818993353813119,23.65280851949041,23.920108147176247,23.78645833333333,0.06818993353813119,23.65280851949041,23.920108147176247,0.7738003207852561,0.0022182954564609544,0.7694525415835237,0.7781480999869884,798.7002881347597,1.29853642396305,796.1552035111787,801.2453727583407,7.4672456845390744,0.02273065670143903,7.42269441605931,7.511796953018839,0.0,0.0,0.0,0.0,2.098958333333333,0.09292655341022663,1.9168256354418511,2.281091031224815,107.0390625,0.30685470092159023,106.43763833770687,107.64048666229313,2.108203125,0.17113980085981476,1.7727752789934064,2.443630971006594,106.97265625,0.27658875410650646,106.43055225342245,107.51476024657755,106.97226562499999,0.2765048994964276,106.43032598043813,107.51420526956186,0.0,0.0,0.0,0.0,0.00039062499999999997,0.0003906249999999999,0.0,0.0011562359314609583,1.0,0.0,1.0,1.0
dense_candidate_grid,two_person_average,4.75,0.15475,92023.34189397277,237.8975642900611,91557.07123595446,92489.61255199109,88960.47249983056,230.10950020506633,88509.46616692812,89411.478832733,0.6640625,0.6640625,0.0,1.9656010834836297,2702.5,7.552724726458048,2687.6969315509973,2717.3030684490027,263.51665201618005,0.7364546655008487,262.0732273955519,264.9600766368082,67.64701295937294,0.10633610917254138,67.43859801513864,67.85542790360725,0.0,0.0,0.0,0.0,0.0,0.0,0.0,0.0,28.541666666666664,1.0390177960938143,26.505229207026606,30.578104126306723,0.0,0.0,0.0,0.0,22.520833333333332,0.06293937272048372,22.397474429591643,22.64419223707502,22.520833333333332,0.06293937272048372,22.397474429591643,22.64419223707502,0.7529047200462288,0.002104156187145285,0.7487806497015769,0.7570287903908807,845.5876619921619,1.3292013646567686,842.9824751892331,848.1928487950906,7.908308891965252,0.02154838908012174,7.866074825443357,7.950542958487147,0.0,0.0,0.0,0.0,2.8541666666666665,0.10390177960938143,2.650522920702661,3.057810412630672,106.97395833333333,0.2989620204222977,106.38800354056029,107.55991312610637,2.12109375,0.18459070542994843,1.7593026154764588,2.482884884523541,106.97265625,0.27670069384290563,106.43033285557065,107.51497964442935,106.97226562499999,0.2765048994964276,106.43032598043813,107.51420526956186,0.00039062499999999997,0.0003906249999999999,0.0,0.0011562359314609583,0.00078125,0.0005786003545281848,0.0,0.001915285856317349,0.9999961908824964,3.8091175036565617e-06,0.9999887251493763,1.0000036566156163
dense_candidate_grid,two_person_average,5.0,0.15475,91766.73897484867,237.36727779125007,91301.50765926951,92231.97029042784,88843.54975060494,229.652013651603,88393.4400748707,89293.65942633919,0.22135416666666666,0.22135416666666669,0.0,0.6552003611612099,2568.125,7.409758018241141,2553.6021411500906,2582.6478588499094,257.04054683279946,0.7416337806405153,255.5869713330258,258.49412233257317,71.34398991094176,0.10631466568833202,71.13561699516421,71.5523628267193,0.0,0.0,0.0,0.0,0.0,0.0,0.0,0.0,26.458333333333332,1.1058282147622993,24.290949859311002,28.625716807355662,0.0,0.0,0.0,0.0,21.401041666666664,0.06174798348534284,21.280017842917417,21.522065490415912,21.401041666666664,0.06174798348534284,21.280017842917417,21.522065490415912,0.7344015623794271,0.0021189536589729,0.7302484895229309,0.7385546352359234,891.799873886772,1.3289333211041505,889.1952124395527,894.4045353339914,8.337414840808874,0.02471528590294661,8.288973770571488,8.38585591104626,0.0,0.0,0.0,0.0,2.645833333333333,0.11058282147622993,2.4290949859311,2.862571680735566,107.00520833333334,0.3087399174267142,106.40008921458711,107.61032745207957,2.43671875,0.16854224493506956,2.106382020053735,2.7670554799462646,106.97226562499999,0.2765129969999664,106.43031010962282,107.51422114037716,106.97226562499999,0.2765048994964276,106.43032598043813,107.51420526956186,0.00013020833333333333,0.00013020833333333333,0.0,0.0003854119771536529,0.00013020833333333333,0.00013020833333333333,0.0,0.0003854119771536529,0.9999987646268185,1.235373181531288e-06,0.9999963433398752,1.0000011859137616
dense_candidate_grid,two_person_average,5.25,0.15475,91522.21797017397,237.01712137140922,91057.67294856664,91986.76299178129,88732.64186957476,229.3586106534263,88283.1072531499,89182.17648599962,0.0,0.0,0.0,0.0,2447.5,7.175520555199827,2433.4362381414817,2461.5637618585183,251.178246028734,0.736398229784768,249.73493202007683,252.6215600373912,74.595771237142,0.10165197745166309,74.39653702237946,74.79500545190454,0.0,0.0,0.0,0.0,0.0,0.0,0.0,0.0,16.302083333333332,0.8435785148094681,14.648699826174987,17.955466840491678,0.0,0.0,0.0,0.0,20.395833333333332,0.05979600462666522,20.278635317845676,20.513031348820988,20.395833333333332,0.05979600462666522,20.278635317845676,20.513031348820988,0.7176521315106686,0.0021039949422421928,0.7135283772002196,0.7217758858211177,932.4471404642751,1.2706497181457879,929.9567127797434,934.9375681488068,8.71729668309988,0.02478367638364019,8.668721569983449,8.765871796216311,0.0,0.0,0.0,0.0,1.6302083333333333,0.08435785148094681,1.4648699826174987,1.7955466840491678,107.078125,0.3139290242899925,106.46283541868982,107.69341458131018,2.658984375,0.18381748098472353,2.298708732541066,3.0192600174589344,106.97226562499999,0.2765048994964276,106.43032598043813,107.51420526956186,106.97226562499999,0.2765048994964276,106.43032598043813,107.51420526956186,0.0,0.0,0.0,0.0,0.0,0.0,0.0,0.0,1.0,0.0,1.0,1.0
dense_candidate_grid,two_person_average,5.5,0.15475,91309.01690678512,235.88619536982563,90846.68845941008,91771.34535416016,88627.00281278214,229.14689079858317,88177.8831596476,89076.12246591669,0.4427083333333333,0.3105476657554017,0.0,1.0513705736969035,2333.75,6.559783073261948,2320.893061430011,2346.606938569989,245.3334364987642,0.6895914832564676,243.98186202753598,246.68501096999242,78.89407032956024,0.13111168330599235,78.63709615232807,79.1510445067924,0.00012884132344844927,0.00012884132344844927,0.0,0.00038136567712788576,0.0,0.0,0.0,0.0,23.59375,1.026824653237578,21.581210661216517,25.606289338783483,6.443838147376368e-07,6.443838147376368e-07,0.0,1.9073528838439354e-06,19.447916666666664,0.05466485894384955,19.340775511916757,19.555057821416572,19.447916666666664,0.05466485894384955,19.340775511916757,19.555057821416572,0.7009526757107548,0.0019702613807327614,0.6970910343643885,0.7048143170571212,986.1758791195031,1.638896041324906,982.963701904101,989.3880563349052,9.217988746330686,0.027002192692392613,9.165065421149986,9.270912071511386,0.00012884132344844927,0.00012884132344844927,0.0,0.00038136567712788576,2.359375,0.10268246532375781,2.1581210661216517,2.5606289338783483,106.96354166666666,0.30065672419117256,106.37426531554216,107.55281801779115,2.6636699418485557,0.19157384372596395,2.2881921077657617,3.0391477759313497,106.97239583333332,0.276579314124336,106.43031033878083,107.51448132788582,106.97226562499999,0.2765048994964276,106.43032598043813,107.51420526956186,0.00026041666666666666,0.00018267509750317747,0.0,0.0006184532786452372,0.000390625,0.00028930017726409244,0.0,0.0009576429281586746,0.9999975388839244,1.7264055465433031e-06,0.9999941551912305,1.0000009225766184
dense_candidate_grid,two_person_average,5.75,0.15475,91105.87516215286,235.5253176399264,90644.25402213125,91567.49630217448,88525.95714258838,228.81565026192456,88077.48670897589,88974.42757620086,0.6640625,0.6640625,0.0,1.9656010834836297,2234.375,6.227638568739931,2222.169052696537,2246.580947303463,240.3835164426124,0.6699957072055233,239.07034898669315,241.69668389853166,82.30770303885117,0.12790490227448448,82.05701403694707,82.55839204075528,0.00023758302271676622,0.00017854551731612205,0.0,0.000587525806257438,0.0,0.0,0.0,0.0,22.1875,0.9910833451783695,20.245012337772916,24.129987662227084,1.18895625610362e-06,8.934067862642732e-07,0.0,2.940001380725269e-06,18.619791666666664,0.05189698807283276,18.518075439137807,18.721507894195522,18.619791666666664,0.05189698807283276,18.518075439137807,18.721507894195522,0.6868100469788925,0.0019142734491586386,0.6830581399619803,0.6905619539958047,1028.8462879856397,1.5988112784310524,1025.7126754618384,1031.979900509441,9.623622392268594,0.031768359272284205,9.561357552246987,9.6858872322902,0.00023758302271676622,0.00017854551731612205,0.0,0.000587525806257438,2.2187499999999996,0.09910833451783695,2.024501233777291,2.412998766222708,107.06380208333333,0.2984076814187884,106.4789337750424,107.64867039162425,2.8749964331312317,0.22020464361947634,2.44340326240858,3.306589603853883,106.97239583333332,0.276494859527991,106.430475866748,107.51431579991865,106.97226562499999,0.2765048994964276,106.43032598043813,107.51420526956186,0.00039062499999999997,0.0003906249999999999,0.0,0.0011562359314609583,0.0005208333333333333,0.0005208333333333333,0.0,0.0015416479086146117,0.9999964171061684,3.582893831689457e-06,0.9999893947632978,1.000003439449039
dense_candidate_grid,two_person_average,6.0,0.15475,90907.05807256601,234.80172437811305,90446.855149277,91367.26099585502,88429.42851753415,228.6432064935146,87981.29606749711,88877.56096757119,0.0023915275564666176,0.0023915275564666176,0.0,0.007078835435176269,2139.375,6.106994916058299,2127.4055099107563,2151.3444900892437,235.35034096272844,0.6718239372489484,234.0335902417686,236.66709168368828,85.71354804292741,0.11444329122464608,85.48924331385489,85.93785277199994,0.0007744986262954221,0.0005639638712781702,0.0,0.0018798475025824184,0.0,0.0,0.0,0.0,17.1875,1.0157998679332074,15.19656884335037,19.17843115664963,3.8776719928484596e-06,2.823824707249304e-06,0.0,9.412266717711458e-06,17.828125,0.05089162430048583,17.728379249256303,17.927870750743697,17.828125,0.05089162430048583,17.728379249256303,17.927870750743697,0.6724295456077956,0.0019194969635684244,0.6686674006907675,0.6761916905248236,1071.4193505365924,1.4305411403080763,1068.6155414231857,1074.2231596499992,10.017586993401839,0.029270849817519356,9.96021718196262,10.074956804841058,0.0007744986262954221,0.0005639638712781702,0.0,0.0018798475025824184,1.71875,0.10157998679332074,1.519656884335037,1.917843115664963,106.96875,0.30534974580291496,106.37027549553783,107.56722450446217,2.717562170446782,0.22662854919343092,2.2733783761590933,3.161745964734471,106.97265484321909,0.27658900015658194,106.43055036439225,107.51475932204593,106.97226562499999,0.2765048994964276,106.43032598043813,107.51420526956186,1.4067809155685985e-06,1.4067809155685985e-06,0.0,4.164020844221334e-06,0.00039062499999999997,0.0003906249999999999,0.0,0.0011562359314609583,0.9999999864634985,1.3536501471816953e-08,0.9999999599324432,1.0000000129945539
dense_candidate_grid,two_person_average,6.25,0.15475,90738.2684407371,233.99905691337324,90279.63871677055,91196.89816470364,88335.89682232117,228.30451238541107,87888.42820053779,88783.36544410455,0.8854166666666666,0.6966421079156528,0.0,2.2508101082954117,2055.0,5.527707983925667,2044.1658914344512,2065.834108565549,230.98233163148933,0.6213152694428934,229.76457608033647,232.2000871826422,89.55152594401004,0.14031525884488336,89.27651309019265,89.82653879782742,0.004427507099686612,0.0021907622799514177,0.00013369193229297808,0.008721322267080247,4.28125,0.011516058299845137,4.25867894048844,4.30382105951156,21.666666666666664,0.9987867419566047,19.709080624195618,23.62425270913771,2.217042794647169e-05,1.0971390106134306e-05,6.668984781093665e-07,4.367395741483401e-05,17.125,0.04606423319938055,17.03471576195376,17.21528423804624,17.125,0.04606423319938055,17.03471576195376,17.21528423804624,0.6599495189471123,0.0017751864841225558,0.6564702173723898,0.6634288205218348,1119.3940743001253,1.7539407355610364,1115.956413627408,1122.8317349728427,10.468859683607711,0.032672285723028716,10.404823180297972,10.53289618691745,0.004427507099686612,0.0021907622799514177,0.00013369193229297808,0.008721322267080247,2.1666666666666665,0.09987867419566046,1.970908062419562,2.362425270913771,107.03125,0.28790145749612844,106.466973512211,107.595526487789,3.238605363716161,0.22468738829905305,2.7982261748696504,3.6789845525626714,106.97174479166667,0.2764709224338054,106.42987174092384,107.51361784240949,106.97226562499999,0.2765048994964276,106.43032598043813,107.51420526956186,0.0005208333333333333,0.0004097894752445016,0.0,0.0013240059460561246,0.0,0.0,0.0,0.0,0.9999951817329868,3.7713075283527435e-06,0.9999877901060567,1.000002573359917
dense_candidate_grid,two_person_average,6.5,0.15475,90575.65089031208,233.77598642665345,90117.45837646553,91033.84340415864,88247.081856615,228.12624447743912,87799.96263351083,88694.20107971916,0.4427083333333333,0.44270833333333337,0.0,1.3104007223224199,1972.5,5.409794175000839,1961.8969982532237,1983.1030017467763,226.36354333444854,0.6208264528077324,225.14674584629563,227.58034082260144,93.33749381014707,0.13490886800142513,93.07307728766921,93.60191033262493,0.008621552487187257,0.004101490024541336,0.0005827797561359354,0.016660325218238577,16.4375,0.045081618125006974,16.349141652110198,16.525858347889802,19.479166666666664,0.7394866823350977,18.029799402242862,20.928533931090467,4.320529140353827e-05,2.0562369197738222e-05,2.903788339155595e-06,8.350679446792096e-05,16.4375,0.045081618125006974,16.349141652110198,16.525858347889802,16.4375,0.045081618125006974,16.349141652110198,16.525858347889802,0.6467529809555672,0.001773789865164945,0.6432764167037017,0.6502295452074327,1166.7186726268383,1.6863608500178144,1163.413466095865,1170.0238791578115,10.908909540384355,0.033084501903660864,10.844065108206733,10.973753972561978,0.008621552487187257,0.004101490024541336,0.0005827797561359354,0.016660325218238577,1.9479166666666665,0.07394866823350979,1.802979940224286,2.092853393109047,106.84374999999999,0.2930305178125455,106.26942073871628,107.4180792612837,2.7727994144753647,0.2250378506362154,2.3317333320700784,3.213865496880651,106.97213541666666,0.27653642635526704,106.43013398059692,107.5141368527364,106.97226562499999,0.2765048994964276,106.43032598043813,107.51420526956186,0.00026041666666666666,0.00026041666666666666,0.0,0.0007708239543073058,0.00013020833333333333,0.00013020833333333336,0.0,0.0003854119771536529,0.999997506184662,2.493815337961322e-06,0.9999926183964155,1.0000023939729086
dense_candidate_grid,two_person_average,6.75,0.15475,90441.06881860705,233.0705848211776,89984.25886650186,90897.87877071224,88161.82448456777,227.94048399578844,87715.06934531739,88608.57962381815,0.0,0.0,0.0,0.0,1904.375,5.390849647377945,1893.8091288450687,1914.9408711549313,222.9817604187375,0.6312103154709906,221.7446109337442,224.2189099037308,96.82403632289484,0.15634864993720698,96.51759859998646,97.13047404580323,0.03358938098521769,0.009435100303903128,0.015096924199044636,0.052081837771390735,35.70703125,0.10107843088833648,35.50892116584504,35.90514133415496,19.322916666666664,1.326328506686753,16.723360561891838,21.92247277144149,0.0001683531836322157,4.7307279282964234e-05,7.563262003102798e-05,0.0002610737472334034,15.869791666666666,0.04492374706148286,15.781742740375572,15.95784059295776,15.869791666666666,0.04492374706148286,15.781742740375572,15.95784059295776,0.6370907440535356,0.0018034580442028295,0.6335560312392691,0.6406254568678021,1210.3004540361853,1.9543581242150876,1206.4699824998304,1214.1309255725403,11.307602708243731,0.032791998687399425,11.243331571835343,11.37187384465212,0.03358938098521769,0.009435100303903128,0.015096924199044636,0.052081837771390735,1.9322916666666665,0.13263285066867528,1.6723360561891838,2.1922472771441495,107.12109375,0.3032352926650094,106.52676349753511,107.71542400246489,3.4787131107549634,0.2330888541564908,3.021867351410532,3.9355588700993946,106.97265625,0.27658875410650646,106.43055225342245,107.51476024657755,106.97226562499999,0.2765048994964276,106.43032598043813,107.51420526956186,0.0,0.0,0.0,0.0,0.00039062499999999997,0.0003906249999999999,0.0,0.0011562359314609583,1.0,0.0,1.0,1.0
dense_candidate_grid,two_person_average,7.0,0.15475,90317.1255998183,233.3722405687624,89859.72441331211,90774.5267863245,88078.9129097164,227.65218571046273,87632.72282472206,88525.10299471073,0.0,0.0,0.0,0.0,1835.0,5.455447255899809,1824.3075198588785,1845.6924801411215,219.08084858633572,0.6513264382782158,217.80427222513165,220.35742494753978,100.88095873272798,0.14809421452570273,100.59069940593885,101.1712180595171,0.05296611616612043,0.011974974349985262,0.02949559772435837,0.0764366346078825,61.166666666666664,0.181848241863327,60.81025066196261,61.523082671370716,22.03125,1.0515200309795083,19.97030861025772,24.09219138974228,0.0002654979453927046,6.0052122247465054e-05,0.00014779794859247656,0.00038319794219293267,15.291666666666666,0.04546206046583175,15.202562665490653,15.380770667842679,15.291666666666666,0.04546206046583175,15.202562665490653,15.380770667842679,0.6259452816752448,0.0018609326807949046,0.6222979206432332,0.6295926427072563,1261.0119841591,1.8511776815712833,1257.3837425742358,1264.640225743964,11.799029019340598,0.03635355657169668,11.727777357750133,11.870280680931062,0.05296611616612043,0.011974974349985262,0.02949559772435837,0.0764366346078825,2.203125,0.10515200309795084,1.997030861025772,2.409219138974228,107.04166666666667,0.3182344232608222,106.41793865843458,107.66539467489876,3.6693886711180452,0.2717960471413102,3.1366782075807267,4.202099134655364,106.97226562499999,0.2765048994964276,106.43032598043813,107.51420526956186,106.97226562499999,0.2765048994964276,106.43032598043813,107.51420526956186,0.0,0.0,0.0,0.0,0.0,0.0,0.0,0.0,1.0,0.0,1.0,1.0
dense_candidate_grid,two_person_average,7.25,0.15475,90202.82133225878,232.6390314684352,89746.85720918237,90658.7854553352,87998.95354296555,227.45350495372557,87553.15286509885,88444.75422083226,1.798380288794882,1.1323104009603941,0.0,4.017667893997363,1768.75,4.91747370293402,1759.1119286473265,1778.3880713526735,215.19279759433135,0.5982784018266741,214.02019347402288,216.36540171463983,104.58884566847848,0.17896853518315586,104.2380737851536,104.93961755180337,0.16536990829578896,0.03381524801047398,0.09909324006697023,0.23164657652460768,92.12239583333333,0.2561184220278137,91.62041295038158,92.62437871628508,21.25,0.9287325189260676,19.429717711633742,23.070282288366258,0.0008302922689248336,0.00017022180500478234,0.0004966636617320603,0.001163920876117607,14.739583333333332,0.04097894752445018,14.659266072061053,14.819900594605611,14.739583333333332,0.04097894752445018,14.659266072061053,14.819900594605611,0.6148365645552325,0.0017093668623619207,0.6114862670686368,0.6181868620418282,1307.360570855981,2.237106689789448,1302.9759223144201,1311.7452193975419,12.228554329886169,0.03968588130688482,12.150771431829943,12.306337227942395,0.16536990829578896,0.03381524801047398,0.09909324006697023,0.23164657652460768,2.125,0.09287325189260676,1.9429717711633743,2.3070282288366255,106.86197916666666,0.29709736955226385,106.27967902244264,107.44427931089068,3.303381486948219,0.2769235902743139,2.7606212235410372,3.8461417503554007,106.97146869606783,0.2765381313555238,106.429463918259,107.51347347387666,106.97226562499999,0.2765048994964276,106.43032598043813,107.51420526956186,0.0010578707581146364,0.0006660649417414082,0.0,0.0023633340552925656,0.00026094182594150084,0.00026094182594150084,0.0,0.000772378406846962,0.9999900450779082,6.278992038283798e-06,0.999977738479654,1.0000023516761625
dense_candidate_grid,two_person_average,7.5,0.15475,90106.03983986315,232.27506490876465,89650.78907813528,90561.29060159103,87923.30558997384,227.17873104545214,87478.04345907124,88368.56772087644,0.0,0.0,0.0,0.0,1710.0,4.960158727618967,1700.2782675362648,1719.7217324637352,211.88857323282804,0.6146204419903765,210.68393930236482,213.09320716329125,108.60002050372327,0.13304213882815683,108.33926270319391,108.86077830425263,0.34982281942269183,0.04882640399607106,0.25412482609578996,0.4455208127495937,128.25,0.37201190457142247,127.52087006521987,128.97912993478013,23.645833333333332,1.072541768117336,21.543690095908445,25.74797657075822,0.001755862722849083,0.0002453817505925149,0.0012749233292243638,0.0022368021164738024,14.25,0.04133465606349137,14.168985562802206,14.331014437197794,14.25,0.04133465606349137,14.168985562802206,14.331014437197794,0.6053959235223658,0.0017560584056867854,0.6019541122924709,0.6088377347522608,1357.5002562965408,1.6630267353519617,1354.2407837899236,1360.759728803158,12.69715759081618,0.036931207517278485,12.62477375417674,12.769541427455621,0.34982281942269183,0.04882640399607106,0.25412482609578996,0.4455208127495937,2.364583333333333,0.10725417681173358,2.154369009590844,2.574797657075822,106.875,0.3100099204761854,106.26739172101655,107.48260827898345,3.3670558628852243,0.2805801576810272,2.8171288590538417,3.916982866716607,106.97226562499999,0.2765048994964276,106.43032598043813,107.51420526956186,106.97226562499999,0.2765048994964276,106.43032598043813,107.51420526956186,0.0,0.0,0.0,0.0,0.0,0.0,0.0,0.0,1.0,0.0,1.0,1.0
dense_candidate_grid,two_person_average,7.75,0.15475,90019.29146783121,232.73101545488717,89563.14705945419,90475.43587620823,87849.9701179245,226.93323198899589,87405.1891563308,88294.7510795182,0.0,0.0,0.0,0.0,1657.5,5.029673851018478,1647.6420203980208,1667.3579796019792,209.06756730794012,0.6344142843950478,207.82413815924806,210.31099645663218,112.02375547099442,0.17358246610735556,111.68354008907636,112.36397085291247,0.6414854611016849,0.07487646049836222,0.49473029523505896,0.7882406269683109,169.203125,0.5134458722914699,168.19678958229798,170.20946041770202,20.885416666666664,0.9129982739382838,19.095972931800393,22.674860401532936,0.0032198945113030147,0.00037660408363192224,0.002481764070953737,0.003958024951652293,13.8125,0.041913948758487335,13.730350169983508,13.894649830016492,13.8125,0.041913948758487335,13.730350169983508,13.894649830016492,0.5973359065941146,0.0018126122411287074,0.593783251883566,0.6008885613046633,1400.29694338743,2.1697808263419467,1396.0442511134543,1404.5496356614058,13.09353839662758,0.036128331757025914,13.022728167562294,13.164348625692865,0.6414854611016849,0.07487646049836222,0.49473029523505896,0.7882406269683109,2.0885416666666665,0.0912998273938284,1.9095972931800393,2.2674860401532935,107.046875,0.3248331028782769,106.41021381737218,107.68353618262782,3.900417342345169,0.29425863012574777,3.3236810251586104,4.477153659531727,106.97226562499999,0.2765048994964276,106.43032598043813,107.51420526956186,106.97226562499999,0.2765048994964276,106.43032598043813,107.51420526956186,0.0,0.0,0.0,0.0,0.0,0.0,0.0,0.0,1.0,0.0,1.0,1.0
dense_candidate_grid,two_person_average,8.0,0.15475,89939.59510835877,232.10642989514193,89484.67486518412,90394.51535153342,87780.18150182886,226.71218543598206,87335.83378351797,88224.52922013975,0.0,0.0,0.0,0.0,1603.75,4.774165762744182,1594.3928070487973,1613.1071929512027,205.8145833333333,0.6126846062188364,204.6137435712623,207.01542309540432,115.34869952047882,0.18949780090434898,114.97729065555676,115.72010838540088,1.1878236760901162,0.08620669744848841,1.018861653864938,1.3567856983152944,213.83333333333331,0.6365554350325575,212.58570760650628,215.08095906016035,19.479166666666664,0.903826466610727,17.707699343835547,21.250633989497782,0.0059640647373223644,0.0004336570137830126,0.00511411260866447,0.006814016865980259,13.364583333333332,0.039784714689534845,13.286606725406642,13.442559941260022,13.364583333333332,0.039784714689534845,13.286606725406642,13.442559941260022,0.5880416666666665,0.0017505274463395332,0.584610695917892,0.5914726374154409,1441.8587440059853,2.3687225113043646,1437.2161331944594,1446.5013548175111,13.480719031764878,0.03751412318163136,13.40719270141728,13.554245362112475,1.1878236760901162,0.08620669744848841,1.018861653864938,1.3567856983152944,1.9479166666666665,0.09038264666107271,1.7707699343835546,2.1250633989497785,106.91666666666666,0.31827771751627876,106.29285380325314,107.54047953008018,4.03782970982904,0.27540223069481073,3.49805125640522,4.577608163252861,106.97242618110761,0.2764966760082204,106.43050265428646,107.51434970792876,106.97226562499999,0.2765048994964276,106.43032598043813,107.51420526956186,0.0,0.0,0.0,0.0,0.00016055610761904878,0.00016055610761904878,0.0,0.00047524029605032134,1.0,0.0,1.0,1.0
dense_candidate_grid,two_person_average,8.25,0.15475,89874.85748993138,231.29797864133815,89421.52178209745,90328.19319776531,87713.72953652797,226.37459189820783,87270.04348939253,88157.41558366342,0.0,0.0,0.0,0.0,1555.0,4.318656463623109,1546.5355888696977,1563.4644111303023,202.94242102996222,0.5636261082471812,201.83773415705127,204.04710790287317,119.50226706694201,0.17901363715018478,119.15140678538613,119.85312734849789,2.0582653065238343,0.13630520662182805,1.7911120106397609,2.3254186024079075,262.40625,0.7287732782363995,260.97788062176147,263.83461937823853,19.21875,0.9023722761463228,17.450132838105777,20.987367161894223,0.010336815866738312,0.0006859195794080063,0.008992438194807759,0.011681193538668866,12.958333333333332,0.03598880386352588,12.887796573914146,13.028870092752518,12.958333333333332,0.03598880386352588,12.887796573914146,13.028870092752518,0.5798354886570349,0.0016103603092776594,0.576679240448718,0.5829917368653519,1493.7783383367753,2.237670464377311,1489.3925848173267,1498.1640918562239,13.955434084078927,0.04144780992138269,13.874197869394955,14.0366702987629,2.0582653065238343,0.13630520662182805,1.7911120106397609,2.3254186024079075,1.9218749999999998,0.09023722761463228,1.7450132838105774,2.098736716189422,106.90625,0.2969076318740887,106.32432173479171,107.48817826520829,3.954126032439288,0.29833840218122887,3.369393508958854,4.538858555919723,106.97232348370635,0.2765040842727903,106.43038543695344,107.51426153045925,106.97226562499999,0.2765048994964276,106.43032598043813,107.51420526956186,0.0,0.0,0.0,0.0,5.78587063654273e-05,5.7858706365427305e-05,0.0,0.00017125968703374318,1.0,3.4968738368763135e-18,1.0,1.0
dense_candidate_grid,two_person_average,8.5,0.15475,89819.33404234971,230.72129273248495,89367.12861812752,90271.5394665719,87649.47314438355,226.07545533395978,87206.3733941405,88092.5728946266,0.6766585768620988,0.6766585768620988,0.0,2.0028850173419404,1511.25,4.222835690604273,1502.9733941337854,1519.5266058662146,200.48844282481247,0.560218198123601,199.39043533300628,201.58645031661865,122.65134138373381,0.17587268755496935,122.3066372502618,122.99604551720581,3.023621847424003,0.15879111418472674,2.712396982556951,3.334846712291055,314.84375,0.8797574355425568,313.1194571112053,316.5680428887947,16.927083333333332,0.8824940091902118,15.197426858748157,18.656739807918505,0.015200118049933344,0.0007986987218723811,0.013634697320565305,0.016765538779301384,12.59375,0.03519029742170229,12.52477828444821,12.66272171555179,12.59375,0.03519029742170229,12.52477828444821,12.66272171555179,0.5728241223566071,0.0016006234232102876,0.5696869580943037,0.5759612866189104,1533.1417672966727,2.198408594437119,1528.8329656282726,1537.4505689650728,14.341612439336195,0.04166633029553933,14.259947932588988,14.423276946083403,3.023621847424003,0.15879111418472674,2.712396982556951,3.334846712291055,1.6927083333333333,0.08824940091902118,1.5197426858748158,1.8656739807918508,107.046875,0.29911752808446934,106.46061541780979,107.63313458219021,4.375633514612208,0.3097647668795181,3.7685057278489063,4.9827613013755085,106.97186759054301,0.2765411091469136,106.4298569763703,107.51387820471572,106.97226562499999,0.2765048994964276,106.43032598043813,107.51420526956186,0.00039803445697770515,0.0003980344569777052,0.0,0.001178167657259965,0.0,0.0,0.0,0.0,0.9999962235820021,3.776417997890247e-06,0.9999888219387357,1.0000036252252686
dense_candidate_grid,two_person_average,8.75,0.15475,89772.45492691145,231.4495859167024,89318.82207427801,90226.08777954489,87591.38670688131,225.6735658704114,87149.07464551258,88033.69876825005,0.07538742079191915,0.07538742079191915,0.0,0.22314405043144672,1465.0,4.7559486560567095,1455.6785119218073,1474.3214880781927,197.47811300589362,0.641089260171328,196.2216011450824,198.73462486670485,126.33264772495421,0.17962781940525516,125.98058366829845,126.68471178160998,4.859155211849289,0.22335858933535013,4.42138042111433,5.296930002584247,369.3020833333333,1.1988953903809616,366.95229154695556,371.65187511971106,18.02083333333333,0.9382345740598133,16.181927359125815,19.859739307540842,0.024394016762668495,0.0011248390406712985,0.022189372754548166,0.026598660770788825,12.208333333333332,0.03963290546713922,12.130654266015059,12.286012400651606,12.208333333333332,0.03963290546713922,12.130654266015059,12.286012400651606,0.5642231800168389,0.0018316836004895086,0.5606331461288068,0.567813213904871,1579.1580965619278,2.24534774256569,1574.7572958537307,1583.5588972701248,14.755024802115521,0.041087143850778156,14.67449547994038,14.835554124290663,4.859155211849289,0.22335858933535013,4.42138042111433,5.296930002584247,1.802083333333333,0.09382345740598132,1.6181927359125818,1.9859739307540842,106.82291666666666,0.3467879228374682,106.14322482763177,107.50260850570155,4.036803447624667,0.31787836359758503,3.413773303508872,4.659833591740462,106.97222127945835,0.2765043869518577,106.43028263946539,107.51415991945132,106.97226562499999,0.2765048994964276,106.43032598043813,107.51420526956186,4.4345541642305385e-05,4.434554164230538e-05,0.0,0.00013126120613614513,0.0,0.0,0.0,0.0,0.9999995862324083,4.1376759171707356e-07,0.9999987752628305,1.000000397201986
dense_candidate_grid,two_person_average,9.0,0.15475,89745.21177926674,230.46531045484818,89293.5080710894,90196.91548744409,87537.8253780602,225.35397231801085,87096.13970854385,87979.51104757654,0.0,0.0,0.0,0.0,1429.375,4.29490169335173,1420.9571473638905,1437.7928526361095,195.69642734853778,0.5880170824326145,194.54393504467555,196.8489196524,130.26907955257548,0.18492166153380135,129.90663975600793,130.63151934914302,7.243810972082258,0.2987325185381739,6.6583059947364935,7.829315949428023,428.8125,1.288470508005519,426.28714420916714,431.33785579083286,15.989583333333332,0.7541028558318297,14.511568895264146,17.46759777140252,0.036451222198023076,0.001501676695185911,0.033507989959035554,0.0393944544370106,11.911458333333332,0.035790847444597755,11.841309561365753,11.981607105300911,11.911458333333332,0.035790847444597755,11.841309561365753,11.981607105300911,0.5591326495672508,0.0016800488069503303,0.5558398144133587,0.562425484721143,1628.3634944071935,2.3115207691725197,1623.832996950099,1632.893991864288,15.203979851618849,0.047681995374041795,15.11052485797472,15.297434845262977,7.243810972082258,0.2987325185381739,6.6583059947364935,7.829315949428023,1.5989583333333333,0.07541028558318297,1.4511568895264146,1.7467597771402519,107.203125,0.32211762700137975,106.57178605229178,107.83446394770822,4.493484909680156,0.32359020531304844,3.8592597615166593,5.127710057843652,106.97298764937818,0.27662809192978555,106.43080655208377,107.5151687466726,106.97226562499999,0.2765048994964276,106.43032598043813,107.51420526956186,0.0,0.0,0.0,0.0,0.0007220243781874593,0.0005965069685066439,0.0,0.0018911565529876498,1.0,0.0,1.0,1.0
dense_candidate_grid,two_person_average,9.25,0.15475,89720.16029102175,229.83073559845693,89269.70032670842,90170.62025533507,87487.2462782453,224.6872556392883,87046.86734940714,87927.62520708345,0.0,0.0,0.0,0.0,1390.625,4.153998599551926,1382.4833123530484,1398.7666876469516,193.3026440224029,0.5774230382444916,192.1709156636,194.43437238120578,133.835907198391,0.2011075136047753,133.44174371470524,134.23007068207676,10.222076138995927,0.38669718090574806,9.464163591497492,10.979988686494362,489.61588541666663,1.4625536735922406,486.7493328909691,492.4824379423642,15.312499999999998,0.8422759267440134,13.661669518536636,16.963330481463363,0.051516295620171224,0.0019610517640296404,0.047672704790854385,0.05535988644948806,11.588541666666666,0.03461665499626607,11.520694269608736,11.656389063724596,11.588541666666666,0.03461665499626607,11.520694269608736,11.656389063724596,0.5522932686354369,0.0016497801092699774,0.5490597590388572,0.5555267782320167,1672.9488399798875,2.5138439200596876,1668.0217964338156,1677.8758835259594,15.6429328690254,0.04799845160229362,15.548857632571215,15.737008105479584,10.222076138995927,0.38669718090574806,9.464163591497492,10.979988686494362,1.53125,0.08422759267440134,1.3661669518536637,1.6963330481463363,107.19401041666666,0.320204058715461,106.56642199388081,107.8215988394525,4.857390223490809,0.33548194776280416,4.199857688412365,5.514922758569252,106.97226562499999,0.2765048994964276,106.43032598043813,107.51420526956186,106.97226562499999,0.2765048994964276,106.43032598043813,107.51420526956186,0.0,0.0,0.0,0.0,0.0,0.0,0.0,0.0,1.0,0.0,1.0,1.0
dense_candidate_grid,two_person_average,9.5,0.15475,89699.1499600461,230.27049553740022,89247.8280820906,90150.4718380016,87441.2269230892,224.25709843713437,87001.69108687495,87880.76275930344,0.6278920721659668,0.6278920721659667,0.0,1.858537919789486,1349.375,4.386323215314433,1340.777964473432,1357.972035526568,190.36851646138695,0.6188182256374627,189.15565502616053,191.58137789661336,137.06348812963552,0.22206047528480893,136.62825759568744,137.4987186635836,13.86834862704615,0.4532908087211134,12.979914967429732,14.756782286662567,550.9947916666665,1.7910819795867252,547.4843354933179,554.5052478400152,15.625,0.8460504517125639,13.966771585539531,17.28322841446047,0.06979632848526424,0.002289284967334259,0.06530941239894013,0.07428324457158834,11.244791666666664,0.036552693460953585,11.173149703945263,11.316433629388065,11.244791666666664,0.036552693460953585,11.173149703945263,11.316433629388065,0.5439100470325342,0.0017680520732498912,0.5404447286461731,0.5473753654188953,1713.293601620444,2.7757559410601096,1707.853219946093,1718.7339832947948,16.01132963654815,0.04402233143838528,15.92504745241343,16.09761182068287,13.86834862704615,0.4532908087211134,12.979914967429732,14.756782286662567,1.5625,0.08460504517125639,1.396677158553953,1.728322841446047,106.82552083333331,0.3472505878790591,106.14492218747999,107.50611947918664,4.73404848738158,0.3716469166682862,4.0056339157463805,5.4624630590167795,106.97189627672225,0.27646798088283886,106.43002899131338,107.51376356213112,106.97226562499999,0.2765048994964276,106.43032598043813,107.51420526956186,0.00036934827774468633,0.0003693482777446863,0.0,0.001093257599876168,0.0,0.0,0.0,0.0,0.9999966029130583,3.3970869417771633e-06,0.999989944745,1.0000032610811165
dense_candidate_grid,two_person_average,9.75,0.15475,89696.03337793855,228.674405840473,89247.83977830513,90144.22697757198,87400.72481347492,223.94516450316362,86961.80035653683,87839.64927041302,0.12946996758055507,0.12946996758055507,0.0,0.3832264411180114,1315.625,3.995750470862367,1307.7934729859007,1323.4565270140993,188.31302169709767,0.5719348941496952,187.19204990306253,189.4339934911328,140.96213430715278,0.21421774472202898,140.5422752426482,141.38199337165736,18.267219741816174,0.5089909879461769,17.269615736986207,19.26482374664614,616.69921875,1.8730080332167345,613.028190462141,620.370247037859,15.3125,0.9204430090409814,13.508464852458001,17.116535147542,0.09211146407122037,0.002580723261213845,0.08705333942517647,0.09716958871726426,10.963541666666668,0.033297920590519704,10.898278941549174,11.028804391784162,10.963541666666668,0.033297920590519704,10.898278941549174,11.028804391784162,0.5380372048488504,0.001634099697570563,0.5348344282944644,0.5412399814032365,1762.0266788394097,2.67772180902536,1756.7784405331024,1767.274917145717,16.42878522379614,0.048534495933019825,16.333659359759615,16.523911087832666,18.267219741816174,0.5089909879461769,17.269615736986207,19.26482374664614,1.53125,0.09204430090409813,1.3508464852458002,1.7116535147541998,106.89453125,0.3246547257575673,106.25821968010445,107.53084281989555,4.27730142004059,0.3548327786987247,3.5818419532568186,4.9727608868243625,106.97234460260897,0.2764644365043239,106.43048426405433,107.51420494116361,106.97226562499999,0.2765048994964276,106.43032598043813,107.51420526956186,7.615880445915005e-05,7.615880445915005e-05,0.0,0.0002254273183047126,0.00015513641344426876,0.0001466436050358046,0.0,0.00044255259787756226,0.9999992894013255,7.105986744634225e-07,0.9999978966535161,1.000000682149135
dense_candidate_grid,two_person_average,10.0,0.15475,89711.58931155938,228.47983049993215,89263.7770725857,90159.40155053306,87367.3561637806,223.2191418224874,86929.85468514859,87804.85764241261,0.0,0.0,0.0,0.0,1286.875,3.9394914968772627,1279.1537385487188,1294.5962614512812,186.8221298775387,0.5719158364884415,185.70119543583326,187.94306431924417,144.96368554077293,0.20655328758873823,144.55884853621066,145.3685225453352,24.186915693796937,0.6371722590876242,22.93808101403717,25.435750373556704,686.3333333333333,2.101062131667875,682.2153272259833,690.4513394406832,15.052083333333332,0.8496815317265304,13.386738132820506,16.71742853384616,0.1218943032870505,0.003226057900936648,0.11557134598917379,0.12821726058492722,10.723958333333332,0.03282909580731055,10.659614487905989,10.788302178760675,10.723958333333332,0.03282909580731055,10.659614487905989,10.788302178760675,0.533777513935825,0.001634045247109833,0.5305748441023809,0.536980183769269,1812.0460692596616,2.581916094859226,1806.9856067026333,1817.10653181669,16.916828931986792,0.043235051187693135,16.83208978878917,17.001568075184416,24.186915693796937,0.6371722590876242,22.93808101403717,25.435750373556704,1.5052083333333333,0.08496815317265304,1.3386738132820506,1.671742853384616,107.23958333333331,0.3282909580731054,106.59614487905988,107.88302178760675,4.758986023261016,0.3569677389792239,4.059342111219043,5.45862993530299,106.97226562499999,0.2765048994964276,106.43032598043813,107.51420526956186,106.97226562499999,0.2765048994964276,106.43032598043813,107.51420526956186,0.0,0.0,0.0,0.0,0.0,0.0,0.0,0.0,1.0,0.0,1.0,1.0
dense_candidate_grid,family_three,1.5,0.15475,150752.67183288143,338.4293376155354,150089.36251984324,151415.98114591962,137127.27002557105,307.55654718684923,136524.47026987534,137730.06978126676,2.65625,1.8632859945324107,0.0,6.308223442181421,12811.25,28.83269680002037,12754.738952694797,12867.761047305203,739.6006897402499,1.6645278517214595,736.338275099612,742.8631043808878,18.978200903459182,0.04313888363134659,18.89365024520848,19.062751561709884,0.0,0.0,0.0,0.0,0.0,0.0,0.0,0.0,52.91666666666666,1.841821380175793,49.30676309556625,56.52657023776707,0.0,0.0,0.0,0.0,106.76041666666666,0.24027247333350307,106.28949127245663,107.23134206087668,106.76041666666666,0.24027247333350307,106.28949127245663,107.23134206087668,2.1131448278292853,0.004755793862061311,2.1038236431417485,2.122466012516822,237.2275112932398,0.5392360453918323,236.170628065106,238.28439452137357,1.481373577465035,0.004887358083848478,1.4717945316411412,1.4909526232889287,0.0,0.0,0.0,0.0,5.291666666666666,0.1841821380175793,4.930676309556625,5.652657023776707,160.140625,0.3604087100002546,159.43423690868497,160.84701309131503,0.54140625,0.051171236023818664,0.44111247034891676,0.6417000296510832,160.17421874999997,0.3592475053132375,159.47010657805015,160.87833092194978,160.17343749999998,0.35909036994495175,159.4696333077127,160.87724169228724,0.0015624999999999999,0.001096050585019065,0.0,0.0037107196718714234,0.00234375,0.0013315126613224167,0.0,0.004953466861151015,0.999990277240061,6.820676813821864e-06,0.9999769089591557,1.0000036455209662
dense_candidate_grid,family_three,1.75,0.15475,148356.9036647221,332.98362246137225,147704.26775725614,149009.53957218808,136603.69749100955,306.3302062826551,136003.30131931882,137204.09366270027,0.4427083333333333,0.44270833333333337,0.0,1.3104007223224199,10984.375,24.682382179995614,10935.998419874555,11032.751580125445,675.0281760315802,1.5168185193128287,672.0552663626437,678.0010857005167,23.620706014322327,0.05382158747485433,23.51521764128084,23.72619438736381,0.0,0.0,0.0,0.0,0.0,0.0,0.0,0.0,69.73958333333331,1.5718826535747974,66.65874994440347,72.82041672226316,0.0,0.0,0.0,0.0,91.53645833333333,0.20568651816663006,91.13332016562129,91.93959650104537,91.53645833333333,0.20568651816663006,91.13332016562129,91.93959650104537,1.9286519315188009,0.004333767198036647,1.920157903893268,1.9371459591443339,295.25882517902903,0.6727698434356789,293.94022051601047,296.5774298420476,1.8431741592115807,0.0062223874706478915,1.8309785038712576,1.8553698145519038,0.0,0.0,0.0,0.0,6.973958333333332,0.15718826535747976,6.665874994440347,7.282041672226318,160.18880208333331,0.3599514067916029,159.48331028983725,160.89429387682938,0.7132812500000001,0.060608707386697415,0.5944903663725464,0.8320721336274538,160.17552083333334,0.35918940145478845,159.47152254285345,160.87951912381322,160.17343749999998,0.35909036994495175,159.4696333077127,160.87724169228724,0.00026041666666666666,0.00026041666666666666,0.0,0.0007708239543073058,0.00234375,0.0012236636690782503,0.0,0.004742086720583509,0.9999984250579579,1.5749420421325155e-06,0.9999953382282776,1.0000015118876382
dense_candidate_grid,family_three,1.8,0.15475,147914.40693861025,331.77191117779853,147264.14594161973,148564.66793560077,136505.37012770667,305.9615573258548,135905.69649469422,137105.04376071913,1.328125,1.328125,0.0,3.9312021669672594,10676.25,24.081850341554237,10629.05044064947,10723.44955935053,663.8083723724883,1.4973173051347588,660.8736843809955,666.743060363981,23.275313531125782,0.05164045626621631,23.174100096698783,23.37652696555278,0.0,0.0,0.0,0.0,0.0,0.0,0.0,0.0,44.375,1.7329336001225961,40.978512556160375,47.771487443839625,0.0,0.0,0.0,0.0,88.96874999999999,0.20068208617961866,88.57542033874557,89.3620796612544,88.96874999999999,0.20068208617961866,88.57542033874557,89.3620796612544,1.8965953496356809,0.004278049443242168,1.8882105268028446,1.9049801724685171,290.9414191390723,0.6455057033277041,289.6762512087348,292.2065870694098,1.816705490097364,0.005476391464719324,1.8059719600612716,1.8274390201334565,0.0,0.0,0.0,0.0,4.4375,0.17329336001225962,4.097851255616037,4.777148744383963,160.14375,0.3612277551233135,159.43575660974207,160.85174339025795,0.76875,0.06776897467552116,0.6359252503667716,0.9015747496332285,160.17265625,0.3590091386252492,159.46901126817374,160.87630123182623,160.17343749999998,0.35909036994495175,159.4696333077127,160.87724169228724,0.0007812499999999999,0.0007812499999999998,0.0,0.0023124718629219166,0.0,0.0,0.0,0.0,0.9999951937865272,4.80621347277721e-06,0.9999857737812186,1.000004613791836
dense_candidate_grid,family_three,2.0,0.15475,146475.5351730384,328.4844554560553,145831.71747086328,147119.35287521352,136149.1927083333,305.475608999656,135550.47151653856,136747.91390012807,1.328125,1.328125,0.0,3.9312021669672594,9611.875,21.522960930648512,9569.690771735266,9654.059228264734,624.7969711009877,1.3990486558131576,622.0548861229747,627.5390560790006,27.35278527076538,0.05287174432477902,27.249158556089004,27.456411985441758,0.0,0.0,0.0,0.0,0.0,0.0,0.0,0.0,60.98958333333333,1.5707865582905745,57.91089825168417,64.06826841498248,0.0,0.0,0.0,0.0,80.09895833333333,0.17935800775540425,79.74742309779388,80.45049356887277,80.09895833333333,0.17935800775540425,79.74742309779388,80.45049356887277,1.7851342031456792,0.003997281873751879,1.7772996746370706,1.7929687316542877,341.90981588456725,0.6608968040597379,340.61448195111257,343.20514981802194,2.1349520467809673,0.006957616886942646,2.121315368264332,2.1485887252976026,0.0,0.0,0.0,0.0,6.098958333333333,0.15707865582905745,5.7910898251684175,6.4068268414982485,160.19791666666666,0.3587160155108085,159.49484619558777,160.90098713774555,0.921875,0.07787061759943516,0.7692513940512162,1.0744986059487838,160.17552083333334,0.35938306941135995,159.4711429606336,160.87989870603306,160.17343749999998,0.35909036994495175,159.4696333077127,160.87724169228724,0.0007812499999999999,0.0007812499999999998,0.0,0.0023124718629219166,0.002864583333333333,0.001416135886210884,8.900799914528853e-05,0.005640158667521378,0.9999950849323687,4.915067631330524e-06,0.9999854515768297,1.0000047182879077
dense_candidate_grid,family_three,2.1,0.15475,145807.53043994517,327.06129717729556,145166.50207674073,146448.55880314962,135983.34525590797,305.0304045105662,135385.49664887757,136581.19386293838,0.0,0.0,0.0,0.0,9151.25,20.38262468105835,9111.300789714729,9191.199210285271,607.4623728616358,1.3530039670978118,604.8105338151843,610.1142119080873,27.71239450891204,0.058702225147888226,27.59734026180982,27.827448756014263,0.0,0.0,0.0,0.0,0.0,0.0,0.0,0.0,37.760416666666664,1.0810789718036393,35.641540817487936,39.87929251584539,0.0,0.0,0.0,0.0,76.26041666666666,0.1698552056754863,75.92750658095606,76.59332675237725,76.26041666666666,0.1698552056754863,75.92750658095606,76.59332675237725,1.735606779604674,0.003865725620279471,1.7280300966148123,1.7431834625945355,346.4049313614005,0.7337778143486035,344.9667532726227,347.84310945017825,2.162319734811386,0.007440525014150587,2.1477365737575815,2.1769028958651906,0.0,0.0,0.0,0.0,3.7760416666666665,0.10810789718036394,3.564154081748794,3.9879292515845393,160.146875,0.3566959319185209,159.44776382000774,160.84598617999225,0.8929687500000001,0.0727665733070358,0.7503488870398163,1.035588612960184,160.17578125,0.35929755409043895,159.4715709842494,160.8799915157506,160.17343749999998,0.35909036994495175,159.4696333077127,160.87724169228724,0.0,0.0,0.0,0.0,0.00234375,0.0013315126613224167,0.0,0.004953466861151015,1.0,0.0,1.0,1.0
dense_candidate_grid,family_three,2.25,0.15475,144943.1427002903,325.0634807648354,144306.029985302,145580.2554152786,135745.86335175173,304.2606713221627,135149.5233940483,136342.20330945516,1.328125,1.328125,0.0,3.9312021669672594,8542.5,19.145951538574945,8504.974624534643,8580.025375465357,584.3621557948411,1.3097067036377188,581.7951778254005,586.9291337642817,29.870317743760335,0.06388383830871826,29.745107721481066,29.995527766039604,0.0,0.0,0.0,0.0,0.0,0.0,0.0,0.0,39.21875,1.5318167885263274,36.21644426357459,42.22105573642541,0.0,0.0,0.0,0.0,71.18749999999999,0.1595495961547912,70.87478853778869,71.50021146221128,71.18749999999999,0.1595495961547912,70.87478853778869,71.50021146221128,1.6696061594138314,0.0037420191532506275,1.662271936644001,1.6769403821836617,373.37897179700417,0.7985479788589785,371.81384651851334,374.944097075495,2.3311914445860236,0.007500093553675639,2.316491531340138,2.345891357831909,0.0,0.0,0.0,0.0,3.921875,0.15318167885263273,3.621644426357459,4.222105573642541,160.171875,0.35898659134828026,159.46827421002456,160.87547578997544,1.078125,0.07682852834629297,0.9275438514560511,1.2287061485439488,160.17265625,0.35901086570716556,159.4690078831554,160.87630461684458,160.17343749999998,0.35909036994495175,159.4696333077127,160.87724169228724,0.0007812499999999999,0.0007812499999999998,0.0,0.0023124718629219166,0.0,0.0,0.0,0.0,0.9999951923076923,4.807692307692846e-06,0.9999857694039205,1.000004615211464
dense_candidate_grid,family_three,2.4,0.15475,144168.84908121504,323.20054324656013,143535.387656668,144802.31050576209,135528.8397342885,304.0576040686602,134932.89778108837,136124.7816874886,1.328125,1.328125,0.0,3.9312021669672594,8008.75,17.82785296298579,7973.808050270872,8043.691949729128,563.7205611052251,1.2548683971401022,561.261064241493,566.1800579689572,32.14816082134004,0.07243228329353632,32.006196154766705,32.29012548791338,0.0,0.0,0.0,0.0,0.0,0.0,0.0,0.0,34.0625,1.2890050876397654,31.536096452337162,36.58890354766284,0.0,0.0,0.0,0.0,66.73958333333331,0.14856544135821484,66.44840041892391,67.03076624774272,66.73958333333331,0.14856544135821484,66.44840041892391,67.03076624774272,1.6106301745863574,0.003585338277543147,1.60360304068998,1.6176573084827348,401.8520102667505,0.9054035411692046,400.0774519345838,403.6265685989172,2.50852065334554,0.0079169415058768,2.4930037331263115,2.524037573564769,0.0,0.0,0.0,0.0,3.40625,0.12890050876397652,3.1536096452337166,3.6588903547662834,160.17499999999998,0.35655705925971565,159.47616100541742,160.87383899458254,1.0968749999999998,0.07911868063232602,0.9418052354563141,1.2519447645436856,160.17578125,0.3593527722378867,159.4714627586691,160.8800997413309,160.17343749999998,0.35909036994495175,159.4696333077127,160.87724169228724,0.0007812499999999999,0.0007812499999999999,0.0,0.002312471862921917,0.0031249999999999997,0.0015248438639820828,0.00013636094454822466,0.006113639055451775,0.9999950926507537,4.907349246231069e-06,0.9999854744229715,1.000004710878536
dense_candidate_grid,family_three,2.5,0.15475,143705.66470765488,322.2465363807106,143074.0731022059,144337.25631310386,135387.25103654506,303.36457043740853,134792.66740430228,135981.83466878784,1.328125,0.9836206026979141,0.0,3.255985955739493,7684.375,17.391778469533623,7650.287740572615,7718.462259427385,550.8640023924952,1.2467513228402978,548.4204147020505,553.3075900829399,34.659043717332935,0.06845495757180727,34.524874465928974,34.793212968736896,0.0,0.0,0.0,0.0,0.0,0.0,0.0,0.0,47.1875,1.3201621899115115,44.60002965402191,49.77497034597809,0.0,0.0,0.0,0.0,64.03645833333333,0.1449314872461135,63.75239783810512,64.32051882856153,64.03645833333333,0.1449314872461135,63.75239783810512,64.32051882856153,1.5738971496928436,0.003562146636686565,1.5669154705772874,1.5808788288083997,433.2380464666617,0.855686969647591,431.5609308241122,434.91516210921117,2.704664811757638,0.007716404152526166,2.6895409375285317,2.7197886859867446,0.0,0.0,0.0,0.0,4.71875,0.13201621899115112,4.460002965402191,4.977497034597809,160.09114583333331,0.362328718115284,159.3809945952628,160.80129707140384,1.0546875,0.08184473078847106,0.8942747753302203,1.2151002246697797,160.17265625,0.3589016594035422,159.46922192357738,160.8760905764226,160.17343749999998,0.35909036994495175,159.4696333077127,160.87724169228724,0.00078125,0.0005786003545281849,0.0,0.0019152858563173491,0.0,0.0,0.0,0.0,0.9999952837230162,3.491613765118535e-06,0.9999884402857886,1.0000021271602437
dense_candidate_grid,family_three,2.75,0.15475,142661.86362022453,319.5075504349436,142035.64032858342,143288.08691186563,135062.4075535926,302.68391093388146,134469.15798946246,135655.65711772276,2.2135416666666665,1.5844706161206863,0.0,5.319047008825201,6989.375,15.513490992609555,6958.969116379999,7019.780883620001,523.2127726909581,1.1613136562796318,520.9366397498954,525.4889056320208,38.04016894095318,0.06469890552810285,37.91336141627894,38.16697646562742,0.0,0.0,0.0,0.0,0.0,0.0,0.0,0.0,46.61458333333333,1.5474779424124554,43.58158229933477,49.64758436733189,0.0,0.0,0.0,0.0,58.244791666666664,0.1292790916050796,57.991409303166655,58.49817403016667,58.244791666666664,0.1292790916050796,57.991409303166655,58.49817403016667,1.4948936362598801,0.0033180390179418026,1.4883903992854155,1.5013968732343448,475.5021117619147,0.8087363191012857,473.9170177034867,477.0872058203427,2.9696872212223315,0.008473647128950617,2.9530791780318872,2.986295264412776,0.0,0.0,0.0,0.0,4.661458333333334,0.15474779424124552,4.358158229933478,4.96475843673319,160.17317708333331,0.355517501913969,159.4763755837083,160.86997858295834,1.36875,0.1102986790995754,1.1525685614224914,1.5849314385775084,160.17213541666666,0.3589564946212775,159.46859361519222,160.8756772181411,160.17343749999998,0.35909036994495175,159.4696333077127,160.87724169228724,0.0013020833333333333,0.0009320415388945213,0.0,0.003128851181661883,0.0,0.0,0.0,0.0,0.9999919881653772,5.735102491806278e-06,0.9999807475710456,1.0000032287597087
dense_candidate_grid,family_three,3.0,0.15475,141742.7355782393,318.0088889903871,141119.44960905457,142366.02154742405,134768.66080906146,302.3318591927235,134176.10125366467,135361.22036445825,1.328125,1.328125,0.0,3.9312021669672594,6406.875,14.572061970749544,6378.314283356845,6435.435716643155,499.3232224001613,1.1356814266314723,497.0973277060525,501.54911709427006,40.871338444339024,0.06459262274239982,40.74473923009694,40.99793765858111,0.0,0.0,0.0,0.0,0.0,0.0,0.0,0.0,25.677083333333332,1.2851746039649112,23.158187395716578,28.195979270950087,0.0,0.0,0.0,0.0,53.390625,0.12143384975624623,53.15261902797371,53.62863097202629,53.390625,0.12143384975624623,53.15261902797371,53.62863097202629,1.4266377782861752,0.00324480407608992,1.4202780791601501,1.4329974774122003,510.8917305542378,0.8074077842799972,509.30924037621173,512.4742207322639,3.1896364909756443,0.008779751392034029,3.172428494454042,3.2068444874972464,0.0,0.0,0.0,0.0,2.5677083333333335,0.12851746039649112,2.3158187395716583,2.8195979270950087,160.171875,0.3643015492687386,159.45785708392114,160.88589291607886,1.21875,0.10239868686379025,1.0180522616827763,1.4194477383172237,160.17499999999998,0.3593269032687343,159.47073221091696,160.879267789083,160.17343749999998,0.35909036994495175,159.4696333077127,160.87724169228724,0.0007812499999999999,0.0007812499999999998,0.0,0.0023124718629219166,0.00234375,0.0013315126613224167,0.0,0.004953466861151015,0.9999950849323687,4.915067631330524e-06,0.9999854515768297,1.0000047182879077
dense_candidate_grid,family_three,3.25,0.15475,140973.42422892162,315.69539182821626,140354.67263085305,141592.1758269902,134494.0312697801,301.5311662193885,133903.04104377373,135085.02149578647,3.098958333333333,1.6834747649917352,0.0,6.398508241599165,5913.75,13.280214128604527,5887.7212586009555,5939.7787413990445,478.5900089823844,1.0747457702974996,476.48354598006455,480.69647198470426,45.46440849248167,0.06888880935159616,45.32938890721469,45.59942807774864,0.0,0.0,0.0,0.0,0.0,0.0,0.0,0.0,38.48958333333333,1.2985069933220803,35.94455639274866,41.034610273918,0.0,0.0,0.0,0.0,49.28125,0.11066845107170444,49.064343821674626,49.498156178325374,49.28125,0.11066845107170444,49.064343821674626,49.498156178325374,1.3674000256639554,0.0030707022008499944,1.3613815599430414,1.3734184913848693,568.3051061560209,0.861110116894952,566.6173613401837,569.992850971858,3.5491136432167334,0.00953363651717618,3.5304280590013724,3.5677992274320944,0.0,0.0,0.0,0.0,3.848958333333333,0.12985069933220802,3.594455639274866,4.1034610273918,160.1640625,0.3596724659830394,159.45911742044254,160.86900757955746,1.52265625,0.1251285533777631,1.2774087919419865,1.7679037080580136,160.17239583333333,0.35910120959122804,159.46857039572976,160.8762212709369,160.17343749999998,0.35909036994495175,159.4696333077127,160.87724169228724,0.0018229166666666667,0.00099027927352455,0.0,0.0037638283774112736,0.0007812499999999999,0.0007812499999999998,0.0,0.0023124718629219166,0.9999886211129304,6.158109505379984e-06,0.999976551440087,1.000000690785774
dense_candidate_grid,family_three,3.5,0.15475,140280.0650088546,314.7909447216348,139663.08609454086,140897.04392316836,134243.97524980817,301.01658672445865,133653.99358107906,134833.95691853727,0.4427083333333333,0.44270833333333337,0.0,1.3104007223224199,5491.875,12.461995798655778,5467.449937059145,5516.300062940855,460.4679600252613,1.0448798968021655,458.4200330593591,462.5158869911634,49.13742402117195,0.0999784356882081,48.94146988799241,49.33337815435149,0.0,0.0,0.0,0.0,0.0,0.0,0.0,0.0,34.166666666666664,1.3217919801544815,31.576001990509997,36.75733134282333,0.0,0.0,0.0,0.0,45.765625,0.10384996498879813,45.56208280882621,45.96916719117379,45.765625,0.10384996498879813,45.56208280882621,45.96916719117379,1.315622742929318,0.002985371133720475,1.3097715230267404,1.3214739628318954,614.2178002646493,1.2497304461026024,611.7683735999051,616.6672269293936,3.8341428749732094,0.011738858665444689,3.811135134769332,3.857150615177087,0.0,0.0,0.0,0.0,3.416666666666667,0.13217919801544814,3.1576001990510005,3.6757331342823334,160.1796875,0.36347487746079366,159.46728983089173,160.89208516910827,1.5062499999999999,0.12799729892363368,1.2553799039912703,1.7571200960087294,160.17499999999998,0.35916197869489913,159.47105545714183,160.87894454285814,160.17343749999998,0.35909036994495175,159.4696333077127,160.87724169228724,0.00026041666666666666,0.00026041666666666666,0.0,0.0007708239543073058,0.0018229166666666667,0.0011208149855405079,0.0,0.004019673671658844,0.9999984250579579,1.5749420421325155e-06,0.9999953382282776,1.0000015118876382
dense_candidate_grid,family_three,3.75,0.15475,139651.75242834887,313.540965603599,139037.22342808792,140266.28142860983,134007.83566628356,300.4301089868793,133419.00347279783,134596.66785976928,0.0,0.0,0.0,0.0,5126.875,12.036804917379346,5103.283295873001,5150.466704126999,444.46711821677,1.0435136402126137,442.421869064577,446.51236736896306,51.689227181864936,0.10234314611045982,51.48863830142391,51.88981606230596,0.0,0.0,0.0,0.0,0.0,0.0,0.0,0.0,20.885416666666664,0.9994547331211158,18.926521385571185,22.844311947762144,0.0,0.0,0.0,0.0,42.72395833333333,0.10030670764482791,42.52736079894168,42.92055586772498,42.72395833333333,0.10030670764482791,42.52736079894168,42.92055586772498,1.2699060520479142,0.0029814675434646134,1.2640624830416485,1.2757496210541799,646.1153397733117,1.2792893263807472,643.607978767799,648.6227007788244,4.033548729570162,0.012243524977090517,4.009551861571248,4.057545597569076,0.0,0.0,0.0,0.0,2.0885416666666665,0.0999454733121116,1.8926521385571187,2.2844311947762144,160.21484375,0.37615015366810456,159.4776029960313,160.9520845039687,1.87265625,0.12917112937519165,1.6194854885822605,2.1258270114177393,160.17343749999998,0.35909036994495175,159.4696333077127,160.87724169228724,160.17343749999998,0.35909036994495175,159.4696333077127,160.87724169228724,0.0,0.0,0.0,0.0,0.0,0.0,0.0,0.0,1.0,0.0,1.0,1.0
dense_candidate_grid,family_three,4.0,0.15475,139113.5431310032,311.8095045179635,138502.40773211073,139724.6785298957,133790.55953697473,300.1460645549193,133202.28406034564,134378.83501360382,0.0,0.0,0.0,0.0,4805.0,10.745984853711198,4783.938256708313,4826.061743291687,429.94750051577205,0.9615420038363104,428.0629128186304,431.8320882129137,56.42151017936711,0.10089985378148422,56.22375009991004,56.61927025882418,0.0,0.0,0.0,0.0,0.0,0.0,0.0,0.0,31.614583333333332,1.1691022090469305,29.32318510935513,33.905981557311534,0.0,0.0,0.0,0.0,40.041666666666664,0.08954987378092659,39.86615213923594,40.217181194097385,40.041666666666664,0.08954987378092659,39.86615213923594,40.217181194097385,1.2284214300450629,0.002747262868103741,1.2230368937675153,1.2338059663226104,705.2688772420888,1.2612481722685533,702.7968762488755,707.7408782353021,4.402724795929952,0.013014654182296066,4.377216542461408,4.4282330493984965,0.0,0.0,0.0,0.0,3.161458333333333,0.11691022090469304,2.932318510935513,3.390598155731153,160.16666666666666,0.35819949512370636,159.46460855694377,160.86872477638954,1.85703125,0.14936566927879438,1.564279917686842,2.1497825823131578,160.17630208333333,0.35933990314156583,159.47200881496775,160.8805953516989,160.17343749999998,0.35909036994495175,159.4696333077127,160.87724169228724,0.0,0.0,0.0,0.0,0.002864583333333333,0.001416135886210884,8.900799914528853e-05,0.005640158667521378,1.0,0.0,1.0,1.0
dense_candidate_grid,family_three,4.25,0.15475,138612.08739605584,311.1905858085896,138002.16505554307,139222.0097365686,133581.3853198027,299.47835536043044,132994.41852914696,134168.35211045845,1.7708333333333333,1.2421906630216069,0.0,4.205482294787614,4523.125,10.701753583497648,4502.149948404922,4544.100051595078,417.0652621899885,0.9867800832818231,415.1312087660947,418.99931561388235,59.99098072979727,0.0953085460256813,59.80417941216806,60.17778204742648,0.0,0.0,0.0,0.0,0.0,0.0,0.0,0.0,28.749999999999996,1.2522026448801318,26.295727914689138,31.204272085310855,0.0,0.0,0.0,0.0,37.69270833333333,0.08918127986248048,37.51791623670768,37.86750042995898,37.69270833333333,0.08918127986248048,37.51791623670768,37.86750042995898,1.1916150348285388,0.0028193716665194943,1.186089167903128,1.1971409017539496,749.8872591224659,1.1913568253210154,747.5522426521007,752.2222755928311,4.680039561599804,0.013608064664335631,4.653368244958414,4.706710878241194,0.0,0.0,0.0,0.0,2.8749999999999996,0.12522026448801316,2.629572791468914,3.120427208531085,160.19401041666666,0.3790204394155421,159.45114400600764,160.93687682732568,2.2624999999999997,0.1442258342664076,1.979822559197598,2.5451774408024015,160.17291666666665,0.3590943569104128,159.46910466007068,160.87672867326262,160.17343749999998,0.35909036994495175,159.4696333077127,160.87724169228724,0.0010416666666666667,0.0007307003900127099,0.0,0.002473813114580949,0.0005208333333333333,0.0005208333333333333,0.0,0.0015416479086146117,0.9999934874845535,4.568372713883821e-06,0.9999845336385663,1.0000024413305406
dense_candidate_grid,family_three,4.5,0.15475,138145.41646589543,309.4520234329652,137538.90164502375,138751.9312867671,133386.6198187489,298.9726647233622,132800.64416352916,133972.59547396866,1.328125,1.328125,0.0,3.9312021669672594,4271.25,9.531432960773227,4252.568734675827,4289.931265324173,405.2666930777872,0.9043657749617064,403.4941687300116,407.03921742556275,62.8268290687357,0.0987498258598224,62.633282966570846,63.02037517090055,0.0,0.0,0.0,0.0,0.0,0.0,0.0,0.0,18.124999999999996,1.009421556291958,16.14657010444939,20.103429895550605,0.0,0.0,0.0,0.0,35.59375,0.07942860800644361,35.43807278896522,35.74942721103478,35.59375,0.07942860800644361,35.43807278896522,35.74942721103478,1.157904837365106,0.0025839022141763038,1.1528404820857472,1.1629691926444647,785.3353633591962,1.2343728232477786,782.9160370821355,787.7546896362569,4.904390949291435,0.01383046020913024,4.877283745391925,4.931498153190945,0.0,0.0,0.0,0.0,1.8125,0.10094215562919578,1.6146570104449391,2.0103429895550606,160.171875,0.35742873602899605,159.4713275503435,160.8724224496565,2.0625,0.17365554986812257,1.7221413765429805,2.4028586234570195,160.17265625,0.35901086570716556,159.4690078831554,160.87630461684458,160.17343749999998,0.35909036994495175,159.4696333077127,160.87724169228724,0.0007812499999999999,0.0007812499999999998,0.0,0.0023124718629219166,0.0,0.0,0.0,0.0,0.9999951923076923,4.807692307692846e-06,0.9999857694039205,1.000004615211464
dense_candidate_grid,family_three,4.75,0.15475,137740.3908399322,309.1267341468054,137134.51357434597,138346.26810551842,133203.6757337369,298.67307363807646,132618.2872662544,133789.0642012194,0.0,0.0,0.0,0.0,4050.0,9.7182531580755,4030.9525738175294,4069.0474261824706,394.90932124533924,0.9476120390977704,393.05203577739104,396.76660671328744,67.37870161658324,0.09914609636071815,67.1843788385085,67.57302439465799,0.0,0.0,0.0,0.0,0.0,0.0,0.0,0.0,24.427083333333332,1.2816854660674635,21.915025980332672,26.939140686333992,0.0,0.0,0.0,0.0,33.75,0.08098544298396251,33.59127144847941,33.90872855152059,33.75,0.08098544298396251,33.59127144847941,33.90872855152059,1.128312346415255,0.0027074629688507725,1.1230058165068315,1.1336188763236783,842.2337702072904,1.2393262045089766,839.804735481356,844.6628049332247,5.256315212898122,0.014288210684949662,5.228310834552101,5.284319591244143,0.0,0.0,0.0,0.0,2.442708333333333,0.12816854660674637,2.1915025980332667,2.6939140686333993,160.3125,0.3846808541738219,159.5585393802772,161.0664606197228,2.68125,0.15996380108865305,2.367726711036111,2.9947732889638887,160.17395833333333,0.3591466090456947,159.4700439144341,160.87787275223258,160.17343749999998,0.35909036994495175,159.4696333077127,160.87724169228724,0.0,0.0,0.0,0.0,0.0005208333333333333,0.0005208333333333334,0.0,0.0015416479086146117,1.0,0.0,1.0,1.0
dense_candidate_grid,family_three,5.0,0.15475,137350.1263621712,307.90809835721757,136746.63757884284,137953.61514549956,133028.65635418444,298.2349019231359,132444.12668748226,133613.1860208866,0.0,0.0,0.0,0.0,3841.875,8.927827349947814,3824.3767799339107,3859.3732200660893,384.5286545099096,0.8935755167912042,382.77727867953206,386.2800303402871,71.16010347686179,0.11942045353612755,70.92604368891354,71.39416326481005,0.0,0.0,0.0,0.0,0.0,0.0,0.0,0.0,23.906249999999996,1.0950090385117368,21.76007172177116,26.052428278228835,0.0,0.0,0.0,0.0,32.015625,0.07439856124956504,31.869806499449254,32.161443500550746,32.015625,0.07439856124956504,31.869806499449254,32.161443500550746,1.0986532985997415,0.0025530729051177242,1.0936493676558057,1.1036572295436773,889.5012934607726,1.4927556692015935,886.5755461114195,892.4270408101256,5.552661968544826,0.01358190572474785,5.526041922482902,5.5792820146067506,0.0,0.0,0.0,0.0,2.390625,0.1095009038511737,2.1760071721771164,2.6052428278228836,160.078125,0.3719928062478256,159.34903249724627,160.80721750275373,2.34140625,0.1736646711776836,2.001029749104749,2.681782750895251,160.17343749999998,0.35909036994495175,159.4696333077127,160.87724169228724,160.17343749999998,0.35909036994495175,159.4696333077127,160.87724169228724,0.0,0.0,0.0,0.0,0.0,0.0,0.0,0.0,1.0,0.0,1.0,1.0
dense_candidate_grid,family_three,5.25,0.15475,136990.02334397455,307.4634676428367,136387.4060208328,137592.6406671163,132863.88605886966,298.01156489867225,132279.79412469183,133447.97799304748,0.0,0.0,0.0,0.0,3662.5,8.768404680152521,3645.314242625029,3679.685757374971,375.86938757108817,0.8998702790728705,374.1056742333473,377.633100908829,73.75748086717527,0.12796527977198371,73.50667352755059,74.00828820679996,0.0,0.0,0.0,0.0,0.0,0.0,0.0,0.0,14.010416666666664,1.0711558340771081,11.910989810045571,16.109843523287758,0.0,0.0,0.0,0.0,30.520833333333332,0.07307003900127101,30.377618688541904,30.66404797812476,30.520833333333332,0.07307003900127101,30.377618688541904,30.66404797812476,1.0739125359173947,0.002571057940208205,1.0688733549524208,1.0789517168823686,921.9685108396909,1.5995659971497973,918.8334190943824,925.1036025849994,5.7561497647211874,0.019305629058285863,5.718311427068057,5.793988102374318,0.0,0.0,0.0,0.0,1.4010416666666665,0.1071155834077108,1.1910989810045571,1.610984352328776,160.234375,0.38361770475667284,159.48249811484501,160.98625188515499,2.5171875,0.1826292579805758,2.1592407318347973,2.8751342681652026,160.17499999999998,0.3592699553172387,159.47084382685088,160.87915617314908,160.17343749999998,0.35909036994495175,159.4696333077127,160.87724169228724,0.0,0.0,0.0,0.0,0.0015624999999999999,0.001096050585019065,0.0,0.0037107196718714234,1.0,0.0,1.0,1.0
dense_candidate_grid,family_three,5.5,0.15475,136670.05782096877,306.13858756697005,136070.03721505954,137270.078426878,132703.60320437013,297.44175182123877,132120.628083302,133286.57832543825,1.328125,1.328125,0.0,3.9312021669672594,3496.25,8.199823362402581,3480.178641530101,3512.321358469899,367.5402366829371,0.8619992904900167,365.8507491188776,369.2297242469966,78.10708824904802,0.13932987822151954,77.83400670576349,78.38016979233255,0.0,0.0,0.0,0.0,0.0,0.0,0.0,0.0,23.229166666666664,1.0576648463708516,21.156181660065705,25.302151673267623,0.0,0.0,0.0,0.0,29.135416666666668,0.06833186135335485,29.00148867941751,29.269344653915827,29.135416666666668,0.06833186135335485,29.00148867941751,29.269344653915827,1.0501149619512486,0.0024628551156857612,1.0452878546253643,1.054942069277133,976.3386031131004,1.7416234777689923,972.9250838220437,979.752122404157,6.096011096733452,0.01756683749310924,6.0615807279246905,6.130441465542214,0.0,0.0,0.0,0.0,2.3229166666666665,0.10576648463708516,2.1156181660065707,2.5302151673267623,160.24479166666666,0.3758252374434518,159.5081877367963,160.98139559653703,2.7421875,0.21431073400976805,2.3221461798405114,3.1622288201594886,160.17265625,0.35901086570716556,159.4690078831554,160.87630461684458,160.17343749999998,0.35909036994495175,159.4696333077127,160.87724169228724,0.0007812499999999999,0.0007812499999999998,0.0,0.0023124718629219166,0.0,0.0,0.0,0.0,0.9999951923076923,4.807692307692846e-06,0.9999857694039205,1.000004615211464
dense_candidate_grid,family_three,5.75,0.15475,136358.2767492732,305.819718427551,135758.88111539301,136957.6723831534,132552.95065091894,297.1684246118114,131970.51124133728,133135.3900605006,0.0,0.0,0.0,0.0,3341.875,8.014356537756834,3326.1671498267333,3357.5828501732667,359.5330524247968,0.8622183861575726,357.84313544111967,361.2229694084739,81.83471259616509,0.13356891157443218,81.57292234002499,82.09650285230519,0.0,0.0,0.0,0.0,0.0,0.0,0.0,0.0,22.083333333333332,1.0512128713452067,20.02299396541179,24.143672701254875,0.0,0.0,0.0,0.0,27.848958333333332,0.06678630448130696,27.718059581889445,27.97985708477722,27.848958333333332,0.06678630448130696,27.718059581889445,27.97985708477722,1.0272372926422766,0.002463481103307348,1.0224089584031992,1.032065626881354,1022.9339074520637,1.6696113946803988,1019.6615292503125,1026.206285653815,6.38858888429836,0.015588859951665974,6.358035280233056,6.419142488363664,0.0,0.0,0.0,0.0,2.208333333333333,0.10512128713452067,2.002299396541179,2.4143672701254872,160.13151041666666,0.384021250767515,159.3788425958643,160.884178237469,2.5328125,0.21991954570892835,2.1017781109140903,2.9638468890859095,160.17343749999998,0.35909036994495175,159.4696333077127,160.87724169228724,160.17343749999998,0.35909036994495175,159.4696333077127,160.87724169228724,0.0,0.0,0.0,0.0,0.0,0.0,0.0,0.0,1.0,0.0,1.0,1.0
dense_candidate_grid,family_three,6.0,0.15475,136064.50475945938,304.6031276247623,135467.4935997366,136661.51591918216,132409.38275407994,297.0391975573473,131827.19662487085,132991.56888328903,1.328125,1.328125,0.0,3.9312021669672594,3204.375,7.133488399516168,3190.393619652814,3218.356380347186,352.50984461463884,0.7847473804638263,350.9717680119676,354.0479212173101,84.77361909814674,0.13700199678457137,84.50510011863891,85.04213807765457,0.0,0.0,0.0,0.0,0.0,0.0,0.0,0.0,12.135416666666666,0.77638476267467,10.613730493678636,13.657102839654696,0.0,0.0,0.0,0.0,26.703125,0.059445736662634724,26.586613497106782,26.819636502893218,26.703125,0.059445736662634724,26.586613497106782,26.819636502893218,1.007170984613254,0.002242135372753787,1.0027764800341932,1.0115654891923147,1059.6702387268342,1.712524959807142,1056.3137514829864,1063.026725970682,6.61641860730789,0.018785180440667872,6.579600330201094,6.653236884414685,0.0,0.0,0.0,0.0,1.2135416666666665,0.07763847626746702,1.0613730493678635,1.3657102839654696,160.21875,0.3566744199758084,159.5196809826407,160.9178190173593,2.859375,0.20386540881354612,2.459806141031915,3.258943858968085,160.17499999999998,0.3593269032687343,159.47073221091696,160.879267789083,160.17343749999998,0.35909036994495175,159.4696333077127,160.87724169228724,0.0007812499999999999,0.0007812499999999998,0.0,0.0023124718629219166,0.00234375,0.0013315126613224167,0.0,0.004953466861151015,0.9999950849323687,4.915067631330524e-06,0.9999854515768297,1.0000047182879077
dense_candidate_grid,family_three,6.25,0.15475,135799.70847378584,304.2282172031897,135203.43212498675,136395.98482258493,132268.71577629086,296.5509851228812,131687.48652587013,132849.9450267116,0.8854166666666666,0.8854166666666667,0.0,2.6208014446448398,3075.625,7.188901692169851,3061.535011594948,3089.714988405052,345.7007463377612,0.8080337103294174,344.1170293672213,347.2844633083011,89.1982011572087,0.15655218098670765,88.89136452077356,89.50503779364384,0.0,0.0,0.0,0.0,0.0,0.0,0.0,0.0,19.58333333333333,0.9579450559185166,17.705795524564827,21.46087114210183,0.0,0.0,0.0,0.0,25.630208333333332,0.05990751410141541,25.512791763291233,25.74762490337543,25.630208333333332,0.05990751410141541,25.512791763291233,25.74762490337543,0.9877164181078892,0.002308667743798331,0.9831915124777751,0.9922413237380033,1114.9775144651087,1.9569022623338455,1111.1420565096694,1118.812972420548,6.965549250871946,0.020436273726219232,6.925494890390354,7.005603611353537,0.0,0.0,0.0,0.0,1.958333333333333,0.09579450559185167,1.770579552456483,2.146087114210183,160.18880208333331,0.37442196313384646,159.45494852057018,160.92265564609644,3.221875,0.23683824630053796,2.7576805670893187,3.686069432910681,160.17291666666665,0.3591131580036057,159.46906781060514,160.87676552272816,160.17343749999998,0.35909036994495175,159.4696333077127,160.87724169228724,0.0005208333333333333,0.0005208333333333333,0.0,0.0015416479086146117,0.0,0.0,0.0,0.0,0.9999967284338358,3.271566164154624e-06,0.999990316281981,1.0000031405856906
dense_candidate_grid,family_three,6.5,0.15475,135546.49572338944,303.5015617518638,134951.64359310412,136141.34785367476,132135.22123587632,296.22319736428636,131554.63443765702,132715.80803409562,2.2135416666666665,1.5844706161206863,0.0,5.319047008825201,2958.75,6.841096055318566,2945.3416981167966,2972.1583018832034,339.54531500167275,0.7850822526607008,338.0065820615562,341.0840479417893,92.9010475114818,0.13781696528413007,92.6309312230663,93.17116379989731,0.0,0.0,0.0,0.0,0.0,0.0,0.0,0.0,17.864583333333332,0.8279162139886871,16.241897371698748,19.487269294967916,0.0,0.0,0.0,0.0,24.65625,0.05700913379432137,24.544514150973306,24.767985849026694,24.65625,0.05700913379432137,24.544514150973306,24.767985849026694,0.9701294714333509,0.0022430921504591416,0.9657330916044465,0.9745258512622553,1161.2630938935226,1.7227120660516284,1157.8866402883289,1164.6395474987164,7.254104324825507,0.02139264641423555,7.212175508319605,7.296033141331408,0.0,0.0,0.0,0.0,1.7864583333333333,0.08279162139886871,1.624189737169875,1.9487269294967915,160.265625,0.37055936966308883,159.5393419813265,160.9919080186735,3.603125,0.23390627733641725,3.1446771206627844,4.0615728793372154,160.17291666666665,0.3590786246270043,159.46913549477955,160.87669783855375,160.17343749999998,0.35909036994495175,159.4696333077127,160.87724169228724,0.0013020833333333333,0.0009320415388945213,0.0,0.003128851181661883,0.0007812499999999999,0.0007812499999999998,0.0,0.0023124718629219166,0.9999918927617099,5.787686524573751e-06,0.9999805491045679,1.0000032364188518
dense_candidate_grid,family_three,6.75,0.15475,135295.55911167187,303.0640591727688,134701.56447068474,135889.553752659,132007.1946903104,295.94490270422517,131427.1533396019,132587.23604101888,0.0,0.0,0.0,0.0,2846.25,6.375719691713367,2833.753819028719,2858.746180971281,333.2651581709649,0.7465279689108799,331.8019902384478,334.72832610348206,95.46384652384057,0.141564663659467,95.18638488158449,95.74130816609666,0.0,0.0,0.0,0.0,0.0,0.0,0.0,0.0,13.385416666666664,0.7803676675380654,11.85592414359253,14.914909189740799,0.0,0.0,0.0,0.0,23.71875,0.053130997430944724,23.614615158572658,23.822884841427342,23.71875,0.053130997430944724,23.614615158572658,23.822884841427342,0.9521861662027572,0.002132937054031088,0.9480056863955653,0.9563666460099491,1193.2980815480073,1.7695582957433387,1189.8298110198064,1196.7663520762082,7.450472138892395,0.02083400128359867,7.409638246722681,7.491306031062109,0.0,0.0,0.0,0.0,1.3385416666666665,0.07803676675380654,1.185592414359253,1.49149091897408,160.1015625,0.3586342326588769,159.39865232036544,160.80447267963456,3.0796875,0.2148496346596681,2.658589953975462,3.500785046024538,160.17343749999998,0.35909036994495175,159.4696333077127,160.87724169228724,160.17343749999998,0.35909036994495175,159.4696333077127,160.87724169228724,0.0,0.0,0.0,0.0,0.0,0.0,0.0,0.0,1.0,0.0,1.0,1.0
dense_candidate_grid,family_three,7.0,0.15475,135080.64755666067,303.0290842887028,134486.72146518665,135674.57364813468,131884.69719482667,295.8152599857214,131304.9099391773,132464.48445047604,0.0,0.0,0.0,0.0,2750.0,6.546536707079771,2737.169023830654,2762.830976169346,328.32279760894994,0.7815917259338602,326.7909059755051,329.8546892423948,100.0233975584048,0.1793015925467978,99.6719728946424,100.3748222221672,0.0,0.0,0.0,0.0,0.0,0.0,0.0,0.0,17.604166666666664,0.9045883857905932,15.831206009683878,19.37712732364945,0.0,0.0,0.0,0.0,22.916666666666668,0.05455447255899809,22.809741865255454,23.023591468077882,22.916666666666668,0.05455447255899809,22.809741865255454,23.023591468077882,0.9380651360255713,0.002233119216953887,0.9336883027871574,0.9424419692639852,1250.29246948006,2.241269906834973,1245.89966118303,1254.6852777770898,7.80971886711557,0.02356836963533136,7.763525711455993,7.855912022775146,0.0,0.0,0.0,0.0,1.7604166666666665,0.09045883857905931,1.5831206009683878,1.9377127323649452,160.41666666666666,0.3818813079129869,159.66819305678814,161.16514027654517,3.63828125,0.26762694980194474,3.1137420670958793,4.1628204329041205,160.17499999999998,0.3592699553172387,159.47084382685088,160.87915617314908,160.17343749999998,0.35909036994495175,159.4696333077127,160.87724169228724,0.0,0.0,0.0,0.0,0.0015624999999999999,0.001096050585019065,0.0,0.0037107196718714234,1.0,0.0,1.0,1.0
dense_candidate_grid,family_three,7.25,0.15475,134859.05480745307,302.1090880369621,134266.93187549838,135451.17773940775,131763.97084740968,295.3996229057152,131184.99822546777,132342.9434693516,0.0,0.0,0.0,0.0,2652.5,6.228136361680156,2640.2930770403027,2664.7069229596973,322.7131565336898,0.7577385653534582,321.2280162359,324.19829683147964,103.77705350968336,0.14918577303190472,103.48465476753506,104.06945225183165,0.0,0.0,0.0,0.0,0.0,0.0,0.0,0.0,16.09375,0.8351656030667542,14.456855496862488,17.730644503137512,0.0,0.0,0.0,0.0,22.104166666666664,0.05190113634733466,22.002442308669185,22.205891024664144,22.104166666666664,0.05190113634733466,22.002442308669185,22.205891024664144,0.9220375900962567,0.0021649673295813135,0.9177943321025716,0.9262808480899419,1297.213168871042,1.8648221628988113,1293.558184594188,1300.8681531478958,8.100903673527668,0.020846592769387613,8.060045102499295,8.141762244556041,0.0,0.0,0.0,0.0,1.609375,0.08351656030667542,1.4456855496862486,1.7730644503137514,160.25520833333331,0.37628323851817636,159.5177067378516,160.99270992881503,3.4390625,0.28702183482821436,2.8765100409600954,4.001614959039904,160.17343749999998,0.35909036994495175,159.4696333077127,160.87724169228724,160.17343749999998,0.35909036994495175,159.4696333077127,160.87724169228724,0.0,0.0,0.0,0.0,0.0,0.0,0.0,0.0,1.0,0.0,1.0,1.0
dense_candidate_grid,family_three,7.5,0.15475,134643.88150896545,301.7990444361475,134052.366251302,135235.3967666289,131648.58062595455,295.1409313401405,131070.11503016426,132227.04622174482,0.0,0.0,0.0,0.0,2561.875,6.199698373359378,2549.723814473204,2574.026185526796,317.44563657944525,0.7682135922836287,315.9399656061352,318.9513075527553,106.3969130981279,0.1905691863068844,106.0234043564033,106.77042183985249,0.0,0.0,0.0,0.0,0.0,0.0,0.0,0.0,9.583333333333332,0.7589123610676697,8.095892438218442,11.070774228448222,0.0,0.0,0.0,0.0,21.348958333333332,0.051664153111328125,21.247698453943364,21.4502182127233,21.348958333333332,0.051664153111328125,21.247698453943364,21.4502182127233,0.9069875330841295,0.00219489597795322,0.9026856160175294,0.9112894501507296,1329.9614137265985,2.3821148288360536,1325.292554455041,1334.630272998156,8.3039528833281,0.02363544218211776,8.25762826789247,8.35027749876373,0.0,0.0,0.0,0.0,0.9583333333333333,0.07589123610676697,0.8095892438218443,1.1070774228448224,160.1171875,0.3874811483349611,159.35773840457526,160.87663659542474,3.74765625,0.29234069584951183,3.1746790149195787,4.320633485080421,160.17343749999998,0.35909036994495175,159.4696333077127,160.87724169228724,160.17343749999998,0.35909036994495175,159.4696333077127,160.87724169228724,0.0,0.0,0.0,0.0,0.0,0.0,0.0,0.0,1.0,0.0,1.0,1.0
dense_candidate_grid,family_three,7.75,0.15475,134459.73048350128,301.5426780677525,133868.71769468673,135050.74327231583,131536.97437992733,294.890723010972,130958.99918345084,132114.9495764038,0.0,0.0,0.0,0.0,2483.125,6.062157370452121,2471.2433898852996,2495.0066101147004,313.20718134028886,0.7646458486143735,311.70850301607663,314.7058596645011,111.47600556697276,0.17645954445401413,111.13015121511455,111.82185991883097,0.0,0.0,0.0,0.0,0.0,0.0,0.0,0.0,14.947916666666666,0.9564831101096579,13.073244219030878,16.822589114302453,0.0,0.0,0.0,0.0,20.69270833333333,0.050517978087101026,20.593694915710827,20.79172175095583,20.69270833333333,0.050517978087101026,20.593694915710827,20.79172175095583,0.8948776609722541,0.0021847024246124955,0.8905957229030762,0.899159599041432,1393.4500695871593,2.205744305675175,1389.1268901889316,1397.773248985387,8.703889375884934,0.025633681762205034,8.653648282839852,8.754130468930017,0.0,0.0,0.0,0.0,1.4947916666666665,0.09564831101096578,1.3073244219030877,1.6822589114302453,160.36848958333331,0.391514330175033,159.60113559675892,161.1358435699077,4.290625,0.27797113186230243,3.745811592808053,4.835438407191948,160.17343749999998,0.35909036994495175,159.4696333077127,160.87724169228724,160.17343749999998,0.35909036994495175,159.4696333077127,160.87724169228724,0.0,0.0,0.0,0.0,0.0,0.0,0.0,0.0,1.0,0.0,1.0,1.0
dense_candidate_grid,family_three,8.0,0.15475,134273.21681612695,300.5750213579709,133684.10059961298,134862.33303264092,131430.62125526863,294.8419103053079,130852.74172993725,132008.50078060004,0.0,0.0,0.0,0.0,2403.125,5.367796945453418,2392.604311310587,2413.645688689413,308.4010416666665,0.688867274666519,307.0508866181919,309.75119671514113,114.71535252501138,0.17951618128005645,114.36350727506031,115.06719777496245,0.0,0.0,0.0,0.0,0.0,0.0,0.0,0.0,16.354166666666664,0.8552628789744563,14.67788222656269,18.030451106770638,0.0,0.0,0.0,0.0,20.026041666666664,0.044731641212111824,19.938369260921558,20.11371407241177,20.026041666666664,0.044731641212111824,19.938369260921558,20.11371407241177,0.8811458333333331,0.001968192213332916,0.8772882474805483,0.8850034191861178,1433.9419065626423,2.2439522660007074,1429.5438409382539,1438.3399721870308,8.948307780111222,0.021470646284561093,8.906226086668683,8.99038947355376,0.0,0.0,0.0,0.0,1.6354166666666665,0.08552628789744562,1.467788222656269,1.803045110677064,160.20833333333331,0.3578531296968946,159.50695408737246,160.90971257929417,3.73203125,0.2756966446394504,3.1916757558481397,4.27238674415186,160.17552083333334,0.359326130361379,159.4712545591209,160.87978710754578,160.17343749999998,0.35909036994495175,159.4696333077127,160.87724169228724,0.0,0.0,0.0,0.0,0.0020833333333333333,0.0012028130608117203,0.0,0.004440803612658691,1.0,0.0,1.0,1.0
dense_candidate_grid,family_three,8.25,0.15475,134089.87838760798,300.5825711682456,133500.74737373777,134679.0094014782,131323.5355417506,294.347925149173,130746.62420953413,131900.44687396707,1.328125,1.328125,0.0,3.9312021669672594,2328.125,5.854023680680516,2316.6513244212215,2339.5986755787785,303.8426520645536,0.7640062627164201,302.34522730566636,305.3400768234408,117.46731640603363,0.19037413498283812,117.09418995787931,117.84044285418796,0.00032530345855159967,0.00032530345855159967,0.0,0.0009628865213590533,4.850260416666666,0.012195882668084404,4.826356925877544,4.874163907455788,10.729166666666664,0.7329362125195991,9.292638087163056,12.165695246170273,1.6273650485659393e-06,1.6273650485659395e-06,0.0,4.816941933454457e-06,19.401041666666664,0.048783530672337615,19.305427703510176,19.496655629823152,19.401041666666664,0.048783530672337615,19.305427703510176,19.496655629823152,0.8681218630415817,0.002182875036332629,0.8638435065876182,0.8724002194955451,1468.3414550754205,2.379676687285479,1463.6773744734915,1473.0055356773496,9.171266019018766,0.02893276294338223,9.114558845676502,9.22797319236103,0.00032530345855159967,0.00032530345855159967,0.0,0.0009628865213590533,1.0729166666666665,0.07329362125195991,0.9292638087163055,1.2165695246170274,160.05859375,0.4024641280467855,159.269778553959,160.847408946041,4.289057617904854,0.3199775612488814,3.661913121996087,4.916202113813621,160.17265625,0.35901086570716556,159.4690078831554,160.87630461684458,160.17343749999998,0.35909036994495175,159.4696333077127,160.87724169228724,0.0007812499999999999,0.0007812499999999998,0.0,0.0023124718629219166,0.0,0.0,0.0,0.0,0.9999951923076923,4.807692307692846e-06,0.9999857694039205,1.000004615211464
dense_candidate_grid,family_three,8.5,0.15475,133939.6178762928,300.49367613362017,133350.66109348886,134528.57465909672,131222.57981679525,294.18590439137756,130645.9860394288,131799.1735941617,0.0,0.0,0.0,0.0,2262.5,5.833333333333333,2251.0668767568495,2273.9331232431505,300.15225931588964,0.7738732284387582,298.6354956595499,301.66902297222936,122.35085545531228,0.21030794100794972,121.93865946527393,122.76305144535064,0.003694726361917187,0.003694726361917187,0.0,0.010936256964005575,18.854166666666664,0.04861111111111114,18.758890639640413,18.949442693692916,13.177083333333332,0.8113152313692105,11.5869346997409,14.767231966925765,1.851871792866492e-05,1.8518717928664917e-05,0.0,5.4814738108704345e-05,18.854166666666664,0.04861111111111114,18.758890639640413,18.949442693692916,18.854166666666664,0.04861111111111114,18.758890639640413,18.949442693692916,0.8575778837596848,0.0022110663669678847,0.8532442733129999,0.8619114942063697,1529.3856931914033,2.6288492625993722,1524.2332433159238,1534.5381430668829,9.554159584934627,0.027551714910620563,9.500159215997495,9.608159953871759,0.003694726361917187,0.003694726361917187,0.0,0.010936256964005575,1.3177083333333333,0.08113152313692104,1.1586934699740898,1.4767231966925767,160.26041666666663,0.4131944444444447,159.45057043694348,161.07026289638978,4.317911117451732,0.3149378866141046,3.700644202320928,4.935178032582536,160.17343749999998,0.35909036994495175,159.4696333077127,160.87724169228724,160.17343749999998,0.35909036994495175,159.4696333077127,160.87724169228724,0.0,0.0,0.0,0.0,0.0,0.0,0.0,0.0,1.0,0.0,1.0,1.0
dense_candidate_grid,family_three,8.75,0.15475,133796.65794631199,299.64319640820605,133209.36807313943,134383.94781948454,131123.70651738142,293.91465395310513,130547.64438110478,131699.76865365804,0.4427083333333333,0.44270833333333337,0.0,1.3104007223224199,2195.0,5.232681184722836,2184.7441333353627,2205.2558666646373,295.88017614193615,0.7053515401505195,294.49771252680125,297.26263975707104,126.04044965872896,0.18703208534512297,125.6738735074991,126.40702580995882,0.004761463240279427,0.0024373743108114286,0.0,0.009538629106312962,41.15625,0.09811277221355318,40.963952500038054,41.348547499961946,14.427083333333332,0.7351359499909766,12.98624334761038,15.867923319056285,2.3843426843493055e-05,1.2205574874422387e-05,0.0,4.776591400796793e-05,18.291666666666664,0.04360567653935694,18.20620111112802,18.377132222205308,18.291666666666664,0.04360567653935694,18.20620111112802,18.377132222205308,0.8453719318341033,0.002015290114715769,0.8414220357908608,0.8493218278773458,1575.505620734112,2.3379010668140423,1570.9234188437388,1580.0878226244852,9.830703113255138,0.026155884709465275,9.779438521240804,9.881967705269473,0.004761463240279427,0.0024373743108114286,0.0,0.009538629106312962,1.4427083333333333,0.07351359499909767,1.298624334761038,1.5867923319056285,160.05208333333331,0.3815496697193732,159.30425972237018,160.79990694429645,4.0217860409911,0.31150484250799937,3.4112477686655995,4.6323243133166,160.17317708333331,0.35903087046722587,159.46948950787947,160.87686465878716,160.17343749999998,0.35909036994495175,159.4696333077127,160.87724169228724,0.00026041666666666666,0.00026041666666666666,0.0,0.0007708239543073058,0.0,0.0,0.0,0.0,0.9999984250579579,1.5749420421325155e-06,0.9999953382282776,1.0000015118876382
dense_candidate_grid,family_three,9.0,0.15475,133666.16880648694,299.4813764029373,133079.1960946967,134253.14151827717,131028.05417540565,293.7440715666935,130452.32637446278,131603.78197634852,0.0,0.0,0.0,0.0,2135.625,5.241560677253801,2125.3517298498014,2145.8982701501986,292.389458788786,0.7176246249368768,290.9829403694906,293.79597720808135,129.1636281860372,0.18575982931897989,128.79954561079768,129.5277107612767,0.009460773133153631,0.004512340763297138,0.0006167477511192631,0.018304798515188,71.18749999999999,0.1747186892417936,70.84505766166002,71.52994233833995,9.739583333333336,0.7902371091022571,8.190747060245862,11.28841960642081,4.742710924938231e-05,2.262356483672779e-05,3.0857369674890505e-06,9.176848153127557e-05,17.796874999999996,0.0436796723104484,17.711264415415005,17.882485584584987,17.796874999999996,0.0436796723104484,17.711264415415005,17.882485584584987,0.8353984536822456,0.002050356071248219,0.8313798296271161,0.8394170777373752,1614.545352325465,2.3219978664872523,1609.994320134971,1619.096384515959,10.085258731976332,0.02965749542638704,10.027131109068952,10.143386354883711,0.009460773133153631,0.004512340763297138,0.0006167477511192631,0.018304798515188,0.9739583333333334,0.07902371091022571,0.819074706024586,1.1288419606420808,160.171875,0.39311705079403514,159.4013797387351,160.9423702612649,4.028726787332298,0.3181124326308814,3.405237876341346,4.65221569832325,160.17343749999998,0.35909036994495175,159.4696333077127,160.87724169228724,160.17343749999998,0.35909036994495175,159.4696333077127,160.87724169228724,0.0,0.0,0.0,0.0,0.0,0.0,0.0,0.0,1.0,0.0,1.0,1.0
dense_candidate_grid,family_three,9.25,0.15475,133554.76992677228,299.2733747684284,132968.2048906944,134141.33496285015,130935.02706116534,293.4849758789625,130359.80707843897,131510.24704389172,0.4538543290550346,0.44267172171339136,0.0,1.321474960587619,2075.0,5.156287578025647,2064.8938620531385,2085.1061379468615,288.4336081592709,0.7167453642586813,287.0288130592378,289.83840325930396,132.97576220999866,0.1915158985621958,132.60039794634994,133.35112647364738,0.015057575238734897,0.005661278958555609,0.003961672373531478,0.026153478103938317,108.07291666666666,0.26855664468883567,107.54655531526763,108.59927801806569,14.791666666666664,0.8060172459106985,13.211901893763532,16.371431439569797,7.542401433498394e-05,2.836664133962942e-05,1.9826418946945247e-05,0.00013102160972302263,17.291666666666664,0.042969063150213704,17.20744885044282,17.37588448289051,17.291666666666664,0.042969063150213704,17.20744885044282,17.37588448289051,0.8240960233122024,0.002047843897881946,0.8200823230263937,0.8281097235980112,1662.197027624983,2.39394873202745,1657.504974329374,1666.8890809205923,10.374835965801505,0.029857162277546114,10.316317003056946,10.433354928546064,0.015057575238734897,0.005661278958555609,0.003961672373531478,0.026153478103938317,1.4791666666666665,0.08060172459106985,1.3211901893763531,1.63714314395698,159.94791666666666,0.39746383413947683,159.1689018665961,160.72693146673723,4.31455370460359,0.3397332883625158,3.648688695063698,4.9804187141434815,160.17369136019857,0.3590235236207456,159.47001818429925,160.8773645360979,160.17343749999998,0.35909036994495175,159.4696333077127,160.87724169228724,0.00026697313473825565,0.00026039513041964195,0.0,0.000777338212110364,0.0005208333333333333,0.0005208333333333333,0.0,0.0015416479086146117,0.9999983843724595,1.5748217504835443e-06,0.9999952977785465,1.0000014709663725
dense_candidate_grid,family_three,9.5,0.15475,133459.8426647308,299.41294973317304,132873.00406674886,134046.68126271272,130844.51284042817,293.3838856224639,130269.49099096372,131419.5346898926,0.0,0.0,0.0,0.0,2026.875,5.274578708821735,2016.5370156970876,2037.2129843029124,285.94955946469565,0.7441324492874212,284.49108666436473,287.4080322650266,136.71527682058223,0.19865910671800882,136.32591212621404,137.10464151495043,0.024363017361351706,0.011267650143389164,0.0022788288899113704,0.04644720583279204,152.015625,0.3955934031616301,151.24027617728157,152.79097382271843,13.749999999999998,0.8216777476527243,12.139541207702667,15.36045879229733,0.00012219349137014394,5.657036666031639e-05,1.1317610123698403e-05,0.00023306937261658947,16.890624999999996,0.043954822573514477,16.80447513080906,16.976774869190933,16.890624999999996,0.043954822573514477,16.80447513080906,16.976774869190933,0.8169987413277019,0.002126092712249775,0.8128316761838993,0.8211658064715045,1708.9409602572782,2.483238833975116,1704.0739015776758,1713.8080189368807,10.673394044574643,0.027856622159195474,10.61879606841168,10.727992020737606,0.024363017361351706,0.011267650143389164,0.0022788288899113704,0.04644720583279204,1.375,0.08216777476527243,1.2139541207702669,1.5360458792297331,160.46093749999997,0.4175708144483875,159.64251374268608,161.27936125731387,5.130002606194253,0.34931965918458174,4.445348655100666,5.81465655728784,160.17395833333333,0.3591466090456947,159.4700439144341,160.87787275223258,160.17343749999998,0.35909036994495175,159.4696333077127,160.87724169228724,0.0,0.0,0.0,0.0,0.0005208333333333333,0.0005208333333333334,0.0,0.0015416479086146117,1.0,0.0,1.0,1.0
dense_candidate_grid,family_three,9.75,0.15475,133365.08531868565,298.7149545302277,132779.61476616288,133950.55587120843,130755.75030797216,293.0792765052314,130181.32548140685,131330.17513453748,1.328125,1.328125,0.0,3.9312021669672594,1972.5,4.703511015509146,1963.2812878087148,1981.7187121912852,282.3353427439621,0.6732407577509634,281.0158151058457,283.65487038207846,140.31104680419367,0.2288462348393927,139.86251642591085,140.75957718247648,0.042787831966495715,0.012524020976349746,0.018241201911226048,0.06733446202176538,201.359375,0.4801500828332253,200.41829813047295,202.30045186952705,11.458333333333332,0.8997200965881476,9.694914347853665,13.221752318813,0.00021453995844282906,6.281755782459591e-05,9.141980750985881e-05,0.0003376601093757993,16.4375,0.03919592512924282,16.360677398405954,16.514322601594046,16.4375,0.03919592512924282,16.360677398405954,16.514322601594046,0.8066724078398917,0.0019235450221456102,0.802902328873845,0.8104424868059383,1753.8880850524208,2.8605779354924046,1748.2814553238857,1759.494714780956,10.946380465623157,0.030372678333050924,10.886851109976357,11.005909821269958,0.042787831966495715,0.012524020976349746,0.018241201911226048,0.06733446202176538,1.1458333333333333,0.08997200965881476,0.9694914347853665,1.3221752318813,160.265625,0.38216027001011804,159.51660463445808,161.01464536554192,5.225769673214562,0.3496649771689794,4.5404389113083425,5.911100435120781,160.17343749999998,0.3590247495247776,159.4697619213729,160.87711307862705,160.17343749999998,0.35909036994495175,159.4696333077127,160.87724169228724,0.0007812499999999999,0.0007812499999999998,0.0,0.0023124718629219166,0.0007812499999999999,0.0007812499999999998,0.0,0.0023124718629219166,0.9999951923076923,4.807692307692846e-06,0.9999857694039205,1.000004615211464
dense_candidate_grid,family_three,10.0,0.15475,133284.55258891755,298.25829421214024,132699.9770741714,133869.1281036637,130669.67251867271,292.94649426344444,130095.50794051909,131243.83709682632,0.0,0.0,0.0,0.0,1921.25,4.626420845672153,1912.1823817651573,1930.3176182348427,278.91754601435366,0.6716408323250666,277.60115417245004,280.2339378562573,144.6774944972628,0.2298333528685611,144.22702940319434,145.1279595913313,0.06627973321423336,0.016636611509299338,0.03367257383122211,0.09888689259724462,256.16666666666663,0.6168561127562864,254.95765090202093,257.3756824313123,13.802083333333332,0.7956672362613584,12.242604206582548,15.361562460084116,0.00033244055166460076,8.349511415352919e-05,0.00016879313503862303,0.0004960879682905785,16.010416666666664,0.0385535070472679,15.934853181376308,16.08598015195702,16.010416666666664,0.0385535070472679,15.934853181376308,16.08598015195702,0.7969072743267247,0.0019189738066430419,0.7931461547784286,0.8006683938750208,1808.4686812157852,2.872916910857017,1802.8378675399294,1814.099494891641,11.291646054445085,0.03170363606691128,11.229508069574974,11.353784039315196,0.06627973321423336,0.016636611509299338,0.03367257383122211,0.09888689259724462,1.3802083333333333,0.07956672362613584,1.2242604206582548,1.5361562460084117,160.10416666666666,0.3855350704726791,159.3485318137631,160.85980151957023,4.761859789392064,0.36506124216036345,4.046352902606296,5.477366676177832,160.17343749999998,0.35909036994495175,159.4696333077127,160.87724169228724,160.17343749999998,0.35909036994495175,159.4696333077127,160.87724169228724,0.0,0.0,0.0,0.0,0.0,0.0,0.0,0.0,1.0,0.0,1.0,1.0
dense_candidate_grid,family_four,1.5,0.15475,200761.63899259688,453.38825782604573,199873.01433624447,201650.2636489493,182608.28611517485,412.25810462133086,181800.2750777823,183416.2971525674,5.3125,2.592234568769541,0.23181360573198173,10.393186394268017,17061.875,38.533943885218996,16986.349857802685,17137.400142197315,984.9916689052145,2.224586318737052,980.6315598399893,989.3517779704397,18.67370851685233,0.0446806710184047,18.586136010851174,18.761281022853485,0.0,0.0,0.0,0.0,0.0,0.0,0.0,0.0,82.5,1.9330733267966032,78.71124590000363,86.28875409999637,0.0,0.0,0.0,0.0,142.18229166666663,0.3211161990434917,141.55291548168898,142.81166785164427,142.18229166666663,0.3211161990434917,141.55291548168898,142.81166785164427,2.8142619111577556,0.0063559609106772835,2.8018044566856837,2.8267193656298275,233.42135646065412,0.5585083877300585,232.32670013563967,234.51601278566858,1.094866051140294,0.003885374012595532,1.0872508580091387,1.1024812442714491,0.0,0.0,0.0,0.0,8.25,0.1933073326796603,7.871124590000363,8.628875409999637,213.2734375,0.4816742985652374,212.32937322253355,214.21750177746645,0.62578125,0.05402903975897393,0.5198862779531284,0.7316762220468715,213.29921874999997,0.48154622941712266,212.35540548345134,214.2430320165486,213.30234374999998,0.48174439880823733,212.35814207858192,214.24654542141803,0.0031249999999999997,0.0015248438639820828,0.00013636094454822466,0.006113639055451775,0.0,0.0,0.0,0.0,0.9999854812471587,7.0846201868144265e-06,0.9999715956467484,0.999999366847569
dense_candidate_grid,family_four,1.75,0.15475,197537.61642307026,446.04872975454134,196663.37697740152,198411.855868739,181912.69075270384,410.7994192216777,181107.5386861594,182717.8428192483,0.4427083333333333,0.44270833333333337,0.0,1.3104007223224199,14623.75,33.389461672714205,14558.3078576583,14689.1921423417,898.680470144348,2.051898939321413,894.658822123362,902.7021181653339,23.510825222065144,0.05493794406480598,23.403148830313448,23.61850161381684,0.0,0.0,0.0,0.0,0.0,0.0,0.0,0.0,78.54166666666666,1.671413544378401,75.26575631641255,81.81757701692077,0.0,0.0,0.0,0.0,121.86458333333333,0.27824551393928504,121.31923214715249,122.40993451951417,121.86458333333333,0.27824551393928504,121.31923214715249,122.40993451951417,2.5676584861267084,0.00586256839806118,2.556168063209606,2.579148909043811,293.8853152758143,0.6867243008100751,292.5393603789181,295.23127017271054,1.378496441394088,0.004555451263398391,1.3695679209844995,1.3874249618036762,0.0,0.0,0.0,0.0,7.854166666666666,0.1671413544378401,7.526575631641256,8.181757701692076,213.26302083333331,0.4869296493937488,212.30865625751684,214.21738540914978,0.8359375,0.0646406116010265,0.7092442293233461,0.9626307706766539,213.30286458333333,0.4816854312175086,212.35877848626936,214.2469506803973,213.30234374999998,0.48174439880823733,212.35814207858192,214.24654542141803,0.00026041666666666666,0.00026041666666666666,0.0,0.0007708239543073058,0.0007812499999999999,0.0007812499999999998,0.0,0.0023124718629219166,0.9999987681330811,1.2318669189523984e-06,0.9999963537182862,1.000001182547876
dense_candidate_grid,family_four,1.8,0.15475,196984.9607037507,444.27096056329253,196114.20562166962,197855.71578583177,181784.55714223112,410.48672631587567,180980.01794252027,182589.09634194197,3.984375,2.2635715242481083,0.0,8.420893663956726,14223.125,31.84541889134259,14160.709125900377,14285.540874099623,884.3394877696239,1.980026290296895,880.4587075521996,888.2202679870483,23.06928208327632,0.048303959596683446,22.974608062156143,23.163956104396497,0.0,0.0,0.0,0.0,0.0,0.0,0.0,0.0,65.88541666666667,1.7038546070412304,62.545923001973215,69.22491033136014,0.0,0.0,0.0,0.0,118.52604166666666,0.2653784907611882,118.00590938250313,119.04617395083018,118.52604166666666,0.2653784907611882,118.00590938250313,119.04617395083018,2.526684250770354,0.005657217972276845,2.515596307291999,2.5377721942487095,288.366026040954,0.603799494958543,287.1826007769518,289.5494513049562,1.3525389098957477,0.003885839976638852,1.3449228034918495,1.3601550162996459,0.0,0.0,0.0,0.0,6.588541666666666,0.17038546070412303,6.25459230019732,6.922491033136012,213.346875,0.47768128337013877,212.41063688850568,214.28311311149434,0.7875,0.06399986049091937,0.6620625784222101,0.9129374215777899,213.30234374999998,0.4816568699668723,212.35831363195862,214.24637386804133,213.30234374999998,0.48174439880823733,212.35814207858192,214.24654542141803,0.00234375,0.0013315126613224167,0.0,0.004953466861151015,0.00234375,0.0013315126613224165,0.0,0.004953466861151015,0.9999890876105105,6.199778964711473e-06,0.9999769362670275,1.0000012389539934
dense_candidate_grid,family_four,2.0,0.15475,195032.76969173976,440.618689605286,194169.17292919816,195896.36645428135,181304.1145833333,409.31398433702566,180501.87391566415,182106.35525100247,5.755208333333333,2.6155319948633973,0.6288598229888729,10.881556843677792,12791.875,28.746009902549265,12735.533855891772,12848.216144108228,831.5052739140332,1.868565697988352,827.842952443229,835.1675953848373,27.227959492416943,0.04834540203048667,27.13320424561908,27.322714739214806,0.0,0.0,0.0,0.0,0.0,0.0,0.0,0.0,72.29166666666666,1.8543097115025955,68.65728641593871,75.9260469173946,0.0,0.0,0.0,0.0,106.59895833333333,0.23955008252124382,106.1294487990981,107.06846786756856,106.59895833333333,0.23955008252124382,106.1294487990981,107.06846786756856,2.3757293540400948,0.005338759137109566,2.365265578409226,2.3861931296709638,340.34949365521175,0.6043175253810827,339.16505307023846,341.53393424018503,1.596727754304065,0.004743488531816038,1.5874306876206268,1.6060248209875032,0.0,0.0,0.0,0.0,7.229166666666666,0.18543097115025953,6.865728641593871,7.592604691739461,213.19791666666666,0.47910016504248765,212.2588975981962,214.13693573513711,0.7125,0.07334483134968875,0.5687467721024457,0.8562532278975543,213.2989583333333,0.4815458639259124,212.35514578313428,214.24277088353233,213.30234374999998,0.48174439880823733,212.35814207858192,214.24654542141803,0.0033854166666666663,0.0015385482322725862,0.0003699175429346317,0.006400915790398701,0.0,0.0,0.0,0.0,0.9999842606393936,7.149764526098954e-06,0.9999702473584245,0.9999982739203627
dense_candidate_grid,family_four,2.1,0.15475,194166.8659206199,438.67395630396413,193307.08076530843,195026.65107593135,181084.51573463855,409.1002387081642,180282.6940007038,181886.3374685733,3.984375,2.2635715242481083,0.0,8.420893663956726,12188.125,27.770026200180837,12133.696748797913,12242.553251202087,809.0509311005846,1.8433816156253677,805.4379695241956,812.6638926769737,27.491963214070665,0.06247815225833109,27.369508285823727,27.614418142317604,0.0,0.0,0.0,0.0,0.0,0.0,0.0,0.0,53.69791666666666,1.625003709634892,50.51296792103828,56.88286541229503,0.0,0.0,0.0,0.0,101.56770833333333,0.23141688500150698,101.11413957331592,102.02127709335073,101.56770833333333,0.23141688500150698,101.11413957331592,102.02127709335073,2.311574088858813,0.005266804616072464,2.301251341497702,2.321896836219924,343.6495401758833,0.780976903229138,342.1188535727966,345.18022677897005,1.6116867587719956,0.0053275642784849486,1.6012449246608431,1.6221285928831481,0.0,0.0,0.0,0.0,5.369791666666667,0.16250037096348918,5.051296792103829,5.6882865412295045,213.2921875,0.4859754585031645,212.33969310396347,214.24468189603655,0.9515625,0.0708067943105442,0.8127837332905977,1.0903412667094021,213.30078125,0.48188217624242313,212.35630953977306,214.24525296022694,213.30234374999998,0.48174439880823733,212.35814207858192,214.24654542141803,0.00234375,0.0013315126613224167,0.0,0.004953466861151015,0.0007812499999999999,0.0007812499999999999,0.0,0.002312471862921917,0.9999889788183925,6.2613897837649535e-06,0.9999767067199232,1.0000012509168619
dense_candidate_grid,family_four,2.25,0.15475,193017.0225794458,435.5639450365486,192163.33293421,193870.7122246816,180772.4578822431,408.1542963164772,179972.4901613275,181572.42560315868,3.984375,2.2635715242481083,0.0,8.420893663956726,11378.125,25.416056784251907,11328.31044407384,11427.93955592616,778.3372143872607,1.7386223862159285,774.9295771275624,781.744851646959,29.534774482071978,0.06305762826250647,29.41118380172695,29.658365162417006,0.0,0.0,0.0,0.0,0.0,0.0,0.0,0.0,54.58333333333333,1.7747680376042347,51.1048518987162,58.06181476795046,0.0,0.0,0.0,0.0,94.81770833333333,0.21180047320209922,94.40258703394868,95.23282963271798,94.81770833333333,0.21180047320209922,94.40258703394868,95.23282963271798,2.2238206125350306,0.004967492532045503,2.2140845060787497,2.2335567189913115,369.1846810258997,0.7882203532813304,367.63979752158684,370.72956453021254,1.7315023910994514,0.005514363048469922,1.720694438126772,1.7423103440721308,0.0,0.0,0.0,0.0,5.458333333333332,0.1774768037604235,5.1104851898716195,5.806181476795045,213.33984375,0.47655106470472325,212.4058208263845,214.2738666736155,1.10390625,0.08206100650773483,0.9430696327097328,1.2647428672902674,213.3015625,0.48159963174315107,212.35764456681565,214.24548043318433,213.30234374999998,0.48174439880823733,212.35814207858192,214.24654542141803,0.00234375,0.0013315126613224167,0.0,0.004953466861151015,0.0015624999999999999,0.001096050585019065,0.0,0.0037107196718714234,0.9999890833057077,6.2022453183988525e-06,0.9999769271282604,1.000001239483155
dense_candidate_grid,family_four,2.4,0.15475,191980.7090450145,433.6258017779729,191130.81809076236,192830.59999926662,180479.2657893141,407.48784364857903,179680.60429162497,181277.9272870032,3.984375,2.2635715242481083,0.0,8.420893663956726,10665.0,24.209731743889915,10617.549797706599,10712.450202293401,750.6889070313376,1.7040766115651793,747.3489782457729,754.0288358169024,31.71789033575184,0.06175957755150132,31.59684378805049,31.83893688345319,0.0,0.0,0.0,0.0,0.0,0.0,0.0,0.0,50.05208333333333,1.3839041252036688,47.33968108987773,52.76448557678893,0.0,0.0,0.0,0.0,88.875,0.20174776453241597,88.479581647555,89.270418352445,88.875,0.20174776453241597,88.479581647555,89.270418352445,2.1448254486609644,0.004868790318757646,2.1352827949879223,2.1543681023340064,396.473629196898,0.7719947193937664,394.9605473506311,397.9867110431649,1.8599302039736247,0.005584559211375842,1.8489846690497966,1.8708757388974528,0.0,0.0,0.0,0.0,5.005208333333332,0.13839041252036688,4.7339681089877725,5.276448557678892,213.29999999999998,0.4841946348777981,212.35099595413197,214.249004045868,1.021875,0.08371101171376952,0.8578044319316013,1.185945568068399,213.30078125,0.48159258084296835,212.3568771363261,214.2446853636739,213.30234374999998,0.48174439880823733,212.35814207858192,214.24654542141803,0.00234375,0.0013315126613224167,0.0,0.004953466861151015,0.0007812499999999999,0.0007812499999999998,0.0,0.0023124718629219166,0.9999891080341446,6.188135039349486e-06,0.9999769795123361,1.0000012365559532
dense_candidate_grid,family_four,2.5,0.15475,191358.73133513087,431.7320431802965,190512.5520795256,192204.91059073614,180295.77515395236,407.2349493890464,179497.60931990383,181093.9409880009,0.4427083333333333,0.44270833333333337,0.0,1.3104007223224199,10236.875,23.21918827963371,10191.366227221664,10282.383772778336,733.8431472294981,1.66449646041792,730.5807941146845,737.1055003443116,34.451575615656225,0.06114074765523098,34.33174195226412,34.57140927904833,0.0,0.0,0.0,0.0,0.0,0.0,0.0,0.0,57.34375,1.8488098671669464,53.7201492460905,60.9673507539095,0.0,0.0,0.0,0.0,85.30729166666666,0.19349323566361415,84.92805189351385,85.68653143981946,85.30729166666666,0.19349323566361415,84.92805189351385,85.68653143981946,2.0966947063699948,0.004755704172622628,2.0873736974705275,2.106015715269462,430.6446951957028,0.7642593456903879,429.1467744033015,432.1426159881041,2.0197455900098302,0.005467757033596473,2.0090289831477657,2.0304621968718948,0.0,0.0,0.0,0.0,5.734375,0.18488098671669465,5.372014924609051,6.096735075390949,213.26822916666669,0.48373308915903573,212.32012973378468,214.2163285995487,1.078125,0.08172461349187786,0.9179477009054632,1.2383022990945367,213.30260416666664,0.4817876355571388,212.35831775277794,214.24689058055534,213.30234374999998,0.48174439880823733,212.35814207858192,214.24654542141803,0.00026041666666666666,0.00026041666666666666,0.0,0.0007708239543073058,0.0005208333333333333,0.0005208333333333333,0.0,0.0015416479086146117,0.9999987681330811,1.2318669189523984e-06,0.9999963537182862,1.000001182547876
dense_candidate_grid,family_four,2.75,0.15475,189960.70838830248,428.79801527536864,189120.2797217205,190801.13705488446,179863.3253921101,406.1138761680796,179067.35682119871,180659.29396302148,1.328125,1.328125,0.0,3.9312021669672594,9310.625,20.92583630347901,9269.6111144988,9351.6388855012,696.9776155572927,1.566472657887203,693.907385565067,700.0478455495183,38.13975563507847,0.0739807507168876,37.99475602812414,38.28475524203281,0.0,0.0,0.0,0.0,0.0,0.0,0.0,0.0,50.3125,1.5986773047677698,47.17915005975361,53.44584994024639,0.0,0.0,0.0,0.0,77.58854166666666,0.1743819691956584,77.24675928749,77.93032404584332,77.58854166666666,0.1743819691956584,77.24675928749,77.93032404584332,1.991364615877979,0.004475636165392,1.9825925301859058,2.000136701570052,476.7469454384809,0.9247593839610956,474.93445035155173,478.5594405254101,2.236312528598747,0.00642661933336627,2.223716586163,2.2489084710344938,0.0,0.0,0.0,0.0,5.03125,0.159867730476777,4.71791500597536,5.34458499402464,213.36848958333331,0.4795504152880606,212.4285880405975,214.30839112606913,1.41953125,0.10287663808207594,1.2178967445085693,1.6211657554914305,213.30208333333331,0.4816153358022293,212.3581346207588,214.24603204590784,213.30234374999998,0.48174439880823733,212.35814207858192,214.24654542141803,0.0007812499999999999,0.0007812499999999998,0.0,0.0023124718629219166,0.0005208333333333333,0.0005208333333333334,0.0,0.0015416479086146117,0.9999963620488941,3.6379511059378418e-06,0.999989231795749,1.0000034923020393
dense_candidate_grid,family_four,3.0,0.15475,188748.29967993195,426.5182456682309,187912.339279673,189584.2600801909,179466.5213832156,405.16522838269856,178672.41212779755,180260.63063863362,5.3125,2.592234568769541,0.23181360573198173,10.393186394268017,8529.375,19.390354898640666,8491.370602751214,8567.379397248786,664.7413926538875,1.511197657433929,661.7794996717956,667.7032856359793,40.52648739583955,0.07091861816935065,40.38748945839428,40.66548533328483,0.0,0.0,0.0,0.0,0.0,0.0,0.0,0.0,41.822916666666664,1.4123605725929165,39.054740811200176,44.59109252213315,0.0,0.0,0.0,0.0,71.078125,0.16158629082200562,70.76142168959345,71.39482831040655,71.078125,0.16158629082200562,70.76142168959345,71.39482831040655,1.89926112186825,0.0043177075926683715,1.890798570490845,1.907723673245655,506.5810924479943,0.886482727116882,504.8436182299284,508.31856666606024,2.376460490685111,0.007619290994092617,2.361526954748959,2.391394026621263,0.0,0.0,0.0,0.0,4.182291666666666,0.14123605725929167,3.9054740811200177,4.459109252213315,213.234375,0.4847588724660167,212.28426506878037,214.18448493121963,1.35234375,0.10812382263500193,1.1404249517645995,1.5642625482354005,213.29921874999997,0.48154622941712266,212.35540548345134,214.2430320165486,213.30234374999998,0.48174439880823733,212.35814207858192,214.24654542141803,0.0031249999999999997,0.0015248438639820828,0.00013636094454822466,0.006113639055451775,0.0,0.0,0.0,0.0,0.9999854812471587,7.0846201868144265e-06,0.9999715956467484,0.999999366847569
dense_candidate_grid,family_four,3.25,0.15475,187710.6689920482,423.7878494122055,186880.0600701146,188541.2779139818,179106.3431434274,404.4185275877357,178313.6973946747,179898.9888921801,1.328125,1.328125,0.0,3.9312021669672594,7875.0,18.18118685772619,7839.365528562664,7910.634471437336,637.3107285117358,1.4713733893975214,634.426889660706,640.1945673627655,45.37449510905303,0.07689349516651704,45.22378662788125,45.525203590224805,0.0,0.0,0.0,0.0,0.0,0.0,0.0,0.0,45.3125,1.4523568959973197,42.46593279114687,48.15906720885313,0.0,0.0,0.0,0.0,65.62499999999999,0.15150989048105148,65.32804607135552,65.92195392864446,65.62499999999999,0.15150989048105148,65.32804607135552,65.92195392864446,1.8208877957478165,0.004203923969707197,1.8126482561734456,1.8291273353221873,567.181188863163,0.9611686895814636,565.2973328485158,569.0650448778102,2.6599149953330175,0.006517952725534999,2.6471400427380343,2.6726899479280006,0.0,0.0,0.0,0.0,4.53125,0.145235689599732,4.246593279114687,4.815906720885313,213.28125,0.49240714406341757,212.31614973190548,214.24635026809452,1.571875,0.11837018938952117,1.3398736919533532,1.8038763080466467,213.30234374999998,0.48163241053561584,212.35836157156297,214.246325928437,213.30234374999998,0.48174439880823733,212.35814207858192,214.24654542141803,0.0007812499999999999,0.0007812499999999998,0.0,0.0023124718629219166,0.0007812499999999999,0.0007812499999999998,0.0,0.0023124718629219166,0.9999963620488941,3.6379511059378418e-06,0.999989231795749,1.0000034923020393
dense_candidate_grid,family_four,3.5,0.15475,186782.47163943114,421.84283314684126,185955.67487932698,187609.2683995353,178770.21754788526,403.7676530617881,177978.8474897619,179561.58760600863,0.4427083333333333,0.44270833333333337,0.0,1.3104007223224199,7310.625,16.897031473576877,7277.507426866149,7343.742573133851,612.9616169813908,1.4167368363483468,610.1848638065768,615.7383701562047,49.110182897846414,0.0877013213929025,48.93829146651975,49.28207432917308,0.0,0.0,0.0,0.0,0.0,0.0,0.0,0.0,39.11458333333333,1.2734618871486818,36.618643898837504,41.61052276782915,0.0,0.0,0.0,0.0,60.921875,0.1408085956131406,60.64589522388458,61.19785477611542,60.921875,0.1408085956131406,60.64589522388458,61.19785477611542,1.7513189056611167,0.004047819532423848,1.7433853251616482,1.7592524861605852,613.8772862230801,1.0962665174112798,611.7286433314969,616.0259291146633,2.8791437342261137,0.008355313102139592,2.8627676214663644,2.895519846985863,0.0,0.0,0.0,0.0,3.911458333333333,0.12734618871486816,3.66186438988375,4.1610522767829154,213.2265625,0.4928300846459922,212.26063328359604,214.19249171640396,1.7109375,0.1248732926758573,1.4661903437243904,1.9556846562756096,213.30208333333331,0.4817607919373971,212.35784953197253,214.2463171346941,213.30234374999998,0.48174439880823733,212.35814207858192,214.24654542141803,0.00026041666666666666,0.00026041666666666666,0.0,0.0007708239543073058,0.0,0.0,0.0,0.0,0.9999987681330811,1.2318669189523984e-06,0.9999963537182862,1.000001182547876
dense_candidate_grid,family_four,3.75,0.15475,185959.35727112822,419.45121016561023,185137.24800593188,186781.46653632456,178458.36718154186,403.07933510687747,177668.34620182004,179248.3881612637,0.0,0.0,0.0,0.0,6826.25,15.22890813082615,6796.401888539712,6856.098111460288,591.7920108696284,1.3202484769954863,589.2043714040734,594.3796503351833,51.48974538341368,0.1039911603426331,51.28592645443159,51.693564312395765,0.0,0.0,0.0,0.0,0.0,0.0,0.0,0.0,31.458333333333336,1.2855933340129584,28.938616699903164,33.97804996676351,0.0,0.0,0.0,0.0,56.88541666666666,0.12690756775688458,56.636682404497584,57.13415092883573,56.88541666666666,0.12690756775688458,56.636682404497584,57.13415092883573,1.690834316770367,0.0037721385057013887,1.6834410611544954,1.6982275723862386,643.6218172926709,1.299889504282916,641.0740806803948,646.1695539049471,3.0183731007924313,0.009675897253076606,2.999408690658291,3.0373375109265717,0.0,0.0,0.0,0.0,3.145833333333333,0.12855933340129583,2.893861669990316,3.39780499667635,213.3203125,0.4759033790883172,212.387559016866,214.253065983134,1.9171874999999998,0.1239000150430926,1.6743479328315674,2.160027067168432,213.303125,0.4817822955521919,212.35884905232868,214.2474009476713,213.30234374999998,0.48174439880823733,212.35814207858192,214.24654542141803,0.0,0.0,0.0,0.0,0.0007812499999999999,0.0007812499999999998,0.0,0.0023124718629219166,1.0,0.0,1.0,1.0
dense_candidate_grid,family_four,4.0,0.15475,185227.53817492386,418.65052013224346,184406.9982333557,186048.07811649202,178163.658797497,402.25768990572834,177375.2482127775,178952.0693822165,3.098958333333333,1.905385475418864,0.0,6.833445241820035,6396.25,14.792714583939784,6367.256812181898,6425.243187818102,572.3312591413126,1.3236400959850403,569.7369722246888,574.9255460579363,56.36582661889436,0.0980599997278731,56.17363255110372,56.558020686685,0.0,0.0,0.0,0.0,0.0,0.0,0.0,0.0,35.83333333333333,1.2039580520855606,33.473618912348634,38.19304775431802,0.0,0.0,0.0,0.0,53.30208333333333,0.1232726215328315,53.06047343484914,53.543693231817514,53.30208333333333,0.1232726215328315,53.06047343484914,53.543693231817514,1.635232168975179,0.0037818288456715407,1.6278199206419681,1.6426444173083898,704.5728327361794,1.2257499965984129,702.1704068887964,706.9752585835624,3.306174168756605,0.009552438944944333,3.2874517324599966,3.3248966050532136,0.0,0.0,0.0,0.0,3.583333333333333,0.12039580520855607,3.3473618912348635,3.8193047754318026,213.20833333333331,0.493090486131326,212.24189373939657,214.17477292727006,1.7078125,0.16484201623063263,1.384728085048993,2.0308969149510068,213.30052083333334,0.4815896538341116,212.35662245649138,214.2444192101753,213.30234374999998,0.48174439880823733,212.35814207858192,214.24654542141803,0.0018229166666666667,0.0011208149855405079,0.0,0.004019673671658844,0.0,0.0,0.0,0.0,0.9999915561279528,5.185065060714899e-06,0.9999813935871763,1.0000017186687293
dense_candidate_grid,family_four,4.25,0.15475,184559.953807089,416.51355704019096,183743.60223621756,185376.30537796047,177890.82409619156,401.6687166022088,177103.5678779348,178678.0803144483,0.8854166666666666,0.8854166666666667,0.0,2.6208014446448398,6020.625,13.801086554303074,5993.575367406046,6047.674632593954,555.1457331319828,1.272561289435321,552.6515588365696,557.6399074273959,60.23397776546162,0.10197625905872458,60.03410797042839,60.43384756049485,0.0,0.0,0.0,0.0,0.0,0.0,0.0,0.0,32.23958333333333,1.2267563074256607,29.835185152971686,34.64398151369497,0.0,0.0,0.0,0.0,50.171875,0.1150090546191923,49.946461395050385,50.397288604949615,50.171875,0.1150090546191923,49.946461395050385,50.397288604949615,1.5861306660913796,0.0036358893983866316,1.5790044538187709,1.5932568783639884,752.9247220682701,1.274703238234057,750.4263496303547,755.4230945061854,3.530814698721895,0.00996341456383885,3.511286765013729,3.550342632430061,0.0,0.0,0.0,0.0,3.223958333333333,0.12267563074256606,2.983518515297169,3.464398151369497,213.23046875,0.48878848213156734,212.27246092896414,214.18847657103586,1.9109375,0.14142341138298986,1.633752707118548,2.188122292881452,213.3028645833333,0.48162735936528,212.35889230500823,214.24683686165838,213.30234374999998,0.48174439880823733,212.35814207858192,214.24654542141803,0.0005208333333333333,0.0005208333333333333,0.0,0.0015416479086146117,0.0010416666666666667,0.0010416666666666667,0.0,0.0030832958172292233,0.9999975752638113,2.4247361887028834e-06,0.9999928228682095,1.0000023276594132
dense_candidate_grid,family_four,4.5,0.15475,183954.6862647329,415.4240639334277,183140.47006111214,184768.90246835368,177630.00802851378,401.07942088090687,176843.906808647,178416.10924838056,2.65625,1.8632859945324107,0.0,6.308223442181421,5691.875,13.143882864132339,5666.113462969288,5717.636537030712,540.0590830932701,1.2471238964117564,537.6147651720438,542.5034010144965,62.37956979252665,0.0957540305288141,62.19189534131563,62.567244243737676,0.0,0.0,0.0,0.0,0.0,0.0,0.0,0.0,27.70833333333333,1.244199504664508,25.269747114608318,30.14691955205834,0.0,0.0,0.0,0.0,47.432291666666664,0.10953235720110283,47.21761219141073,47.6469711419226,47.432291666666664,0.10953235720110283,47.21761219141073,47.6469711419226,1.5430259516950575,0.0035632111326050152,1.5360421862058395,1.5500097171842755,779.7446224065832,1.1969253816101753,777.3986917664454,782.090553046721,3.656871014013566,0.010265024763763312,3.636751935176178,3.676990092850954,0.0,0.0,0.0,0.0,2.770833333333333,0.12441995046645081,2.526974711460832,3.014691955205834,213.4453125,0.49289560740496274,212.47925486134827,214.41137013865173,2.47265625,0.16447943408065055,2.150282483004395,2.795030016995605,213.30078125,0.4816221919185077,212.3568190996845,214.2447434003155,213.30234374999998,0.48174439880823733,212.35814207858192,214.24654542141803,0.0015624999999999999,0.001096050585019065,0.0,0.0037107196718714234,0.0,0.0,0.0,0.0,0.999992755456119,5.082096001505533e-06,0.99998279473099,1.000002716181248
dense_candidate_grid,family_four,4.75,0.15475,183399.78700012533,413.78921369049147,182588.77504410082,184210.79895614984,177386.2400964852,400.5217220046625,176601.2319463301,178171.24824664032,1.328125,1.328125,0.0,3.9312021669672594,5390.625,12.00998881553211,5367.085854466828,5414.164145533172,525.6316197131252,1.1710756867421994,523.33635354394,527.9268858823104,67.42049226030164,0.09651937790633858,67.231317755795,67.60966676480828,0.0,0.0,0.0,0.0,0.0,0.0,0.0,0.0,28.541666666666664,1.2639761002529208,26.06431903285155,31.01901430048178,0.0,0.0,0.0,0.0,44.921875,0.10008324012943416,44.72571545389024,45.11803454610976,44.921875,0.10008324012943416,44.72571545389024,45.11803454610976,1.501804627751786,0.0033459305335491437,1.4952467244112568,1.5083625310923152,842.7561532537707,1.2064922238292328,840.3914719474377,845.1208345601036,3.9518321885770695,0.010177703638078182,3.931884256001114,3.9717801211530253,0.0,0.0,0.0,0.0,2.854166666666666,0.1263976100252921,2.606431903285155,3.1019014300481773,213.37890625,0.47539539061481234,212.44714840597862,214.31066409402138,2.70078125,0.17672931064328687,2.3543981661265665,3.0471643338734333,213.30234374999998,0.4816169618337451,212.35839185046223,214.24629564953773,213.30234374999998,0.48174439880823733,212.35814207858192,214.24654542141803,0.0007812499999999999,0.0007812499999999998,0.0,0.0023124718629219166,0.0007812499999999999,0.0007812499999999998,0.0,0.0023124718629219166,0.9999964448236632,3.5551763367461238e-06,0.9999894768060845,1.0000034128412418
dense_candidate_grid,family_four,5.0,0.15475,182887.6165187846,412.08180227423105,182079.95102764276,183695.28200992645,177153.74427336536,400.1026080220964,176369.5575715215,177937.93097520922,0.0,0.0,0.0,0.0,5121.875,11.106614913702098,5100.106434778989,5143.643565221011,512.6423171805285,1.1116477472394488,510.4635276324441,514.8211067286129,70.91742823874864,0.11325565346838772,70.69545123690506,71.13940524059223,0.0,0.0,0.0,0.0,0.0,0.0,0.0,0.0,28.4375,1.237745820275094,26.01156277024583,30.86343722975417,0.0,0.0,0.0,0.0,42.68229166666666,0.0925551242808508,42.50088695649156,42.86369637684175,42.68229166666666,0.0925551242808508,42.50088695649156,42.86369637684175,1.46469233480151,0.0031761364206841416,1.4584672218069832,1.4709174477960367,886.4678529843579,1.415695668354847,883.6931404613131,889.2425655074028,4.156622123515553,0.012492726766586562,4.132136828984343,4.1811074180467624,0.0,0.0,0.0,0.0,2.84375,0.1237745820275094,2.601156277024583,3.086343722975417,213.41145833333331,0.46277562140425405,212.50443478245782,214.3184818842088,2.56171875,0.17257295942234033,2.223481964826721,2.899955535173279,213.30234374999998,0.48174439880823733,212.35814207858192,214.24654542141803,213.30234374999998,0.48174439880823733,212.35814207858192,214.24654542141803,0.0,0.0,0.0,0.0,0.0,0.0,0.0,0.0,1.0,0.0,1.0,1.0
dense_candidate_grid,family_four,5.25,0.15475,182408.54989892803,411.2664662746322,181602.4824369807,183214.61736087536,176933.24236616716,399.5406209651347,176150.15713871474,177716.3275936196,0.0,0.0,0.0,0.0,4878.75,10.763280832799742,4857.654357212222,4899.845642787778,500.6888121808728,1.104597344677152,498.523841167887,502.8537831938586,73.47288724664125,0.11271513196009675,73.25196964748677,73.69380484579573,0.0,0.0,0.0,0.0,0.0,0.0,0.0,0.0,22.395833333333332,1.0164778589100307,20.403573338787286,24.38809332787938,0.0,0.0,0.0,0.0,40.65625,0.08969400693999784,40.48045297676852,40.83204702323148,40.65625,0.08969400693999784,40.48045297676852,40.83204702323148,1.4305394633739221,0.0031559924133632918,1.4243538319082485,1.4367250948395958,918.4110905830155,1.4089391495012096,915.6496205935846,921.1725605724464,4.306220092512767,0.012247385275895774,4.282215658467225,4.330224526558309,0.0,0.0,0.0,0.0,2.239583333333333,0.10164778589100311,2.0403573338787284,2.4388093327879377,213.4453125,0.47089353643498866,212.52237812803472,214.36824687196528,2.83125,0.18502835207456336,2.4686010938150584,3.193898906184941,213.303125,0.4816690288189729,212.3590710510464,214.24717894895358,213.30234374999998,0.48174439880823733,212.35814207858192,214.24654542141803,0.0,0.0,0.0,0.0,0.0007812499999999999,0.0007812499999999998,0.0,0.0023124718629219166,1.0,0.0,1.0,1.0
dense_candidate_grid,family_four,5.5,0.15475,181971.97395012763,410.85228659550916,181166.7182654345,182777.22963482077,176721.0869543918,399.0965608938724,175938.872068686,177503.30184009759,1.328125,1.328125,0.0,3.9312021669672594,4656.25,10.680004681646913,4635.317575469253,4677.182424530747,489.4842265441332,1.1227261919105869,487.28372364348866,491.68472944477776,78.1996441917295,0.11766542946546495,77.96902418775176,78.43026419570725,0.0,0.0,0.0,0.0,0.0,0.0,0.0,0.0,25.625,0.8873840188021175,23.885759282691435,27.364240717308565,0.0,0.0,0.0,0.0,38.80208333333333,0.0890000390137243,38.62764646224377,38.97652020442289,38.80208333333333,0.0890000390137243,38.62764646224377,38.97652020442289,1.3985263615546661,0.0032077891197445298,1.3922392104099675,1.4048135126993648,977.4955523966189,1.4708178683183115,974.6128023468971,980.3783024463407,4.58523426548121,0.01238091603769308,4.5609681159517175,4.609500415010703,0.0,0.0,0.0,0.0,2.5625,0.08873840188021175,2.3885759282691437,2.7364240717308563,213.41145833333331,0.4895002145754836,212.45205554234073,214.3708611243259,2.665625,0.22767064450875468,2.219398736425819,3.111851263574181,213.3015625,0.48170776614230065,212.35743262728784,214.24569237271214,213.30234374999998,0.48174439880823733,212.35814207858192,214.24654542141803,0.0007812499999999999,0.0007812499999999998,0.0,0.0023124718629219166,0.0,0.0,0.0,0.0,0.9999963620488941,3.6379511059378418e-06,0.999989231795749,1.0000034923020393
dense_candidate_grid,family_four,5.75,0.15475,181554.33002774476,410.02842672499565,180750.68907872614,182357.97097676338,176520.24883850728,398.6718554478476,175738.86636017973,177301.63131683483,0.0,0.0,0.0,0.0,4450.0,10.23532631438318,4429.939129053794,4470.060870946206,478.74982855144066,1.1011597119503336,476.5915951747915,480.9080619280898,82.15427735271984,0.1220064615631024,81.91514908217499,82.3934056232647,0.0,0.0,0.0,0.0,0.0,0.0,0.0,0.0,23.177083333333332,1.0666441576969472,21.086499199927253,25.26766746673941,0.0,0.0,0.0,0.0,37.08333333333333,0.08529438595319315,36.91615940878161,37.25050725788505,37.08333333333333,0.08529438595319315,36.91615940878161,37.25050725788505,1.367856653004116,0.0031461706055723863,1.3616902719279755,1.3740230340802566,1026.928466908998,1.5250807695387791,1023.9393635271873,1029.9175702908085,4.815910926292844,0.012793949213725238,4.7908352466139075,4.84098660597178,0.0,0.0,0.0,0.0,2.317708333333333,0.10666441576969472,2.1086499199927253,2.5267667466739407,213.22916666666669,0.4904427192308607,212.26791660049432,214.19041673283905,3.17890625,0.1910536414416384,2.8044479936591595,3.55336450634084,213.30234374999998,0.48174439880823733,212.35814207858192,214.24654542141803,213.30234374999998,0.48174439880823733,212.35814207858192,214.24654542141803,0.0,0.0,0.0,0.0,0.0,0.0,0.0,0.0,1.0,0.0,1.0,1.0
dense_candidate_grid,family_four,6.0,0.15475,181170.39742191345,408.6453030584176,180369.4673454675,181971.3274983594,176324.7566512563,398.0723521440662,175544.54917781276,177104.96412469982,5.3125,2.592234568769541,0.23181360573198173,10.393186394268017,4266.25,9.352817672375444,4247.918814208175,4284.581185791825,469.32557038024663,1.0288934049223684,467.308976362668,471.3421643978253,84.44020027692675,0.1575850572638147,84.13133924018798,84.7490613136655,0.0,0.0,0.0,0.0,0.0,0.0,0.0,0.0,20.3125,1.0802223085507225,18.19530317994387,22.42969682005613,0.0,0.0,0.0,0.0,35.55208333333333,0.07794014726979535,35.39932345173478,35.70484321493188,35.55208333333333,0.07794014726979535,35.39932345173478,35.70484321493188,1.3409302010864192,0.0029396954426353385,1.3351685038933374,1.346691898279501,1055.5025034615842,1.9698132157976789,1051.6417405023496,1059.3632664208187,4.951530794525725,0.014810990082237638,4.92250178738916,4.980559801662291,0.0,0.0,0.0,0.0,2.0312499999999996,0.10802223085507226,1.8195303179943865,2.2429696820056124,213.3125,0.46764088361877215,212.39594071040872,214.22905928959128,2.80546875,0.22297400571941678,2.368447729301315,3.2424897706986853,213.29921874999997,0.48154622941712266,212.35540548345134,214.2430320165486,213.30234374999998,0.48174439880823733,212.35814207858192,214.24654542141803,0.0031249999999999997,0.0015248438639820828,0.00013636094454822466,0.006113639055451775,0.0,0.0,0.0,0.0,0.9999854812471587,7.0846201868144265e-06,0.9999715956467484,0.999999366847569
dense_candidate_grid,family_four,6.25,0.15475,180808.9937603497,408.4970464242559,180008.35426156718,181609.6332591322,176142.3071204949,397.81827220761033,175362.59763457603,176922.01660641376,0.0,0.0,0.0,0.0,4093.75,9.889017076037373,4074.367882688465,4113.132117311535,460.1381606405885,1.1115271152149497,457.9596075269275,462.3167137542495,89.20472921415623,0.11851360044449272,88.97244682560685,89.43701160270561,0.0,0.0,0.0,0.0,0.0,0.0,0.0,0.0,23.593749999999996,1.061139905233441,21.513954003184207,25.673545996815786,0.0,0.0,0.0,0.0,34.11458333333333,0.08240847563364477,33.95306568907054,34.276100977596116,34.11458333333333,0.08240847563364477,33.95306568907054,34.276100977596116,1.3146804589731098,0.003175791757757001,1.308456021505507,1.3209048964407126,1115.059115176953,1.4814200055561582,1112.1555853200857,1117.96264503382,5.230220303392726,0.013314929688177705,5.204123520747214,5.256317086038238,0.0,0.0,0.0,0.0,2.359375,0.10611399052334408,2.151395400318421,2.567354599681579,213.21614583333331,0.5150529727102798,212.20666055669088,214.22563110997575,2.89375,0.22422291956606522,2.4542811531420905,3.333218846857909,213.30234374999998,0.48174439880823733,212.35814207858192,214.24654542141803,213.30234374999998,0.48174439880823733,212.35814207858192,214.24654542141803,0.0,0.0,0.0,0.0,0.0,0.0,0.0,0.0,1.0,0.0,1.0,1.0
dense_candidate_grid,family_four,6.5,0.15475,180468.7526285703,407.30793532894614,179670.4437447082,181267.0615124324,175963.88788717776,397.3865468324763,175185.02456744536,176742.75120691015,1.328125,1.328125,0.0,3.9312021669672594,3936.25,9.159900099961234,3918.2969257020914,3954.2030742979086,451.72293913826263,1.051187550426769,449.66264939842927,453.783228878096,92.80326058764832,0.17032932433137923,92.46942124644778,93.13709992884887,0.0,0.0,0.0,0.0,0.0,0.0,0.0,0.0,22.760416666666664,0.9947910174102427,20.81066210039863,24.710171232934698,0.0,0.0,0.0,0.0,32.80208333333333,0.07633250083301031,32.652474380850755,32.9516922858159,32.80208333333333,0.07633250083301031,32.652474380850755,32.9516922858159,1.2906369689664647,0.003003393001219332,1.2847504268526553,1.2965235110802742,1160.040757345604,2.1291165541422417,1155.8677655805973,1164.213749110611,5.438116858064166,0.013384116618730567,5.41188447152657,5.464349244601762,0.0,0.0,0.0,0.0,2.2760416666666665,0.09947910174102427,2.081066210039863,2.47101712329347,213.21354166666666,0.49616125541456685,212.24108347552993,214.18599985780338,2.8921875,0.2282210434645752,2.4448824742952824,3.3394925257047174,213.3015625,0.48170776614230065,212.35743262728784,214.24569237271214,213.30234374999998,0.48174439880823733,212.35814207858192,214.24654542141803,0.0007812499999999999,0.0007812499999999998,0.0,0.0023124718629219166,0.0,0.0,0.0,0.0,0.9999963620488941,3.6379511059378418e-06,0.999989231795749,1.0000034923020393
dense_candidate_grid,family_four,6.75,0.15475,180143.71697658254,406.5877068699923,179346.81971456064,180940.61423860444,175792.1800115207,396.947736542106,175014.17674415346,176570.1832788879,2.65625,1.8632859945324107,0.0,6.308223442181421,3791.25,8.704530384021254,3774.1894339449836,3808.3105660550164,443.9144596980839,1.0192065683741127,441.91685153126394,445.9120678649038,95.33083869710828,0.1282324009578706,95.07950780957975,95.5821695846368,0.0,0.0,0.0,0.0,0.0,0.0,0.0,0.0,18.385416666666664,0.944888397931658,16.533469437310863,20.237363896022465,0.0,0.0,0.0,0.0,31.59375,0.07253775320017702,31.4515786162082,31.7359213837918,31.59375,0.07253775320017702,31.4515786162082,31.7359213837918,1.268327027708811,0.0029120187667831775,1.2626195758036112,1.2740344796140108,1191.6354837138535,1.6029050119733816,1188.493847619747,1194.7771198079602,5.59007194376184,0.015136234833573887,5.560405468626495,5.619738418897185,0.0,0.0,0.0,0.0,1.8385416666666665,0.0944888397931658,1.6533469437310864,2.0237363896022464,213.2578125,0.48962983410119554,212.29815565940532,214.21746934059468,3.2109375,0.2482914552766423,2.7242951899887435,3.6975798100112565,213.30078125,0.4816440771955928,212.3567762053296,214.2447862946704,213.30234374999998,0.48174439880823733,212.35814207858192,214.24654542141803,0.0015624999999999999,0.001096050585019065,0.0,0.0037107196718714234,0.0,0.0,0.0,0.0,0.9999927408431608,5.092459539903588e-06,0.9999827598058699,1.0000027218804517
dense_candidate_grid,family_four,7.0,0.15475,179840.03600172154,406.01190118133104,179044.2672981115,180635.8047053316,175628.62504395552,396.65811869597746,174851.189417136,176406.06067077504,0.0,0.0,0.0,0.0,3655.625,8.480471848769842,3639.0035806045053,3672.2464193954947,436.44546436698823,1.0124844517934777,434.4610313065662,438.42989742741025,100.27799339904848,0.15736308369180713,99.96956742251638,100.58641937558059,0.0,0.0,0.0,0.0,0.0,0.0,0.0,0.0,19.0625,0.9375,17.2250337644937,20.8999662355063,0.0,0.0,0.0,0.0,30.463541666666664,0.0706705987397487,30.325029838370874,30.602053494962455,30.463541666666664,0.0706705987397487,30.325029838370874,30.602053494962455,1.2469870410485377,0.0028928127194099355,1.241317232304475,1.2526568497926005,1253.4749174881063,1.9670385461475886,1249.619592781455,1257.3302421947576,5.877103986384693,0.015137868669767,5.847434308989253,5.906773663780133,0.0,0.0,0.0,0.0,1.90625,0.09375,1.72250337644937,2.08999662355063,213.24479166666666,0.4946941911782407,212.27520886859614,214.21437446473718,3.73359375,0.25051052705634275,3.2426021392214213,4.224585360778578,213.30234374999998,0.48174439880823733,212.35814207858192,214.24654542141803,213.30234374999998,0.48174439880823733,212.35814207858192,214.24654542141803,0.0,0.0,0.0,0.0,0.0,0.0,0.0,0.0,1.0,0.0,1.0,1.0
dense_candidate_grid,family_four,7.25,0.15475,179555.93525469792,404.7205592262868,178762.69753481148,180349.17297458436,175469.35327541488,396.313077816788,174692.59391629175,176246.112634538,0.4427083333333333,0.44270833333333337,0.0,1.3104007223224199,3531.25,7.68779438718821,3516.1821998805617,3546.3178001194383,429.62519661059093,0.935326067284259,427.7919912049123,431.4584020162696,103.96199100576213,0.15915313454115732,103.65005659403481,104.27392541748945,0.0,0.0,0.0,0.0,0.0,0.0,0.0,0.0,21.302083333333332,0.8677330750202662,19.601357758099418,23.002808908567246,0.0,0.0,0.0,0.0,29.427083333333332,0.06406495322656841,29.301518332338016,29.552648334328648,29.427083333333332,0.06406495322656841,29.301518332338016,29.552648334328648,1.2275005617445456,0.002672360192240733,1.2222628320140352,1.232738291475056,1299.5248875720265,1.9894141817644642,1295.625707425435,1303.424067718618,6.093658491428509,0.016723214914839264,6.060881592489701,6.126435390367317,0.0,0.0,0.0,0.0,2.130208333333333,0.08677330750202662,1.9601357758099416,2.3002808908567243,213.34635416666666,0.46447091089262094,212.4360079094506,214.2567004238827,3.84765625,0.2651754007521484,3.3279220149398134,4.367390485060186,213.30208333333331,0.4817616499553744,212.35784785028818,214.24631881637845,213.30234374999998,0.48174439880823733,212.35814207858192,214.24654542141803,0.00026041666666666666,0.00026041666666666666,0.0,0.0007708239543073058,0.0,0.0,0.0,0.0,0.9999987675500868,1.232449913235456e-06,0.999996351992644,1.0000011831075295
dense_candidate_grid,family_four,7.5,0.15475,179272.78926413442,404.07359407860923,178480.81957263668,180064.75895563216,175315.90279366358,395.95183394630124,174539.85145951624,176091.95412781092,0.0,0.0,0.0,0.0,3411.875,7.542455891353683,3397.092058097965,3426.657941902035,422.77036596418435,0.934596618415481,420.9385902520171,424.6021416763516,106.3556878400156,0.18741147188360996,105.9883681048341,106.72300757519712,0.0,0.0,0.0,0.0,0.0,0.0,0.0,0.0,15.885416666666664,1.0306753115183116,13.865330176336172,17.905503156997156,0.0,0.0,0.0,0.0,28.432291666666664,0.06285379909461403,28.309100484149706,28.555482849183623,28.432291666666664,0.06285379909461403,28.309100484149706,28.555482849183623,1.207915331326241,0.0026702760526156567,1.2026816864343346,1.2131489762181473,1329.446098000195,2.3426433985451256,1324.854601310426,1334.037594689964,6.233235230787459,0.019049810978851656,6.195898287356614,6.270572174218304,0.0,0.0,0.0,0.0,1.5885416666666665,0.10306753115183115,1.3865330176336175,1.7905503156997156,213.2421875,0.4714034932096052,212.31825363112281,214.16612136887719,3.73359375,0.2633726393950587,3.2173928622724297,4.24979463772757,213.30234374999998,0.48174439880823733,212.35814207858192,214.24654542141803,213.30234374999998,0.48174439880823733,212.35814207858192,214.24654542141803,0.0,0.0,0.0,0.0,0.0,0.0,0.0,0.0,1.0,0.0,1.0,1.0
dense_candidate_grid,family_four,7.75,0.15475,179015.91183384202,403.73686143221073,178224.60212620365,179807.2215414804,175166.8494732866,395.75803425286006,174391.17797955862,175942.52096701457,0.8854166666666666,0.8854166666666667,0.0,2.6208014446448398,3301.875,7.55559749930001,3287.0663010196913,3316.6836989803087,416.4796222050708,0.9530198423750286,414.6117376374637,418.34750677267795,111.07232168368105,0.17027110779382026,110.73859644479742,111.40604692256468,0.0,0.0,0.0,0.0,0.0,0.0,0.0,0.0,18.75,1.0590481067525808,16.674303852869613,20.825696147130387,0.0,0.0,0.0,0.0,27.515625,0.06296331249416673,27.392219175164094,27.639030824835906,27.515625,0.06296331249416673,27.392219175164094,27.639030824835906,1.1899417777287735,0.0027229138353572217,1.1846049646784675,1.1952785907790795,1388.404021046013,2.1283888474227513,1384.2324555599678,1392.5755865320582,6.512045860909826,0.017983154453881697,6.4767995258517965,6.547292195967855,0.0,0.0,0.0,0.0,1.875,0.10590481067525807,1.6674303852869612,2.082569614713039,213.24609375,0.4879656718297922,212.28969860752173,214.20248889247827,3.70390625,0.2884501739238192,3.138554297775,4.269258202225,213.30182291666665,0.48191715723542367,212.3572826449533,214.24636318838,213.30234374999998,0.48174439880823733,212.35814207858192,214.24654542141803,0.0005208333333333333,0.0005208333333333333,0.0,0.0015416479086146117,0.0,0.0,0.0,0.0,0.9999974374743748,2.562525625256218e-06,0.9999924150164398,1.0000024599323096
dense_candidate_grid,family_four,8.0,0.15475,178766.99347758153,403.95393080976135,177975.25832178103,179558.72863338204,175022.51593450812,395.1963747479764,174247.94527318128,175797.08659583496,1.7708333333333333,1.3932842158313057,0.0,4.5016202165908235,3198.75,7.815773123870058,3183.4313661658784,3214.0686338341216,410.50624999999985,1.003024217563325,408.54035865795424,412.47214134204546,114.80462640671036,0.20695116909032532,114.39900956873485,115.21024324468586,0.0,0.0,0.0,0.0,0.0,0.0,0.0,0.0,18.645833333333332,1.017155397968039,16.65224538663547,20.639421280031193,0.0,0.0,0.0,0.0,26.65625,0.06513144269891713,26.52859471804899,26.78390528195101,26.65625,0.06513144269891713,26.52859471804899,26.78390528195101,1.172875,0.0028657834787523535,1.1672581675941553,1.1784918324058444,1435.0578300838793,2.5868896136290678,1429.9876196091855,1440.128040558573,6.730118393270192,0.018766245217989905,6.693337228517884,6.766899558022499,0.0,0.0,0.0,0.0,1.864583333333333,0.10171553979680391,1.665224538663547,2.063942128003119,213.25,0.521051541591337,212.2287577443919,214.2712422556081,4.0804687500000005,0.30318787636934985,3.4862314317668925,4.6747060682331085,213.30130208333333,0.48162889707230083,212.35732679115787,214.24527737550878,213.30234374999998,0.48174439880823733,212.35814207858192,214.24654542141803,0.0010416666666666667,0.0008195789504890032,0.0,0.002648011892112249,0.0,0.0,0.0,0.0,0.999995192385807,3.770610546509287e-06,0.9999878021249361,1.0000025826466779
dense_candidate_grid,family_four,8.25,0.15475,178528.36150911215,403.6301087440727,177737.26103289778,179319.46198532652,174883.2522060444,394.94610245001957,174109.17206940788,175657.3323426809,1.328125,1.328125,0.0,3.9312021669672594,3101.25,7.815773123870058,3085.9313661658784,3116.5686338341216,404.74288309914493,1.0200333890540836,402.7436543935706,406.7421118047193,117.21277413529587,0.19245855762958017,116.83556229382538,117.58998597676637,0.0,0.0,0.0,0.0,6.4609375,0.01628286067472929,6.429023679512247,6.492851320487753,14.114583333333332,0.8553383933190055,12.438150887833727,15.791015778832937,0.0,0.0,0.0,0.0,25.84375,0.06513144269891716,25.71609471804899,25.97140528195101,25.84375,0.06513144269891716,25.71609471804899,25.97140528195101,1.1564082374261284,0.0029143811115830915,1.1506961554102018,1.162120319442055,1465.1596766911985,2.405731970369752,1460.4445286728171,1469.8748247095798,6.873360613383552,0.020334013379914802,6.833506679497764,6.91321454726934,0.0,0.0,0.0,0.0,1.4114583333333333,0.08553383933190055,1.2438150887833728,1.5791015778832937,213.2109375,0.5373344022660664,212.15778142390414,214.26409357609586,3.7828125000000004,0.3222318367027402,3.1512497053904376,4.414375294609563,213.3015625,0.48170776614230065,212.35743262728784,214.24569237271214,213.30234374999998,0.48174439880823733,212.35814207858192,214.24654542141803,0.0007812499999999999,0.0007812499999999998,0.0,0.0023124718629219166,0.0,0.0,0.0,0.0,0.9999963620488941,3.6379511059378418e-06,0.999989231795749,1.0000034923020393
dense_candidate_grid,family_four,8.5,0.15475,178320.60418407014,402.6620172185441,177531.40113237954,179109.80723576073,174748.15227486438,394.64970459158303,173974.6530673555,175521.65148237324,0.8854166666666666,0.8854166666666667,0.0,2.6208014446448398,3009.375,7.332369390109576,2995.0038200740414,3023.7461799259586,399.2356708856378,0.9727413209193636,397.3291329303619,401.14220884091367,122.25269665343339,0.20283098096178112,121.85515523579937,122.6502380710674,0.0,0.0,0.0,0.0,25.078125,0.06110307825091316,24.958365167283677,25.197884832716323,15.625,0.8557661820716129,13.947729103952293,17.30227089604771,0.0,0.0,0.0,0.0,25.078125,0.06110307825091316,24.958365167283677,25.197884832716323,25.078125,0.06110307825091316,24.958365167283677,25.197884832716323,1.1406733453875364,0.0027792609169124682,1.1352260940867482,1.1461205966883246,1528.1587081679174,2.5353872620222635,1523.1894404474922,1533.1279758883427,7.169699898652329,0.019278281449954464,7.131915161326591,7.207484635978067,0.0,0.0,0.0,0.0,1.5625,0.0855766182071613,1.394772910395229,1.730227089604771,213.1640625,0.5193761651327617,212.14610392191125,214.18202107808875,3.70390625,0.328895881477033,3.059282167641461,4.348530332358539,213.30182291666665,0.4817189784673734,212.35767106820117,214.24597476513213,213.30234374999998,0.48174439880823733,212.35814207858192,214.24654542141803,0.0005208333333333333,0.0005208333333333333,0.0,0.0015416479086146117,0.0,0.0,0.0,0.0,0.9999975752638113,2.4247361887028834e-06,0.9999928228682095,1.0000023276594132
dense_candidate_grid,family_four,8.75,0.15475,178132.62951829706,401.71189509933726,177345.28867174103,178919.9703648531,174616.97470436987,394.3872029033456,173843.98999071584,175389.9594180239,0.4427083333333333,0.44270833333333337,0.0,1.3104007223224199,2924.375,6.7915205943976185,2911.0638642347185,2937.6861357652815,394.1979909362526,0.9154789566022593,392.40368515270785,395.99229671979737,125.86958340760725,0.17234730927672706,125.53178888859249,126.20737792662202,0.0,0.0,0.0,0.0,54.83203125,0.12734101114495536,54.58244745440097,55.08161504559903,15.937499999999998,0.7551584434351232,14.457416648245829,17.417583351754168,0.0,0.0,0.0,0.0,24.369791666666664,0.05659600495331347,24.25886553528932,24.480717798044008,24.369791666666664,0.05659600495331347,24.25886553528932,24.480717798044008,1.126279974103579,0.002615654161720737,1.121153386150594,1.1314065620565639,1573.3697925950908,2.1543413659590884,1569.1473611074061,1577.5922240827754,7.381061633352646,0.018350055148537544,7.345096186147188,7.417027080558103,0.0,0.0,0.0,0.0,1.5937499999999998,0.0755158443435123,1.4457416648245829,1.7417583351754167,213.23567708333331,0.49521504334149286,212.26507343378154,214.2062807328851,4.28125,0.3491441846950185,3.596939972586163,4.965560027413837,213.30208333333331,0.4817607919373971,212.35784953197253,214.2463171346941,213.30234374999998,0.48174439880823733,212.35814207858192,214.24654542141803,0.00026041666666666666,0.00026041666666666666,0.0,0.0007708239543073058,0.0,0.0,0.0,0.0,0.9999987681330811,1.2318669189523984e-06,0.9999963537182862,1.000001182547876
dense_candidate_grid,family_four,9.0,0.15475,177965.20101307033,401.90434591506323,177177.48296984666,178752.919056294,174488.22028190203,393.98542576190886,173716.023036975,175260.41752682906,2.65625,1.8632859945324107,0.0,6.308223442181421,2847.5,6.777354917852516,2834.216628450564,2860.783371549436,389.85261171838135,0.9278909623414284,388.03397885061196,391.67124458615075,128.0447861165876,0.18849684605795264,127.67533908711462,128.41423314606058,0.0,0.0,0.0,0.0,94.91666666666666,0.22591183059508382,94.47388761501878,95.35944571831453,14.010416666666664,0.8758332121964887,12.29381511429752,15.72701821903581,0.0,0.0,0.0,0.0,23.729166666666664,0.056477957648770956,23.618471903754696,23.839861429578633,23.729166666666664,0.056477957648770956,23.618471903754696,23.839861429578633,1.113864604909661,0.002651117035261227,1.1086685110017485,1.1190606988175735,1600.5598264573448,2.3562105757244107,1595.9417385889326,1605.177914325757,7.504422342198308,0.0198314495950399,7.465553415230808,7.543291269165808,0.0,0.0,0.0,0.0,1.4010416666666665,0.08758332121964887,1.229381511429752,1.572701821903581,213.5625,0.5083016188389387,212.56624713379227,214.55875286620773,5.14453125,0.3012007163209888,4.554188693893196,5.734873806106804,213.30078125,0.4816221919185077,212.3568190996845,214.2447434003155,213.30234374999998,0.48174439880823733,212.35814207858192,214.24654542141803,0.0015624999999999999,0.001096050585019065,0.0,0.0037107196718714234,0.0,0.0,0.0,0.0,0.999992755456119,5.082096001505533e-06,0.99998279473099,1.000002716181248
dense_candidate_grid,family_four,9.25,0.15475,177806.64405796677,401.10506545783124,177020.49257565284,178592.7955402807,174365.30782685545,393.8049105100926,173593.46438532067,175137.15126839024,0.0,0.0,0.0,0.0,2765.0,6.516158182573338,2752.2285646445903,2777.7714353554097,384.34647063151033,0.905773019728281,382.5711881346748,386.12175312834586,133.34392714647134,0.18910396557148385,132.97329018461753,133.71456410832516,0.0,0.0,0.0,0.0,144.01041666666663,0.33938323867569464,143.34523774190572,144.67559559142754,14.635416666666666,0.8896858638855106,12.89166441589666,16.379168917436672,0.0,0.0,0.0,0.0,23.041666666666664,0.05430131818811113,22.935238038704917,23.148095294628412,23.041666666666664,0.05430131818811113,22.935238038704917,23.148095294628412,1.0981327732328867,0.0025879229135093813,1.0930605375276423,1.1032050089381311,1666.7990893308915,2.363799569643547,1662.1661273077189,1671.4320513540642,7.821393983006384,0.022885148820731508,7.776539915536912,7.866248050475857,0.0,0.0,0.0,0.0,1.4635416666666665,0.08896858638855105,1.289166441589666,1.637916891743667,213.13541666666666,0.5022871932400281,212.1509518580205,214.1198814753128,4.10859375,0.3379581595677601,3.4462079289657495,4.770979571034251,213.30234374999998,0.48174439880823733,212.35814207858192,214.24654542141803,213.30234374999998,0.48174439880823733,212.35814207858192,214.24654542141803,0.0,0.0,0.0,0.0,0.0,0.0,0.0,0.0,1.0,0.0,1.0,1.0
dense_candidate_grid,family_four,9.5,0.15475,177673.32786081286,400.77092445599266,176887.8312828283,178458.82443879743,174244.42933522095,393.531905838613,173473.12097300985,175015.73769743205,0.0,0.0,0.0,0.0,2696.25,6.406764158616031,2683.6929729916706,2708.8070270083294,380.38433534711595,0.9038600746224911,378.6128021537922,382.1558685404397,137.02460691144034,0.18729431475256522,136.6575168000162,137.3916970228645,0.0,0.0,0.0,0.0,202.21875,0.4805073118962023,201.2769729743753,203.1605270256247,13.020833333333332,0.861682957845442,11.33196576986432,14.709700896802344,0.0,0.0,0.0,0.0,22.46875,0.05338970132180024,22.36410810826392,22.57339189173608,22.46875,0.05338970132180024,22.36410810826392,22.57339189173608,1.0868123867060455,0.0025824573560642556,1.0817508632965491,1.091873910115542,1712.8075863930044,2.341178934407067,1708.2189600002027,1717.396212785806,8.030929270499406,0.019006121714198777,7.9936779564537925,8.06818058454502,0.0,0.0,0.0,0.0,1.3020833333333333,0.0861682957845442,1.133196576986432,1.4709700896802345,213.453125,0.5072021625571024,212.45902702850725,214.44722297149275,5.147656250000001,0.3405022071656767,4.480284187298878,5.8150283127011235,213.30234374999998,0.48174439880823733,212.35814207858192,214.24654542141803,213.30234374999998,0.48174439880823733,212.35814207858192,214.24654542141803,0.0,0.0,0.0,0.0,0.0,0.0,0.0,0.0,1.0,0.0,1.0,1.0
dense_candidate_grid,family_four,9.75,0.15475,177546.8893016952,400.6147058283607,176761.6989065945,178332.07969679587,174126.69090246139,393.17457278498614,173356.0829001659,174897.29890475687,1.328125,1.328125,0.0,3.9312021669672594,2623.75,6.34452332255751,2611.314962788713,2636.185037211287,375.55252498072014,0.9081283481983949,373.7726261249114,377.33242383652885,139.2266034197621,0.20187382473291604,138.83093799386424,139.62226884566,0.0,0.0,0.0,0.0,267.8411458333333,0.647670089177746,266.5717357846811,269.11055588198553,12.5,0.7120777160685063,11.104353322312189,13.895646677687811,0.0,0.0,0.0,0.0,21.864583333333332,0.05287102768797927,21.760958023239272,21.968208643427392,21.864583333333332,0.05287102768797927,21.760958023239272,21.968208643427392,1.0730072142306288,0.002594652423423995,1.0679217889283181,1.0780926395329395,1740.3325427470265,2.5234228091614543,1735.3867249233033,1745.2783605707498,8.160506153948166,0.021603371290869595,8.118164324273415,8.202847983622917,0.0,0.0,0.0,0.0,1.25,0.07120777160685064,1.1104353322312188,1.3895646677687812,213.1796875,0.5154925199577977,212.16934072658293,214.19003427341707,4.56796875,0.35435633434559655,3.8734430969889972,5.2624944030110035,213.30234374999998,0.48163241053561584,212.35836157156297,214.246325928437,213.30234374999998,0.48174439880823733,212.35814207858192,214.24654542141803,0.0007812499999999999,0.0007812499999999998,0.0,0.0023124718629219166,0.0007812499999999999,0.0007812499999999998,0.0,0.0023124718629219166,0.9999963620488941,3.6379511059378418e-06,0.999989231795749,1.0000034923020393
dense_candidate_grid,family_four,10.0,0.15475,177441.90794080708,399.54268723237203,176658.81866354527,178224.9972180689,174011.9335121011,393.0068128716757,173241.65431319375,174782.21271100844,0.0,0.0,0.0,0.0,2559.375,5.668920245164131,2548.2641204882484,2570.4858795117516,371.5573685519772,0.8229857245711218,369.9443461720272,373.1703909319272,143.98997682066988,0.2228053228185097,143.5532864123818,144.42666722895797,0.0,0.0,0.0,0.0,341.25,0.7558560326885503,339.7685493984331,342.7314506015669,13.80208333333333,0.8996961675439648,12.038711247918446,15.565455418748215,0.0,0.0,0.0,0.0,21.328125,0.04724100204303439,21.23553433740207,21.42071566259793,21.328125,0.04724100204303439,21.23553433740207,21.42071566259793,1.0615924815770779,0.002351387784488918,1.056983846205792,1.0662011169483636,1799.8747102583736,2.78506653523137,1794.4160801547723,1805.333340361975,8.437802726225305,0.02318051067692613,8.392369760155283,8.483235692295327,0.0,0.0,0.0,0.0,1.380208333333333,0.08996961675439648,1.2038711247918445,1.5565455418748215,213.28125,0.4724100204303441,212.3553433740207,214.2071566259793,4.827343750000001,0.3502637358224749,4.140839442697498,5.5138480573025035,213.30234374999998,0.48174439880823733,212.35814207858192,214.24654542141803,213.30234374999998,0.48174439880823733,212.35814207858192,214.24654542141803,0.0,0.0,0.0,0.0,0.0,0.0,0.0,0.0,1.0,0.0,1.0,1.0
