sku_count,portfolio,system_cost_jpy,consumer_cost_jpy,complexity_cost_jpy,physical_discard_kg,packaging_mass_kg,household_choices,regret_jpy,regime,is_current_market,system_cost_jpy_se,delta_vs_group_min_jpy,delta_vs_group_min_se,delta_vs_group_min_ci_low,delta_vs_group_min_ci_high,equivalent_to_group_min,probability_lowest_cost_within_sku_count,confidence_level
1,9,86272.47454554224,86272.47454554224,0.0,0.7554043665973891,0.5366372582483311,family_four:9;family_three:9;single_average:9;single_low:9;two_person_average:9;two_person_low:9,290.8827453579288,baseline,False,57.81192604882243,0.0,0.0,0.0,0.0,True,1.0,0.95
1,10,86338.37972451415,86338.37972451415,0.0,0.989987944930005,0.5126918547056435,family_four:10;family_three:10;single_average:10;single_low:10;two_person_average:10;two_person_low:10,356.78792432983755,baseline,False,57.41884138040941,65.90517897190966,1.814168533093756,62.34947398516004,69.46088395865928,False,0.0,0.95
1,5,87691.07740666858,87691.07740666858,0.0,0.12753751534756197,0.7013790504620875,family_four:5;family_three:5;single_average:5;single_low:5;two_person_average:5;two_person_low:5,1709.4856064842752,baseline,False,59.59845774380919,1418.6028611263494,2.4488077861143376,1413.803286060504,1423.4024361921947,False,0.0,0.95
1,4.5,88140.16744215565,88140.16744215565,0.0,0.08450804367426554,0.738377424004207,family_four:4.5;family_three:4.5;single_average:4.5;single_low:4.5;two_person_average:4.5;two_person_low:4.5,2158.5756419713434,baseline,False,60.008099746415674,1867.6928966134121,2.701381141275963,1862.3982868679955,1872.9875063588288,False,0.0,0.95
1,3,90341.16756186167,90341.16756186167,0.0,0.009734815380715238,0.9090553621100282,family_four:3;family_three:3;single_average:3;single_low:3;two_person_average:3;two_person_low:3,4359.575761677363,baseline,False,61.64206714668773,4068.6930163194243,4.170012649787198,4060.519941710765,4076.8660909280834,False,0.0,0.95
1,2.4,91875.46105248039,91875.46105248039,0.0,0.0014077108416776169,1.0261761227456516,family_four:2.4;family_three:2.4;single_average:2.4;single_low:2.4;two_person_average:2.4;two_person_low:2.4,5893.869252296077,baseline,False,62.71460245061083,5602.986506938135,5.1686952869806015,5592.856050328591,5613.116963547679,False,0.0,0.95
1,2.25,92369.47053201894,92369.47053201894,0.0,0.0006898996152392388,1.0638836701742425,family_four:2.25;family_three:2.25;single_average:2.25;single_low:2.25;two_person_average:2.25;two_person_low:2.25,6387.878731834629,baseline,False,63.09604848872002,6096.995986476696,5.5522515703910695,6086.113773365623,6107.878199587769,False,0.0,0.95
1,2.1,92921.66326993037,92921.66326993037,0.0,0.0002901058537106464,1.1060243203947575,family_four:2.1;family_three:2.1;single_average:2.1;single_low:2.1;two_person_average:2.1;two_person_low:2.1,6940.071469746064,baseline,False,63.4471796486047,6649.188724388131,5.876548319266945,6637.670901328958,6660.706547447304,False,0.0,0.95
1,2,93340.92763110335,93340.92763110335,0.0,0.00017494140670677838,1.137124490139097,family_four:2;family_three:2;single_average:2;single_low:2;two_person_average:2;two_person_low:2,7359.335830919037,baseline,False,63.71480889638036,7068.453085561098,6.15736763957974,7056.38486674795,7080.521304374247,False,0.0,0.95
1,1.8,94262.043573088,94262.043573088,0.0,3.842625358685107e-05,1.2086627144676936,family_four:1.8;family_three:1.8;single_average:1.8;single_low:1.8;two_person_average:1.8;two_person_low:1.8,8280.451772903689,baseline,False,64.33485620209396,7989.569027545753,6.720447184914719,7976.397193103317,8002.740861988189,False,0.0,0.95
2,5|10,85981.59180018431,85801.59180018431,180.0,0.27281022365699936,0.5404661966433969,family_four:10;family_three:10;single_average:5;single_low:5;two_person_average:10;two_person_low:10,0.0,baseline,False,57.80271838224558,0.0,0.0,0.0,0.0,True,0.9947916666666666,0.95
2,4.5|10,86006.81001613551,85826.81001613551,180.0,0.22992948511552885,0.5461434456764062,family_four:10;family_three:10;single_average:4.5;single_low:4.5;two_person_average:10;two_person_low:10,25.218215951201273,baseline,False,57.87882696578521,25.21821595121658,0.7618699596108158,23.7249782694764,26.711453632956765,False,0.005208333333333333,0.95
2,5|9,86088.09642280379,85908.09642280379,180.0,0.21249392823530483,0.5602975415126986,family_four:9;family_three:9;single_average:5;single_low:5;two_person_average:9;two_person_low:9,106.50462261948269,baseline,False,58.103860852988205,106.5046226194936,0.8793419991805705,104.78114397100623,108.22810126798097,False,0.0,0.95
2,4.5|9,86113.31463875502,85933.31463875502,180.0,0.16961318969383438,0.5659747905457079,family_four:9;family_three:9;single_average:4.5;single_low:4.5;two_person_average:9;two_person_low:9,131.72283857071307,baseline,False,58.18032285434161,131.72283857071116,1.2002712363371166,129.37035017581104,134.07532696561128,False,0.0,0.95
2,3|10,86215.22271075193,86035.22271075193,180.0,0.47024907497696256,0.5344053017607644,family_four:10;family_three:10;single_average:10;single_low:3;two_person_average:10;two_person_low:10,233.63091056761914,baseline,False,57.47554516633147,233.63091056763528,1.419427176572245,230.8488844228763,236.41293671239427,False,0.0,0.95
2,3|9,86241.14357952191,86061.14357952191,180.0,0.3312493619865329,0.5562182788430463,family_four:9;family_three:9;single_average:9;single_low:3;two_person_average:9;two_person_low:9,259.5517793376057,baseline,False,57.90875444430752,259.5517793376159,1.5309432969618277,256.55118561319773,262.5523730620341,False,0.0,0.95
2,2.4|10,86299.32963683794,86119.32963683794,180.0,0.46192779211977897,0.5413225996138219,family_four:10;family_three:10;single_average:10;single_low:2.4;two_person_average:10;two_person_low:10,317.7378366536286,baseline,False,57.54509408025513,317.7378366536304,1.5691576020163196,314.66234426761116,320.8133290396496,False,0.0,0.95
2,9|10,86309.20720863971,86129.20720863971,180.0,0.7689244847134442,0.5191025726310353,family_four:10;family_three:10;single_average:9;single_low:9;two_person_average:10;two_person_low:9,327.61540845540003,baseline,False,57.58113207450106,327.61540845542754,1.5697223704611483,324.53880914359684,330.69200776725825,False,0.0,0.95
2,2.4|9,86325.2505056079,86145.2505056079,180.0,0.32292807912934923,0.5631355766961039,family_four:9;family_three:9;single_average:9;single_low:2.4;two_person_average:9;two_person_low:9,343.65870542358607,baseline,False,57.978742458812626,343.65870542361114,1.703656281266942,340.31960047029247,346.9978103769298,False,0.0,0.95
2,2.25|10,86328.76248655978,86148.76248655978,180.0,0.46120998089334053,0.5436315473535932,family_four:10;family_three:10;single_average:10;single_low:2.25;two_person_average:10;two_person_low:10,347.1706863754662,baseline,False,57.547199874183065,347.1706863754678,1.6174141424123025,344.00061290825397,350.3407598426817,False,0.0,0.95
2,2.25|9,86354.68335532973,86174.68335532973,180.0,0.32221026790291085,0.5654445244358752,family_four:9;family_three:9;single_average:9;single_low:2.25;two_person_average:9;two_person_low:9,373.0915551454236,baseline,False,57.97975739658923,373.09155514544824,1.7121762938042422,369.73575127440864,376.44735901648784,False,0.0,0.95
2,2.1|10,86361.02955550238,86181.02955550238,180.0,0.460810187131812,0.5461444927486122,family_four:10;family_three:10;single_average:10;single_low:2.1;two_person_average:10;two_person_low:10,379.4377553180675,baseline,False,57.55316178086981,379.43775531807734,1.682615852930503,376.1398888465174,382.73562178963726,False,0.0,0.95
2,2|10,86383.84399618683,86203.84399618683,180.0,0.4606950226848081,0.5480383527888558,family_four:10;family_three:10;single_average:10;single_low:2;two_person_average:10;two_person_low:10,402.25219600251876,baseline,False,57.54727187419235,402.252196002518,1.6970174683708426,398.92610288337585,405.5782891216602,False,0.0,0.95
2,2.1|9,86386.95042427236,86206.95042427236,180.0,0.32181047414138225,0.567957469830894,family_four:9;family_three:9;single_average:9;single_low:2.1;two_person_average:9;two_person_low:9,405.35862408805406,baseline,False,57.98549639452388,405.3586240880579,1.7680559939439187,401.8932980172777,408.82395015883816,False,0.0,0.95
2,2|9,86409.76486495679,86229.76486495679,180.0,0.3216953096943784,0.5698513298711378,family_four:9;family_three:9;single_average:9;single_low:2;two_person_average:9;two_person_low:9,428.1730647724762,baseline,False,57.980175834183534,428.17306477249804,1.7987836538627984,424.6475135949476,431.69861595004846,False,0.0,0.95
2,1.8|10,86437.85607867865,86257.85607867865,180.0,0.46055850753168814,0.5522670122232505,family_four:10;family_three:10;single_average:10;single_low:1.8;two_person_average:10;two_person_low:10,456.2642784943455,baseline,False,57.58713578926662,456.26427849435146,1.8047617443334942,452.7270104747821,459.8015465139208,False,0.0,0.95
2,1.8|9,86452.47454554224,86272.47454554224,180.0,0.7554043665973891,0.5366372582483311,family_four:9;family_three:9;single_average:9;single_low:9;two_person_average:9;two_person_low:9,470.8827453579288,baseline,False,57.81192604882243,470.88274535793784,1.698468587762124,467.55380809705144,474.2116826188242,False,0.0,0.95
2,4.5|5,87861.02603143877,87681.02603143877,180.0,0.09332461553765876,0.7033003207657932,family_four:5;family_three:5;single_average:5;single_low:4.5;two_person_average:5;two_person_low:5,1879.4342312544613,baseline,False,59.597499849925505,1879.4342312544748,2.0801147303193868,1875.3572812993375,1883.511181209612,False,0.0,0.95
2,1.8|5,87871.07740666858,87691.07740666858,180.0,0.12753751534756197,0.7013790504620875,family_four:5;family_three:5;single_average:5;single_low:5;two_person_average:5;two_person_low:5,1889.4856064842752,baseline,False,59.59845774380919,1889.4856064842872,2.033492672579491,1885.5000340832053,1893.4711788853692,False,0.0,0.95
2,2|5,87871.07740666858,87691.07740666858,180.0,0.12753751534756197,0.7013790504620875,family_four:5;family_three:5;single_average:5;single_low:5;two_person_average:5;two_person_low:5,1889.4856064842752,baseline,False,59.59845774380919,1889.4856064842872,2.033492672579491,1885.5000340832053,1893.4711788853692,False,0.0,0.95
2,2.1|5,87871.07740666858,87691.07740666858,180.0,0.12753751534756197,0.7013790504620875,family_four:5;family_three:5;single_average:5;single_low:5;two_person_average:5;two_person_low:5,1889.4856064842752,baseline,False,59.59845774380919,1889.4856064842872,2.033492672579491,1885.5000340832053,1893.4711788853692,False,0.0,0.95
2,2.25|5,87871.07740666858,87691.07740666858,180.0,0.12753751534756197,0.7013790504620875,family_four:5;family_three:5;single_average:5;single_low:5;two_person_average:5;two_person_low:5,1889.4856064842752,baseline,False,59.59845774380919,1889.4856064842872,2.033492672579491,1885.5000340832053,1893.4711788853692,False,0.0,0.95
2,2.4|5,87871.07740666858,87691.07740666858,180.0,0.12753751534756197,0.7013790504620875,family_four:5;family_three:5;single_average:5;single_low:5;two_person_average:5;two_person_low:5,1889.4856064842752,baseline,False,59.59845774380919,1889.4856064842872,2.033492672579491,1885.5000340832053,1893.4711788853692,False,0.0,0.95
2,3|5,87871.07740666858,87691.07740666858,180.0,0.12753751534756197,0.7013790504620875,family_four:5;family_three:5;single_average:5;single_low:5;two_person_average:5;two_person_low:5,1889.4856064842752,baseline,False,59.59845774380919,1889.4856064842872,2.033492672579491,1885.5000340832053,1893.4711788853692,False,0.0,0.95
2,1.8|4.5,88320.16744215565,88140.16744215565,180.0,0.08450804367426554,0.738377424004207,family_four:4.5;family_three:4.5;single_average:4.5;single_low:4.5;two_person_average:4.5;two_person_low:4.5,2338.5756419713434,baseline,False,60.008099746415674,2338.57564197135,2.506695611639257,2333.662608852332,2343.4886750903675,False,0.0,0.95
2,2|4.5,88320.16744215565,88140.16744215565,180.0,0.08450804367426554,0.738377424004207,family_four:4.5;family_three:4.5;single_average:4.5;single_low:4.5;two_person_average:4.5;two_person_low:4.5,2338.5756419713434,baseline,False,60.008099746415674,2338.57564197135,2.506695611639257,2333.662608852332,2343.4886750903675,False,0.0,0.95
2,2.1|4.5,88320.16744215565,88140.16744215565,180.0,0.08450804367426554,0.738377424004207,family_four:4.5;family_three:4.5;single_average:4.5;single_low:4.5;two_person_average:4.5;two_person_low:4.5,2338.5756419713434,baseline,False,60.008099746415674,2338.57564197135,2.506695611639257,2333.662608852332,2343.4886750903675,False,0.0,0.95
2,2.25|4.5,88320.16744215565,88140.16744215565,180.0,0.08450804367426554,0.738377424004207,family_four:4.5;family_three:4.5;single_average:4.5;single_low:4.5;two_person_average:4.5;two_person_low:4.5,2338.5756419713434,baseline,False,60.008099746415674,2338.57564197135,2.506695611639257,2333.662608852332,2343.4886750903675,False,0.0,0.95
2,2.4|4.5,88320.16744215565,88140.16744215565,180.0,0.08450804367426554,0.738377424004207,family_four:4.5;family_three:4.5;single_average:4.5;single_low:4.5;two_person_average:4.5;two_person_low:4.5,2338.5756419713434,baseline,False,60.008099746415674,2338.57564197135,2.506695611639257,2333.662608852332,2343.4886750903675,False,0.0,0.95
2,3|4.5,88320.16744215565,88140.16744215565,180.0,0.08450804367426554,0.738377424004207,family_four:4.5;family_three:4.5;single_average:4.5;single_low:4.5;two_person_average:4.5;two_person_low:4.5,2338.5756419713434,baseline,False,60.008099746415674,2338.57564197135,2.506695611639257,2333.662608852332,2343.4886750903675,False,0.0,0.95
2,1.8|3,90521.16756186167,90341.16756186167,180.0,0.009734815380715238,0.9090553621100282,family_four:3;family_three:3;single_average:3;single_low:3;two_person_average:3;two_person_low:3,4539.575761677363,baseline,False,61.64206714668773,4539.575761677362,3.9778179954120283,4531.779381669299,4547.372141685424,False,0.0,0.95
2,2|3,90521.16756186167,90341.16756186167,180.0,0.009734815380715238,0.9090553621100282,family_four:3;family_three:3;single_average:3;single_low:3;two_person_average:3;two_person_low:3,4539.575761677363,baseline,False,61.64206714668773,4539.575761677362,3.9778179954120283,4531.779381669299,4547.372141685424,False,0.0,0.95
2,2.1|3,90521.16756186167,90341.16756186167,180.0,0.009734815380715238,0.9090553621100282,family_four:3;family_three:3;single_average:3;single_low:3;two_person_average:3;two_person_low:3,4539.575761677363,baseline,False,61.64206714668773,4539.575761677362,3.9778179954120283,4531.779381669299,4547.372141685424,False,0.0,0.95
2,2.25|3,90521.16756186167,90341.16756186167,180.0,0.009734815380715238,0.9090553621100282,family_four:3;family_three:3;single_average:3;single_low:3;two_person_average:3;two_person_low:3,4539.575761677363,baseline,False,61.64206714668773,4539.575761677362,3.9778179954120283,4531.779381669299,4547.372141685424,False,0.0,0.95
2,2.4|3,90521.16756186167,90341.16756186167,180.0,0.009734815380715238,0.9090553621100282,family_four:3;family_three:3;single_average:3;single_low:3;two_person_average:3;two_person_low:3,4539.575761677363,baseline,False,61.64206714668773,4539.575761677362,3.9778179954120283,4531.779381669299,4547.372141685424,False,0.0,0.95
2,1.8|2.4,92055.46105248039,91875.46105248039,180.0,0.0014077108416776169,1.0261761227456516,family_four:2.4;family_three:2.4;single_average:2.4;single_low:2.4;two_person_average:2.4;two_person_low:2.4,6073.869252296077,baseline,False,62.71460245061083,6073.869252296073,5.038685884150233,6063.993609433728,6083.744895158417,False,0.0,0.95
2,2|2.4,92055.46105248039,91875.46105248039,180.0,0.0014077108416776169,1.0261761227456516,family_four:2.4;family_three:2.4;single_average:2.4;single_low:2.4;two_person_average:2.4;two_person_low:2.4,6073.869252296077,baseline,False,62.71460245061083,6073.869252296073,5.038685884150233,6063.993609433728,6083.744895158417,False,0.0,0.95
2,2.1|2.4,92055.46105248039,91875.46105248039,180.0,0.0014077108416776169,1.0261761227456516,family_four:2.4;family_three:2.4;single_average:2.4;single_low:2.4;two_person_average:2.4;two_person_low:2.4,6073.869252296077,baseline,False,62.71460245061083,6073.869252296073,5.038685884150233,6063.993609433728,6083.744895158417,False,0.0,0.95
2,2.25|2.4,92055.46105248039,91875.46105248039,180.0,0.0014077108416776169,1.0261761227456516,family_four:2.4;family_three:2.4;single_average:2.4;single_low:2.4;two_person_average:2.4;two_person_low:2.4,6073.869252296077,baseline,False,62.71460245061083,6073.869252296073,5.038685884150233,6063.993609433728,6083.744895158417,False,0.0,0.95
2,1.8|2.25,92549.47053201894,92369.47053201894,180.0,0.0006898996152392388,1.0638836701742425,family_four:2.25;family_three:2.25;single_average:2.25;single_low:2.25;two_person_average:2.25;two_person_low:2.25,6567.878731834629,baseline,False,63.09604848872002,6567.878731834632,5.419580945990391,6557.2565483691915,6578.500915300073,False,0.0,0.95
2,2|2.25,92549.47053201894,92369.47053201894,180.0,0.0006898996152392388,1.0638836701742425,family_four:2.25;family_three:2.25;single_average:2.25;single_low:2.25;two_person_average:2.25;two_person_low:2.25,6567.878731834629,baseline,False,63.09604848872002,6567.878731834632,5.419580945990391,6557.2565483691915,6578.500915300073,False,0.0,0.95
2,2.1|2.25,92549.47053201894,92369.47053201894,180.0,0.0006898996152392388,1.0638836701742425,family_four:2.25;family_three:2.25;single_average:2.25;single_low:2.25;two_person_average:2.25;two_person_low:2.25,6567.878731834629,baseline,False,63.09604848872002,6567.878731834632,5.419580945990391,6557.2565483691915,6578.500915300073,False,0.0,0.95
2,1.8|2.1,93101.66326993037,92921.66326993037,180.0,0.0002901058537106464,1.1060243203947575,family_four:2.1;family_three:2.1;single_average:2.1;single_low:2.1;two_person_average:2.1;two_person_low:2.1,7120.071469746064,baseline,False,63.4471796486047,7120.071469746069,5.762651840508803,7108.776879683228,7131.36605980891,False,0.0,0.95
2,2|2.1,93101.66326993037,92921.66326993037,180.0,0.0002901058537106464,1.1060243203947575,family_four:2.1;family_three:2.1;single_average:2.1;single_low:2.1;two_person_average:2.1;two_person_low:2.1,7120.071469746064,baseline,False,63.4471796486047,7120.071469746069,5.762651840508803,7108.776879683228,7131.36605980891,False,0.0,0.95
2,1.8|2,93520.92763110335,93340.92763110335,180.0,0.00017494140670677838,1.137124490139097,family_four:2;family_three:2;single_average:2;single_low:2;two_person_average:2;two_person_low:2,7539.335830919037,baseline,False,63.71480889638036,7539.335830919037,6.016299834664576,7527.5440999229,7551.127561915174,False,0.0,0.95
3,5|9|10,86124.82908590129,85764.82908590129,360.0,0.22601404635136013,0.5427628558954029,family_four:10;family_three:10;single_average:5;single_low:5;two_person_average:10;two_person_low:9,143.23728571698302,baseline,False,57.87374382901732,0.0,0.0,0.0,0.0,True,0.984375,0.95
3,4.5|9|10,86150.0473018525,85790.0473018525,360.0,0.18313330780988962,0.5484401049284121,family_four:10;family_three:10;single_average:4.5;single_low:4.5;two_person_average:10;two_person_low:9,168.4555016681843,baseline,False,57.949891721765574,25.218215951217264,0.7618699596108732,23.724978269476967,26.71145363295756,False,0.005208333333333333,0.95
3,4.5|5|10,86151.5404249545,85791.5404249545,360.0,0.23859732384709614,0.5423874669471025,family_four:10;family_three:10;single_average:5;single_low:4.5;two_person_average:10;two_person_low:10,169.94862477018614,baseline,False,57.803186533076726,26.711339053203044,0.8128024197539616,25.11827558393827,28.304402522467818,False,0.010416666666666666,0.95
3,1.8|5|10,86161.59180018431,85801.59180018431,360.0,0.27281022365699936,0.5404661966433969,family_four:10;family_three:10;single_average:5;single_low:5;two_person_average:10;two_person_low:10,180.0,baseline,False,57.80271838224558,36.76271428301637,0.5441290149594746,35.696241010752544,37.8291875552802,False,0.0,0.95
3,2|5|10,86161.59180018431,85801.59180018431,360.0,0.27281022365699936,0.5404661966433969,family_four:10;family_three:10;single_average:5;single_low:5;two_person_average:10;two_person_low:10,180.0,baseline,True,57.80271838224558,36.76271428301637,0.5441290149594746,35.696241010752544,37.8291875552802,False,0.0,0.95
3,2.1|5|10,86161.59180018431,85801.59180018431,360.0,0.27281022365699936,0.5404661966433969,family_four:10;family_three:10;single_average:5;single_low:5;two_person_average:10;two_person_low:10,180.0,baseline,False,57.80271838224558,36.76271428301637,0.5441290149594746,35.696241010752544,37.8291875552802,False,0.0,0.95
3,2.25|5|10,86161.59180018431,85801.59180018431,360.0,0.27281022365699936,0.5404661966433969,family_four:10;family_three:10;single_average:5;single_low:5;two_person_average:10;two_person_low:10,180.0,baseline,False,57.80271838224558,36.76271428301637,0.5441290149594746,35.696241010752544,37.8291875552802,False,0.0,0.95
3,2.4|5|10,86161.59180018431,85801.59180018431,360.0,0.27281022365699936,0.5404661966433969,family_four:10;family_three:10;single_average:5;single_low:5;two_person_average:10;two_person_low:10,180.0,baseline,False,57.80271838224558,36.76271428301637,0.5441290149594746,35.696241010752544,37.8291875552802,False,0.0,0.95
3,3|5|10,86161.59180018431,85801.59180018431,360.0,0.27281022365699936,0.5404661966433969,family_four:10;family_three:10;single_average:5;single_low:5;two_person_average:10;two_person_low:10,180.0,baseline,False,57.80271838224558,36.76271428301637,0.5441290149594746,35.696241010752544,37.8291875552802,False,0.0,0.95
3,1.8|4.5|10,86186.81001613551,85826.81001613551,360.0,0.22992948511552885,0.5461434456764062,family_four:10;family_three:10;single_average:4.5;single_low:4.5;two_person_average:10;two_person_low:10,205.21821595120127,baseline,False,57.87882696578521,61.98093023423295,0.9279843752773271,60.16211428047349,63.79974618799241,False,0.0,0.95
3,2|4.5|10,86186.81001613551,85826.81001613551,360.0,0.22992948511552885,0.5461434456764062,family_four:10;family_three:10;single_average:4.5;single_low:4.5;two_person_average:10;two_person_low:10,205.21821595120127,baseline,False,57.87882696578521,61.98093023423295,0.9279843752773271,60.16211428047349,63.79974618799241,False,0.0,0.95
3,2.1|4.5|10,86186.81001613551,85826.81001613551,360.0,0.22992948511552885,0.5461434456764062,family_four:10;family_three:10;single_average:4.5;single_low:4.5;two_person_average:10;two_person_low:10,205.21821595120127,baseline,False,57.87882696578521,61.98093023423295,0.9279843752773271,60.16211428047349,63.79974618799241,False,0.0,0.95
3,2.25|4.5|10,86186.81001613551,85826.81001613551,360.0,0.22992948511552885,0.5461434456764062,family_four:10;family_three:10;single_average:4.5;single_low:4.5;two_person_average:10;two_person_low:10,205.21821595120127,baseline,False,57.87882696578521,61.98093023423295,0.9279843752773271,60.16211428047349,63.79974618799241,False,0.0,0.95
3,2.4|4.5|10,86186.81001613551,85826.81001613551,360.0,0.22992948511552885,0.5461434456764062,family_four:10;family_three:10;single_average:4.5;single_low:4.5;two_person_average:10;two_person_low:10,205.21821595120127,baseline,False,57.87882696578521,61.98093023423295,0.9279843752773271,60.16211428047349,63.79974618799241,False,0.0,0.95
3,3|4.5|10,86186.81001613551,85826.81001613551,360.0,0.22992948511552885,0.5461434456764062,family_four:10;family_three:10;single_average:4.5;single_low:4.5;two_person_average:10;two_person_low:10,205.21821595120127,baseline,False,57.87882696578521,61.98093023423295,0.9279843752773271,60.16211428047349,63.79974618799241,False,0.0,0.95
3,4.5|5|9,86258.04504757398,85898.04504757398,360.0,0.17828102842540167,0.5622188118164042,family_four:9;family_three:9;single_average:5;single_low:4.5;two_person_average:9;two_person_low:9,276.45324738966883,baseline,False,58.104590553622096,133.21596167269664,0.9164621373138097,131.41972889036697,135.0121944550263,False,0.0,0.95
3,1.8|5|9,86268.09642280379,85908.09642280379,360.0,0.21249392823530483,0.5602975415126986,family_four:9;family_three:9;single_average:5;single_low:5;two_person_average:9;two_person_low:9,286.5046226194827,baseline,False,58.103860852988205,143.26733690250998,0.6668246248481668,141.96038465380315,144.57428915121682,False,0.0,0.95
3,2|5|9,86268.09642280379,85908.09642280379,360.0,0.21249392823530483,0.5602975415126986,family_four:9;family_three:9;single_average:5;single_low:5;two_person_average:9;two_person_low:9,286.5046226194827,baseline,False,58.103860852988205,143.26733690250998,0.6668246248481668,141.96038465380315,144.57428915121682,False,0.0,0.95
3,2.1|5|9,86268.09642280379,85908.09642280379,360.0,0.21249392823530483,0.5602975415126986,family_four:9;family_three:9;single_average:5;single_low:5;two_person_average:9;two_person_low:9,286.5046226194827,baseline,False,58.103860852988205,143.26733690250998,0.6668246248481668,141.96038465380315,144.57428915121682,False,0.0,0.95
3,2.25|5|9,86268.09642280379,85908.09642280379,360.0,0.21249392823530483,0.5602975415126986,family_four:9;family_three:9;single_average:5;single_low:5;two_person_average:9;two_person_low:9,286.5046226194827,baseline,False,58.103860852988205,143.26733690250998,0.6668246248481668,141.96038465380315,144.57428915121682,False,0.0,0.95
3,2.4|5|9,86268.09642280379,85908.09642280379,360.0,0.21249392823530483,0.5602975415126986,family_four:9;family_three:9;single_average:5;single_low:5;two_person_average:9;two_person_low:9,286.5046226194827,baseline,False,58.103860852988205,143.26733690250998,0.6668246248481668,141.96038465380315,144.57428915121682,False,0.0,0.95
3,3|5|9,86268.09642280379,85908.09642280379,360.0,0.21249392823530483,0.5602975415126986,family_four:9;family_three:9;single_average:5;single_low:5;two_person_average:9;two_person_low:9,286.5046226194827,baseline,False,58.103860852988205,143.26733690250998,0.6668246248481668,141.96038465380315,144.57428915121682,False,0.0,0.95
3,3|9|10,86277.87624261939,85917.87624261939,360.0,0.3447694801025881,0.5386835932257505,family_four:10;family_three:10;single_average:9;single_low:3;two_person_average:10;two_person_low:9,296.2844424350769,baseline,False,57.67862399246453,153.04715671812218,1.3189397000865206,150.46208240817253,155.63223102807183,False,0.0,0.95
3,1.8|4.5|9,86293.31463875502,85933.31463875502,360.0,0.16961318969383438,0.5659747905457079,family_four:9;family_three:9;single_average:4.5;single_low:4.5;two_person_average:9;two_person_low:9,311.72283857071307,baseline,False,58.18032285434161,168.48555285372754,1.0472328060369285,166.43301427046634,170.53809143698874,False,0.0,0.95
3,2|4.5|9,86293.31463875502,85933.31463875502,360.0,0.16961318969383438,0.5659747905457079,family_four:9;family_three:9;single_average:4.5;single_low:4.5;two_person_average:9;two_person_low:9,311.72283857071307,baseline,False,58.18032285434161,168.48555285372754,1.0472328060369285,166.43301427046634,170.53809143698874,False,0.0,0.95
3,2.1|4.5|9,86293.31463875502,85933.31463875502,360.0,0.16961318969383438,0.5659747905457079,family_four:9;family_three:9;single_average:4.5;single_low:4.5;two_person_average:9;two_person_low:9,311.72283857071307,baseline,False,58.18032285434161,168.48555285372754,1.0472328060369285,166.43301427046634,170.53809143698874,False,0.0,0.95
3,2.25|4.5|9,86293.31463875502,85933.31463875502,360.0,0.16961318969383438,0.5659747905457079,family_four:9;family_three:9;single_average:4.5;single_low:4.5;two_person_average:9;two_person_low:9,311.72283857071307,baseline,False,58.18032285434161,168.48555285372754,1.0472328060369285,166.43301427046634,170.53809143698874,False,0.0,0.95
3,2.4|4.5|9,86293.31463875502,85933.31463875502,360.0,0.16961318969383438,0.5659747905457079,family_four:9;family_three:9;single_average:4.5;single_low:4.5;two_person_average:9;two_person_low:9,311.72283857071307,baseline,False,58.18032285434161,168.48555285372754,1.0472328060369285,166.43301427046634,170.53809143698874,False,0.0,0.95
3,3|4.5|9,86293.31463875502,85933.31463875502,360.0,0.16961318969383438,0.5659747905457079,family_four:9;family_three:9;single_average:4.5;single_low:4.5;two_person_average:9;two_person_low:9,311.72283857071307,baseline,False,58.18032285434161,168.48555285372754,1.0472328060369285,166.43301427046634,170.53809143698874,False,0.0,0.95
3,2.4|9|10,86361.9831687054,86001.9831687054,360.0,0.3364481972454045,0.5456008910788082,family_four:10;family_three:10;single_average:9;single_low:2.4;two_person_average:10;two_person_low:9,380.3913685210864,baseline,False,57.74844961181398,237.15408280411734,1.4857121477620778,234.24214050311002,240.06602510512465,False,0.0,0.95
3,2.25|9|10,86391.41601842723,86031.41601842723,360.0,0.3357303860189661,0.5479098388185795,family_four:10;family_three:10;single_average:9;single_low:2.25;two_person_average:10;two_person_low:9,409.82421824292396,baseline,False,57.74949169525583,266.5869325259543,1.5220640606597766,263.6037417848983,269.5701232670103,False,0.0,0.95
3,1.8|3|10,86395.22271075193,86035.22271075193,360.0,0.47024907497696256,0.5344053017607644,family_four:10;family_three:10;single_average:10;single_low:3;two_person_average:10;two_person_low:10,413.63091056761914,baseline,False,57.47554516633147,270.39362485065163,1.5318080379564283,267.3913362650281,273.3959134362752,False,0.0,0.95
3,2|3|10,86395.22271075193,86035.22271075193,360.0,0.47024907497696256,0.5344053017607644,family_four:10;family_three:10;single_average:10;single_low:3;two_person_average:10;two_person_low:10,413.63091056761914,baseline,False,57.47554516633147,270.39362485065163,1.5318080379564283,267.3913362650281,273.3959134362752,False,0.0,0.95
3,2.1|3|10,86395.22271075193,86035.22271075193,360.0,0.47024907497696256,0.5344053017607644,family_four:10;family_three:10;single_average:10;single_low:3;two_person_average:10;two_person_low:10,413.63091056761914,baseline,False,57.47554516633147,270.39362485065163,1.5318080379564283,267.3913362650281,273.3959134362752,False,0.0,0.95
3,2.25|3|10,86395.22271075193,86035.22271075193,360.0,0.47024907497696256,0.5344053017607644,family_four:10;family_three:10;single_average:10;single_low:3;two_person_average:10;two_person_low:10,413.63091056761914,baseline,False,57.47554516633147,270.39362485065163,1.5318080379564283,267.3913362650281,273.3959134362752,False,0.0,0.95
3,2.4|3|10,86395.22271075193,86035.22271075193,360.0,0.47024907497696256,0.5344053017607644,family_four:10;family_three:10;single_average:10;single_low:3;two_person_average:10;two_person_low:10,413.63091056761914,baseline,False,57.47554516633147,270.39362485065163,1.5318080379564283,267.3913362650281,273.3959134362752,False,0.0,0.95
3,1.8|3|9,86421.14357952191,86061.14357952191,360.0,0.3312493619865329,0.5562182788430463,family_four:9;family_three:9;single_average:9;single_low:3;two_person_average:9;two_person_low:9,439.5517793376057,baseline,False,57.90875444430752,296.3144936206323,1.4477608238504742,293.4769345476573,299.15205269360723,False,0.0,0.95
3,2|3|9,86421.14357952191,86061.14357952191,360.0,0.3312493619865329,0.5562182788430463,family_four:9;family_three:9;single_average:9;single_low:3;two_person_average:9;two_person_low:9,439.5517793376057,baseline,False,57.90875444430752,296.3144936206323,1.4477608238504742,293.4769345476573,299.15205269360723,False,0.0,0.95
3,2.1|3|9,86421.14357952191,86061.14357952191,360.0,0.3312493619865329,0.5562182788430463,family_four:9;family_three:9;single_average:9;single_low:3;two_person_average:9;two_person_low:9,439.5517793376057,baseline,False,57.90875444430752,296.3144936206323,1.4477608238504742,293.4769345476573,299.15205269360723,False,0.0,0.95
3,2.25|3|9,86421.14357952191,86061.14357952191,360.0,0.3312493619865329,0.5562182788430463,family_four:9;family_three:9;single_average:9;single_low:3;two_person_average:9;two_person_low:9,439.5517793376057,baseline,False,57.90875444430752,296.3144936206323,1.4477608238504742,293.4769345476573,299.15205269360723,False,0.0,0.95
3,2.4|3|9,86421.14357952191,86061.14357952191,360.0,0.3312493619865329,0.5562182788430463,family_four:9;family_three:9;single_average:9;single_low:3;two_person_average:9;two_person_low:9,439.5517793376057,baseline,False,57.90875444430752,296.3144936206323,1.4477608238504742,293.4769345476573,299.15205269360723,False,0.0,0.95
3,2.1|9|10,86423.68308736983,86063.68308736983,360.0,0.3353305922574375,0.5504227842135984,family_four:10;family_three:10;single_average:9;single_low:2.1;two_person_average:10;two_person_low:9,442.0912871855253,baseline,False,57.75541836963408,298.8540014685646,1.581847898033324,295.7536365593989,301.9543663777303,False,0.0,0.95
3,2|9|10,86446.49752805429,86086.49752805429,360.0,0.3352154278104337,0.5523166442538421,family_four:10;family_three:10;single_average:9;single_low:2;two_person_average:10;two_person_low:9,464.90572786997654,baseline,False,57.74991363292555,321.6684421530049,1.6188101703476308,318.4956325213164,324.8412517846934,False,0.0,0.95
3,1.8|2.4|10,86479.32963683794,86119.32963683794,360.0,0.46192779211977897,0.5413225996138219,family_four:10;family_three:10;single_average:10;single_low:2.4;two_person_average:10;two_person_low:10,497.7378366536286,baseline,False,57.54509408025513,354.50055093664673,1.6595084070232051,351.2479742268398,357.75312764645366,False,0.0,0.95
3,2|2.4|10,86479.32963683794,86119.32963683794,360.0,0.46192779211977897,0.5413225996138219,family_four:10;family_three:10;single_average:10;single_low:2.4;two_person_average:10;two_person_low:10,497.7378366536286,baseline,False,57.54509408025513,354.50055093664673,1.6595084070232051,351.2479742268398,357.75312764645366,False,0.0,0.95
3,2.1|2.4|10,86479.32963683794,86119.32963683794,360.0,0.46192779211977897,0.5413225996138219,family_four:10;family_three:10;single_average:10;single_low:2.4;two_person_average:10;two_person_low:10,497.7378366536286,baseline,False,57.54509408025513,354.50055093664673,1.6595084070232051,351.2479742268398,357.75312764645366,False,0.0,0.95
3,2.25|2.4|10,86479.32963683794,86119.32963683794,360.0,0.46192779211977897,0.5413225996138219,family_four:10;family_three:10;single_average:10;single_low:2.4;two_person_average:10;two_person_low:10,497.7378366536286,baseline,False,57.54509408025513,354.50055093664673,1.6595084070232051,351.2479742268398,357.75312764645366,False,0.0,0.95
3,1.8|9|10,86489.20720863971,86129.20720863971,360.0,0.7689244847134442,0.5191025726310353,family_four:10;family_three:10;single_average:9;single_low:9;two_person_average:10;two_person_low:9,507.61540845540003,baseline,False,57.58113207450106,364.3781227384439,1.4924860244583227,361.4529038830762,367.3033415938116,False,0.0,0.95
3,1.8|2.4|9,86505.2505056079,86145.2505056079,360.0,0.32292807912934923,0.5631355766961039,family_four:9;family_three:9;single_average:9;single_low:2.4;two_person_average:9;two_person_low:9,523.6587054235861,baseline,False,57.978742458812626,380.42141970662755,1.6170092661216378,377.2521397823616,383.5906996308935,False,0.0,0.95
3,2|2.4|9,86505.2505056079,86145.2505056079,360.0,0.32292807912934923,0.5631355766961039,family_four:9;family_three:9;single_average:9;single_low:2.4;two_person_average:9;two_person_low:9,523.6587054235861,baseline,False,57.978742458812626,380.42141970662755,1.6170092661216378,377.2521397823616,383.5906996308935,False,0.0,0.95
3,2.1|2.4|9,86505.2505056079,86145.2505056079,360.0,0.32292807912934923,0.5631355766961039,family_four:9;family_three:9;single_average:9;single_low:2.4;two_person_average:9;two_person_low:9,523.6587054235861,baseline,False,57.978742458812626,380.42141970662755,1.6170092661216378,377.2521397823616,383.5906996308935,False,0.0,0.95
3,2.25|2.4|9,86505.2505056079,86145.2505056079,360.0,0.32292807912934923,0.5631355766961039,family_four:9;family_three:9;single_average:9;single_low:2.4;two_person_average:9;two_person_low:9,523.6587054235861,baseline,False,57.978742458812626,380.42141970662755,1.6170092661216378,377.2521397823616,383.5906996308935,False,0.0,0.95
3,1.8|2.25|10,86508.76248655978,86148.76248655978,360.0,0.46120998089334053,0.5436315473535932,family_four:10;family_three:10;single_average:10;single_low:2.25;two_person_average:10;two_person_low:10,527.1706863754662,baseline,False,57.547199874183065,383.93340065848423,1.727804599277582,380.5469658715775,387.31983544539094,False,0.0,0.95
3,2|2.25|10,86508.76248655978,86148.76248655978,360.0,0.46120998089334053,0.5436315473535932,family_four:10;family_three:10;single_average:10;single_low:2.25;two_person_average:10;two_person_low:10,527.1706863754662,baseline,False,57.547199874183065,383.93340065848423,1.727804599277582,380.5469658715775,387.31983544539094,False,0.0,0.95
3,2.1|2.25|10,86508.76248655978,86148.76248655978,360.0,0.46120998089334053,0.5436315473535932,family_four:10;family_three:10;single_average:10;single_low:2.25;two_person_average:10;two_person_low:10,527.1706863754662,baseline,False,57.547199874183065,383.93340065848423,1.727804599277582,380.5469658715775,387.31983544539094,False,0.0,0.95
3,1.8|2.25|9,86534.68335532973,86174.68335532973,360.0,0.32221026790291085,0.5654445244358752,family_four:9;family_three:9;single_average:9;single_low:2.25;two_person_average:9;two_person_low:9,553.0915551454236,baseline,False,57.97975739658923,409.85426942846465,1.6496634672812691,406.6209884459819,413.0875504109474,False,0.0,0.95
3,2|2.25|9,86534.68335532973,86174.68335532973,360.0,0.32221026790291085,0.5654445244358752,family_four:9;family_three:9;single_average:9;single_low:2.25;two_person_average:9;two_person_low:9,553.0915551454236,baseline,False,57.97975739658923,409.85426942846465,1.6496634672812691,406.6209884459819,413.0875504109474,False,0.0,0.95
3,2.1|2.25|9,86534.68335532973,86174.68335532973,360.0,0.32221026790291085,0.5654445244358752,family_four:9;family_three:9;single_average:9;single_low:2.25;two_person_average:9;two_person_low:9,553.0915551454236,baseline,False,57.97975739658923,409.85426942846465,1.6496634672812691,406.6209884459819,413.0875504109474,False,0.0,0.95
3,1.8|2.1|10,86541.02955550238,86181.02955550238,360.0,0.460810187131812,0.5461444927486122,family_four:10;family_three:10;single_average:10;single_low:2.1;two_person_average:10;two_person_low:10,559.4377553180675,baseline,False,57.55316178086981,416.20046960109374,1.7811597698697286,412.7094606014374,419.6914786007501,False,0.0,0.95
3,2|2.1|10,86541.02955550238,86181.02955550238,360.0,0.460810187131812,0.5461444927486122,family_four:10;family_three:10;single_average:10;single_low:2.1;two_person_average:10;two_person_low:10,559.4377553180675,baseline,False,57.55316178086981,416.20046960109374,1.7811597698697286,412.7094606014374,419.6914786007501,False,0.0,0.95
3,1.8|2|10,86563.84399618683,86203.84399618683,360.0,0.4606950226848081,0.5480383527888558,family_four:10;family_three:10;single_average:10;single_low:2;two_person_average:10;two_person_low:10,582.2521960025188,baseline,False,57.54727187419235,439.01491028553437,1.8024231881697041,435.4822257518219,442.54759481924685,False,0.0,0.95
3,1.8|2.1|9,86566.95042427236,86206.95042427236,360.0,0.32181047414138225,0.567957469830894,family_four:9;family_three:9;single_average:9;single_low:2.1;two_person_average:9;two_person_low:9,585.3586240880541,baseline,False,57.98549639452388,442.1213383710743,1.6993874437567826,438.7906001855314,445.45207655661716,False,0.0,0.95
3,2|2.1|9,86566.95042427236,86206.95042427236,360.0,0.32181047414138225,0.567957469830894,family_four:9;family_three:9;single_average:9;single_low:2.1;two_person_average:9;two_person_low:9,585.3586240880541,baseline,False,57.98549639452388,442.1213383710743,1.6993874437567826,438.7906001855314,445.45207655661716,False,0.0,0.95
3,1.8|2|9,86589.76486495679,86229.76486495679,360.0,0.3216953096943784,0.5698513298711378,family_four:9;family_three:9;single_average:9;single_low:2;two_person_average:9;two_person_low:9,608.1730647724762,baseline,False,57.980175834183534,464.9357790555144,1.7392657541928027,461.5268808177526,468.34467729327616,False,0.0,0.95
3,1.8|4.5|5,88041.02603143877,87681.02603143877,360.0,0.09332461553765876,0.7033003207657932,family_four:5;family_three:5;single_average:5;single_low:4.5;two_person_average:5;two_person_low:5,2059.4342312544613,baseline,False,59.597499849925505,1916.196945537491,1.9661654585589883,1912.3433320510687,1920.0505590239134,False,0.0,0.95
3,2|4.5|5,88041.02603143877,87681.02603143877,360.0,0.09332461553765876,0.7033003207657932,family_four:5;family_three:5;single_average:5;single_low:4.5;two_person_average:5;two_person_low:5,2059.4342312544613,baseline,False,59.597499849925505,1916.196945537491,1.9661654585589883,1912.3433320510687,1920.0505590239134,False,0.0,0.95
3,2.1|4.5|5,88041.02603143877,87681.02603143877,360.0,0.09332461553765876,0.7033003207657932,family_four:5;family_three:5;single_average:5;single_low:4.5;two_person_average:5;two_person_low:5,2059.4342312544613,baseline,False,59.597499849925505,1916.196945537491,1.9661654585589883,1912.3433320510687,1920.0505590239134,False,0.0,0.95
3,2.25|4.5|5,88041.02603143877,87681.02603143877,360.0,0.09332461553765876,0.7033003207657932,family_four:5;family_three:5;single_average:5;single_low:4.5;two_person_average:5;two_person_low:5,2059.4342312544613,baseline,False,59.597499849925505,1916.196945537491,1.9661654585589883,1912.3433320510687,1920.0505590239134,False,0.0,0.95
3,2.4|4.5|5,88041.02603143877,87681.02603143877,360.0,0.09332461553765876,0.7033003207657932,family_four:5;family_three:5;single_average:5;single_low:4.5;two_person_average:5;two_person_low:5,2059.4342312544613,baseline,False,59.597499849925505,1916.196945537491,1.9661654585589883,1912.3433320510687,1920.0505590239134,False,0.0,0.95
3,3|4.5|5,88041.02603143877,87681.02603143877,360.0,0.09332461553765876,0.7033003207657932,family_four:5;family_three:5;single_average:5;single_low:4.5;two_person_average:5;two_person_low:5,2059.4342312544613,baseline,False,59.597499849925505,1916.196945537491,1.9661654585589883,1912.3433320510687,1920.0505590239134,False,0.0,0.95
3,1.8|2|5,88051.07740666858,87691.07740666858,360.0,0.12753751534756197,0.7013790504620875,family_four:5;family_three:5;single_average:5;single_low:5;two_person_average:5;two_person_low:5,2069.485606484275,baseline,False,59.59845774380919,1926.2483207673038,1.9156025947452142,1922.4938086729117,1930.0028328616959,False,0.0,0.95
3,1.8|2.1|5,88051.07740666858,87691.07740666858,360.0,0.12753751534756197,0.7013790504620875,family_four:5;family_three:5;single_average:5;single_low:5;two_person_average:5;two_person_low:5,2069.485606484275,baseline,False,59.59845774380919,1926.2483207673038,1.9156025947452142,1922.4938086729117,1930.0028328616959,False,0.0,0.95
3,1.8|2.25|5,88051.07740666858,87691.07740666858,360.0,0.12753751534756197,0.7013790504620875,family_four:5;family_three:5;single_average:5;single_low:5;two_person_average:5;two_person_low:5,2069.485606484275,baseline,False,59.59845774380919,1926.2483207673038,1.9156025947452142,1922.4938086729117,1930.0028328616959,False,0.0,0.95
3,1.8|2.4|5,88051.07740666858,87691.07740666858,360.0,0.12753751534756197,0.7013790504620875,family_four:5;family_three:5;single_average:5;single_low:5;two_person_average:5;two_person_low:5,2069.485606484275,baseline,False,59.59845774380919,1926.2483207673038,1.9156025947452142,1922.4938086729117,1930.0028328616959,False,0.0,0.95
3,1.8|3|5,88051.07740666858,87691.07740666858,360.0,0.12753751534756197,0.7013790504620875,family_four:5;family_three:5;single_average:5;single_low:5;two_person_average:5;two_person_low:5,2069.485606484275,baseline,False,59.59845774380919,1926.2483207673038,1.9156025947452142,1922.4938086729117,1930.0028328616959,False,0.0,0.95
3,2|2.1|5,88051.07740666858,87691.07740666858,360.0,0.12753751534756197,0.7013790504620875,family_four:5;family_three:5;single_average:5;single_low:5;two_person_average:5;two_person_low:5,2069.485606484275,baseline,False,59.59845774380919,1926.2483207673038,1.9156025947452142,1922.4938086729117,1930.0028328616959,False,0.0,0.95
3,2|2.25|5,88051.07740666858,87691.07740666858,360.0,0.12753751534756197,0.7013790504620875,family_four:5;family_three:5;single_average:5;single_low:5;two_person_average:5;two_person_low:5,2069.485606484275,baseline,False,59.59845774380919,1926.2483207673038,1.9156025947452142,1922.4938086729117,1930.0028328616959,False,0.0,0.95
3,2|2.4|5,88051.07740666858,87691.07740666858,360.0,0.12753751534756197,0.7013790504620875,family_four:5;family_three:5;single_average:5;single_low:5;two_person_average:5;two_person_low:5,2069.485606484275,baseline,False,59.59845774380919,1926.2483207673038,1.9156025947452142,1922.4938086729117,1930.0028328616959,False,0.0,0.95
3,2|3|5,88051.07740666858,87691.07740666858,360.0,0.12753751534756197,0.7013790504620875,family_four:5;family_three:5;single_average:5;single_low:5;two_person_average:5;two_person_low:5,2069.485606484275,baseline,False,59.59845774380919,1926.2483207673038,1.9156025947452142,1922.4938086729117,1930.0028328616959,False,0.0,0.95
3,2.1|2.25|5,88051.07740666858,87691.07740666858,360.0,0.12753751534756197,0.7013790504620875,family_four:5;family_three:5;single_average:5;single_low:5;two_person_average:5;two_person_low:5,2069.485606484275,baseline,False,59.59845774380919,1926.2483207673038,1.9156025947452142,1922.4938086729117,1930.0028328616959,False,0.0,0.95
3,2.1|2.4|5,88051.07740666858,87691.07740666858,360.0,0.12753751534756197,0.7013790504620875,family_four:5;family_three:5;single_average:5;single_low:5;two_person_average:5;two_person_low:5,2069.485606484275,baseline,False,59.59845774380919,1926.2483207673038,1.9156025947452142,1922.4938086729117,1930.0028328616959,False,0.0,0.95
3,2.1|3|5,88051.07740666858,87691.07740666858,360.0,0.12753751534756197,0.7013790504620875,family_four:5;family_three:5;single_average:5;single_low:5;two_person_average:5;two_person_low:5,2069.485606484275,baseline,False,59.59845774380919,1926.2483207673038,1.9156025947452142,1922.4938086729117,1930.0028328616959,False,0.0,0.95
3,2.25|2.4|5,88051.07740666858,87691.07740666858,360.0,0.12753751534756197,0.7013790504620875,family_four:5;family_three:5;single_average:5;single_low:5;two_person_average:5;two_person_low:5,2069.485606484275,baseline,False,59.59845774380919,1926.2483207673038,1.9156025947452142,1922.4938086729117,1930.0028328616959,False,0.0,0.95
3,2.25|3|5,88051.07740666858,87691.07740666858,360.0,0.12753751534756197,0.7013790504620875,family_four:5;family_three:5;single_average:5;single_low:5;two_person_average:5;two_person_low:5,2069.485606484275,baseline,False,59.59845774380919,1926.2483207673038,1.9156025947452142,1922.4938086729117,1930.0028328616959,False,0.0,0.95
3,2.4|3|5,88051.07740666858,87691.07740666858,360.0,0.12753751534756197,0.7013790504620875,family_four:5;family_three:5;single_average:5;single_low:5;two_person_average:5;two_person_low:5,2069.485606484275,baseline,False,59.59845774380919,1926.2483207673038,1.9156025947452142,1922.4938086729117,1930.0028328616959,False,0.0,0.95
3,1.8|2|4.5,88500.16744215565,88140.16744215565,360.0,0.08450804367426554,0.738377424004207,family_four:4.5;family_three:4.5;single_average:4.5;single_low:4.5;two_person_average:4.5;two_person_low:4.5,2518.5756419713434,baseline,False,60.008099746415674,2375.3383562543663,2.4005057382767094,2370.6334514626624,2380.0432610460703,False,0.0,0.95
3,1.8|2.1|4.5,88500.16744215565,88140.16744215565,360.0,0.08450804367426554,0.738377424004207,family_four:4.5;family_three:4.5;single_average:4.5;single_low:4.5;two_person_average:4.5;two_person_low:4.5,2518.5756419713434,baseline,False,60.008099746415674,2375.3383562543663,2.4005057382767094,2370.6334514626624,2380.0432610460703,False,0.0,0.95
3,1.8|2.25|4.5,88500.16744215565,88140.16744215565,360.0,0.08450804367426554,0.738377424004207,family_four:4.5;family_three:4.5;single_average:4.5;single_low:4.5;two_person_average:4.5;two_person_low:4.5,2518.5756419713434,baseline,False,60.008099746415674,2375.3383562543663,2.4005057382767094,2370.6334514626624,2380.0432610460703,False,0.0,0.95
3,1.8|2.4|4.5,88500.16744215565,88140.16744215565,360.0,0.08450804367426554,0.738377424004207,family_four:4.5;family_three:4.5;single_average:4.5;single_low:4.5;two_person_average:4.5;two_person_low:4.5,2518.5756419713434,baseline,False,60.008099746415674,2375.3383562543663,2.4005057382767094,2370.6334514626624,2380.0432610460703,False,0.0,0.95
3,1.8|3|4.5,88500.16744215565,88140.16744215565,360.0,0.08450804367426554,0.738377424004207,family_four:4.5;family_three:4.5;single_average:4.5;single_low:4.5;two_person_average:4.5;two_person_low:4.5,2518.5756419713434,baseline,False,60.008099746415674,2375.3383562543663,2.4005057382767094,2370.6334514626624,2380.0432610460703,False,0.0,0.95
3,2|2.1|4.5,88500.16744215565,88140.16744215565,360.0,0.08450804367426554,0.738377424004207,family_four:4.5;family_three:4.5;single_average:4.5;single_low:4.5;two_person_average:4.5;two_person_low:4.5,2518.5756419713434,baseline,False,60.008099746415674,2375.3383562543663,2.4005057382767094,2370.6334514626624,2380.0432610460703,False,0.0,0.95
3,2|2.25|4.5,88500.16744215565,88140.16744215565,360.0,0.08450804367426554,0.738377424004207,family_four:4.5;family_three:4.5;single_average:4.5;single_low:4.5;two_person_average:4.5;two_person_low:4.5,2518.5756419713434,baseline,False,60.008099746415674,2375.3383562543663,2.4005057382767094,2370.6334514626624,2380.0432610460703,False,0.0,0.95
3,2|2.4|4.5,88500.16744215565,88140.16744215565,360.0,0.08450804367426554,0.738377424004207,family_four:4.5;family_three:4.5;single_average:4.5;single_low:4.5;two_person_average:4.5;two_person_low:4.5,2518.5756419713434,baseline,False,60.008099746415674,2375.3383562543663,2.4005057382767094,2370.6334514626624,2380.0432610460703,False,0.0,0.95
3,2|3|4.5,88500.16744215565,88140.16744215565,360.0,0.08450804367426554,0.738377424004207,family_four:4.5;family_three:4.5;single_average:4.5;single_low:4.5;two_person_average:4.5;two_person_low:4.5,2518.5756419713434,baseline,False,60.008099746415674,2375.3383562543663,2.4005057382767094,2370.6334514626624,2380.0432610460703,False,0.0,0.95
3,2.1|2.25|4.5,88500.16744215565,88140.16744215565,360.0,0.08450804367426554,0.738377424004207,family_four:4.5;family_three:4.5;single_average:4.5;single_low:4.5;two_person_average:4.5;two_person_low:4.5,2518.5756419713434,baseline,False,60.008099746415674,2375.3383562543663,2.4005057382767094,2370.6334514626624,2380.0432610460703,False,0.0,0.95
3,2.1|2.4|4.5,88500.16744215565,88140.16744215565,360.0,0.08450804367426554,0.738377424004207,family_four:4.5;family_three:4.5;single_average:4.5;single_low:4.5;two_person_average:4.5;two_person_low:4.5,2518.5756419713434,baseline,False,60.008099746415674,2375.3383562543663,2.4005057382767094,2370.6334514626624,2380.0432610460703,False,0.0,0.95
3,2.1|3|4.5,88500.16744215565,88140.16744215565,360.0,0.08450804367426554,0.738377424004207,family_four:4.5;family_three:4.5;single_average:4.5;single_low:4.5;two_person_average:4.5;two_person_low:4.5,2518.5756419713434,baseline,False,60.008099746415674,2375.3383562543663,2.4005057382767094,2370.6334514626624,2380.0432610460703,False,0.0,0.95
3,2.25|2.4|4.5,88500.16744215565,88140.16744215565,360.0,0.08450804367426554,0.738377424004207,family_four:4.5;family_three:4.5;single_average:4.5;single_low:4.5;two_person_average:4.5;two_person_low:4.5,2518.5756419713434,baseline,False,60.008099746415674,2375.3383562543663,2.4005057382767094,2370.6334514626624,2380.0432610460703,False,0.0,0.95
3,2.25|3|4.5,88500.16744215565,88140.16744215565,360.0,0.08450804367426554,0.738377424004207,family_four:4.5;family_three:4.5;single_average:4.5;single_low:4.5;two_person_average:4.5;two_person_low:4.5,2518.5756419713434,baseline,False,60.008099746415674,2375.3383562543663,2.4005057382767094,2370.6334514626624,2380.0432610460703,False,0.0,0.95
3,2.4|3|4.5,88500.16744215565,88140.16744215565,360.0,0.08450804367426554,0.738377424004207,family_four:4.5;family_three:4.5;single_average:4.5;single_low:4.5;two_person_average:4.5;two_person_low:4.5,2518.5756419713434,baseline,False,60.008099746415674,2375.3383562543663,2.4005057382767094,2370.6334514626624,2380.0432610460703,False,0.0,0.95
3,1.8|2|3,90701.16756186167,90341.16756186167,360.0,0.009734815380715238,0.9090553621100282,family_four:3;family_three:3;single_average:3;single_low:3;two_person_average:3;two_person_low:3,4719.575761677363,baseline,False,61.64206714668773,4576.338475960378,3.884483312826512,4568.725028568691,4583.951923352064,False,0.0,0.95
3,1.8|2.1|3,90701.16756186167,90341.16756186167,360.0,0.009734815380715238,0.9090553621100282,family_four:3;family_three:3;single_average:3;single_low:3;two_person_average:3;two_person_low:3,4719.575761677363,baseline,False,61.64206714668773,4576.338475960378,3.884483312826512,4568.725028568691,4583.951923352064,False,0.0,0.95
3,1.8|2.25|3,90701.16756186167,90341.16756186167,360.0,0.009734815380715238,0.9090553621100282,family_four:3;family_three:3;single_average:3;single_low:3;two_person_average:3;two_person_low:3,4719.575761677363,baseline,False,61.64206714668773,4576.338475960378,3.884483312826512,4568.725028568691,4583.951923352064,False,0.0,0.95
3,1.8|2.4|3,90701.16756186167,90341.16756186167,360.0,0.009734815380715238,0.9090553621100282,family_four:3;family_three:3;single_average:3;single_low:3;two_person_average:3;two_person_low:3,4719.575761677363,baseline,False,61.64206714668773,4576.338475960378,3.884483312826512,4568.725028568691,4583.951923352064,False,0.0,0.95
3,2|2.1|3,90701.16756186167,90341.16756186167,360.0,0.009734815380715238,0.9090553621100282,family_four:3;family_three:3;single_average:3;single_low:3;two_person_average:3;two_person_low:3,4719.575761677363,baseline,False,61.64206714668773,4576.338475960378,3.884483312826512,4568.725028568691,4583.951923352064,False,0.0,0.95
3,2|2.25|3,90701.16756186167,90341.16756186167,360.0,0.009734815380715238,0.9090553621100282,family_four:3;family_three:3;single_average:3;single_low:3;two_person_average:3;two_person_low:3,4719.575761677363,baseline,False,61.64206714668773,4576.338475960378,3.884483312826512,4568.725028568691,4583.951923352064,False,0.0,0.95
3,2|2.4|3,90701.16756186167,90341.16756186167,360.0,0.009734815380715238,0.9090553621100282,family_four:3;family_three:3;single_average:3;single_low:3;two_person_average:3;two_person_low:3,4719.575761677363,baseline,False,61.64206714668773,4576.338475960378,3.884483312826512,4568.725028568691,4583.951923352064,False,0.0,0.95
3,2.1|2.25|3,90701.16756186167,90341.16756186167,360.0,0.009734815380715238,0.9090553621100282,family_four:3;family_three:3;single_average:3;single_low:3;two_person_average:3;two_person_low:3,4719.575761677363,baseline,False,61.64206714668773,4576.338475960378,3.884483312826512,4568.725028568691,4583.951923352064,False,0.0,0.95
3,2.1|2.4|3,90701.16756186167,90341.16756186167,360.0,0.009734815380715238,0.9090553621100282,family_four:3;family_three:3;single_average:3;single_low:3;two_person_average:3;two_person_low:3,4719.575761677363,baseline,False,61.64206714668773,4576.338475960378,3.884483312826512,4568.725028568691,4583.951923352064,False,0.0,0.95
3,2.25|2.4|3,90701.16756186167,90341.16756186167,360.0,0.009734815380715238,0.9090553621100282,family_four:3;family_three:3;single_average:3;single_low:3;two_person_average:3;two_person_low:3,4719.575761677363,baseline,False,61.64206714668773,4576.338475960378,3.884483312826512,4568.725028568691,4583.951923352064,False,0.0,0.95
3,1.8|2|2.4,92235.46105248039,91875.46105248039,360.0,0.0014077108416776169,1.0261761227456516,family_four:2.4;family_three:2.4;single_average:2.4;single_low:2.4;two_person_average:2.4;two_person_low:2.4,6253.869252296077,baseline,False,62.71460245061083,6110.63196657909,4.947289749524912,6100.935456848937,6120.328476309242,False,0.0,0.95
3,1.8|2.1|2.4,92235.46105248039,91875.46105248039,360.0,0.0014077108416776169,1.0261761227456516,family_four:2.4;family_three:2.4;single_average:2.4;single_low:2.4;two_person_average:2.4;two_person_low:2.4,6253.869252296077,baseline,False,62.71460245061083,6110.63196657909,4.947289749524912,6100.935456848937,6120.328476309242,False,0.0,0.95
3,1.8|2.25|2.4,92235.46105248039,91875.46105248039,360.0,0.0014077108416776169,1.0261761227456516,family_four:2.4;family_three:2.4;single_average:2.4;single_low:2.4;two_person_average:2.4;two_person_low:2.4,6253.869252296077,baseline,False,62.71460245061083,6110.63196657909,4.947289749524912,6100.935456848937,6120.328476309242,False,0.0,0.95
3,2|2.1|2.4,92235.46105248039,91875.46105248039,360.0,0.0014077108416776169,1.0261761227456516,family_four:2.4;family_three:2.4;single_average:2.4;single_low:2.4;two_person_average:2.4;two_person_low:2.4,6253.869252296077,baseline,False,62.71460245061083,6110.63196657909,4.947289749524912,6100.935456848937,6120.328476309242,False,0.0,0.95
3,2|2.25|2.4,92235.46105248039,91875.46105248039,360.0,0.0014077108416776169,1.0261761227456516,family_four:2.4;family_three:2.4;single_average:2.4;single_low:2.4;two_person_average:2.4;two_person_low:2.4,6253.869252296077,baseline,False,62.71460245061083,6110.63196657909,4.947289749524912,6100.935456848937,6120.328476309242,False,0.0,0.95
3,2.1|2.25|2.4,92235.46105248039,91875.46105248039,360.0,0.0014077108416776169,1.0261761227456516,family_four:2.4;family_three:2.4;single_average:2.4;single_low:2.4;two_person_average:2.4;two_person_low:2.4,6253.869252296077,baseline,False,62.71460245061083,6110.63196657909,4.947289749524912,6100.935456848937,6120.328476309242,False,0.0,0.95
3,1.8|2|2.25,92729.47053201894,92369.47053201894,360.0,0.0006898996152392388,1.0638836701742425,family_four:2.25;family_three:2.25;single_average:2.25;single_low:2.25;two_person_average:2.25;two_person_low:2.25,6747.878731834629,baseline,False,63.09604848872002,6604.641446117649,5.333983739124767,6594.187030094842,6615.095862140456,False,0.0,0.95
3,1.8|2.1|2.25,92729.47053201894,92369.47053201894,360.0,0.0006898996152392388,1.0638836701742425,family_four:2.25;family_three:2.25;single_average:2.25;single_low:2.25;two_person_average:2.25;two_person_low:2.25,6747.878731834629,baseline,False,63.09604848872002,6604.641446117649,5.333983739124767,6594.187030094842,6615.095862140456,False,0.0,0.95
3,2|2.1|2.25,92729.47053201894,92369.47053201894,360.0,0.0006898996152392388,1.0638836701742425,family_four:2.25;family_three:2.25;single_average:2.25;single_low:2.25;two_person_average:2.25;two_person_low:2.25,6747.878731834629,baseline,False,63.09604848872002,6604.641446117649,5.333983739124767,6594.187030094842,6615.095862140456,False,0.0,0.95
3,1.8|2|2.1,93281.66326993037,92921.66326993037,360.0,0.0002901058537106464,1.1060243203947575,family_four:2.1;family_three:2.1;single_average:2.1;single_low:2.1;two_person_average:2.1;two_person_low:2.1,7300.071469746064,baseline,False,63.4471796486047,7156.834184029085,5.681973580948556,7145.697720449318,7167.970647608852,False,0.0,0.95
1,10,85517.1763682384,85517.1763682384,0.0,0.0,0.506818249726632,family_four:10;family_three:10;single_average:10;single_low:10;two_person_average:10;two_person_low:10,0.0,full_carry_no_spoilage,False,57.97377184139062,0.0,0.0,0.0,0.0,True,1.0,0.95
1,9,85646.3105375352,85646.3105375352,0.0,0.0,0.5326533260654503,family_four:9;family_three:9;single_average:9;single_low:9;two_person_average:9;two_person_low:9,129.13416929679806,full_carry_no_spoilage,False,58.206977909222985,129.13416929678274,1.3977565440114446,126.39461681136514,131.87372178220036,False,0.0,0.95
1,5,87580.73847020244,87580.73847020244,0.0,0.0,0.7004278345177912,family_four:5;family_three:5;single_average:5;single_low:5;two_person_average:5;two_person_low:5,2063.5621019640384,full_carry_no_spoilage,False,59.69888315524285,2063.562101964039,1.9223803479262567,2059.7943057175157,2067.329898210562,False,0.0,0.95
1,4.5,88063.59501158014,88063.59501158014,0.0,0.0,0.7377749204043138,family_four:4.5;family_three:4.5;single_average:4.5;single_low:4.5;two_person_average:4.5;two_person_low:4.5,2546.4186433417344,full_carry_no_spoilage,False,60.14190614644693,2546.4186433417403,2.454430023763164,2541.608048892591,2551.22923779089,False,0.0,0.95
1,3,90329.75959019523,90329.75959019523,0.0,0.0,0.908993500780163,family_four:3;family_three:3;single_average:3;single_low:3;two_person_average:3;two_person_low:3,4812.583221956826,full_carry_no_spoilage,False,61.67325897150539,4812.583221956815,3.8531059631804205,4805.031273040365,4820.1351708732645,False,0.0,0.95
1,2.4,91869.76895634022,91869.76895634022,0.0,0.0,1.0262080487690906,family_four:2.4;family_three:2.4;single_average:2.4;single_low:2.4;two_person_average:2.4;two_person_low:2.4,6352.592588101819,full_carry_no_spoilage,False,62.729378363442684,6352.592588101795,4.873423899121464,6343.04085277812,6362.144323425469,False,0.0,0.95
1,2.25,92363.48419065324,92363.48419065324,0.0,0.0,1.0638836701742425,family_four:2.25;family_three:2.25;single_average:2.25;single_low:2.25;two_person_average:2.25;two_person_low:2.25,6846.307822414834,full_carry_no_spoilage,False,63.09397355697659,6846.3078224148485,5.251187988409705,6836.015683081516,6856.599961748181,False,0.0,0.95
1,2.1,92915.82079265386,92915.82079265386,0.0,0.0,1.105994212204482,family_four:2.1;family_three:2.1;single_average:2.1;single_low:2.1;two_person_average:2.1;two_person_low:2.1,7398.644424415455,full_carry_no_spoilage,False,63.44739737190382,7398.644424415436,5.591461842992057,7387.685360582242,7409.603488248631,False,0.0,0.95
1,2,93339.04094000836,93339.04094000836,0.0,0.0,1.1371171193073202,family_four:2;family_three:2;single_average:2;single_low:2;two_person_average:2;two_person_low:2,7821.864571769955,full_carry_no_spoilage,False,63.70880849870343,7821.864571769947,5.827125273645372,7810.4436161001995,7833.285527439695,False,0.0,0.95
1,1.8,94259.09882113418,94259.09882113418,0.0,0.0,1.2086556641337336,family_four:1.8;family_three:1.8;single_average:1.8;single_low:1.8;two_person_average:1.8;two_person_low:1.8,8741.922452895771,full_carry_no_spoilage,False,64.33985025297868,8741.922452895757,6.45454718049107,8729.271772885479,8754.573132906035,False,0.0,0.95
2,9|10,85670.6015476058,85490.6015476058,180.0,0.0,0.5123815497030266,family_four:10;family_three:10;single_average:9;single_low:9;two_person_average:10;two_person_low:10,153.42517936739023,full_carry_no_spoilage,False,58.02218153703865,0.0,0.0,0.0,0.0,True,0.859375,0.95
2,5|10,85683.65118985545,85503.65118985545,180.0,0.0,0.5190678457088281,family_four:10;family_three:10;single_average:10;single_low:5;two_person_average:10;two_person_low:10,166.47482161704102,full_carry_no_spoilage,False,57.95388255582716,13.049642249656548,0.975939672407159,11.136835640654699,14.962448858658398,False,0.140625,0.95
2,1.8|10,85697.1763682384,85517.1763682384,180.0,0.0,0.506818249726632,family_four:10;family_three:10;single_average:10;single_low:10;two_person_average:10;two_person_low:10,180.0,full_carry_no_spoilage,False,57.97377184139062,26.574820632628796,1.1328082560642179,24.354557249353302,28.79508401590429,False,0.0,0.95
2,2|10,85697.1763682384,85517.1763682384,180.0,0.0,0.506818249726632,family_four:10;family_three:10;single_average:10;single_low:10;two_person_average:10;two_person_low:10,180.0,full_carry_no_spoilage,False,57.97377184139062,26.574820632628796,1.1328082560642179,24.354557249353302,28.79508401590429,False,0.0,0.95
2,2.1|10,85697.1763682384,85517.1763682384,180.0,0.0,0.506818249726632,family_four:10;family_three:10;single_average:10;single_low:10;two_person_average:10;two_person_low:10,180.0,full_carry_no_spoilage,False,57.97377184139062,26.574820632628796,1.1328082560642179,24.354557249353302,28.79508401590429,False,0.0,0.95
2,2.25|10,85697.1763682384,85517.1763682384,180.0,0.0,0.506818249726632,family_four:10;family_three:10;single_average:10;single_low:10;two_person_average:10;two_person_low:10,180.0,full_carry_no_spoilage,False,57.97377184139062,26.574820632628796,1.1328082560642179,24.354557249353302,28.79508401590429,False,0.0,0.95
2,2.4|10,85697.1763682384,85517.1763682384,180.0,0.0,0.506818249726632,family_four:10;family_three:10;single_average:10;single_low:10;two_person_average:10;two_person_low:10,180.0,full_carry_no_spoilage,False,57.97377184139062,26.574820632628796,1.1328082560642179,24.354557249353302,28.79508401590429,False,0.0,0.95
2,3|10,85697.1763682384,85517.1763682384,180.0,0.0,0.506818249726632,family_four:10;family_three:10;single_average:10;single_low:10;two_person_average:10;two_person_low:10,180.0,full_carry_no_spoilage,False,57.97377184139062,26.574820632628796,1.1328082560642179,24.354557249353302,28.79508401590429,False,0.0,0.95
2,4.5|10,85697.1763682384,85517.1763682384,180.0,0.0,0.506818249726632,family_four:10;family_three:10;single_average:10;single_low:10;two_person_average:10;two_person_low:10,180.0,full_carry_no_spoilage,False,57.97377184139062,26.574820632628796,1.1328082560642179,24.354557249353302,28.79508401590429,False,0.0,0.95
2,5|9,85826.15248269643,85646.15248269643,180.0,0.0,0.5423605058116334,family_four:9;family_three:9;single_average:9;single_low:5;two_person_average:9;two_person_low:9,308.97611445802613,full_carry_no_spoilage,False,58.25104208797168,155.55093509065418,1.0384791735103491,153.51555331187896,157.5863168694294,False,0.0,0.95
2,1.8|9,85826.3105375352,85646.3105375352,180.0,0.0,0.5326533260654503,family_four:9;family_three:9;single_average:9;single_low:9;two_person_average:9;two_person_low:9,309.13416929679806,full_carry_no_spoilage,False,58.206977909222985,155.70898992941156,0.8458393116485986,154.05117534187215,157.36680451695096,False,0.0,0.95
2,2|9,85826.3105375352,85646.3105375352,180.0,0.0,0.5326533260654503,family_four:9;family_three:9;single_average:9;single_low:9;two_person_average:9;two_person_low:9,309.13416929679806,full_carry_no_spoilage,False,58.206977909222985,155.70898992941156,0.8458393116485986,154.05117534187215,157.36680451695096,False,0.0,0.95
2,2.1|9,85826.3105375352,85646.3105375352,180.0,0.0,0.5326533260654503,family_four:9;family_three:9;single_average:9;single_low:9;two_person_average:9;two_person_low:9,309.13416929679806,full_carry_no_spoilage,False,58.206977909222985,155.70898992941156,0.8458393116485986,154.05117534187215,157.36680451695096,False,0.0,0.95
2,2.25|9,85826.3105375352,85646.3105375352,180.0,0.0,0.5326533260654503,family_four:9;family_three:9;single_average:9;single_low:9;two_person_average:9;two_person_low:9,309.13416929679806,full_carry_no_spoilage,False,58.206977909222985,155.70898992941156,0.8458393116485986,154.05117534187215,157.36680451695096,False,0.0,0.95
2,2.4|9,85826.3105375352,85646.3105375352,180.0,0.0,0.5326533260654503,family_four:9;family_three:9;single_average:9;single_low:9;two_person_average:9;two_person_low:9,309.13416929679806,full_carry_no_spoilage,False,58.206977909222985,155.70898992941156,0.8458393116485986,154.05117534187215,157.36680451695096,False,0.0,0.95
2,3|9,85826.3105375352,85646.3105375352,180.0,0.0,0.5326533260654503,family_four:9;family_three:9;single_average:9;single_low:9;two_person_average:9;two_person_low:9,309.13416929679806,full_carry_no_spoilage,False,58.206977909222985,155.70898992941156,0.8458393116485986,154.05117534187215,157.36680451695096,False,0.0,0.95
2,4.5|9,85826.3105375352,85646.3105375352,180.0,0.0,0.5326533260654503,family_four:9;family_three:9;single_average:9;single_low:9;two_person_average:9;two_person_low:9,309.13416929679806,full_carry_no_spoilage,False,58.206977909222985,155.70898992941156,0.8458393116485986,154.05117534187215,157.36680451695096,False,0.0,0.95
2,1.8|5,87760.73847020244,87580.73847020244,180.0,0.0,0.7004278345177912,family_four:5;family_three:5;single_average:5;single_low:5;two_person_average:5;two_person_low:5,2243.5621019640384,full_carry_no_spoilage,False,59.69888315524285,2090.136922596668,1.9509291628741905,2086.3131717010456,2093.96067349229,False,0.0,0.95
2,2|5,87760.73847020244,87580.73847020244,180.0,0.0,0.7004278345177912,family_four:5;family_three:5;single_average:5;single_low:5;two_person_average:5;two_person_low:5,2243.5621019640384,full_carry_no_spoilage,False,59.69888315524285,2090.136922596668,1.9509291628741905,2086.3131717010456,2093.96067349229,False,0.0,0.95
2,2.1|5,87760.73847020244,87580.73847020244,180.0,0.0,0.7004278345177912,family_four:5;family_three:5;single_average:5;single_low:5;two_person_average:5;two_person_low:5,2243.5621019640384,full_carry_no_spoilage,False,59.69888315524285,2090.136922596668,1.9509291628741905,2086.3131717010456,2093.96067349229,False,0.0,0.95
2,2.25|5,87760.73847020244,87580.73847020244,180.0,0.0,0.7004278345177912,family_four:5;family_three:5;single_average:5;single_low:5;two_person_average:5;two_person_low:5,2243.5621019640384,full_carry_no_spoilage,False,59.69888315524285,2090.136922596668,1.9509291628741905,2086.3131717010456,2093.96067349229,False,0.0,0.95
2,2.4|5,87760.73847020244,87580.73847020244,180.0,0.0,0.7004278345177912,family_four:5;family_three:5;single_average:5;single_low:5;two_person_average:5;two_person_low:5,2243.5621019640384,full_carry_no_spoilage,False,59.69888315524285,2090.136922596668,1.9509291628741905,2086.3131717010456,2093.96067349229,False,0.0,0.95
2,3|5,87760.73847020244,87580.73847020244,180.0,0.0,0.7004278345177912,family_four:5;family_three:5;single_average:5;single_low:5;two_person_average:5;two_person_low:5,2243.5621019640384,full_carry_no_spoilage,False,59.69888315524285,2090.136922596668,1.9509291628741905,2086.3131717010456,2093.96067349229,False,0.0,0.95
2,4.5|5,87760.73847020244,87580.73847020244,180.0,0.0,0.7004278345177912,family_four:5;family_three:5;single_average:5;single_low:5;two_person_average:5;two_person_low:5,2243.5621019640384,full_carry_no_spoilage,False,59.69888315524285,2090.136922596668,1.9509291628741905,2086.3131717010456,2093.96067349229,False,0.0,0.95
2,1.8|4.5,88243.59501158014,88063.59501158014,180.0,0.0,0.7377749204043138,family_four:4.5;family_three:4.5;single_average:4.5;single_low:4.5;two_person_average:4.5;two_person_low:4.5,2726.4186433417344,full_carry_no_spoilage,False,60.14190614644693,2572.993463974369,2.367544260384811,2568.3531624922102,2577.633765456528,False,0.0,0.95
2,2|4.5,88243.59501158014,88063.59501158014,180.0,0.0,0.7377749204043138,family_four:4.5;family_three:4.5;single_average:4.5;single_low:4.5;two_person_average:4.5;two_person_low:4.5,2726.4186433417344,full_carry_no_spoilage,False,60.14190614644693,2572.993463974369,2.367544260384811,2568.3531624922102,2577.633765456528,False,0.0,0.95
2,2.1|4.5,88243.59501158014,88063.59501158014,180.0,0.0,0.7377749204043138,family_four:4.5;family_three:4.5;single_average:4.5;single_low:4.5;two_person_average:4.5;two_person_low:4.5,2726.4186433417344,full_carry_no_spoilage,False,60.14190614644693,2572.993463974369,2.367544260384811,2568.3531624922102,2577.633765456528,False,0.0,0.95
2,2.25|4.5,88243.59501158014,88063.59501158014,180.0,0.0,0.7377749204043138,family_four:4.5;family_three:4.5;single_average:4.5;single_low:4.5;two_person_average:4.5;two_person_low:4.5,2726.4186433417344,full_carry_no_spoilage,False,60.14190614644693,2572.993463974369,2.367544260384811,2568.3531624922102,2577.633765456528,False,0.0,0.95
2,2.4|4.5,88243.59501158014,88063.59501158014,180.0,0.0,0.7377749204043138,family_four:4.5;family_three:4.5;single_average:4.5;single_low:4.5;two_person_average:4.5;two_person_low:4.5,2726.4186433417344,full_carry_no_spoilage,False,60.14190614644693,2572.993463974369,2.367544260384811,2568.3531624922102,2577.633765456528,False,0.0,0.95
2,3|4.5,88243.59501158014,88063.59501158014,180.0,0.0,0.7377749204043138,family_four:4.5;family_three:4.5;single_average:4.5;single_low:4.5;two_person_average:4.5;two_person_low:4.5,2726.4186433417344,full_carry_no_spoilage,False,60.14190614644693,2572.993463974369,2.367544260384811,2568.3531624922102,2577.633765456528,False,0.0,0.95
2,1.8|3,90509.75959019523,90329.75959019523,180.0,0.0,0.908993500780163,family_four:3;family_three:3;single_average:3;single_low:3;two_person_average:3;two_person_low:3,4992.583221956826,full_carry_no_spoilage,False,61.67325897150539,4839.1580425894435,3.782883484000222,4831.743727203092,4846.572357975795,False,0.0,0.95
2,2|3,90509.75959019523,90329.75959019523,180.0,0.0,0.908993500780163,family_four:3;family_three:3;single_average:3;single_low:3;two_person_average:3;two_person_low:3,4992.583221956826,full_carry_no_spoilage,False,61.67325897150539,4839.1580425894435,3.782883484000222,4831.743727203092,4846.572357975795,False,0.0,0.95
2,2.1|3,90509.75959019523,90329.75959019523,180.0,0.0,0.908993500780163,family_four:3;family_three:3;single_average:3;single_low:3;two_person_average:3;two_person_low:3,4992.583221956826,full_carry_no_spoilage,False,61.67325897150539,4839.1580425894435,3.782883484000222,4831.743727203092,4846.572357975795,False,0.0,0.95
2,2.25|3,90509.75959019523,90329.75959019523,180.0,0.0,0.908993500780163,family_four:3;family_three:3;single_average:3;single_low:3;two_person_average:3;two_person_low:3,4992.583221956826,full_carry_no_spoilage,False,61.67325897150539,4839.1580425894435,3.782883484000222,4831.743727203092,4846.572357975795,False,0.0,0.95
2,2.4|3,90509.75959019523,90329.75959019523,180.0,0.0,0.908993500780163,family_four:3;family_three:3;single_average:3;single_low:3;two_person_average:3;two_person_low:3,4992.583221956826,full_carry_no_spoilage,False,61.67325897150539,4839.1580425894435,3.782883484000222,4831.743727203092,4846.572357975795,False,0.0,0.95
2,1.8|2.4,92049.76895634022,91869.76895634022,180.0,0.0,1.0262080487690906,family_four:2.4;family_three:2.4;single_average:2.4;single_low:2.4;two_person_average:2.4;two_person_low:2.4,6532.592588101819,full_carry_no_spoilage,False,62.729378363442684,6379.167408734423,4.834693397711997,6369.6915837986135,6388.643233670232,False,0.0,0.95
2,2|2.4,92049.76895634022,91869.76895634022,180.0,0.0,1.0262080487690906,family_four:2.4;family_three:2.4;single_average:2.4;single_low:2.4;two_person_average:2.4;two_person_low:2.4,6532.592588101819,full_carry_no_spoilage,False,62.729378363442684,6379.167408734423,4.834693397711997,6369.6915837986135,6388.643233670232,False,0.0,0.95
2,2.1|2.4,92049.76895634022,91869.76895634022,180.0,0.0,1.0262080487690906,family_four:2.4;family_three:2.4;single_average:2.4;single_low:2.4;two_person_average:2.4;two_person_low:2.4,6532.592588101819,full_carry_no_spoilage,False,62.729378363442684,6379.167408734423,4.834693397711997,6369.6915837986135,6388.643233670232,False,0.0,0.95
2,2.25|2.4,92049.76895634022,91869.76895634022,180.0,0.0,1.0262080487690906,family_four:2.4;family_three:2.4;single_average:2.4;single_low:2.4;two_person_average:2.4;two_person_low:2.4,6532.592588101819,full_carry_no_spoilage,False,62.729378363442684,6379.167408734423,4.834693397711997,6369.6915837986135,6388.643233670232,False,0.0,0.95
2,1.8|2.25,92543.48419065324,92363.48419065324,180.0,0.0,1.0638836701742425,family_four:2.25;family_three:2.25;single_average:2.25;single_low:2.25;two_person_average:2.25;two_person_low:2.25,7026.307822414834,full_carry_no_spoilage,False,63.09397355697659,6872.882643047476,5.194227402496111,6862.702144411073,6883.06314168388,False,0.0,0.95
2,2|2.25,92543.48419065324,92363.48419065324,180.0,0.0,1.0638836701742425,family_four:2.25;family_three:2.25;single_average:2.25;single_low:2.25;two_person_average:2.25;two_person_low:2.25,7026.307822414834,full_carry_no_spoilage,False,63.09397355697659,6872.882643047476,5.194227402496111,6862.702144411073,6883.06314168388,False,0.0,0.95
2,2.1|2.25,92543.48419065324,92363.48419065324,180.0,0.0,1.0638836701742425,family_four:2.25;family_three:2.25;single_average:2.25;single_low:2.25;two_person_average:2.25;two_person_low:2.25,7026.307822414834,full_carry_no_spoilage,False,63.09397355697659,6872.882643047476,5.194227402496111,6862.702144411073,6883.06314168388,False,0.0,0.95
2,1.8|2.1,93095.82079265386,92915.82079265386,180.0,0.0,1.105994212204482,family_four:2.1;family_three:2.1;single_average:2.1;single_low:2.1;two_person_average:2.1;two_person_low:2.1,7578.644424415455,full_carry_no_spoilage,False,63.44739737190382,7425.219245048066,5.536685324823126,7414.367541217682,7436.0709488784505,False,0.0,0.95
2,2|2.1,93095.82079265386,92915.82079265386,180.0,0.0,1.105994212204482,family_four:2.1;family_three:2.1;single_average:2.1;single_low:2.1;two_person_average:2.1;two_person_low:2.1,7578.644424415455,full_carry_no_spoilage,False,63.44739737190382,7425.219245048066,5.536685324823126,7414.367541217682,7436.0709488784505,False,0.0,0.95
2,1.8|2,93519.04094000836,93339.04094000836,180.0,0.0,1.1371171193073202,family_four:2;family_three:2;single_average:2;single_low:2;two_person_average:2;two_person_low:2,8001.864571769955,full_carry_no_spoilage,False,63.70880849870343,7848.439392402576,5.780423575613945,7837.109970378987,7859.768814426166,False,0.0,0.95
3,5|9|10,85850.44349276702,85490.44349276702,360.0,0.0,0.5220887294492097,family_four:10;family_three:10;single_average:9;single_low:5;two_person_average:10;two_person_low:10,333.2671245286183,full_carry_no_spoilage,False,58.065883626649324,0.0,0.0,0.0,0.0,True,0.4635416666666667,0.95
3,1.8|9|10,85850.6015476058,85490.6015476058,360.0,0.0,0.5123815497030266,family_four:10;family_three:10;single_average:9;single_low:9;two_person_average:10;two_person_low:10,333.42517936739023,full_carry_no_spoilage,False,58.02218153703865,0.15805483875715254,0.5519591192411074,-0.9237651558938671,1.2398748334081722,True,0.4375,0.95
3,2|9|10,85850.6015476058,85490.6015476058,360.0,0.0,0.5123815497030266,family_four:10;family_three:10;single_average:9;single_low:9;two_person_average:10;two_person_low:10,333.42517936739023,full_carry_no_spoilage,False,58.02218153703865,0.15805483875715254,0.5519591192411074,-0.9237651558938671,1.2398748334081722,True,0.0,0.95
3,2.1|9|10,85850.6015476058,85490.6015476058,360.0,0.0,0.5123815497030266,family_four:10;family_three:10;single_average:9;single_low:9;two_person_average:10;two_person_low:10,333.42517936739023,full_carry_no_spoilage,False,58.02218153703865,0.15805483875715254,0.5519591192411074,-0.9237651558938671,1.2398748334081722,True,0.0,0.95
3,2.25|9|10,85850.6015476058,85490.6015476058,360.0,0.0,0.5123815497030266,family_four:10;family_three:10;single_average:9;single_low:9;two_person_average:10;two_person_low:10,333.42517936739023,full_carry_no_spoilage,False,58.02218153703865,0.15805483875715254,0.5519591192411074,-0.9237651558938671,1.2398748334081722,True,0.0,0.95
3,2.4|9|10,85850.6015476058,85490.6015476058,360.0,0.0,0.5123815497030266,family_four:10;family_three:10;single_average:9;single_low:9;two_person_average:10;two_person_low:10,333.42517936739023,full_carry_no_spoilage,False,58.02218153703865,0.15805483875715254,0.5519591192411074,-0.9237651558938671,1.2398748334081722,True,0.0,0.95
3,3|9|10,85850.6015476058,85490.6015476058,360.0,0.0,0.5123815497030266,family_four:10;family_three:10;single_average:9;single_low:9;two_person_average:10;two_person_low:10,333.42517936739023,full_carry_no_spoilage,False,58.02218153703865,0.15805483875715254,0.5519591192411074,-0.9237651558938671,1.2398748334081722,True,0.0,0.95
3,4.5|9|10,85850.6015476058,85490.6015476058,360.0,0.0,0.5123815497030266,family_four:10;family_three:10;single_average:9;single_low:9;two_person_average:10;two_person_low:10,333.42517936739023,full_carry_no_spoilage,False,58.02218153703865,0.15805483875715254,0.5519591192411074,-0.9237651558938671,1.2398748334081722,True,0.0,0.95
3,1.8|5|10,85863.65118985545,85503.65118985545,360.0,0.0,0.5190678457088281,family_four:10;family_three:10;single_average:10;single_low:5;two_person_average:10;two_person_low:10,346.474821617041,full_carry_no_spoilage,False,57.95388255582716,13.2076970884137,0.7928393268042152,11.653760562350458,14.761633614476944,False,0.09895833333333333,0.95
3,2|5|10,85863.65118985545,85503.65118985545,360.0,0.0,0.5190678457088281,family_four:10;family_three:10;single_average:10;single_low:5;two_person_average:10;two_person_low:10,346.474821617041,full_carry_no_spoilage,True,57.95388255582716,13.2076970884137,0.7928393268042152,11.653760562350458,14.761633614476944,False,0.0,0.95
3,2.1|5|10,85863.65118985545,85503.65118985545,360.0,0.0,0.5190678457088281,family_four:10;family_three:10;single_average:10;single_low:5;two_person_average:10;two_person_low:10,346.474821617041,full_carry_no_spoilage,False,57.95388255582716,13.2076970884137,0.7928393268042152,11.653760562350458,14.761633614476944,False,0.0,0.95
3,2.25|5|10,85863.65118985545,85503.65118985545,360.0,0.0,0.5190678457088281,family_four:10;family_three:10;single_average:10;single_low:5;two_person_average:10;two_person_low:10,346.474821617041,full_carry_no_spoilage,False,57.95388255582716,13.2076970884137,0.7928393268042152,11.653760562350458,14.761633614476944,False,0.0,0.95
3,2.4|5|10,85863.65118985545,85503.65118985545,360.0,0.0,0.5190678457088281,family_four:10;family_three:10;single_average:10;single_low:5;two_person_average:10;two_person_low:10,346.474821617041,full_carry_no_spoilage,False,57.95388255582716,13.2076970884137,0.7928393268042152,11.653760562350458,14.761633614476944,False,0.0,0.95
3,3|5|10,85863.65118985545,85503.65118985545,360.0,0.0,0.5190678457088281,family_four:10;family_three:10;single_average:10;single_low:5;two_person_average:10;two_person_low:10,346.474821617041,full_carry_no_spoilage,False,57.95388255582716,13.2076970884137,0.7928393268042152,11.653760562350458,14.761633614476944,False,0.0,0.95
3,4.5|5|10,85863.65118985545,85503.65118985545,360.0,0.0,0.5190678457088281,family_four:10;family_three:10;single_average:10;single_low:5;two_person_average:10;two_person_low:10,346.474821617041,full_carry_no_spoilage,False,57.95388255582716,13.2076970884137,0.7928393268042152,11.653760562350458,14.761633614476944,False,0.0,0.95
3,1.8|2|10,85877.1763682384,85517.1763682384,360.0,0.0,0.506818249726632,family_four:10;family_three:10;single_average:10;single_low:10;two_person_average:10;two_person_low:10,360.0,full_carry_no_spoilage,False,57.97377184139062,26.73287547138595,0.9203512480570719,24.9290201720676,28.5367307707043,False,0.0,0.95
3,1.8|2.1|10,85877.1763682384,85517.1763682384,360.0,0.0,0.506818249726632,family_four:10;family_three:10;single_average:10;single_low:10;two_person_average:10;two_person_low:10,360.0,full_carry_no_spoilage,False,57.97377184139062,26.73287547138595,0.9203512480570719,24.9290201720676,28.5367307707043,False,0.0,0.95
3,1.8|2.25|10,85877.1763682384,85517.1763682384,360.0,0.0,0.506818249726632,family_four:10;family_three:10;single_average:10;single_low:10;two_person_average:10;two_person_low:10,360.0,full_carry_no_spoilage,False,57.97377184139062,26.73287547138595,0.9203512480570719,24.9290201720676,28.5367307707043,False,0.0,0.95
3,1.8|2.4|10,85877.1763682384,85517.1763682384,360.0,0.0,0.506818249726632,family_four:10;family_three:10;single_average:10;single_low:10;two_person_average:10;two_person_low:10,360.0,full_carry_no_spoilage,False,57.97377184139062,26.73287547138595,0.9203512480570719,24.9290201720676,28.5367307707043,False,0.0,0.95
3,1.8|3|10,85877.1763682384,85517.1763682384,360.0,0.0,0.506818249726632,family_four:10;family_three:10;single_average:10;single_low:10;two_person_average:10;two_person_low:10,360.0,full_carry_no_spoilage,False,57.97377184139062,26.73287547138595,0.9203512480570719,24.9290201720676,28.5367307707043,False,0.0,0.95
3,1.8|4.5|10,85877.1763682384,85517.1763682384,360.0,0.0,0.506818249726632,family_four:10;family_three:10;single_average:10;single_low:10;two_person_average:10;two_person_low:10,360.0,full_carry_no_spoilage,False,57.97377184139062,26.73287547138595,0.9203512480570719,24.9290201720676,28.5367307707043,False,0.0,0.95
3,2|2.1|10,85877.1763682384,85517.1763682384,360.0,0.0,0.506818249726632,family_four:10;family_three:10;single_average:10;single_low:10;two_person_average:10;two_person_low:10,360.0,full_carry_no_spoilage,False,57.97377184139062,26.73287547138595,0.9203512480570719,24.9290201720676,28.5367307707043,False,0.0,0.95
3,2|2.25|10,85877.1763682384,85517.1763682384,360.0,0.0,0.506818249726632,family_four:10;family_three:10;single_average:10;single_low:10;two_person_average:10;two_person_low:10,360.0,full_carry_no_spoilage,False,57.97377184139062,26.73287547138595,0.9203512480570719,24.9290201720676,28.5367307707043,False,0.0,0.95
3,2|2.4|10,85877.1763682384,85517.1763682384,360.0,0.0,0.506818249726632,family_four:10;family_three:10;single_average:10;single_low:10;two_person_average:10;two_person_low:10,360.0,full_carry_no_spoilage,False,57.97377184139062,26.73287547138595,0.9203512480570719,24.9290201720676,28.5367307707043,False,0.0,0.95
3,2|3|10,85877.1763682384,85517.1763682384,360.0,0.0,0.506818249726632,family_four:10;family_three:10;single_average:10;single_low:10;two_person_average:10;two_person_low:10,360.0,full_carry_no_spoilage,False,57.97377184139062,26.73287547138595,0.9203512480570719,24.9290201720676,28.5367307707043,False,0.0,0.95
3,2|4.5|10,85877.1763682384,85517.1763682384,360.0,0.0,0.506818249726632,family_four:10;family_three:10;single_average:10;single_low:10;two_person_average:10;two_person_low:10,360.0,full_carry_no_spoilage,False,57.97377184139062,26.73287547138595,0.9203512480570719,24.9290201720676,28.5367307707043,False,0.0,0.95
3,2.1|2.25|10,85877.1763682384,85517.1763682384,360.0,0.0,0.506818249726632,family_four:10;family_three:10;single_average:10;single_low:10;two_person_average:10;two_person_low:10,360.0,full_carry_no_spoilage,False,57.97377184139062,26.73287547138595,0.9203512480570719,24.9290201720676,28.5367307707043,False,0.0,0.95
3,2.1|2.4|10,85877.1763682384,85517.1763682384,360.0,0.0,0.506818249726632,family_four:10;family_three:10;single_average:10;single_low:10;two_person_average:10;two_person_low:10,360.0,full_carry_no_spoilage,False,57.97377184139062,26.73287547138595,0.9203512480570719,24.9290201720676,28.5367307707043,False,0.0,0.95
3,2.1|3|10,85877.1763682384,85517.1763682384,360.0,0.0,0.506818249726632,family_four:10;family_three:10;single_average:10;single_low:10;two_person_average:10;two_person_low:10,360.0,full_carry_no_spoilage,False,57.97377184139062,26.73287547138595,0.9203512480570719,24.9290201720676,28.5367307707043,False,0.0,0.95
3,2.1|4.5|10,85877.1763682384,85517.1763682384,360.0,0.0,0.506818249726632,family_four:10;family_three:10;single_average:10;single_low:10;two_person_average:10;two_person_low:10,360.0,full_carry_no_spoilage,False,57.97377184139062,26.73287547138595,0.9203512480570719,24.9290201720676,28.5367307707043,False,0.0,0.95
3,2.25|2.4|10,85877.1763682384,85517.1763682384,360.0,0.0,0.506818249726632,family_four:10;family_three:10;single_average:10;single_low:10;two_person_average:10;two_person_low:10,360.0,full_carry_no_spoilage,False,57.97377184139062,26.73287547138595,0.9203512480570719,24.9290201720676,28.5367307707043,False,0.0,0.95
3,2.25|3|10,85877.1763682384,85517.1763682384,360.0,0.0,0.506818249726632,family_four:10;family_three:10;single_average:10;single_low:10;two_person_average:10;two_person_low:10,360.0,full_carry_no_spoilage,False,57.97377184139062,26.73287547138595,0.9203512480570719,24.9290201720676,28.5367307707043,False,0.0,0.95
3,2.25|4.5|10,85877.1763682384,85517.1763682384,360.0,0.0,0.506818249726632,family_four:10;family_three:10;single_average:10;single_low:10;two_person_average:10;two_person_low:10,360.0,full_carry_no_spoilage,False,57.97377184139062,26.73287547138595,0.9203512480570719,24.9290201720676,28.5367307707043,False,0.0,0.95
3,2.4|3|10,85877.1763682384,85517.1763682384,360.0,0.0,0.506818249726632,family_four:10;family_three:10;single_average:10;single_low:10;two_person_average:10;two_person_low:10,360.0,full_carry_no_spoilage,False,57.97377184139062,26.73287547138595,0.9203512480570719,24.9290201720676,28.5367307707043,False,0.0,0.95
3,2.4|4.5|10,85877.1763682384,85517.1763682384,360.0,0.0,0.506818249726632,family_four:10;family_three:10;single_average:10;single_low:10;two_person_average:10;two_person_low:10,360.0,full_carry_no_spoilage,False,57.97377184139062,26.73287547138595,0.9203512480570719,24.9290201720676,28.5367307707043,False,0.0,0.95
3,3|4.5|10,85877.1763682384,85517.1763682384,360.0,0.0,0.506818249726632,family_four:10;family_three:10;single_average:10;single_low:10;two_person_average:10;two_person_low:10,360.0,full_carry_no_spoilage,False,57.97377184139062,26.73287547138595,0.9203512480570719,24.9290201720676,28.5367307707043,False,0.0,0.95
3,1.8|5|9,86006.15248269643,85646.15248269643,360.0,0.0,0.5423605058116334,family_four:9;family_three:9;single_average:9;single_low:5;two_person_average:9;two_person_low:9,488.97611445802613,full_carry_no_spoilage,False,58.25104208797168,155.70898992941133,0.8458393116485773,154.05117534187198,157.36680451695068,False,0.0,0.95
3,2|5|9,86006.15248269643,85646.15248269643,360.0,0.0,0.5423605058116334,family_four:9;family_three:9;single_average:9;single_low:5;two_person_average:9;two_person_low:9,488.97611445802613,full_carry_no_spoilage,False,58.25104208797168,155.70898992941133,0.8458393116485773,154.05117534187198,157.36680451695068,False,0.0,0.95
3,2.1|5|9,86006.15248269643,85646.15248269643,360.0,0.0,0.5423605058116334,family_four:9;family_three:9;single_average:9;single_low:5;two_person_average:9;two_person_low:9,488.97611445802613,full_carry_no_spoilage,False,58.25104208797168,155.70898992941133,0.8458393116485773,154.05117534187198,157.36680451695068,False,0.0,0.95
3,2.25|5|9,86006.15248269643,85646.15248269643,360.0,0.0,0.5423605058116334,family_four:9;family_three:9;single_average:9;single_low:5;two_person_average:9;two_person_low:9,488.97611445802613,full_carry_no_spoilage,False,58.25104208797168,155.70898992941133,0.8458393116485773,154.05117534187198,157.36680451695068,False,0.0,0.95
3,2.4|5|9,86006.15248269643,85646.15248269643,360.0,0.0,0.5423605058116334,family_four:9;family_three:9;single_average:9;single_low:5;two_person_average:9;two_person_low:9,488.97611445802613,full_carry_no_spoilage,False,58.25104208797168,155.70898992941133,0.8458393116485773,154.05117534187198,157.36680451695068,False,0.0,0.95
3,3|5|9,86006.15248269643,85646.15248269643,360.0,0.0,0.5423605058116334,family_four:9;family_three:9;single_average:9;single_low:5;two_person_average:9;two_person_low:9,488.97611445802613,full_carry_no_spoilage,False,58.25104208797168,155.70898992941133,0.8458393116485773,154.05117534187198,157.36680451695068,False,0.0,0.95
3,4.5|5|9,86006.15248269643,85646.15248269643,360.0,0.0,0.5423605058116334,family_four:9;family_three:9;single_average:9;single_low:5;two_person_average:9;two_person_low:9,488.97611445802613,full_carry_no_spoilage,False,58.25104208797168,155.70898992941133,0.8458393116485773,154.05117534187198,157.36680451695068,False,0.0,0.95
3,1.8|2|9,86006.3105375352,85646.3105375352,360.0,0.0,0.5326533260654503,family_four:9;family_three:9;single_average:9;single_low:9;two_person_average:9;two_person_low:9,489.13416929679806,full_carry_no_spoilage,False,58.206977909222985,155.8670447681687,0.9806972147775247,153.94491354746603,157.7891759888714,False,0.0,0.95
3,1.8|2.1|9,86006.3105375352,85646.3105375352,360.0,0.0,0.5326533260654503,family_four:9;family_three:9;single_average:9;single_low:9;two_person_average:9;two_person_low:9,489.13416929679806,full_carry_no_spoilage,False,58.206977909222985,155.8670447681687,0.9806972147775247,153.94491354746603,157.7891759888714,False,0.0,0.95
3,1.8|2.25|9,86006.3105375352,85646.3105375352,360.0,0.0,0.5326533260654503,family_four:9;family_three:9;single_average:9;single_low:9;two_person_average:9;two_person_low:9,489.13416929679806,full_carry_no_spoilage,False,58.206977909222985,155.8670447681687,0.9806972147775247,153.94491354746603,157.7891759888714,False,0.0,0.95
3,1.8|2.4|9,86006.3105375352,85646.3105375352,360.0,0.0,0.5326533260654503,family_four:9;family_three:9;single_average:9;single_low:9;two_person_average:9;two_person_low:9,489.13416929679806,full_carry_no_spoilage,False,58.206977909222985,155.8670447681687,0.9806972147775247,153.94491354746603,157.7891759888714,False,0.0,0.95
3,1.8|3|9,86006.3105375352,85646.3105375352,360.0,0.0,0.5326533260654503,family_four:9;family_three:9;single_average:9;single_low:9;two_person_average:9;two_person_low:9,489.13416929679806,full_carry_no_spoilage,False,58.206977909222985,155.8670447681687,0.9806972147775247,153.94491354746603,157.7891759888714,False,0.0,0.95
3,1.8|4.5|9,86006.3105375352,85646.3105375352,360.0,0.0,0.5326533260654503,family_four:9;family_three:9;single_average:9;single_low:9;two_person_average:9;two_person_low:9,489.13416929679806,full_carry_no_spoilage,False,58.206977909222985,155.8670447681687,0.9806972147775247,153.94491354746603,157.7891759888714,False,0.0,0.95
3,2|2.1|9,86006.3105375352,85646.3105375352,360.0,0.0,0.5326533260654503,family_four:9;family_three:9;single_average:9;single_low:9;two_person_average:9;two_person_low:9,489.13416929679806,full_carry_no_spoilage,False,58.206977909222985,155.8670447681687,0.9806972147775247,153.94491354746603,157.7891759888714,False,0.0,0.95
3,2|2.25|9,86006.3105375352,85646.3105375352,360.0,0.0,0.5326533260654503,family_four:9;family_three:9;single_average:9;single_low:9;two_person_average:9;two_person_low:9,489.13416929679806,full_carry_no_spoilage,False,58.206977909222985,155.8670447681687,0.9806972147775247,153.94491354746603,157.7891759888714,False,0.0,0.95
3,2|2.4|9,86006.3105375352,85646.3105375352,360.0,0.0,0.5326533260654503,family_four:9;family_three:9;single_average:9;single_low:9;two_person_average:9;two_person_low:9,489.13416929679806,full_carry_no_spoilage,False,58.206977909222985,155.8670447681687,0.9806972147775247,153.94491354746603,157.7891759888714,False,0.0,0.95
3,2|3|9,86006.3105375352,85646.3105375352,360.0,0.0,0.5326533260654503,family_four:9;family_three:9;single_average:9;single_low:9;two_person_average:9;two_person_low:9,489.13416929679806,full_carry_no_spoilage,False,58.206977909222985,155.8670447681687,0.9806972147775247,153.94491354746603,157.7891759888714,False,0.0,0.95
3,2|4.5|9,86006.3105375352,85646.3105375352,360.0,0.0,0.5326533260654503,family_four:9;family_three:9;single_average:9;single_low:9;two_person_average:9;two_person_low:9,489.13416929679806,full_carry_no_spoilage,False,58.206977909222985,155.8670447681687,0.9806972147775247,153.94491354746603,157.7891759888714,False,0.0,0.95
3,2.1|2.25|9,86006.3105375352,85646.3105375352,360.0,0.0,0.5326533260654503,family_four:9;family_three:9;single_average:9;single_low:9;two_person_average:9;two_person_low:9,489.13416929679806,full_carry_no_spoilage,False,58.206977909222985,155.8670447681687,0.9806972147775247,153.94491354746603,157.7891759888714,False,0.0,0.95
3,2.1|2.4|9,86006.3105375352,85646.3105375352,360.0,0.0,0.5326533260654503,family_four:9;family_three:9;single_average:9;single_low:9;two_person_average:9;two_person_low:9,489.13416929679806,full_carry_no_spoilage,False,58.206977909222985,155.8670447681687,0.9806972147775247,153.94491354746603,157.7891759888714,False,0.0,0.95
3,2.1|3|9,86006.3105375352,85646.3105375352,360.0,0.0,0.5326533260654503,family_four:9;family_three:9;single_average:9;single_low:9;two_person_average:9;two_person_low:9,489.13416929679806,full_carry_no_spoilage,False,58.206977909222985,155.8670447681687,0.9806972147775247,153.94491354746603,157.7891759888714,False,0.0,0.95
3,2.1|4.5|9,86006.3105375352,85646.3105375352,360.0,0.0,0.5326533260654503,family_four:9;family_three:9;single_average:9;single_low:9;two_person_average:9;two_person_low:9,489.13416929679806,full_carry_no_spoilage,False,58.206977909222985,155.8670447681687,0.9806972147775247,153.94491354746603,157.7891759888714,False,0.0,0.95
3,2.25|2.4|9,86006.3105375352,85646.3105375352,360.0,0.0,0.5326533260654503,family_four:9;family_three:9;single_average:9;single_low:9;two_person_average:9;two_person_low:9,489.13416929679806,full_carry_no_spoilage,False,58.206977909222985,155.8670447681687,0.9806972147775247,153.94491354746603,157.7891759888714,False,0.0,0.95
3,2.25|3|9,86006.3105375352,85646.3105375352,360.0,0.0,0.5326533260654503,family_four:9;family_three:9;single_average:9;single_low:9;two_person_average:9;two_person_low:9,489.13416929679806,full_carry_no_spoilage,False,58.206977909222985,155.8670447681687,0.9806972147775247,153.94491354746603,157.7891759888714,False,0.0,0.95
3,2.25|4.5|9,86006.3105375352,85646.3105375352,360.0,0.0,0.5326533260654503,family_four:9;family_three:9;single_average:9;single_low:9;two_person_average:9;two_person_low:9,489.13416929679806,full_carry_no_spoilage,False,58.206977909222985,155.8670447681687,0.9806972147775247,153.94491354746603,157.7891759888714,False,0.0,0.95
3,2.4|3|9,86006.3105375352,85646.3105375352,360.0,0.0,0.5326533260654503,family_four:9;family_three:9;single_average:9;single_low:9;two_person_average:9;two_person_low:9,489.13416929679806,full_carry_no_spoilage,False,58.206977909222985,155.8670447681687,0.9806972147775247,153.94491354746603,157.7891759888714,False,0.0,0.95
3,2.4|4.5|9,86006.3105375352,85646.3105375352,360.0,0.0,0.5326533260654503,family_four:9;family_three:9;single_average:9;single_low:9;two_person_average:9;two_person_low:9,489.13416929679806,full_carry_no_spoilage,False,58.206977909222985,155.8670447681687,0.9806972147775247,153.94491354746603,157.7891759888714,False,0.0,0.95
3,3|4.5|9,86006.3105375352,85646.3105375352,360.0,0.0,0.5326533260654503,family_four:9;family_three:9;single_average:9;single_low:9;two_person_average:9;two_person_low:9,489.13416929679806,full_carry_no_spoilage,False,58.206977909222985,155.8670447681687,0.9806972147775247,153.94491354746603,157.7891759888714,False,0.0,0.95
3,1.8|2|5,87940.73847020244,87580.73847020244,360.0,0.0,0.7004278345177912,family_four:5;family_three:5;single_average:5;single_low:5;two_person_average:5;two_person_low:5,2423.5621019640384,full_carry_no_spoilage,False,59.69888315524285,2090.294977435425,1.856463209968425,2086.6563764052635,2093.933578465587,False,0.0,0.95
3,1.8|2.1|5,87940.73847020244,87580.73847020244,360.0,0.0,0.7004278345177912,family_four:5;family_three:5;single_average:5;single_low:5;two_person_average:5;two_person_low:5,2423.5621019640384,full_carry_no_spoilage,False,59.69888315524285,2090.294977435425,1.856463209968425,2086.6563764052635,2093.933578465587,False,0.0,0.95
3,1.8|2.25|5,87940.73847020244,87580.73847020244,360.0,0.0,0.7004278345177912,family_four:5;family_three:5;single_average:5;single_low:5;two_person_average:5;two_person_low:5,2423.5621019640384,full_carry_no_spoilage,False,59.69888315524285,2090.294977435425,1.856463209968425,2086.6563764052635,2093.933578465587,False,0.0,0.95
3,1.8|2.4|5,87940.73847020244,87580.73847020244,360.0,0.0,0.7004278345177912,family_four:5;family_three:5;single_average:5;single_low:5;two_person_average:5;two_person_low:5,2423.5621019640384,full_carry_no_spoilage,False,59.69888315524285,2090.294977435425,1.856463209968425,2086.6563764052635,2093.933578465587,False,0.0,0.95
3,1.8|3|5,87940.73847020244,87580.73847020244,360.0,0.0,0.7004278345177912,family_four:5;family_three:5;single_average:5;single_low:5;two_person_average:5;two_person_low:5,2423.5621019640384,full_carry_no_spoilage,False,59.69888315524285,2090.294977435425,1.856463209968425,2086.6563764052635,2093.933578465587,False,0.0,0.95
3,1.8|4.5|5,87940.73847020244,87580.73847020244,360.0,0.0,0.7004278345177912,family_four:5;family_three:5;single_average:5;single_low:5;two_person_average:5;two_person_low:5,2423.5621019640384,full_carry_no_spoilage,False,59.69888315524285,2090.294977435425,1.856463209968425,2086.6563764052635,2093.933578465587,False,0.0,0.95
3,2|2.1|5,87940.73847020244,87580.73847020244,360.0,0.0,0.7004278345177912,family_four:5;family_three:5;single_average:5;single_low:5;two_person_average:5;two_person_low:5,2423.5621019640384,full_carry_no_spoilage,False,59.69888315524285,2090.294977435425,1.856463209968425,2086.6563764052635,2093.933578465587,False,0.0,0.95
3,2|2.25|5,87940.73847020244,87580.73847020244,360.0,0.0,0.7004278345177912,family_four:5;family_three:5;single_average:5;single_low:5;two_person_average:5;two_person_low:5,2423.5621019640384,full_carry_no_spoilage,False,59.69888315524285,2090.294977435425,1.856463209968425,2086.6563764052635,2093.933578465587,False,0.0,0.95
3,2|2.4|5,87940.73847020244,87580.73847020244,360.0,0.0,0.7004278345177912,family_four:5;family_three:5;single_average:5;single_low:5;two_person_average:5;two_person_low:5,2423.5621019640384,full_carry_no_spoilage,False,59.69888315524285,2090.294977435425,1.856463209968425,2086.6563764052635,2093.933578465587,False,0.0,0.95
3,2|3|5,87940.73847020244,87580.73847020244,360.0,0.0,0.7004278345177912,family_four:5;family_three:5;single_average:5;single_low:5;two_person_average:5;two_person_low:5,2423.5621019640384,full_carry_no_spoilage,False,59.69888315524285,2090.294977435425,1.856463209968425,2086.6563764052635,2093.933578465587,False,0.0,0.95
3,2|4.5|5,87940.73847020244,87580.73847020244,360.0,0.0,0.7004278345177912,family_four:5;family_three:5;single_average:5;single_low:5;two_person_average:5;two_person_low:5,2423.5621019640384,full_carry_no_spoilage,False,59.69888315524285,2090.294977435425,1.856463209968425,2086.6563764052635,2093.933578465587,False,0.0,0.95
3,2.1|2.25|5,87940.73847020244,87580.73847020244,360.0,0.0,0.7004278345177912,family_four:5;family_three:5;single_average:5;single_low:5;two_person_average:5;two_person_low:5,2423.5621019640384,full_carry_no_spoilage,False,59.69888315524285,2090.294977435425,1.856463209968425,2086.6563764052635,2093.933578465587,False,0.0,0.95
3,2.1|2.4|5,87940.73847020244,87580.73847020244,360.0,0.0,0.7004278345177912,family_four:5;family_three:5;single_average:5;single_low:5;two_person_average:5;two_person_low:5,2423.5621019640384,full_carry_no_spoilage,False,59.69888315524285,2090.294977435425,1.856463209968425,2086.6563764052635,2093.933578465587,False,0.0,0.95
3,2.1|3|5,87940.73847020244,87580.73847020244,360.0,0.0,0.7004278345177912,family_four:5;family_three:5;single_average:5;single_low:5;two_person_average:5;two_person_low:5,2423.5621019640384,full_carry_no_spoilage,False,59.69888315524285,2090.294977435425,1.856463209968425,2086.6563764052635,2093.933578465587,False,0.0,0.95
3,2.1|4.5|5,87940.73847020244,87580.73847020244,360.0,0.0,0.7004278345177912,family_four:5;family_three:5;single_average:5;single_low:5;two_person_average:5;two_person_low:5,2423.5621019640384,full_carry_no_spoilage,False,59.69888315524285,2090.294977435425,1.856463209968425,2086.6563764052635,2093.933578465587,False,0.0,0.95
3,2.25|2.4|5,87940.73847020244,87580.73847020244,360.0,0.0,0.7004278345177912,family_four:5;family_three:5;single_average:5;single_low:5;two_person_average:5;two_person_low:5,2423.5621019640384,full_carry_no_spoilage,False,59.69888315524285,2090.294977435425,1.856463209968425,2086.6563764052635,2093.933578465587,False,0.0,0.95
3,2.25|3|5,87940.73847020244,87580.73847020244,360.0,0.0,0.7004278345177912,family_four:5;family_three:5;single_average:5;single_low:5;two_person_average:5;two_person_low:5,2423.5621019640384,full_carry_no_spoilage,False,59.69888315524285,2090.294977435425,1.856463209968425,2086.6563764052635,2093.933578465587,False,0.0,0.95
3,2.25|4.5|5,87940.73847020244,87580.73847020244,360.0,0.0,0.7004278345177912,family_four:5;family_three:5;single_average:5;single_low:5;two_person_average:5;two_person_low:5,2423.5621019640384,full_carry_no_spoilage,False,59.69888315524285,2090.294977435425,1.856463209968425,2086.6563764052635,2093.933578465587,False,0.0,0.95
3,2.4|3|5,87940.73847020244,87580.73847020244,360.0,0.0,0.7004278345177912,family_four:5;family_three:5;single_average:5;single_low:5;two_person_average:5;two_person_low:5,2423.5621019640384,full_carry_no_spoilage,False,59.69888315524285,2090.294977435425,1.856463209968425,2086.6563764052635,2093.933578465587,False,0.0,0.95
3,2.4|4.5|5,87940.73847020244,87580.73847020244,360.0,0.0,0.7004278345177912,family_four:5;family_three:5;single_average:5;single_low:5;two_person_average:5;two_person_low:5,2423.5621019640384,full_carry_no_spoilage,False,59.69888315524285,2090.294977435425,1.856463209968425,2086.6563764052635,2093.933578465587,False,0.0,0.95
3,3|4.5|5,87940.73847020244,87580.73847020244,360.0,0.0,0.7004278345177912,family_four:5;family_three:5;single_average:5;single_low:5;two_person_average:5;two_person_low:5,2423.5621019640384,full_carry_no_spoilage,False,59.69888315524285,2090.294977435425,1.856463209968425,2086.6563764052635,2093.933578465587,False,0.0,0.95
3,1.8|2|4.5,88423.59501158014,88063.59501158014,360.0,0.0,0.7377749204043138,family_four:4.5;family_three:4.5;single_average:4.5;single_low:4.5;two_person_average:4.5;two_person_low:4.5,2906.4186433417344,full_carry_no_spoilage,False,60.14190614644693,2573.1515188131266,2.3164373897653427,2568.6113849567446,2577.6916526695086,False,0.0,0.95
3,1.8|2.1|4.5,88423.59501158014,88063.59501158014,360.0,0.0,0.7377749204043138,family_four:4.5;family_three:4.5;single_average:4.5;single_low:4.5;two_person_average:4.5;two_person_low:4.5,2906.4186433417344,full_carry_no_spoilage,False,60.14190614644693,2573.1515188131266,2.3164373897653427,2568.6113849567446,2577.6916526695086,False,0.0,0.95
3,1.8|2.25|4.5,88423.59501158014,88063.59501158014,360.0,0.0,0.7377749204043138,family_four:4.5;family_three:4.5;single_average:4.5;single_low:4.5;two_person_average:4.5;two_person_low:4.5,2906.4186433417344,full_carry_no_spoilage,False,60.14190614644693,2573.1515188131266,2.3164373897653427,2568.6113849567446,2577.6916526695086,False,0.0,0.95
3,1.8|2.4|4.5,88423.59501158014,88063.59501158014,360.0,0.0,0.7377749204043138,family_four:4.5;family_three:4.5;single_average:4.5;single_low:4.5;two_person_average:4.5;two_person_low:4.5,2906.4186433417344,full_carry_no_spoilage,False,60.14190614644693,2573.1515188131266,2.3164373897653427,2568.6113849567446,2577.6916526695086,False,0.0,0.95
3,1.8|3|4.5,88423.59501158014,88063.59501158014,360.0,0.0,0.7377749204043138,family_four:4.5;family_three:4.5;single_average:4.5;single_low:4.5;two_person_average:4.5;two_person_low:4.5,2906.4186433417344,full_carry_no_spoilage,False,60.14190614644693,2573.1515188131266,2.3164373897653427,2568.6113849567446,2577.6916526695086,False,0.0,0.95
3,2|2.1|4.5,88423.59501158014,88063.59501158014,360.0,0.0,0.7377749204043138,family_four:4.5;family_three:4.5;single_average:4.5;single_low:4.5;two_person_average:4.5;two_person_low:4.5,2906.4186433417344,full_carry_no_spoilage,False,60.14190614644693,2573.1515188131266,2.3164373897653427,2568.6113849567446,2577.6916526695086,False,0.0,0.95
3,2|2.25|4.5,88423.59501158014,88063.59501158014,360.0,0.0,0.7377749204043138,family_four:4.5;family_three:4.5;single_average:4.5;single_low:4.5;two_person_average:4.5;two_person_low:4.5,2906.4186433417344,full_carry_no_spoilage,False,60.14190614644693,2573.1515188131266,2.3164373897653427,2568.6113849567446,2577.6916526695086,False,0.0,0.95
3,2|2.4|4.5,88423.59501158014,88063.59501158014,360.0,0.0,0.7377749204043138,family_four:4.5;family_three:4.5;single_average:4.5;single_low:4.5;two_person_average:4.5;two_person_low:4.5,2906.4186433417344,full_carry_no_spoilage,False,60.14190614644693,2573.1515188131266,2.3164373897653427,2568.6113849567446,2577.6916526695086,False,0.0,0.95
3,2|3|4.5,88423.59501158014,88063.59501158014,360.0,0.0,0.7377749204043138,family_four:4.5;family_three:4.5;single_average:4.5;single_low:4.5;two_person_average:4.5;two_person_low:4.5,2906.4186433417344,full_carry_no_spoilage,False,60.14190614644693,2573.1515188131266,2.3164373897653427,2568.6113849567446,2577.6916526695086,False,0.0,0.95
3,2.1|2.25|4.5,88423.59501158014,88063.59501158014,360.0,0.0,0.7377749204043138,family_four:4.5;family_three:4.5;single_average:4.5;single_low:4.5;two_person_average:4.5;two_person_low:4.5,2906.4186433417344,full_carry_no_spoilage,False,60.14190614644693,2573.1515188131266,2.3164373897653427,2568.6113849567446,2577.6916526695086,False,0.0,0.95
3,2.1|2.4|4.5,88423.59501158014,88063.59501158014,360.0,0.0,0.7377749204043138,family_four:4.5;family_three:4.5;single_average:4.5;single_low:4.5;two_person_average:4.5;two_person_low:4.5,2906.4186433417344,full_carry_no_spoilage,False,60.14190614644693,2573.1515188131266,2.3164373897653427,2568.6113849567446,2577.6916526695086,False,0.0,0.95
3,2.1|3|4.5,88423.59501158014,88063.59501158014,360.0,0.0,0.7377749204043138,family_four:4.5;family_three:4.5;single_average:4.5;single_low:4.5;two_person_average:4.5;two_person_low:4.5,2906.4186433417344,full_carry_no_spoilage,False,60.14190614644693,2573.1515188131266,2.3164373897653427,2568.6113849567446,2577.6916526695086,False,0.0,0.95
3,2.25|2.4|4.5,88423.59501158014,88063.59501158014,360.0,0.0,0.7377749204043138,family_four:4.5;family_three:4.5;single_average:4.5;single_low:4.5;two_person_average:4.5;two_person_low:4.5,2906.4186433417344,full_carry_no_spoilage,False,60.14190614644693,2573.1515188131266,2.3164373897653427,2568.6113849567446,2577.6916526695086,False,0.0,0.95
3,2.25|3|4.5,88423.59501158014,88063.59501158014,360.0,0.0,0.7377749204043138,family_four:4.5;family_three:4.5;single_average:4.5;single_low:4.5;two_person_average:4.5;two_person_low:4.5,2906.4186433417344,full_carry_no_spoilage,False,60.14190614644693,2573.1515188131266,2.3164373897653427,2568.6113849567446,2577.6916526695086,False,0.0,0.95
3,2.4|3|4.5,88423.59501158014,88063.59501158014,360.0,0.0,0.7377749204043138,family_four:4.5;family_three:4.5;single_average:4.5;single_low:4.5;two_person_average:4.5;two_person_low:4.5,2906.4186433417344,full_carry_no_spoilage,False,60.14190614644693,2573.1515188131266,2.3164373897653427,2568.6113849567446,2577.6916526695086,False,0.0,0.95
3,1.8|2|3,90689.75959019523,90329.75959019523,360.0,0.0,0.908993500780163,family_four:3;family_three:3;single_average:3;single_low:3;two_person_average:3;two_person_low:3,5172.583221956826,full_carry_no_spoilage,False,61.67325897150539,4839.316097428201,3.724698189179456,4832.015823124128,4846.616371732274,False,0.0,0.95
3,1.8|2.1|3,90689.75959019523,90329.75959019523,360.0,0.0,0.908993500780163,family_four:3;family_three:3;single_average:3;single_low:3;two_person_average:3;two_person_low:3,5172.583221956826,full_carry_no_spoilage,False,61.67325897150539,4839.316097428201,3.724698189179456,4832.015823124128,4846.616371732274,False,0.0,0.95
3,1.8|2.25|3,90689.75959019523,90329.75959019523,360.0,0.0,0.908993500780163,family_four:3;family_three:3;single_average:3;single_low:3;two_person_average:3;two_person_low:3,5172.583221956826,full_carry_no_spoilage,False,61.67325897150539,4839.316097428201,3.724698189179456,4832.015823124128,4846.616371732274,False,0.0,0.95
3,1.8|2.4|3,90689.75959019523,90329.75959019523,360.0,0.0,0.908993500780163,family_four:3;family_three:3;single_average:3;single_low:3;two_person_average:3;two_person_low:3,5172.583221956826,full_carry_no_spoilage,False,61.67325897150539,4839.316097428201,3.724698189179456,4832.015823124128,4846.616371732274,False,0.0,0.95
3,2|2.1|3,90689.75959019523,90329.75959019523,360.0,0.0,0.908993500780163,family_four:3;family_three:3;single_average:3;single_low:3;two_person_average:3;two_person_low:3,5172.583221956826,full_carry_no_spoilage,False,61.67325897150539,4839.316097428201,3.724698189179456,4832.015823124128,4846.616371732274,False,0.0,0.95
3,2|2.25|3,90689.75959019523,90329.75959019523,360.0,0.0,0.908993500780163,family_four:3;family_three:3;single_average:3;single_low:3;two_person_average:3;two_person_low:3,5172.583221956826,full_carry_no_spoilage,False,61.67325897150539,4839.316097428201,3.724698189179456,4832.015823124128,4846.616371732274,False,0.0,0.95
3,2|2.4|3,90689.75959019523,90329.75959019523,360.0,0.0,0.908993500780163,family_four:3;family_three:3;single_average:3;single_low:3;two_person_average:3;two_person_low:3,5172.583221956826,full_carry_no_spoilage,False,61.67325897150539,4839.316097428201,3.724698189179456,4832.015823124128,4846.616371732274,False,0.0,0.95
3,2.1|2.25|3,90689.75959019523,90329.75959019523,360.0,0.0,0.908993500780163,family_four:3;family_three:3;single_average:3;single_low:3;two_person_average:3;two_person_low:3,5172.583221956826,full_carry_no_spoilage,False,61.67325897150539,4839.316097428201,3.724698189179456,4832.015823124128,4846.616371732274,False,0.0,0.95
3,2.1|2.4|3,90689.75959019523,90329.75959019523,360.0,0.0,0.908993500780163,family_four:3;family_three:3;single_average:3;single_low:3;two_person_average:3;two_person_low:3,5172.583221956826,full_carry_no_spoilage,False,61.67325897150539,4839.316097428201,3.724698189179456,4832.015823124128,4846.616371732274,False,0.0,0.95
3,2.25|2.4|3,90689.75959019523,90329.75959019523,360.0,0.0,0.908993500780163,family_four:3;family_three:3;single_average:3;single_low:3;two_person_average:3;two_person_low:3,5172.583221956826,full_carry_no_spoilage,False,61.67325897150539,4839.316097428201,3.724698189179456,4832.015823124128,4846.616371732274,False,0.0,0.95
3,1.8|2|2.4,92229.76895634022,91869.76895634022,360.0,0.0,1.0262080487690906,family_four:2.4;family_three:2.4;single_average:2.4;single_low:2.4;two_person_average:2.4;two_person_low:2.4,6712.592588101819,full_carry_no_spoilage,False,62.729378363442684,6379.32546357318,4.777143864789477,6369.962433649226,6388.688493497134,False,0.0,0.95
3,1.8|2.1|2.4,92229.76895634022,91869.76895634022,360.0,0.0,1.0262080487690906,family_four:2.4;family_three:2.4;single_average:2.4;single_low:2.4;two_person_average:2.4;two_person_low:2.4,6712.592588101819,full_carry_no_spoilage,False,62.729378363442684,6379.32546357318,4.777143864789477,6369.962433649226,6388.688493497134,False,0.0,0.95
3,1.8|2.25|2.4,92229.76895634022,91869.76895634022,360.0,0.0,1.0262080487690906,family_four:2.4;family_three:2.4;single_average:2.4;single_low:2.4;two_person_average:2.4;two_person_low:2.4,6712.592588101819,full_carry_no_spoilage,False,62.729378363442684,6379.32546357318,4.777143864789477,6369.962433649226,6388.688493497134,False,0.0,0.95
3,2|2.1|2.4,92229.76895634022,91869.76895634022,360.0,0.0,1.0262080487690906,family_four:2.4;family_three:2.4;single_average:2.4;single_low:2.4;two_person_average:2.4;two_person_low:2.4,6712.592588101819,full_carry_no_spoilage,False,62.729378363442684,6379.32546357318,4.777143864789477,6369.962433649226,6388.688493497134,False,0.0,0.95
3,2|2.25|2.4,92229.76895634022,91869.76895634022,360.0,0.0,1.0262080487690906,family_four:2.4;family_three:2.4;single_average:2.4;single_low:2.4;two_person_average:2.4;two_person_low:2.4,6712.592588101819,full_carry_no_spoilage,False,62.729378363442684,6379.32546357318,4.777143864789477,6369.962433649226,6388.688493497134,False,0.0,0.95
3,2.1|2.25|2.4,92229.76895634022,91869.76895634022,360.0,0.0,1.0262080487690906,family_four:2.4;family_three:2.4;single_average:2.4;single_low:2.4;two_person_average:2.4;two_person_low:2.4,6712.592588101819,full_carry_no_spoilage,False,62.729378363442684,6379.32546357318,4.777143864789477,6369.962433649226,6388.688493497134,False,0.0,0.95
3,1.8|2|2.25,92723.48419065324,92363.48419065324,360.0,0.0,1.0638836701742425,family_four:2.25;family_three:2.25;single_average:2.25;single_low:2.25;two_person_average:2.25;two_person_low:2.25,7206.307822414834,full_carry_no_spoilage,False,63.09397355697659,6873.040697886233,5.139332993937721,6862.967790313556,6883.11360545891,False,0.0,0.95
3,1.8|2.1|2.25,92723.48419065324,92363.48419065324,360.0,0.0,1.0638836701742425,family_four:2.25;family_three:2.25;single_average:2.25;single_low:2.25;two_person_average:2.25;two_person_low:2.25,7206.307822414834,full_carry_no_spoilage,False,63.09397355697659,6873.040697886233,5.139332993937721,6862.967790313556,6883.11360545891,False,0.0,0.95
3,2|2.1|2.25,92723.48419065324,92363.48419065324,360.0,0.0,1.0638836701742425,family_four:2.25;family_three:2.25;single_average:2.25;single_low:2.25;two_person_average:2.25;two_person_low:2.25,7206.307822414834,full_carry_no_spoilage,False,63.09397355697659,6873.040697886233,5.139332993937721,6862.967790313556,6883.11360545891,False,0.0,0.95
3,1.8|2|2.1,93275.82079265386,92915.82079265386,360.0,0.0,1.105994212204482,family_four:2.1;family_three:2.1;single_average:2.1;single_low:2.1;two_person_average:2.1;two_person_low:2.1,7758.644424415455,full_carry_no_spoilage,False,63.44739737190382,7425.377299886823,5.48552579326718,7414.6258668957535,7436.128732877892,False,0.0,0.95
1,9,86298.64534110154,86298.64534110154,0.0,0.6972526312182683,0.5364500046343472,family_four:9;family_three:9;single_average:9;single_low:9;two_person_average:9;two_person_low:9,264.45338698115665,perfect_final_batch_adaptation,False,57.94564548123398,0.0,0.0,0.0,0.0,True,0.9791666666666666,0.95
1,10,86350.6562160934,86350.6562160934,0.0,0.9226878165541952,0.5122329978821046,family_four:10;family_three:10;single_average:10;single_low:10;two_person_average:10;two_person_low:10,316.4642619730148,perfect_final_batch_adaptation,False,57.52800378164942,52.010874991842,2.017376873079432,48.056888977362284,55.96486100632172,False,0.020833333333333332,0.95
1,5,87842.16290670783,87842.16290670783,0.0,0.1074199933277125,0.7012208595195625,family_four:5;family_three:5;single_average:5;single_low:5;two_person_average:5;two_person_low:5,1807.9709525874496,perfect_final_batch_adaptation,False,59.78397130021135,1543.5175656062922,2.631950939060773,1538.3590365566567,1548.6760946559277,False,0.0,0.95
1,4.5,88289.86915865727,88289.86915865727,0.0,0.06893372669493102,0.7381689649877835,family_four:4.5;family_three:4.5;single_average:4.5;single_low:4.5;two_person_average:4.5;two_person_low:4.5,2255.6772045368853,perfect_final_batch_adaptation,False,60.24590543269022,1991.223817555728,2.8023827892502955,1985.7312482179025,1996.7163868935534,False,0.0,0.95
1,3,90583.10124795823,90583.10124795823,0.0,0.00588012368363333,0.9089835500825583,family_four:3;family_three:3;single_average:3;single_low:3;two_person_average:3;two_person_low:3,4548.909293837845,perfect_final_batch_adaptation,False,61.874323705436964,4284.455906856693,4.376393939245519,4275.878332353613,4293.033481359774,False,0.0,0.95
1,2.4,92181.37123778064,92181.37123778064,0.0,0.0006736902586066246,1.0261447099686525,family_four:2.4;family_three:2.4;single_average:2.4;single_low:2.4;two_person_average:2.4;two_person_low:2.4,6147.179283660254,perfect_final_batch_adaptation,False,62.85887545937051,5882.725896679105,5.277303944024537,5872.382571013346,5893.069222344864,False,0.0,0.95
1,2.25,92694.69057849991,92694.69057849991,0.0,0.0002992189675699014,1.0637445465071569,family_four:2.25;family_three:2.25;single_average:2.25;single_low:2.25;two_person_average:2.25;two_person_low:2.25,6660.498624379528,perfect_final_batch_adaptation,False,63.34492111339885,6396.045237398367,5.746751960567923,6384.781810527569,6407.308664269165,False,0.0,0.95
1,2.1,93268.91165544055,93268.91165544055,0.0,0.00010879212279915215,1.1058700455536392,family_four:2.1;family_three:2.1;single_average:2.1;single_low:2.1;two_person_average:2.1;two_person_low:2.1,7234.719701320166,perfect_final_batch_adaptation,False,63.60344982759416,6970.266314339005,6.032597620430546,6958.442640269739,6982.08998840827,False,0.0,0.95
1,2,93779.71258631379,93779.71258631379,0.0,5.7909165508303505e-05,1.1371788137496748,family_four:2;family_three:2;single_average:2;single_low:2;two_person_average:2;two_person_low:2,7745.520632193409,perfect_final_batch_adaptation,False,63.81484867761005,7481.067245212227,6.240446615730959,7468.8361945979495,7493.298295826505,False,0.0,0.95
1,1.8,94666.85172535811,94666.85172535811,0.0,1.3732013279359503e-05,1.208569302168929,family_four:1.8;family_three:1.8;single_average:1.8;single_low:1.8;two_person_average:1.8;two_person_low:1.8,8632.659771237726,perfect_final_batch_adaptation,False,64.62009822435371,8368.20638425655,6.965079404666307,8354.555079473941,8381.857689039158,False,0.0,0.95
2,5|10,86034.19195412038,85854.19195412038,180.0,0.23050708902158476,0.5401816731216831,family_four:10;family_three:10;single_average:5;single_low:5;two_person_average:10;two_person_low:10,0.0,perfect_final_batch_adaptation,False,57.89279035543756,0.0,0.0,0.0,0.0,True,1.0,0.95
2,4.5|10,86067.24230677495,85887.24230677495,180.0,0.192071569037372,0.5458372716926126,family_four:10;family_three:10;single_average:4.5;single_low:4.5;two_person_average:10;two_person_low:10,33.05035265456536,perfect_final_batch_adaptation,False,57.99109801381632,33.05035265455073,0.8079111489993248,31.46687589980368,34.633829409297775,False,0.0,0.95
2,5|9,86147.63876219369,85967.63876219369,180.0,0.17635739859312716,0.56003019688118,family_four:9;family_three:9;single_average:5;single_low:5;two_person_average:9;two_person_low:9,113.44680807330587,perfect_final_batch_adaptation,False,58.21739935042737,113.4468080732964,1.2921890334360755,110.91416410654406,115.97945204004873,False,0.0,0.95
2,4.5|9,86180.68911484824,86000.68911484824,180.0,0.13792187860891442,0.5656857954521096,family_four:9;family_three:9;single_average:4.5;single_low:4.5;two_person_average:9;two_person_low:9,146.49716072785668,perfect_final_batch_adaptation,False,58.315181305564366,146.4971607278478,1.5247894238573967,143.50862837307974,149.48569308261588,False,0.0,0.95
2,3|10,86261.28295068388,86081.28295068388,180.0,0.4233963008590252,0.5340909626913487,family_four:10;family_three:10;single_average:10;single_low:3;two_person_average:10;two_person_low:10,227.0909965634928,perfect_final_batch_adaptation,False,57.598919951598084,227.09099656348,1.3571954109519497,224.43094243803114,229.75105068892884,False,0.0,0.95
2,3|9,86297.44375263555,86117.44375263555,180.0,0.2919033552404679,0.5560711492597943,family_four:9;family_three:9;single_average:9;single_low:3;two_person_average:9;two_person_low:9,263.2517985151644,perfect_final_batch_adaptation,False,58.01120032356382,263.25179851515594,1.8452357105168218,259.6352029795558,266.8683940507561,False,0.0,0.95
2,9|10,86332.36325060547,86152.36325060547,180.0,0.7073774070493012,0.5188939028874856,family_four:10;family_three:10;single_average:9;single_low:9;two_person_average:10;two_person_low:9,298.17129648508853,perfect_final_batch_adaptation,False,57.680971182371934,298.17129648508063,1.6667057692998173,294.90461320442785,301.4379797657334,False,0.0,0.95
2,2.4|10,86351.53714071558,86171.53714071558,180.0,0.4181919666659558,0.541077247553153,family_four:10;family_three:10;single_average:10;single_low:2.4;two_person_average:10;two_person_low:10,317.3451865951938,perfect_final_batch_adaptation,False,57.62874219277562,317.3451865951901,1.4880984755929776,314.42856717757894,320.2618060128013,False,0.0,0.95
2,2.25|10,86381.64113051411,86201.64113051411,180.0,0.4178174953749191,0.5433547186740755,family_four:10;family_three:10;single_average:10;single_low:2.25;two_person_average:10;two_person_low:10,347.4491763937258,perfect_final_batch_adaptation,False,57.655360322591925,347.44917639371783,1.5326407137055609,344.44525579361516,350.4530969938205,False,0.0,0.95
2,2.4|9,86387.69794266726,86207.69794266726,180.0,0.28669902104739853,0.5630574341215986,family_four:9;family_three:9;single_average:9;single_low:2.4;two_person_average:9;two_person_low:9,353.50598854687996,perfect_final_batch_adaptation,False,58.042249261482006,353.5059885468661,1.9860366908694356,349.6134281607869,357.3985489329453,False,0.0,0.95
2,2.1|10,86413.30318128437,86233.30318128437,180.0,0.4176270685301483,0.5458831776762239,family_four:10;family_three:10;single_average:10;single_low:2.1;two_person_average:10;two_person_low:10,379.11122716398677,perfect_final_batch_adaptation,False,57.63306651135805,379.11122716398523,1.5804483846158555,376.0136052507136,382.20884907725684,False,0.0,0.95
2,2.25|9,86417.80193246578,86237.80193246578,180.0,0.2863245497563618,0.5653349052425211,family_four:9;family_three:9;single_average:9;single_low:2.25;two_person_average:9;two_person_low:9,383.6099783453974,perfect_final_batch_adaptation,False,58.06881453036959,383.60997834539484,2.0235529757520783,379.64388739211194,387.57606929867774,False,0.0,0.95
2,2|10,86440.28601491898,86260.28601491898,180.0,0.4175761855728575,0.5477107002304737,family_four:10;family_three:10;single_average:10;single_low:2;two_person_average:10;two_person_low:10,406.09406079859764,perfect_final_batch_adaptation,False,57.64457907488432,406.09406079858894,1.6160118146987803,402.9267358431881,409.26138575398977,False,0.0,0.95
2,2.1|9,86449.46398323606,86269.46398323606,180.0,0.286134122911591,0.5678633642446694,family_four:9;family_three:9;single_average:9;single_low:2.1;two_person_average:9;two_person_low:9,415.2720291156729,perfect_final_batch_adaptation,False,58.04544623556978,415.27202911566127,2.0249499584052737,411.303200126691,419.2408581046315,False,0.0,0.95
2,2|9,86476.44681687065,86296.44681687065,180.0,0.2860832399543002,0.5696908867989193,family_four:9;family_three:9;single_average:9;single_low:2;two_person_average:9;two_person_low:9,442.25486275026924,perfect_final_batch_adaptation,False,58.058749146472096,442.254862750266,2.1051085414883173,438.12892582540127,446.38079967513073,False,0.0,0.95
2,1.8|9,86478.64534110154,86298.64534110154,180.0,0.6972526312182683,0.5364500046343472,family_four:9;family_three:9;single_average:9;single_low:9;two_person_average:9;two_person_low:9,444.45338698115665,perfect_final_batch_adaptation,False,57.94564548123398,444.4533869811573,1.9314684847321884,440.667778313808,448.23899564850655,False,0.0,0.95
2,1.8|10,86491.31036969606,86311.31036969606,180.0,0.41753200842062854,0.5519915964829426,family_four:10;family_three:10;single_average:10;single_low:1.8;two_person_average:10;two_person_low:10,457.1184155756782,perfect_final_batch_adaptation,False,57.64796423461647,457.11841557568033,1.7280111527084145,453.7315759514883,460.50525519987235,False,0.0,0.95
2,4.5|5,88015.86325580902,87835.86325580902,180.0,0.07517747912206037,0.7032836353400979,family_four:5;family_three:5;single_average:5;single_low:4.5;two_person_average:5;two_person_low:5,1981.6713016886351,perfect_final_batch_adaptation,False,59.80817505768804,1981.671301688626,2.280063658699473,1977.2024590351164,1986.1401443421357,False,0.0,0.95
2,1.8|5,88022.16290670783,87842.16290670783,180.0,0.1074199933277125,0.7012208595195625,family_four:5;family_three:5;single_average:5;single_low:5;two_person_average:5;two_person_low:5,1987.9709525874496,perfect_final_batch_adaptation,False,59.78397130021135,1987.9709525874496,2.1778926505764087,1983.7023614301254,1992.2395437447738,False,0.0,0.95
2,2|5,88022.16290670783,87842.16290670783,180.0,0.1074199933277125,0.7012208595195625,family_four:5;family_three:5;single_average:5;single_low:5;two_person_average:5;two_person_low:5,1987.9709525874496,perfect_final_batch_adaptation,False,59.78397130021135,1987.9709525874496,2.1778926505764087,1983.7023614301254,1992.2395437447738,False,0.0,0.95
2,2.1|5,88022.16290670783,87842.16290670783,180.0,0.1074199933277125,0.7012208595195625,family_four:5;family_three:5;single_average:5;single_low:5;two_person_average:5;two_person_low:5,1987.9709525874496,perfect_final_batch_adaptation,False,59.78397130021135,1987.9709525874496,2.1778926505764087,1983.7023614301254,1992.2395437447738,False,0.0,0.95
2,2.25|5,88022.16290670783,87842.16290670783,180.0,0.1074199933277125,0.7012208595195625,family_four:5;family_three:5;single_average:5;single_low:5;two_person_average:5;two_person_low:5,1987.9709525874496,perfect_final_batch_adaptation,False,59.78397130021135,1987.9709525874496,2.1778926505764087,1983.7023614301254,1992.2395437447738,False,0.0,0.95
2,2.4|5,88022.16290670783,87842.16290670783,180.0,0.1074199933277125,0.7012208595195625,family_four:5;family_three:5;single_average:5;single_low:5;two_person_average:5;two_person_low:5,1987.9709525874496,perfect_final_batch_adaptation,False,59.78397130021135,1987.9709525874496,2.1778926505764087,1983.7023614301254,1992.2395437447738,False,0.0,0.95
2,3|5,88022.16290670783,87842.16290670783,180.0,0.1074199933277125,0.7012208595195625,family_four:5;family_three:5;single_average:5;single_low:5;two_person_average:5;two_person_low:5,1987.9709525874496,perfect_final_batch_adaptation,False,59.78397130021135,1987.9709525874496,2.1778926505764087,1983.7023614301254,1992.2395437447738,False,0.0,0.95
2,1.8|4.5,88469.86915865727,88289.86915865727,180.0,0.06893372669493102,0.7381689649877835,family_four:4.5;family_three:4.5;single_average:4.5;single_low:4.5;two_person_average:4.5;two_person_low:4.5,2435.6772045368853,perfect_final_batch_adaptation,False,60.24590543269022,2435.6772045368853,2.8265753393706436,2430.1372186721296,2441.217190401641,False,0.0,0.95
2,2|4.5,88469.86915865727,88289.86915865727,180.0,0.06893372669493102,0.7381689649877835,family_four:4.5;family_three:4.5;single_average:4.5;single_low:4.5;two_person_average:4.5;two_person_low:4.5,2435.6772045368853,perfect_final_batch_adaptation,False,60.24590543269022,2435.6772045368853,2.8265753393706436,2430.1372186721296,2441.217190401641,False,0.0,0.95
2,2.1|4.5,88469.86915865727,88289.86915865727,180.0,0.06893372669493102,0.7381689649877835,family_four:4.5;family_three:4.5;single_average:4.5;single_low:4.5;two_person_average:4.5;two_person_low:4.5,2435.6772045368853,perfect_final_batch_adaptation,False,60.24590543269022,2435.6772045368853,2.8265753393706436,2430.1372186721296,2441.217190401641,False,0.0,0.95
2,2.25|4.5,88469.86915865727,88289.86915865727,180.0,0.06893372669493102,0.7381689649877835,family_four:4.5;family_three:4.5;single_average:4.5;single_low:4.5;two_person_average:4.5;two_person_low:4.5,2435.6772045368853,perfect_final_batch_adaptation,False,60.24590543269022,2435.6772045368853,2.8265753393706436,2430.1372186721296,2441.217190401641,False,0.0,0.95
2,2.4|4.5,88469.86915865727,88289.86915865727,180.0,0.06893372669493102,0.7381689649877835,family_four:4.5;family_three:4.5;single_average:4.5;single_low:4.5;two_person_average:4.5;two_person_low:4.5,2435.6772045368853,perfect_final_batch_adaptation,False,60.24590543269022,2435.6772045368853,2.8265753393706436,2430.1372186721296,2441.217190401641,False,0.0,0.95
2,3|4.5,88469.86915865727,88289.86915865727,180.0,0.06893372669493102,0.7381689649877835,family_four:4.5;family_three:4.5;single_average:4.5;single_low:4.5;two_person_average:4.5;two_person_low:4.5,2435.6772045368853,perfect_final_batch_adaptation,False,60.24590543269022,2435.6772045368853,2.8265753393706436,2430.1372186721296,2441.217190401641,False,0.0,0.95
2,1.8|3,90763.10124795823,90583.10124795823,180.0,0.00588012368363333,0.9089835500825583,family_four:3;family_three:3;single_average:3;single_low:3;two_person_average:3;two_person_low:3,4728.909293837845,perfect_final_batch_adaptation,False,61.874323705436964,4728.909293837851,4.2634935964127525,4720.552999940564,4737.265587735137,False,0.0,0.95
2,2|3,90763.10124795823,90583.10124795823,180.0,0.00588012368363333,0.9089835500825583,family_four:3;family_three:3;single_average:3;single_low:3;two_person_average:3;two_person_low:3,4728.909293837845,perfect_final_batch_adaptation,False,61.874323705436964,4728.909293837851,4.2634935964127525,4720.552999940564,4737.265587735137,False,0.0,0.95
2,2.1|3,90763.10124795823,90583.10124795823,180.0,0.00588012368363333,0.9089835500825583,family_four:3;family_three:3;single_average:3;single_low:3;two_person_average:3;two_person_low:3,4728.909293837845,perfect_final_batch_adaptation,False,61.874323705436964,4728.909293837851,4.2634935964127525,4720.552999940564,4737.265587735137,False,0.0,0.95
2,2.25|3,90763.10124795823,90583.10124795823,180.0,0.00588012368363333,0.9089835500825583,family_four:3;family_three:3;single_average:3;single_low:3;two_person_average:3;two_person_low:3,4728.909293837845,perfect_final_batch_adaptation,False,61.874323705436964,4728.909293837851,4.2634935964127525,4720.552999940564,4737.265587735137,False,0.0,0.95
2,2.4|3,90763.10124795823,90583.10124795823,180.0,0.00588012368363333,0.9089835500825583,family_four:3;family_three:3;single_average:3;single_low:3;two_person_average:3;two_person_low:3,4728.909293837845,perfect_final_batch_adaptation,False,61.874323705436964,4728.909293837851,4.2634935964127525,4720.552999940564,4737.265587735137,False,0.0,0.95
2,1.8|2.4,92361.37123778064,92181.37123778064,180.0,0.0006736902586066246,1.0261447099686525,family_four:2.4;family_three:2.4;single_average:2.4;single_low:2.4;two_person_average:2.4;two_person_low:2.4,6327.179283660254,perfect_final_batch_adaptation,False,62.85887545937051,6327.179283660262,5.237296502874511,6316.91437113827,6337.444196182253,False,0.0,0.95
2,2|2.4,92361.37123778064,92181.37123778064,180.0,0.0006736902586066246,1.0261447099686525,family_four:2.4;family_three:2.4;single_average:2.4;single_low:2.4;two_person_average:2.4;two_person_low:2.4,6327.179283660254,perfect_final_batch_adaptation,False,62.85887545937051,6327.179283660262,5.237296502874511,6316.91437113827,6337.444196182253,False,0.0,0.95
2,2.1|2.4,92361.37123778064,92181.37123778064,180.0,0.0006736902586066246,1.0261447099686525,family_four:2.4;family_three:2.4;single_average:2.4;single_low:2.4;two_person_average:2.4;two_person_low:2.4,6327.179283660254,perfect_final_batch_adaptation,False,62.85887545937051,6327.179283660262,5.237296502874511,6316.91437113827,6337.444196182253,False,0.0,0.95
2,2.25|2.4,92361.37123778064,92181.37123778064,180.0,0.0006736902586066246,1.0261447099686525,family_four:2.4;family_three:2.4;single_average:2.4;single_low:2.4;two_person_average:2.4;two_person_low:2.4,6327.179283660254,perfect_final_batch_adaptation,False,62.85887545937051,6327.179283660262,5.237296502874511,6316.91437113827,6337.444196182253,False,0.0,0.95
2,1.8|2.25,92874.69057849991,92694.69057849991,180.0,0.0002992189675699014,1.0637445465071569,family_four:2.25;family_three:2.25;single_average:2.25;single_low:2.25;two_person_average:2.25;two_person_low:2.25,6840.498624379528,perfect_final_batch_adaptation,False,63.34492111339885,6840.498624379525,5.7702639339846975,6829.189114887624,6851.8081338714255,False,0.0,0.95
2,2|2.25,92874.69057849991,92694.69057849991,180.0,0.0002992189675699014,1.0637445465071569,family_four:2.25;family_three:2.25;single_average:2.25;single_low:2.25;two_person_average:2.25;two_person_low:2.25,6840.498624379528,perfect_final_batch_adaptation,False,63.34492111339885,6840.498624379525,5.7702639339846975,6829.189114887624,6851.8081338714255,False,0.0,0.95
2,2.1|2.25,92874.69057849991,92694.69057849991,180.0,0.0002992189675699014,1.0637445465071569,family_four:2.25;family_three:2.25;single_average:2.25;single_low:2.25;two_person_average:2.25;two_person_low:2.25,6840.498624379528,perfect_final_batch_adaptation,False,63.34492111339885,6840.498624379525,5.7702639339846975,6829.189114887624,6851.8081338714255,False,0.0,0.95
2,1.8|2.1,93448.91165544055,93268.91165544055,180.0,0.00010879212279915215,1.1058700455536392,family_four:2.1;family_three:2.1;single_average:2.1;single_low:2.1;two_person_average:2.1;two_person_low:2.1,7414.719701320166,perfect_final_batch_adaptation,False,63.60344982759416,7414.719701320161,5.9355917721178875,7403.086155219878,7426.353247420445,False,0.0,0.95
2,2|2.1,93448.91165544055,93268.91165544055,180.0,0.00010879212279915215,1.1058700455536392,family_four:2.1;family_three:2.1;single_average:2.1;single_low:2.1;two_person_average:2.1;two_person_low:2.1,7414.719701320166,perfect_final_batch_adaptation,False,63.60344982759416,7414.719701320161,5.9355917721178875,7403.086155219878,7426.353247420445,False,0.0,0.95
2,1.8|2,93959.71258631379,93779.71258631379,180.0,5.7909165508303505e-05,1.1371788137496748,family_four:2;family_three:2;single_average:2;single_low:2;two_person_average:2;two_person_low:2,7925.520632193409,perfect_final_batch_adaptation,False,63.81484867761005,7925.520632193384,6.151821360041748,7913.463283888378,7937.5779804983895,False,0.0,0.95
3,5|9|10,86181.3566716976,85821.3566716976,360.0,0.1864821744241601,0.5424740951343184,family_four:10;family_three:10;single_average:5;single_low:5;two_person_average:10;two_person_low:9,147.1647175772232,perfect_final_batch_adaptation,False,57.95035026515551,0.0,0.0,0.0,0.0,True,0.984375,0.95
3,4.5|5|10,86207.89230322157,85847.89230322157,360.0,0.19826457481593263,0.5422444489422185,family_four:10;family_three:10;single_average:5;single_low:4.5;two_person_average:10;two_person_low:10,173.70034910118557,perfect_final_batch_adaptation,False,57.917398436612146,26.535631523956756,0.8592994883250434,24.851435474905973,28.21982757300754,False,0.015625,0.95
3,1.8|5|10,86214.19195412038,85854.19195412038,360.0,0.23050708902158476,0.5401816731216831,family_four:10;family_three:10;single_average:5;single_low:5;two_person_average:10;two_person_low:10,180.0,perfect_final_batch_adaptation,False,57.89279035543756,32.835282422780516,0.5458869245012903,31.76536371112665,33.90520113443438,False,0.0,0.95
3,2|5|10,86214.19195412038,85854.19195412038,360.0,0.23050708902158476,0.5401816731216831,family_four:10;family_three:10;single_average:5;single_low:5;two_person_average:10;two_person_low:10,180.0,perfect_final_batch_adaptation,True,57.89279035543756,32.835282422780516,0.5458869245012903,31.76536371112665,33.90520113443438,False,0.0,0.95
3,2.1|5|10,86214.19195412038,85854.19195412038,360.0,0.23050708902158476,0.5401816731216831,family_four:10;family_three:10;single_average:5;single_low:5;two_person_average:10;two_person_low:10,180.0,perfect_final_batch_adaptation,False,57.89279035543756,32.835282422780516,0.5458869245012903,31.76536371112665,33.90520113443438,False,0.0,0.95
3,2.25|5|10,86214.19195412038,85854.19195412038,360.0,0.23050708902158476,0.5401816731216831,family_four:10;family_three:10;single_average:5;single_low:5;two_person_average:10;two_person_low:10,180.0,perfect_final_batch_adaptation,False,57.89279035543756,32.835282422780516,0.5458869245012903,31.76536371112665,33.90520113443438,False,0.0,0.95
3,2.4|5|10,86214.19195412038,85854.19195412038,360.0,0.23050708902158476,0.5401816731216831,family_four:10;family_three:10;single_average:5;single_low:5;two_person_average:10;two_person_low:10,180.0,perfect_final_batch_adaptation,False,57.89279035543756,32.835282422780516,0.5458869245012903,31.76536371112665,33.90520113443438,False,0.0,0.95
3,3|5|10,86214.19195412038,85854.19195412038,360.0,0.23050708902158476,0.5401816731216831,family_four:10;family_three:10;single_average:5;single_low:5;two_person_average:10;two_person_low:10,180.0,perfect_final_batch_adaptation,False,57.89279035543756,32.835282422780516,0.5458869245012903,31.76536371112665,33.90520113443438,False,0.0,0.95
3,4.5|9|10,86214.40702435217,85854.40702435217,360.0,0.14804665443994736,0.548129693705248,family_four:10;family_three:10;single_average:4.5;single_low:4.5;two_person_average:10;two_person_low:9,180.21507023178856,perfect_final_batch_adaptation,False,58.04847163861443,33.05035265455111,0.8079111489993074,31.466875899804098,34.63382940929813,False,0.0,0.95
3,1.8|4.5|10,86247.24230677495,85887.24230677495,360.0,0.192071569037372,0.5458372716926126,family_four:10;family_three:10;single_average:4.5;single_low:4.5;two_person_average:10;two_person_low:10,213.05035265456536,perfect_final_batch_adaptation,False,57.99109801381632,65.88563507733124,0.9803177768541776,63.964247541292686,67.80702261336981,False,0.0,0.95
3,2|4.5|10,86247.24230677495,85887.24230677495,360.0,0.192071569037372,0.5458372716926126,family_four:10;family_three:10;single_average:4.5;single_low:4.5;two_person_average:10;two_person_low:10,213.05035265456536,perfect_final_batch_adaptation,False,57.99109801381632,65.88563507733124,0.9803177768541776,63.964247541292686,67.80702261336981,False,0.0,0.95
3,2.1|4.5|10,86247.24230677495,85887.24230677495,360.0,0.192071569037372,0.5458372716926126,family_four:10;family_three:10;single_average:4.5;single_low:4.5;two_person_average:10;two_person_low:10,213.05035265456536,perfect_final_batch_adaptation,False,57.99109801381632,65.88563507733124,0.9803177768541776,63.964247541292686,67.80702261336981,False,0.0,0.95
3,2.25|4.5|10,86247.24230677495,85887.24230677495,360.0,0.192071569037372,0.5458372716926126,family_four:10;family_three:10;single_average:4.5;single_low:4.5;two_person_average:10;two_person_low:10,213.05035265456536,perfect_final_batch_adaptation,False,57.99109801381632,65.88563507733124,0.9803177768541776,63.964247541292686,67.80702261336981,False,0.0,0.95
3,2.4|4.5|10,86247.24230677495,85887.24230677495,360.0,0.192071569037372,0.5458372716926126,family_four:10;family_three:10;single_average:4.5;single_low:4.5;two_person_average:10;two_person_low:10,213.05035265456536,perfect_final_batch_adaptation,False,57.99109801381632,65.88563507733124,0.9803177768541776,63.964247541292686,67.80702261336981,False,0.0,0.95
3,3|4.5|10,86247.24230677495,85887.24230677495,360.0,0.192071569037372,0.5458372716926126,family_four:10;family_three:10;single_average:4.5;single_low:4.5;two_person_average:10;two_person_low:10,213.05035265456536,perfect_final_batch_adaptation,False,57.99109801381632,65.88563507733124,0.9803177768541776,63.964247541292686,67.80702261336981,False,0.0,0.95
3,4.5|5|9,86321.33911129486,85961.33911129486,360.0,0.14411488438747505,0.5620929727017154,family_four:9;family_three:9;single_average:5;single_low:4.5;two_person_average:9;two_person_low:9,287.1471571744769,perfect_final_batch_adaptation,False,58.24101460781144,139.98243959725406,1.2369100853171549,137.55814037791808,142.40673881659004,False,0.0,0.95
3,1.8|5|9,86327.63876219369,85967.63876219369,360.0,0.17635739859312716,0.56003019688118,family_four:9;family_three:9;single_average:5;single_low:5;two_person_average:9;two_person_low:9,293.4468080733059,perfect_final_batch_adaptation,False,58.21739935042737,146.2820904960769,1.0905111596563557,144.14472789841145,148.41945309374236,False,0.0,0.95
3,2|5|9,86327.63876219369,85967.63876219369,360.0,0.17635739859312716,0.56003019688118,family_four:9;family_three:9;single_average:5;single_low:5;two_person_average:9;two_person_low:9,293.4468080733059,perfect_final_batch_adaptation,False,58.21739935042737,146.2820904960769,1.0905111596563557,144.14472789841145,148.41945309374236,False,0.0,0.95
3,2.1|5|9,86327.63876219369,85967.63876219369,360.0,0.17635739859312716,0.56003019688118,family_four:9;family_three:9;single_average:5;single_low:5;two_person_average:9;two_person_low:9,293.4468080733059,perfect_final_batch_adaptation,False,58.21739935042737,146.2820904960769,1.0905111596563557,144.14472789841145,148.41945309374236,False,0.0,0.95
3,2.25|5|9,86327.63876219369,85967.63876219369,360.0,0.17635739859312716,0.56003019688118,family_four:9;family_three:9;single_average:5;single_low:5;two_person_average:9;two_person_low:9,293.4468080733059,perfect_final_batch_adaptation,False,58.21739935042737,146.2820904960769,1.0905111596563557,144.14472789841145,148.41945309374236,False,0.0,0.95
3,2.4|5|9,86327.63876219369,85967.63876219369,360.0,0.17635739859312716,0.56003019688118,family_four:9;family_three:9;single_average:5;single_low:5;two_person_average:9;two_person_low:9,293.4468080733059,perfect_final_batch_adaptation,False,58.21739935042737,146.2820904960769,1.0905111596563557,144.14472789841145,148.41945309374236,False,0.0,0.95
3,3|5|9,86327.63876219369,85967.63876219369,360.0,0.17635739859312716,0.56003019688118,family_four:9;family_three:9;single_average:5;single_low:5;two_person_average:9;two_person_low:9,293.4468080733059,perfect_final_batch_adaptation,False,58.21739935042737,146.2820904960769,1.0905111596563557,144.14472789841145,148.41945309374236,False,0.0,0.95
3,3|9|10,86331.16166213946,85971.16166213946,360.0,0.30202813107150084,0.5385150475129327,family_four:10;family_three:10;single_average:9;single_low:3;two_person_average:10;two_person_low:9,296.96970801908174,perfect_final_batch_adaptation,False,57.74346305292304,149.8049904418593,1.3301715855842977,147.19790204085555,152.41207884286305,False,0.0,0.95
3,1.8|4.5|9,86360.68911484824,86000.68911484824,360.0,0.13792187860891442,0.5656857954521096,family_four:9;family_three:9;single_average:4.5;single_low:4.5;two_person_average:9;two_person_low:9,326.4971607278567,perfect_final_batch_adaptation,False,58.315181305564366,179.33244315062834,1.3618938515565024,176.66318025081105,182.00170605044562,False,0.0,0.95
3,2|4.5|9,86360.68911484824,86000.68911484824,360.0,0.13792187860891442,0.5656857954521096,family_four:9;family_three:9;single_average:4.5;single_low:4.5;two_person_average:9;two_person_low:9,326.4971607278567,perfect_final_batch_adaptation,False,58.315181305564366,179.33244315062834,1.3618938515565024,176.66318025081105,182.00170605044562,False,0.0,0.95
3,2.1|4.5|9,86360.68911484824,86000.68911484824,360.0,0.13792187860891442,0.5656857954521096,family_four:9;family_three:9;single_average:4.5;single_low:4.5;two_person_average:9;two_person_low:9,326.4971607278567,perfect_final_batch_adaptation,False,58.315181305564366,179.33244315062834,1.3618938515565024,176.66318025081105,182.00170605044562,False,0.0,0.95
3,2.25|4.5|9,86360.68911484824,86000.68911484824,360.0,0.13792187860891442,0.5656857954521096,family_four:9;family_three:9;single_average:4.5;single_low:4.5;two_person_average:9;two_person_low:9,326.4971607278567,perfect_final_batch_adaptation,False,58.315181305564366,179.33244315062834,1.3618938515565024,176.66318025081105,182.00170605044562,False,0.0,0.95
3,2.4|4.5|9,86360.68911484824,86000.68911484824,360.0,0.13792187860891442,0.5656857954521096,family_four:9;family_three:9;single_average:4.5;single_low:4.5;two_person_average:9;two_person_low:9,326.4971607278567,perfect_final_batch_adaptation,False,58.315181305564366,179.33244315062834,1.3618938515565024,176.66318025081105,182.00170605044562,False,0.0,0.95
3,3|4.5|9,86360.68911484824,86000.68911484824,360.0,0.13792187860891442,0.5656857954521096,family_four:9;family_three:9;single_average:4.5;single_low:4.5;two_person_average:9;two_person_low:9,326.4971607278567,perfect_final_batch_adaptation,False,58.315181305564366,179.33244315062834,1.3618938515565024,176.66318025081105,182.00170605044562,False,0.0,0.95
3,2.4|9|10,86421.4158521712,86061.4158521712,360.0,0.29682379687843147,0.545501332374737,family_four:10;family_three:10;single_average:9;single_low:2.4;two_person_average:10;two_person_low:9,387.22389805081184,perfect_final_batch_adaptation,False,57.77439515202939,240.05918047357022,1.4966331450904515,237.12583341112403,242.9925275360164,False,0.0,0.95
3,1.8|3|10,86441.28295068388,86081.28295068388,360.0,0.4233963008590252,0.5340909626913487,family_four:10;family_three:10;single_average:10;single_low:3;two_person_average:10;two_person_low:10,407.0909965634928,perfect_final_batch_adaptation,False,57.598919951598084,259.9262789862605,1.4752178042877557,257.03490522050424,262.8176527520168,False,0.0,0.95
3,2|3|10,86441.28295068388,86081.28295068388,360.0,0.4233963008590252,0.5340909626913487,family_four:10;family_three:10;single_average:10;single_low:3;two_person_average:10;two_person_low:10,407.0909965634928,perfect_final_batch_adaptation,False,57.598919951598084,259.9262789862605,1.4752178042877557,257.03490522050424,262.8176527520168,False,0.0,0.95
3,2.1|3|10,86441.28295068388,86081.28295068388,360.0,0.4233963008590252,0.5340909626913487,family_four:10;family_three:10;single_average:10;single_low:3;two_person_average:10;two_person_low:10,407.0909965634928,perfect_final_batch_adaptation,False,57.598919951598084,259.9262789862605,1.4752178042877557,257.03490522050424,262.8176527520168,False,0.0,0.95
3,2.25|3|10,86441.28295068388,86081.28295068388,360.0,0.4233963008590252,0.5340909626913487,family_four:10;family_three:10;single_average:10;single_low:3;two_person_average:10;two_person_low:10,407.0909965634928,perfect_final_batch_adaptation,False,57.598919951598084,259.9262789862605,1.4752178042877557,257.03490522050424,262.8176527520168,False,0.0,0.95
3,2.4|3|10,86441.28295068388,86081.28295068388,360.0,0.4233963008590252,0.5340909626913487,family_four:10;family_three:10;single_average:10;single_low:3;two_person_average:10;two_person_low:10,407.0909965634928,perfect_final_batch_adaptation,False,57.598919951598084,259.9262789862605,1.4752178042877557,257.03490522050424,262.8176527520168,False,0.0,0.95
3,2.25|9|10,86451.51984196971,86091.51984196971,360.0,0.2964493255873948,0.5477788034956594,family_four:10;family_three:10;single_average:9;single_low:2.25;two_person_average:10;two_person_low:9,417.3278878493293,perfect_final_batch_adaptation,False,57.800310118492824,270.1631702720975,1.5247545256464023,267.1747063165661,273.1516342276289,False,0.0,0.95
3,1.8|3|9,86477.44375263555,86117.44375263555,360.0,0.2919033552404679,0.5560711492597943,family_four:9;family_three:9;single_average:9;single_low:3;two_person_average:9;two_person_low:9,443.2517985151644,perfect_final_batch_adaptation,False,58.01120032356382,296.08708093793643,1.7111158347280881,292.7333555284932,299.4408063473797,False,0.0,0.95
3,2|3|9,86477.44375263555,86117.44375263555,360.0,0.2919033552404679,0.5560711492597943,family_four:9;family_three:9;single_average:9;single_low:3;two_person_average:9;two_person_low:9,443.2517985151644,perfect_final_batch_adaptation,False,58.01120032356382,296.08708093793643,1.7111158347280881,292.7333555284932,299.4408063473797,False,0.0,0.95
3,2.1|3|9,86477.44375263555,86117.44375263555,360.0,0.2919033552404679,0.5560711492597943,family_four:9;family_three:9;single_average:9;single_low:3;two_person_average:9;two_person_low:9,443.2517985151644,perfect_final_batch_adaptation,False,58.01120032356382,296.08708093793643,1.7111158347280881,292.7333555284932,299.4408063473797,False,0.0,0.95
3,2.25|3|9,86477.44375263555,86117.44375263555,360.0,0.2919033552404679,0.5560711492597943,family_four:9;family_three:9;single_average:9;single_low:3;two_person_average:9;two_person_low:9,443.2517985151644,perfect_final_batch_adaptation,False,58.01120032356382,296.08708093793643,1.7111158347280881,292.7333555284932,299.4408063473797,False,0.0,0.95
3,2.4|3|9,86477.44375263555,86117.44375263555,360.0,0.2919033552404679,0.5560711492597943,family_four:9;family_three:9;single_average:9;single_low:3;two_person_average:9;two_person_low:9,443.2517985151644,perfect_final_batch_adaptation,False,58.01120032356382,296.08708093793643,1.7111158347280881,292.7333555284932,299.4408063473797,False,0.0,0.95
3,2.1|9|10,86483.18189273999,86123.18189273999,360.0,0.296258898742624,0.5503072624978078,family_four:10;family_three:10;single_average:9;single_low:2.1;two_person_average:10;two_person_low:9,448.9899386196048,perfect_final_batch_adaptation,False,57.777585397682834,301.8252210423644,1.555854782853271,298.7758017027976,304.87464038193116,False,0.0,0.95
3,2|9|10,86510.16472637458,86150.16472637458,360.0,0.2962080157853332,0.5521347850520577,family_four:10;family_three:10;single_average:9;single_low:2;two_person_average:10;two_person_low:9,475.9727722542011,perfect_final_batch_adaptation,False,57.78976518127978,328.8080546769688,1.6182926246903218,325.636259416129,331.97984993780864,False,0.0,0.95
3,1.8|9|10,86512.36325060547,86152.36325060547,360.0,0.7073774070493012,0.5188939028874856,family_four:10;family_three:10;single_average:9;single_low:9;two_person_average:10;two_person_low:9,478.17129648508853,perfect_final_batch_adaptation,False,57.680971182371934,331.0065789078612,1.5577228391294873,327.95349824527193,334.05965957045044,False,0.0,0.95
3,1.8|2.4|10,86531.53714071558,86171.53714071558,360.0,0.4181919666659558,0.541077247553153,family_four:10;family_three:10;single_average:10;single_low:2.4;two_person_average:10;two_person_low:10,497.3451865951938,perfect_final_batch_adaptation,False,57.62874219277562,350.1804690179706,1.584285071011626,347.07532733754334,353.2856106983979,False,0.0,0.95
3,2|2.4|10,86531.53714071558,86171.53714071558,360.0,0.4181919666659558,0.541077247553153,family_four:10;family_three:10;single_average:10;single_low:2.4;two_person_average:10;two_person_low:10,497.3451865951938,perfect_final_batch_adaptation,False,57.62874219277562,350.1804690179706,1.584285071011626,347.07532733754334,353.2856106983979,False,0.0,0.95
3,2.1|2.4|10,86531.53714071558,86171.53714071558,360.0,0.4181919666659558,0.541077247553153,family_four:10;family_three:10;single_average:10;single_low:2.4;two_person_average:10;two_person_low:10,497.3451865951938,perfect_final_batch_adaptation,False,57.62874219277562,350.1804690179706,1.584285071011626,347.07532733754334,353.2856106983979,False,0.0,0.95
3,2.25|2.4|10,86531.53714071558,86171.53714071558,360.0,0.4181919666659558,0.541077247553153,family_four:10;family_three:10;single_average:10;single_low:2.4;two_person_average:10;two_person_low:10,497.3451865951938,perfect_final_batch_adaptation,False,57.62874219277562,350.1804690179706,1.584285071011626,347.07532733754334,353.2856106983979,False,0.0,0.95
3,1.8|2.25|10,86561.64113051411,86201.64113051411,360.0,0.4178174953749191,0.5433547186740755,family_four:10;family_three:10;single_average:10;single_low:2.25;two_person_average:10;two_person_low:10,527.4491763937258,perfect_final_batch_adaptation,False,57.655360322591925,380.28445881649833,1.633541359784022,377.0827765840651,383.4861410489316,False,0.0,0.95
3,2|2.25|10,86561.64113051411,86201.64113051411,360.0,0.4178174953749191,0.5433547186740755,family_four:10;family_three:10;single_average:10;single_low:2.25;two_person_average:10;two_person_low:10,527.4491763937258,perfect_final_batch_adaptation,False,57.655360322591925,380.28445881649833,1.633541359784022,377.0827765840651,383.4861410489316,False,0.0,0.95
3,2.1|2.25|10,86561.64113051411,86201.64113051411,360.0,0.4178174953749191,0.5433547186740755,family_four:10;family_three:10;single_average:10;single_low:2.25;two_person_average:10;two_person_low:10,527.4491763937258,perfect_final_batch_adaptation,False,57.655360322591925,380.28445881649833,1.633541359784022,377.0827765840651,383.4861410489316,False,0.0,0.95
3,1.8|2.4|9,86567.69794266726,86207.69794266726,360.0,0.28669902104739853,0.5630574341215986,family_four:9;family_three:9;single_average:9;single_low:2.4;two_person_average:9;two_person_low:9,533.50598854688,perfect_final_batch_adaptation,False,58.042249261482006,386.3412709696466,1.8516474385152175,382.71210867809094,389.97043326120223,False,0.0,0.95
3,2|2.4|9,86567.69794266726,86207.69794266726,360.0,0.28669902104739853,0.5630574341215986,family_four:9;family_three:9;single_average:9;single_low:2.4;two_person_average:9;two_person_low:9,533.50598854688,perfect_final_batch_adaptation,False,58.042249261482006,386.3412709696466,1.8516474385152175,382.71210867809094,389.97043326120223,False,0.0,0.95
3,2.1|2.4|9,86567.69794266726,86207.69794266726,360.0,0.28669902104739853,0.5630574341215986,family_four:9;family_three:9;single_average:9;single_low:2.4;two_person_average:9;two_person_low:9,533.50598854688,perfect_final_batch_adaptation,False,58.042249261482006,386.3412709696466,1.8516474385152175,382.71210867809094,389.97043326120223,False,0.0,0.95
3,2.25|2.4|9,86567.69794266726,86207.69794266726,360.0,0.28669902104739853,0.5630574341215986,family_four:9;family_three:9;single_average:9;single_low:2.4;two_person_average:9;two_person_low:9,533.50598854688,perfect_final_batch_adaptation,False,58.042249261482006,386.3412709696466,1.8516474385152175,382.71210867809094,389.97043326120223,False,0.0,0.95
3,1.8|2.1|10,86593.30318128437,86233.30318128437,360.0,0.4176270685301483,0.5458831776762239,family_four:10;family_three:10;single_average:10;single_low:2.1;two_person_average:10;two_person_low:10,559.1112271639868,perfect_final_batch_adaptation,False,57.63306651135805,411.9465095867658,1.6794410076281494,408.65486569765494,415.23815347587663,False,0.0,0.95
3,2|2.1|10,86593.30318128437,86233.30318128437,360.0,0.4176270685301483,0.5458831776762239,family_four:10;family_three:10;single_average:10;single_low:2.1;two_person_average:10;two_person_low:10,559.1112271639868,perfect_final_batch_adaptation,False,57.63306651135805,411.9465095867658,1.6794410076281494,408.65486569765494,415.23815347587663,False,0.0,0.95
3,1.8|2.25|9,86597.80193246578,86237.80193246578,360.0,0.2863245497563618,0.5653349052425211,family_four:9;family_three:9;single_average:9;single_low:2.25;two_person_average:9;two_person_low:9,563.6099783453974,perfect_final_batch_adaptation,False,58.06881453036959,416.44526076817533,1.8981493219460746,412.7249564598819,420.16556507646874,False,0.0,0.95
3,2|2.25|9,86597.80193246578,86237.80193246578,360.0,0.2863245497563618,0.5653349052425211,family_four:9;family_three:9;single_average:9;single_low:2.25;two_person_average:9;two_person_low:9,563.6099783453974,perfect_final_batch_adaptation,False,58.06881453036959,416.44526076817533,1.8981493219460746,412.7249564598819,420.16556507646874,False,0.0,0.95
3,2.1|2.25|9,86597.80193246578,86237.80193246578,360.0,0.2863245497563618,0.5653349052425211,family_four:9;family_three:9;single_average:9;single_low:2.25;two_person_average:9;two_person_low:9,563.6099783453974,perfect_final_batch_adaptation,False,58.06881453036959,416.44526076817533,1.8981493219460746,412.7249564598819,420.16556507646874,False,0.0,0.95
3,1.8|2|10,86620.28601491898,86260.28601491898,360.0,0.4175761855728575,0.5477107002304737,family_four:10;family_three:10;single_average:10;single_low:2;two_person_average:10;two_person_low:10,586.0940607985976,perfect_final_batch_adaptation,False,57.64457907488432,438.92934322136944,1.7141367824491531,435.5696968631937,442.28898957954516,False,0.0,0.95
3,1.8|2.1|9,86629.46398323606,86269.46398323606,360.0,0.286134122911591,0.5678633642446694,family_four:9;family_three:9;single_average:9;single_low:2.1;two_person_average:9;two_person_low:9,595.2720291156729,perfect_final_batch_adaptation,False,58.04544623556978,448.10731153844176,1.900489863594614,444.38241985281286,451.83220322407067,False,0.0,0.95
3,2|2.1|9,86629.46398323606,86269.46398323606,360.0,0.286134122911591,0.5678633642446694,family_four:9;family_three:9;single_average:9;single_low:2.1;two_person_average:9;two_person_low:9,595.2720291156729,perfect_final_batch_adaptation,False,58.04544623556978,448.10731153844176,1.900489863594614,444.38241985281286,451.83220322407067,False,0.0,0.95
3,1.8|2|9,86656.44681687065,86296.44681687065,360.0,0.2860832399543002,0.5696908867989193,family_four:9;family_three:9;single_average:9;single_low:2;two_person_average:9;two_person_low:9,622.2548627502692,perfect_final_batch_adaptation,False,58.058749146472096,475.0901451730465,1.9867025648189887,471.1962796980079,478.9840106480851,False,0.0,0.95
3,1.8|4.5|5,88195.86325580902,87835.86325580902,360.0,0.07517747912206037,0.7032836353400979,family_four:5;family_three:5;single_average:5;single_low:4.5;two_person_average:5;two_person_low:5,2161.671301688635,perfect_final_batch_adaptation,False,59.80817505768804,2014.5065841114065,2.204674542663355,2010.185501410154,2018.827666812659,False,0.0,0.95
3,2|4.5|5,88195.86325580902,87835.86325580902,360.0,0.07517747912206037,0.7032836353400979,family_four:5;family_three:5;single_average:5;single_low:4.5;two_person_average:5;two_person_low:5,2161.671301688635,perfect_final_batch_adaptation,False,59.80817505768804,2014.5065841114065,2.204674542663355,2010.185501410154,2018.827666812659,False,0.0,0.95
3,2.1|4.5|5,88195.86325580902,87835.86325580902,360.0,0.07517747912206037,0.7032836353400979,family_four:5;family_three:5;single_average:5;single_low:4.5;two_person_average:5;two_person_low:5,2161.671301688635,perfect_final_batch_adaptation,False,59.80817505768804,2014.5065841114065,2.204674542663355,2010.185501410154,2018.827666812659,False,0.0,0.95
3,2.25|4.5|5,88195.86325580902,87835.86325580902,360.0,0.07517747912206037,0.7032836353400979,family_four:5;family_three:5;single_average:5;single_low:4.5;two_person_average:5;two_person_low:5,2161.671301688635,perfect_final_batch_adaptation,False,59.80817505768804,2014.5065841114065,2.204674542663355,2010.185501410154,2018.827666812659,False,0.0,0.95
3,2.4|4.5|5,88195.86325580902,87835.86325580902,360.0,0.07517747912206037,0.7032836353400979,family_four:5;family_three:5;single_average:5;single_low:4.5;two_person_average:5;two_person_low:5,2161.671301688635,perfect_final_batch_adaptation,False,59.80817505768804,2014.5065841114065,2.204674542663355,2010.185501410154,2018.827666812659,False,0.0,0.95
3,3|4.5|5,88195.86325580902,87835.86325580902,360.0,0.07517747912206037,0.7032836353400979,family_four:5;family_three:5;single_average:5;single_low:4.5;two_person_average:5;two_person_low:5,2161.671301688635,perfect_final_batch_adaptation,False,59.80817505768804,2014.5065841114065,2.204674542663355,2010.185501410154,2018.827666812659,False,0.0,0.95
3,1.8|2|5,88202.16290670783,87842.16290670783,360.0,0.1074199933277125,0.7012208595195625,family_four:5;family_three:5;single_average:5;single_low:5;two_person_average:5;two_person_low:5,2167.9709525874496,perfect_final_batch_adaptation,False,59.78397130021135,2020.8062350102302,2.091763366836495,2016.7064541470504,2024.90601587341,False,0.0,0.95
3,1.8|2.1|5,88202.16290670783,87842.16290670783,360.0,0.1074199933277125,0.7012208595195625,family_four:5;family_three:5;single_average:5;single_low:5;two_person_average:5;two_person_low:5,2167.9709525874496,perfect_final_batch_adaptation,False,59.78397130021135,2020.8062350102302,2.091763366836495,2016.7064541470504,2024.90601587341,False,0.0,0.95
3,1.8|2.25|5,88202.16290670783,87842.16290670783,360.0,0.1074199933277125,0.7012208595195625,family_four:5;family_three:5;single_average:5;single_low:5;two_person_average:5;two_person_low:5,2167.9709525874496,perfect_final_batch_adaptation,False,59.78397130021135,2020.8062350102302,2.091763366836495,2016.7064541470504,2024.90601587341,False,0.0,0.95
3,1.8|2.4|5,88202.16290670783,87842.16290670783,360.0,0.1074199933277125,0.7012208595195625,family_four:5;family_three:5;single_average:5;single_low:5;two_person_average:5;two_person_low:5,2167.9709525874496,perfect_final_batch_adaptation,False,59.78397130021135,2020.8062350102302,2.091763366836495,2016.7064541470504,2024.90601587341,False,0.0,0.95
3,1.8|3|5,88202.16290670783,87842.16290670783,360.0,0.1074199933277125,0.7012208595195625,family_four:5;family_three:5;single_average:5;single_low:5;two_person_average:5;two_person_low:5,2167.9709525874496,perfect_final_batch_adaptation,False,59.78397130021135,2020.8062350102302,2.091763366836495,2016.7064541470504,2024.90601587341,False,0.0,0.95
3,2|2.1|5,88202.16290670783,87842.16290670783,360.0,0.1074199933277125,0.7012208595195625,family_four:5;family_three:5;single_average:5;single_low:5;two_person_average:5;two_person_low:5,2167.9709525874496,perfect_final_batch_adaptation,False,59.78397130021135,2020.8062350102302,2.091763366836495,2016.7064541470504,2024.90601587341,False,0.0,0.95
3,2|2.25|5,88202.16290670783,87842.16290670783,360.0,0.1074199933277125,0.7012208595195625,family_four:5;family_three:5;single_average:5;single_low:5;two_person_average:5;two_person_low:5,2167.9709525874496,perfect_final_batch_adaptation,False,59.78397130021135,2020.8062350102302,2.091763366836495,2016.7064541470504,2024.90601587341,False,0.0,0.95
3,2|2.4|5,88202.16290670783,87842.16290670783,360.0,0.1074199933277125,0.7012208595195625,family_four:5;family_three:5;single_average:5;single_low:5;two_person_average:5;two_person_low:5,2167.9709525874496,perfect_final_batch_adaptation,False,59.78397130021135,2020.8062350102302,2.091763366836495,2016.7064541470504,2024.90601587341,False,0.0,0.95
3,2|3|5,88202.16290670783,87842.16290670783,360.0,0.1074199933277125,0.7012208595195625,family_four:5;family_three:5;single_average:5;single_low:5;two_person_average:5;two_person_low:5,2167.9709525874496,perfect_final_batch_adaptation,False,59.78397130021135,2020.8062350102302,2.091763366836495,2016.7064541470504,2024.90601587341,False,0.0,0.95
3,2.1|2.25|5,88202.16290670783,87842.16290670783,360.0,0.1074199933277125,0.7012208595195625,family_four:5;family_three:5;single_average:5;single_low:5;two_person_average:5;two_person_low:5,2167.9709525874496,perfect_final_batch_adaptation,False,59.78397130021135,2020.8062350102302,2.091763366836495,2016.7064541470504,2024.90601587341,False,0.0,0.95
3,2.1|2.4|5,88202.16290670783,87842.16290670783,360.0,0.1074199933277125,0.7012208595195625,family_four:5;family_three:5;single_average:5;single_low:5;two_person_average:5;two_person_low:5,2167.9709525874496,perfect_final_batch_adaptation,False,59.78397130021135,2020.8062350102302,2.091763366836495,2016.7064541470504,2024.90601587341,False,0.0,0.95
3,2.1|3|5,88202.16290670783,87842.16290670783,360.0,0.1074199933277125,0.7012208595195625,family_four:5;family_three:5;single_average:5;single_low:5;two_person_average:5;two_person_low:5,2167.9709525874496,perfect_final_batch_adaptation,False,59.78397130021135,2020.8062350102302,2.091763366836495,2016.7064541470504,2024.90601587341,False,0.0,0.95
3,2.25|2.4|5,88202.16290670783,87842.16290670783,360.0,0.1074199933277125,0.7012208595195625,family_four:5;family_three:5;single_average:5;single_low:5;two_person_average:5;two_person_low:5,2167.9709525874496,perfect_final_batch_adaptation,False,59.78397130021135,2020.8062350102302,2.091763366836495,2016.7064541470504,2024.90601587341,False,0.0,0.95
3,2.25|3|5,88202.16290670783,87842.16290670783,360.0,0.1074199933277125,0.7012208595195625,family_four:5;family_three:5;single_average:5;single_low:5;two_person_average:5;two_person_low:5,2167.9709525874496,perfect_final_batch_adaptation,False,59.78397130021135,2020.8062350102302,2.091763366836495,2016.7064541470504,2024.90601587341,False,0.0,0.95
3,2.4|3|5,88202.16290670783,87842.16290670783,360.0,0.1074199933277125,0.7012208595195625,family_four:5;family_three:5;single_average:5;single_low:5;two_person_average:5;two_person_low:5,2167.9709525874496,perfect_final_batch_adaptation,False,59.78397130021135,2020.8062350102302,2.091763366836495,2016.7064541470504,2024.90601587341,False,0.0,0.95
3,1.8|2|4.5,88649.86915865727,88289.86915865727,360.0,0.06893372669493102,0.7381689649877835,family_four:4.5;family_three:4.5;single_average:4.5;single_low:4.5;two_person_average:4.5;two_person_low:4.5,2615.6772045368853,perfect_final_batch_adaptation,False,60.24590543269022,2468.5124869596657,2.719585255838492,2463.1821978053363,2473.842776113995,False,0.0,0.95
3,1.8|2.1|4.5,88649.86915865727,88289.86915865727,360.0,0.06893372669493102,0.7381689649877835,family_four:4.5;family_three:4.5;single_average:4.5;single_low:4.5;two_person_average:4.5;two_person_low:4.5,2615.6772045368853,perfect_final_batch_adaptation,False,60.24590543269022,2468.5124869596657,2.719585255838492,2463.1821978053363,2473.842776113995,False,0.0,0.95
3,1.8|2.25|4.5,88649.86915865727,88289.86915865727,360.0,0.06893372669493102,0.7381689649877835,family_four:4.5;family_three:4.5;single_average:4.5;single_low:4.5;two_person_average:4.5;two_person_low:4.5,2615.6772045368853,perfect_final_batch_adaptation,False,60.24590543269022,2468.5124869596657,2.719585255838492,2463.1821978053363,2473.842776113995,False,0.0,0.95
3,1.8|2.4|4.5,88649.86915865727,88289.86915865727,360.0,0.06893372669493102,0.7381689649877835,family_four:4.5;family_three:4.5;single_average:4.5;single_low:4.5;two_person_average:4.5;two_person_low:4.5,2615.6772045368853,perfect_final_batch_adaptation,False,60.24590543269022,2468.5124869596657,2.719585255838492,2463.1821978053363,2473.842776113995,False,0.0,0.95
3,1.8|3|4.5,88649.86915865727,88289.86915865727,360.0,0.06893372669493102,0.7381689649877835,family_four:4.5;family_three:4.5;single_average:4.5;single_low:4.5;two_person_average:4.5;two_person_low:4.5,2615.6772045368853,perfect_final_batch_adaptation,False,60.24590543269022,2468.5124869596657,2.719585255838492,2463.1821978053363,2473.842776113995,False,0.0,0.95
3,2|2.1|4.5,88649.86915865727,88289.86915865727,360.0,0.06893372669493102,0.7381689649877835,family_four:4.5;family_three:4.5;single_average:4.5;single_low:4.5;two_person_average:4.5;two_person_low:4.5,2615.6772045368853,perfect_final_batch_adaptation,False,60.24590543269022,2468.5124869596657,2.719585255838492,2463.1821978053363,2473.842776113995,False,0.0,0.95
3,2|2.25|4.5,88649.86915865727,88289.86915865727,360.0,0.06893372669493102,0.7381689649877835,family_four:4.5;family_three:4.5;single_average:4.5;single_low:4.5;two_person_average:4.5;two_person_low:4.5,2615.6772045368853,perfect_final_batch_adaptation,False,60.24590543269022,2468.5124869596657,2.719585255838492,2463.1821978053363,2473.842776113995,False,0.0,0.95
3,2|2.4|4.5,88649.86915865727,88289.86915865727,360.0,0.06893372669493102,0.7381689649877835,family_four:4.5;family_three:4.5;single_average:4.5;single_low:4.5;two_person_average:4.5;two_person_low:4.5,2615.6772045368853,perfect_final_batch_adaptation,False,60.24590543269022,2468.5124869596657,2.719585255838492,2463.1821978053363,2473.842776113995,False,0.0,0.95
3,2|3|4.5,88649.86915865727,88289.86915865727,360.0,0.06893372669493102,0.7381689649877835,family_four:4.5;family_three:4.5;single_average:4.5;single_low:4.5;two_person_average:4.5;two_person_low:4.5,2615.6772045368853,perfect_final_batch_adaptation,False,60.24590543269022,2468.5124869596657,2.719585255838492,2463.1821978053363,2473.842776113995,False,0.0,0.95
3,2.1|2.25|4.5,88649.86915865727,88289.86915865727,360.0,0.06893372669493102,0.7381689649877835,family_four:4.5;family_three:4.5;single_average:4.5;single_low:4.5;two_person_average:4.5;two_person_low:4.5,2615.6772045368853,perfect_final_batch_adaptation,False,60.24590543269022,2468.5124869596657,2.719585255838492,2463.1821978053363,2473.842776113995,False,0.0,0.95
3,2.1|2.4|4.5,88649.86915865727,88289.86915865727,360.0,0.06893372669493102,0.7381689649877835,family_four:4.5;family_three:4.5;single_average:4.5;single_low:4.5;two_person_average:4.5;two_person_low:4.5,2615.6772045368853,perfect_final_batch_adaptation,False,60.24590543269022,2468.5124869596657,2.719585255838492,2463.1821978053363,2473.842776113995,False,0.0,0.95
3,2.1|3|4.5,88649.86915865727,88289.86915865727,360.0,0.06893372669493102,0.7381689649877835,family_four:4.5;family_three:4.5;single_average:4.5;single_low:4.5;two_person_average:4.5;two_person_low:4.5,2615.6772045368853,perfect_final_batch_adaptation,False,60.24590543269022,2468.5124869596657,2.719585255838492,2463.1821978053363,2473.842776113995,False,0.0,0.95
3,2.25|2.4|4.5,88649.86915865727,88289.86915865727,360.0,0.06893372669493102,0.7381689649877835,family_four:4.5;family_three:4.5;single_average:4.5;single_low:4.5;two_person_average:4.5;two_person_low:4.5,2615.6772045368853,perfect_final_batch_adaptation,False,60.24590543269022,2468.5124869596657,2.719585255838492,2463.1821978053363,2473.842776113995,False,0.0,0.95
3,2.25|3|4.5,88649.86915865727,88289.86915865727,360.0,0.06893372669493102,0.7381689649877835,family_four:4.5;family_three:4.5;single_average:4.5;single_low:4.5;two_person_average:4.5;two_person_low:4.5,2615.6772045368853,perfect_final_batch_adaptation,False,60.24590543269022,2468.5124869596657,2.719585255838492,2463.1821978053363,2473.842776113995,False,0.0,0.95
3,2.4|3|4.5,88649.86915865727,88289.86915865727,360.0,0.06893372669493102,0.7381689649877835,family_four:4.5;family_three:4.5;single_average:4.5;single_low:4.5;two_person_average:4.5;two_person_low:4.5,2615.6772045368853,perfect_final_batch_adaptation,False,60.24590543269022,2468.5124869596657,2.719585255838492,2463.1821978053363,2473.842776113995,False,0.0,0.95
3,1.8|2|3,90943.10124795823,90583.10124795823,360.0,0.00588012368363333,0.9089835500825583,family_four:3;family_three:3;single_average:3;single_low:3;two_person_average:3;two_person_low:3,4908.909293837845,perfect_final_batch_adaptation,False,61.874323705436964,4761.74457626063,4.179706985023889,4753.552501104053,4769.936651417208,False,0.0,0.95
3,1.8|2.1|3,90943.10124795823,90583.10124795823,360.0,0.00588012368363333,0.9089835500825583,family_four:3;family_three:3;single_average:3;single_low:3;two_person_average:3;two_person_low:3,4908.909293837845,perfect_final_batch_adaptation,False,61.874323705436964,4761.74457626063,4.179706985023889,4753.552501104053,4769.936651417208,False,0.0,0.95
3,1.8|2.25|3,90943.10124795823,90583.10124795823,360.0,0.00588012368363333,0.9089835500825583,family_four:3;family_three:3;single_average:3;single_low:3;two_person_average:3;two_person_low:3,4908.909293837845,perfect_final_batch_adaptation,False,61.874323705436964,4761.74457626063,4.179706985023889,4753.552501104053,4769.936651417208,False,0.0,0.95
3,1.8|2.4|3,90943.10124795823,90583.10124795823,360.0,0.00588012368363333,0.9089835500825583,family_four:3;family_three:3;single_average:3;single_low:3;two_person_average:3;two_person_low:3,4908.909293837845,perfect_final_batch_adaptation,False,61.874323705436964,4761.74457626063,4.179706985023889,4753.552501104053,4769.936651417208,False,0.0,0.95
3,2|2.1|3,90943.10124795823,90583.10124795823,360.0,0.00588012368363333,0.9089835500825583,family_four:3;family_three:3;single_average:3;single_low:3;two_person_average:3;two_person_low:3,4908.909293837845,perfect_final_batch_adaptation,False,61.874323705436964,4761.74457626063,4.179706985023889,4753.552501104053,4769.936651417208,False,0.0,0.95
3,2|2.25|3,90943.10124795823,90583.10124795823,360.0,0.00588012368363333,0.9089835500825583,family_four:3;family_three:3;single_average:3;single_low:3;two_person_average:3;two_person_low:3,4908.909293837845,perfect_final_batch_adaptation,False,61.874323705436964,4761.74457626063,4.179706985023889,4753.552501104053,4769.936651417208,False,0.0,0.95
3,2|2.4|3,90943.10124795823,90583.10124795823,360.0,0.00588012368363333,0.9089835500825583,family_four:3;family_three:3;single_average:3;single_low:3;two_person_average:3;two_person_low:3,4908.909293837845,perfect_final_batch_adaptation,False,61.874323705436964,4761.74457626063,4.179706985023889,4753.552501104053,4769.936651417208,False,0.0,0.95
3,2.1|2.25|3,90943.10124795823,90583.10124795823,360.0,0.00588012368363333,0.9089835500825583,family_four:3;family_three:3;single_average:3;single_low:3;two_person_average:3;two_person_low:3,4908.909293837845,perfect_final_batch_adaptation,False,61.874323705436964,4761.74457626063,4.179706985023889,4753.552501104053,4769.936651417208,False,0.0,0.95
3,2.1|2.4|3,90943.10124795823,90583.10124795823,360.0,0.00588012368363333,0.9089835500825583,family_four:3;family_three:3;single_average:3;single_low:3;two_person_average:3;two_person_low:3,4908.909293837845,perfect_final_batch_adaptation,False,61.874323705436964,4761.74457626063,4.179706985023889,4753.552501104053,4769.936651417208,False,0.0,0.95
3,2.25|2.4|3,90943.10124795823,90583.10124795823,360.0,0.00588012368363333,0.9089835500825583,family_four:3;family_three:3;single_average:3;single_low:3;two_person_average:3;two_person_low:3,4908.909293837845,perfect_final_batch_adaptation,False,61.874323705436964,4761.74457626063,4.179706985023889,4753.552501104053,4769.936651417208,False,0.0,0.95
3,1.8|2|2.4,92541.37123778064,92181.37123778064,360.0,0.0006736902586066246,1.0261447099686525,family_four:2.4;family_three:2.4;single_average:2.4;single_low:2.4;two_person_average:2.4;two_person_low:2.4,6507.179283660254,perfect_final_batch_adaptation,False,62.85887545937051,6360.014566083042,5.144696254455141,6349.931146712912,6370.097985453172,False,0.0,0.95
3,1.8|2.1|2.4,92541.37123778064,92181.37123778064,360.0,0.0006736902586066246,1.0261447099686525,family_four:2.4;family_three:2.4;single_average:2.4;single_low:2.4;two_person_average:2.4;two_person_low:2.4,6507.179283660254,perfect_final_batch_adaptation,False,62.85887545937051,6360.014566083042,5.144696254455141,6349.931146712912,6370.097985453172,False,0.0,0.95
3,1.8|2.25|2.4,92541.37123778064,92181.37123778064,360.0,0.0006736902586066246,1.0261447099686525,family_four:2.4;family_three:2.4;single_average:2.4;single_low:2.4;two_person_average:2.4;two_person_low:2.4,6507.179283660254,perfect_final_batch_adaptation,False,62.85887545937051,6360.014566083042,5.144696254455141,6349.931146712912,6370.097985453172,False,0.0,0.95
3,2|2.1|2.4,92541.37123778064,92181.37123778064,360.0,0.0006736902586066246,1.0261447099686525,family_four:2.4;family_three:2.4;single_average:2.4;single_low:2.4;two_person_average:2.4;two_person_low:2.4,6507.179283660254,perfect_final_batch_adaptation,False,62.85887545937051,6360.014566083042,5.144696254455141,6349.931146712912,6370.097985453172,False,0.0,0.95
3,2|2.25|2.4,92541.37123778064,92181.37123778064,360.0,0.0006736902586066246,1.0261447099686525,family_four:2.4;family_three:2.4;single_average:2.4;single_low:2.4;two_person_average:2.4;two_person_low:2.4,6507.179283660254,perfect_final_batch_adaptation,False,62.85887545937051,6360.014566083042,5.144696254455141,6349.931146712912,6370.097985453172,False,0.0,0.95
3,2.1|2.25|2.4,92541.37123778064,92181.37123778064,360.0,0.0006736902586066246,1.0261447099686525,family_four:2.4;family_three:2.4;single_average:2.4;single_low:2.4;two_person_average:2.4;two_person_low:2.4,6507.179283660254,perfect_final_batch_adaptation,False,62.85887545937051,6360.014566083042,5.144696254455141,6349.931146712912,6370.097985453172,False,0.0,0.95
3,1.8|2|2.25,93054.69057849991,92694.69057849991,360.0,0.0002992189675699014,1.0637445465071569,family_four:2.25;family_three:2.25;single_average:2.25;single_low:2.25;two_person_average:2.25;two_person_low:2.25,7020.498624379528,perfect_final_batch_adaptation,False,63.34492111339885,6873.333906802304,5.683724714385672,6862.194011064068,6884.47380254054,False,0.0,0.95
3,1.8|2.1|2.25,93054.69057849991,92694.69057849991,360.0,0.0002992189675699014,1.0637445465071569,family_four:2.25;family_three:2.25;single_average:2.25;single_low:2.25;two_person_average:2.25;two_person_low:2.25,7020.498624379528,perfect_final_batch_adaptation,False,63.34492111339885,6873.333906802304,5.683724714385672,6862.194011064068,6884.47380254054,False,0.0,0.95
3,2|2.1|2.25,93054.69057849991,92694.69057849991,360.0,0.0002992189675699014,1.0637445465071569,family_four:2.25;family_three:2.25;single_average:2.25;single_low:2.25;two_person_average:2.25;two_person_low:2.25,7020.498624379528,perfect_final_batch_adaptation,False,63.34492111339885,6873.333906802304,5.683724714385672,6862.194011064068,6884.47380254054,False,0.0,0.95
3,1.8|2|2.1,93628.91165544055,93268.91165544055,360.0,0.00010879212279915215,1.1058700455536392,family_four:2.1;family_three:2.1;single_average:2.1;single_low:2.1;two_person_average:2.1;two_person_low:2.1,7594.719701320166,perfect_final_batch_adaptation,False,63.60344982759416,7447.554983742942,5.860701832583455,7436.0682192269505,7459.041748258933,False,0.0,0.95
1,9,86272.47454554224,86272.47454554224,0.0,0.7554043665973891,0.5366372582483311,family_four:9;family_three:9;single_average:9;single_low:9;two_person_average:9;two_person_low:9,507.6454596409458,zero_sku_complexity,False,57.81192604882243,0.0,0.0,0.0,0.0,True,1.0,0.95
1,10,86338.37972451415,86338.37972451415,0.0,0.989987944930005,0.5126918547056435,family_four:10;family_three:10;single_average:10;single_low:10;two_person_average:10;two_person_low:10,573.5506386128545,zero_sku_complexity,False,57.41884138040941,65.90517897190966,1.814168533093756,62.34947398516004,69.46088395865928,False,0.0,0.95
1,5,87691.07740666858,87691.07740666858,0.0,0.12753751534756197,0.7013790504620875,family_four:5;family_three:5;single_average:5;single_low:5;two_person_average:5;two_person_low:5,1926.2483207672922,zero_sku_complexity,False,59.59845774380919,1418.6028611263494,2.4488077861143376,1413.803286060504,1423.4024361921947,False,0.0,0.95
1,4.5,88140.16744215565,88140.16744215565,0.0,0.08450804367426554,0.738377424004207,family_four:4.5;family_three:4.5;single_average:4.5;single_low:4.5;two_person_average:4.5;two_person_low:4.5,2375.3383562543604,zero_sku_complexity,False,60.008099746415674,1867.6928966134121,2.701381141275963,1862.3982868679955,1872.9875063588288,False,0.0,0.95
1,3,90341.16756186167,90341.16756186167,0.0,0.009734815380715238,0.9090553621100282,family_four:3;family_three:3;single_average:3;single_low:3;two_person_average:3;two_person_low:3,4576.33847596038,zero_sku_complexity,False,61.64206714668773,4068.6930163194243,4.170012649787198,4060.519941710765,4076.8660909280834,False,0.0,0.95
1,2.4,91875.46105248039,91875.46105248039,0.0,0.0014077108416776169,1.0261761227456516,family_four:2.4;family_three:2.4;single_average:2.4;single_low:2.4;two_person_average:2.4;two_person_low:2.4,6110.631966579094,zero_sku_complexity,False,62.71460245061083,5602.986506938135,5.1686952869806015,5592.856050328591,5613.116963547679,False,0.0,0.95
1,2.25,92369.47053201894,92369.47053201894,0.0,0.0006898996152392388,1.0638836701742425,family_four:2.25;family_three:2.25;single_average:2.25;single_low:2.25;two_person_average:2.25;two_person_low:2.25,6604.641446117646,zero_sku_complexity,False,63.09604848872002,6096.995986476696,5.5522515703910695,6086.113773365623,6107.878199587769,False,0.0,0.95
1,2.1,92921.66326993037,92921.66326993037,0.0,0.0002901058537106464,1.1060243203947575,family_four:2.1;family_three:2.1;single_average:2.1;single_low:2.1;two_person_average:2.1;two_person_low:2.1,7156.834184029081,zero_sku_complexity,False,63.4471796486047,6649.188724388131,5.876548319266945,6637.670901328958,6660.706547447304,False,0.0,0.95
1,2,93340.92763110335,93340.92763110335,0.0,0.00017494140670677838,1.137124490139097,family_four:2;family_three:2;single_average:2;single_low:2;two_person_average:2;two_person_low:2,7576.098545202054,zero_sku_complexity,False,63.71480889638036,7068.453085561098,6.15736763957974,7056.38486674795,7080.521304374247,False,0.0,0.95
1,1.8,94262.043573088,94262.043573088,0.0,3.842625358685107e-05,1.2086627144676936,family_four:1.8;family_three:1.8;single_average:1.8;single_low:1.8;two_person_average:1.8;two_person_low:1.8,8497.214487186706,zero_sku_complexity,False,64.33485620209396,7989.569027545753,6.720447184914719,7976.397193103317,8002.740861988189,False,0.0,0.95
2,5|10,85801.59180018431,85801.59180018431,0.0,0.27281022365699936,0.5404661966433969,family_four:10;family_three:10;single_average:5;single_low:5;two_person_average:10;two_person_low:10,36.762714283016976,zero_sku_complexity,False,57.80271838224558,0.0,0.0,0.0,0.0,True,0.9947916666666666,0.95
2,4.5|10,85826.81001613551,85826.81001613551,0.0,0.22992948511552885,0.5461434456764062,family_four:10;family_three:10;single_average:4.5;single_low:4.5;two_person_average:10;two_person_low:10,61.98093023421825,zero_sku_complexity,False,57.87882696578521,25.21821595121658,0.7618699596108158,23.7249782694764,26.711453632956765,False,0.005208333333333333,0.95
2,5|9,85908.09642280379,85908.09642280379,0.0,0.21249392823530483,0.5602975415126986,family_four:9;family_three:9;single_average:5;single_low:5;two_person_average:9;two_person_low:9,143.26733690249966,zero_sku_complexity,False,58.103860852988205,106.5046226194936,0.8793419991805705,104.78114397100623,108.22810126798097,False,0.0,0.95
2,4.5|9,85933.31463875502,85933.31463875502,0.0,0.16961318969383438,0.5659747905457079,family_four:9;family_three:9;single_average:4.5;single_low:4.5;two_person_average:9;two_person_low:9,168.48555285373004,zero_sku_complexity,False,58.18032285434161,131.72283857071116,1.2002712363371166,129.37035017581104,134.07532696561128,False,0.0,0.95
2,3|10,86035.22271075193,86035.22271075193,0.0,0.47024907497696256,0.5344053017607644,family_four:10;family_three:10;single_average:10;single_low:3;two_person_average:10;two_person_low:10,270.3936248506361,zero_sku_complexity,False,57.47554516633147,233.63091056763528,1.419427176572245,230.8488844228763,236.41293671239427,False,0.0,0.95
2,3|9,86061.14357952191,86061.14357952191,0.0,0.3312493619865329,0.5562182788430463,family_four:9;family_three:9;single_average:9;single_low:3;two_person_average:9;two_person_low:9,296.31449362062267,zero_sku_complexity,False,57.90875444430752,259.5517793376159,1.5309432969618277,256.55118561319773,262.5523730620341,False,0.0,0.95
2,2.4|10,86119.32963683794,86119.32963683794,0.0,0.46192779211977897,0.5413225996138219,family_four:10;family_three:10;single_average:10;single_low:2.4;two_person_average:10;two_person_low:10,354.5005509366456,zero_sku_complexity,False,57.54509408025513,317.7378366536304,1.5691576020163196,314.66234426761116,320.8133290396496,False,0.0,0.95
2,9|10,86129.20720863971,86129.20720863971,0.0,0.7689244847134442,0.5191025726310353,family_four:10;family_three:10;single_average:9;single_low:9;two_person_average:10;two_person_low:9,364.378122738417,zero_sku_complexity,False,57.58113207450106,327.61540845542754,1.5697223704611483,324.53880914359684,330.69200776725825,False,0.0,0.95
2,2.4|9,86145.2505056079,86145.2505056079,0.0,0.32292807912934923,0.5631355766961039,family_four:9;family_three:9;single_average:9;single_low:2.4;two_person_average:9;two_person_low:9,380.42141970660305,zero_sku_complexity,False,57.978742458812626,343.65870542361114,1.703656281266942,340.31960047029247,346.9978103769298,False,0.0,0.95
2,2.25|10,86148.76248655978,86148.76248655978,0.0,0.46120998089334053,0.5436315473535932,family_four:10;family_three:10;single_average:10;single_low:2.25;two_person_average:10;two_person_low:10,383.93340065848315,zero_sku_complexity,False,57.547199874183065,347.1706863754678,1.6174141424123025,344.00061290825397,350.3407598426817,False,0.0,0.95
2,2.25|9,86174.68335532973,86174.68335532973,0.0,0.32221026790291085,0.5654445244358752,family_four:9;family_three:9;single_average:9;single_low:2.25;two_person_average:9;two_person_low:9,409.8542694284406,zero_sku_complexity,False,57.97975739658923,373.09155514544824,1.7121762938042422,369.73575127440864,376.44735901648784,False,0.0,0.95
2,2.1|10,86181.02955550238,86181.02955550238,0.0,0.460810187131812,0.5461444927486122,family_four:10;family_three:10;single_average:10;single_low:2.1;two_person_average:10;two_person_low:10,416.2004696010845,zero_sku_complexity,False,57.55316178086981,379.43775531807734,1.682615852930503,376.1398888465174,382.73562178963726,False,0.0,0.95
2,2|10,86203.84399618683,86203.84399618683,0.0,0.4606950226848081,0.5480383527888558,family_four:10;family_three:10;single_average:10;single_low:2;two_person_average:10;two_person_low:10,439.01491028553573,zero_sku_complexity,False,57.54727187419235,402.252196002518,1.6970174683708426,398.92610288337585,405.5782891216602,False,0.0,0.95
2,2.1|9,86206.95042427236,86206.95042427236,0.0,0.32181047414138225,0.567957469830894,family_four:9;family_three:9;single_average:9;single_low:2.1;two_person_average:9;two_person_low:9,442.12133837107103,zero_sku_complexity,False,57.98549639452388,405.3586240880579,1.7680559939439187,401.8932980172777,408.82395015883816,False,0.0,0.95
2,2|9,86229.76486495679,86229.76486495679,0.0,0.3216953096943784,0.5698513298711378,family_four:9;family_three:9;single_average:9;single_low:2;two_person_average:9;two_person_low:9,464.9357790554932,zero_sku_complexity,False,57.980175834183534,428.17306477249804,1.7987836538627984,424.6475135949476,431.69861595004846,False,0.0,0.95
2,1.8|10,86257.85607867865,86257.85607867865,0.0,0.46055850753168814,0.5522670122232505,family_four:10;family_three:10;single_average:10;single_low:1.8;two_person_average:10;two_person_low:10,493.02699277736247,zero_sku_complexity,False,57.58713578926662,456.26427849435146,1.8047617443334942,452.7270104747821,459.8015465139208,False,0.0,0.95
2,1.8|9,86272.47454554224,86272.47454554224,0.0,0.7554043665973891,0.5366372582483311,family_four:9;family_three:9;single_average:9;single_low:9;two_person_average:9;two_person_low:9,507.6454596409458,zero_sku_complexity,False,57.81192604882243,470.88274535793784,1.698468587762124,467.55380809705144,474.2116826188242,False,0.0,0.95
2,4.5|5,87681.02603143877,87681.02603143877,0.0,0.09332461553765876,0.7033003207657932,family_four:5;family_three:5;single_average:5;single_low:4.5;two_person_average:5;two_person_low:5,1916.1969455374783,zero_sku_complexity,False,59.597499849925505,1879.4342312544748,2.0801147303193868,1875.3572812993375,1883.511181209612,False,0.0,0.95
2,1.8|5,87691.07740666858,87691.07740666858,0.0,0.12753751534756197,0.7013790504620875,family_four:5;family_three:5;single_average:5;single_low:5;two_person_average:5;two_person_low:5,1926.2483207672922,zero_sku_complexity,False,59.59845774380919,1889.4856064842872,2.033492672579491,1885.5000340832053,1893.4711788853692,False,0.0,0.95
2,2|5,87691.07740666858,87691.07740666858,0.0,0.12753751534756197,0.7013790504620875,family_four:5;family_three:5;single_average:5;single_low:5;two_person_average:5;two_person_low:5,1926.2483207672922,zero_sku_complexity,False,59.59845774380919,1889.4856064842872,2.033492672579491,1885.5000340832053,1893.4711788853692,False,0.0,0.95
2,2.1|5,87691.07740666858,87691.07740666858,0.0,0.12753751534756197,0.7013790504620875,family_four:5;family_three:5;single_average:5;single_low:5;two_person_average:5;two_person_low:5,1926.2483207672922,zero_sku_complexity,False,59.59845774380919,1889.4856064842872,2.033492672579491,1885.5000340832053,1893.4711788853692,False,0.0,0.95
2,2.25|5,87691.07740666858,87691.07740666858,0.0,0.12753751534756197,0.7013790504620875,family_four:5;family_three:5;single_average:5;single_low:5;two_person_average:5;two_person_low:5,1926.2483207672922,zero_sku_complexity,False,59.59845774380919,1889.4856064842872,2.033492672579491,1885.5000340832053,1893.4711788853692,False,0.0,0.95
2,2.4|5,87691.07740666858,87691.07740666858,0.0,0.12753751534756197,0.7013790504620875,family_four:5;family_three:5;single_average:5;single_low:5;two_person_average:5;two_person_low:5,1926.2483207672922,zero_sku_complexity,False,59.59845774380919,1889.4856064842872,2.033492672579491,1885.5000340832053,1893.4711788853692,False,0.0,0.95
2,3|5,87691.07740666858,87691.07740666858,0.0,0.12753751534756197,0.7013790504620875,family_four:5;family_three:5;single_average:5;single_low:5;two_person_average:5;two_person_low:5,1926.2483207672922,zero_sku_complexity,False,59.59845774380919,1889.4856064842872,2.033492672579491,1885.5000340832053,1893.4711788853692,False,0.0,0.95
2,1.8|4.5,88140.16744215565,88140.16744215565,0.0,0.08450804367426554,0.738377424004207,family_four:4.5;family_three:4.5;single_average:4.5;single_low:4.5;two_person_average:4.5;two_person_low:4.5,2375.3383562543604,zero_sku_complexity,False,60.008099746415674,2338.57564197135,2.506695611639257,2333.662608852332,2343.4886750903675,False,0.0,0.95
2,2|4.5,88140.16744215565,88140.16744215565,0.0,0.08450804367426554,0.738377424004207,family_four:4.5;family_three:4.5;single_average:4.5;single_low:4.5;two_person_average:4.5;two_person_low:4.5,2375.3383562543604,zero_sku_complexity,False,60.008099746415674,2338.57564197135,2.506695611639257,2333.662608852332,2343.4886750903675,False,0.0,0.95
2,2.1|4.5,88140.16744215565,88140.16744215565,0.0,0.08450804367426554,0.738377424004207,family_four:4.5;family_three:4.5;single_average:4.5;single_low:4.5;two_person_average:4.5;two_person_low:4.5,2375.3383562543604,zero_sku_complexity,False,60.008099746415674,2338.57564197135,2.506695611639257,2333.662608852332,2343.4886750903675,False,0.0,0.95
2,2.25|4.5,88140.16744215565,88140.16744215565,0.0,0.08450804367426554,0.738377424004207,family_four:4.5;family_three:4.5;single_average:4.5;single_low:4.5;two_person_average:4.5;two_person_low:4.5,2375.3383562543604,zero_sku_complexity,False,60.008099746415674,2338.57564197135,2.506695611639257,2333.662608852332,2343.4886750903675,False,0.0,0.95
2,2.4|4.5,88140.16744215565,88140.16744215565,0.0,0.08450804367426554,0.738377424004207,family_four:4.5;family_three:4.5;single_average:4.5;single_low:4.5;two_person_average:4.5;two_person_low:4.5,2375.3383562543604,zero_sku_complexity,False,60.008099746415674,2338.57564197135,2.506695611639257,2333.662608852332,2343.4886750903675,False,0.0,0.95
2,3|4.5,88140.16744215565,88140.16744215565,0.0,0.08450804367426554,0.738377424004207,family_four:4.5;family_three:4.5;single_average:4.5;single_low:4.5;two_person_average:4.5;two_person_low:4.5,2375.3383562543604,zero_sku_complexity,False,60.008099746415674,2338.57564197135,2.506695611639257,2333.662608852332,2343.4886750903675,False,0.0,0.95
2,1.8|3,90341.16756186167,90341.16756186167,0.0,0.009734815380715238,0.9090553621100282,family_four:3;family_three:3;single_average:3;single_low:3;two_person_average:3;two_person_low:3,4576.33847596038,zero_sku_complexity,False,61.64206714668773,4539.575761677362,3.9778179954120283,4531.779381669299,4547.372141685424,False,0.0,0.95
2,2|3,90341.16756186167,90341.16756186167,0.0,0.009734815380715238,0.9090553621100282,family_four:3;family_three:3;single_average:3;single_low:3;two_person_average:3;two_person_low:3,4576.33847596038,zero_sku_complexity,False,61.64206714668773,4539.575761677362,3.9778179954120283,4531.779381669299,4547.372141685424,False,0.0,0.95
2,2.1|3,90341.16756186167,90341.16756186167,0.0,0.009734815380715238,0.9090553621100282,family_four:3;family_three:3;single_average:3;single_low:3;two_person_average:3;two_person_low:3,4576.33847596038,zero_sku_complexity,False,61.64206714668773,4539.575761677362,3.9778179954120283,4531.779381669299,4547.372141685424,False,0.0,0.95
2,2.25|3,90341.16756186167,90341.16756186167,0.0,0.009734815380715238,0.9090553621100282,family_four:3;family_three:3;single_average:3;single_low:3;two_person_average:3;two_person_low:3,4576.33847596038,zero_sku_complexity,False,61.64206714668773,4539.575761677362,3.9778179954120283,4531.779381669299,4547.372141685424,False,0.0,0.95
2,2.4|3,90341.16756186167,90341.16756186167,0.0,0.009734815380715238,0.9090553621100282,family_four:3;family_three:3;single_average:3;single_low:3;two_person_average:3;two_person_low:3,4576.33847596038,zero_sku_complexity,False,61.64206714668773,4539.575761677362,3.9778179954120283,4531.779381669299,4547.372141685424,False,0.0,0.95
2,1.8|2.4,91875.46105248039,91875.46105248039,0.0,0.0014077108416776169,1.0261761227456516,family_four:2.4;family_three:2.4;single_average:2.4;single_low:2.4;two_person_average:2.4;two_person_low:2.4,6110.631966579094,zero_sku_complexity,False,62.71460245061083,6073.869252296073,5.038685884150233,6063.993609433728,6083.744895158417,False,0.0,0.95
2,2|2.4,91875.46105248039,91875.46105248039,0.0,0.0014077108416776169,1.0261761227456516,family_four:2.4;family_three:2.4;single_average:2.4;single_low:2.4;two_person_average:2.4;two_person_low:2.4,6110.631966579094,zero_sku_complexity,False,62.71460245061083,6073.869252296073,5.038685884150233,6063.993609433728,6083.744895158417,False,0.0,0.95
2,2.1|2.4,91875.46105248039,91875.46105248039,0.0,0.0014077108416776169,1.0261761227456516,family_four:2.4;family_three:2.4;single_average:2.4;single_low:2.4;two_person_average:2.4;two_person_low:2.4,6110.631966579094,zero_sku_complexity,False,62.71460245061083,6073.869252296073,5.038685884150233,6063.993609433728,6083.744895158417,False,0.0,0.95
2,2.25|2.4,91875.46105248039,91875.46105248039,0.0,0.0014077108416776169,1.0261761227456516,family_four:2.4;family_three:2.4;single_average:2.4;single_low:2.4;two_person_average:2.4;two_person_low:2.4,6110.631966579094,zero_sku_complexity,False,62.71460245061083,6073.869252296073,5.038685884150233,6063.993609433728,6083.744895158417,False,0.0,0.95
2,1.8|2.25,92369.47053201894,92369.47053201894,0.0,0.0006898996152392388,1.0638836701742425,family_four:2.25;family_three:2.25;single_average:2.25;single_low:2.25;two_person_average:2.25;two_person_low:2.25,6604.641446117646,zero_sku_complexity,False,63.09604848872002,6567.878731834632,5.419580945990391,6557.2565483691915,6578.500915300073,False,0.0,0.95
2,2|2.25,92369.47053201894,92369.47053201894,0.0,0.0006898996152392388,1.0638836701742425,family_four:2.25;family_three:2.25;single_average:2.25;single_low:2.25;two_person_average:2.25;two_person_low:2.25,6604.641446117646,zero_sku_complexity,False,63.09604848872002,6567.878731834632,5.419580945990391,6557.2565483691915,6578.500915300073,False,0.0,0.95
2,2.1|2.25,92369.47053201894,92369.47053201894,0.0,0.0006898996152392388,1.0638836701742425,family_four:2.25;family_three:2.25;single_average:2.25;single_low:2.25;two_person_average:2.25;two_person_low:2.25,6604.641446117646,zero_sku_complexity,False,63.09604848872002,6567.878731834632,5.419580945990391,6557.2565483691915,6578.500915300073,False,0.0,0.95
2,1.8|2.1,92921.66326993037,92921.66326993037,0.0,0.0002901058537106464,1.1060243203947575,family_four:2.1;family_three:2.1;single_average:2.1;single_low:2.1;two_person_average:2.1;two_person_low:2.1,7156.834184029081,zero_sku_complexity,False,63.4471796486047,7120.071469746069,5.762651840508803,7108.776879683228,7131.36605980891,False,0.0,0.95
2,2|2.1,92921.66326993037,92921.66326993037,0.0,0.0002901058537106464,1.1060243203947575,family_four:2.1;family_three:2.1;single_average:2.1;single_low:2.1;two_person_average:2.1;two_person_low:2.1,7156.834184029081,zero_sku_complexity,False,63.4471796486047,7120.071469746069,5.762651840508803,7108.776879683228,7131.36605980891,False,0.0,0.95
2,1.8|2,93340.92763110335,93340.92763110335,0.0,0.00017494140670677838,1.137124490139097,family_four:2;family_three:2;single_average:2;single_low:2;two_person_average:2;two_person_low:2,7576.098545202054,zero_sku_complexity,False,63.71480889638036,7539.335830919037,6.016299834664576,7527.5440999229,7551.127561915174,False,0.0,0.95
3,5|9|10,85764.82908590129,85764.82908590129,0.0,0.22601404635136013,0.5427628558954029,family_four:10;family_three:10;single_average:5;single_low:5;two_person_average:10;two_person_low:9,0.0,zero_sku_complexity,False,57.87374382901732,0.0,0.0,0.0,0.0,True,0.984375,0.95
3,4.5|9|10,85790.0473018525,85790.0473018525,0.0,0.18313330780988962,0.5484401049284121,family_four:10;family_three:10;single_average:4.5;single_low:4.5;two_person_average:10;two_person_low:9,25.218215951201273,zero_sku_complexity,False,57.949891721765574,25.218215951217264,0.7618699596108732,23.724978269476967,26.71145363295756,False,0.005208333333333333,0.95
3,4.5|5|10,85791.5404249545,85791.5404249545,0.0,0.23859732384709614,0.5423874669471025,family_four:10;family_three:10;single_average:5;single_low:4.5;two_person_average:10;two_person_low:10,26.71133905320312,zero_sku_complexity,False,57.803186533076726,26.711339053203044,0.8128024197539616,25.11827558393827,28.304402522467818,False,0.010416666666666666,0.95
3,1.8|5|10,85801.59180018431,85801.59180018431,0.0,0.27281022365699936,0.5404661966433969,family_four:10;family_three:10;single_average:5;single_low:5;two_person_average:10;two_person_low:10,36.762714283016976,zero_sku_complexity,False,57.80271838224558,36.76271428301637,0.5441290149594746,35.696241010752544,37.8291875552802,False,0.0,0.95
3,2|5|10,85801.59180018431,85801.59180018431,0.0,0.27281022365699936,0.5404661966433969,family_four:10;family_three:10;single_average:5;single_low:5;two_person_average:10;two_person_low:10,36.762714283016976,zero_sku_complexity,True,57.80271838224558,36.76271428301637,0.5441290149594746,35.696241010752544,37.8291875552802,False,0.0,0.95
3,2.1|5|10,85801.59180018431,85801.59180018431,0.0,0.27281022365699936,0.5404661966433969,family_four:10;family_three:10;single_average:5;single_low:5;two_person_average:10;two_person_low:10,36.762714283016976,zero_sku_complexity,False,57.80271838224558,36.76271428301637,0.5441290149594746,35.696241010752544,37.8291875552802,False,0.0,0.95
3,2.25|5|10,85801.59180018431,85801.59180018431,0.0,0.27281022365699936,0.5404661966433969,family_four:10;family_three:10;single_average:5;single_low:5;two_person_average:10;two_person_low:10,36.762714283016976,zero_sku_complexity,False,57.80271838224558,36.76271428301637,0.5441290149594746,35.696241010752544,37.8291875552802,False,0.0,0.95
3,2.4|5|10,85801.59180018431,85801.59180018431,0.0,0.27281022365699936,0.5404661966433969,family_four:10;family_three:10;single_average:5;single_low:5;two_person_average:10;two_person_low:10,36.762714283016976,zero_sku_complexity,False,57.80271838224558,36.76271428301637,0.5441290149594746,35.696241010752544,37.8291875552802,False,0.0,0.95
3,3|5|10,85801.59180018431,85801.59180018431,0.0,0.27281022365699936,0.5404661966433969,family_four:10;family_three:10;single_average:5;single_low:5;two_person_average:10;two_person_low:10,36.762714283016976,zero_sku_complexity,False,57.80271838224558,36.76271428301637,0.5441290149594746,35.696241010752544,37.8291875552802,False,0.0,0.95
3,1.8|4.5|10,85826.81001613551,85826.81001613551,0.0,0.22992948511552885,0.5461434456764062,family_four:10;family_three:10;single_average:4.5;single_low:4.5;two_person_average:10;two_person_low:10,61.98093023421825,zero_sku_complexity,False,57.87882696578521,61.98093023423295,0.9279843752773271,60.16211428047349,63.79974618799241,False,0.0,0.95
3,2|4.5|10,85826.81001613551,85826.81001613551,0.0,0.22992948511552885,0.5461434456764062,family_four:10;family_three:10;single_average:4.5;single_low:4.5;two_person_average:10;two_person_low:10,61.98093023421825,zero_sku_complexity,False,57.87882696578521,61.98093023423295,0.9279843752773271,60.16211428047349,63.79974618799241,False,0.0,0.95
3,2.1|4.5|10,85826.81001613551,85826.81001613551,0.0,0.22992948511552885,0.5461434456764062,family_four:10;family_three:10;single_average:4.5;single_low:4.5;two_person_average:10;two_person_low:10,61.98093023421825,zero_sku_complexity,False,57.87882696578521,61.98093023423295,0.9279843752773271,60.16211428047349,63.79974618799241,False,0.0,0.95
3,2.25|4.5|10,85826.81001613551,85826.81001613551,0.0,0.22992948511552885,0.5461434456764062,family_four:10;family_three:10;single_average:4.5;single_low:4.5;two_person_average:10;two_person_low:10,61.98093023421825,zero_sku_complexity,False,57.87882696578521,61.98093023423295,0.9279843752773271,60.16211428047349,63.79974618799241,False,0.0,0.95
3,2.4|4.5|10,85826.81001613551,85826.81001613551,0.0,0.22992948511552885,0.5461434456764062,family_four:10;family_three:10;single_average:4.5;single_low:4.5;two_person_average:10;two_person_low:10,61.98093023421825,zero_sku_complexity,False,57.87882696578521,61.98093023423295,0.9279843752773271,60.16211428047349,63.79974618799241,False,0.0,0.95
3,3|4.5|10,85826.81001613551,85826.81001613551,0.0,0.22992948511552885,0.5461434456764062,family_four:10;family_three:10;single_average:4.5;single_low:4.5;two_person_average:10;two_person_low:10,61.98093023421825,zero_sku_complexity,False,57.87882696578521,61.98093023423295,0.9279843752773271,60.16211428047349,63.79974618799241,False,0.0,0.95
3,4.5|5|9,85898.04504757398,85898.04504757398,0.0,0.17828102842540167,0.5622188118164042,family_four:9;family_three:9;single_average:5;single_low:4.5;two_person_average:9;two_person_low:9,133.2159616726858,zero_sku_complexity,False,58.104590553622096,133.21596167269664,0.9164621373138097,131.41972889036697,135.0121944550263,False,0.0,0.95
3,1.8|5|9,85908.09642280379,85908.09642280379,0.0,0.21249392823530483,0.5602975415126986,family_four:9;family_three:9;single_average:5;single_low:5;two_person_average:9;two_person_low:9,143.26733690249966,zero_sku_complexity,False,58.103860852988205,143.26733690250998,0.6668246248481668,141.96038465380315,144.57428915121682,False,0.0,0.95
3,2|5|9,85908.09642280379,85908.09642280379,0.0,0.21249392823530483,0.5602975415126986,family_four:9;family_three:9;single_average:5;single_low:5;two_person_average:9;two_person_low:9,143.26733690249966,zero_sku_complexity,False,58.103860852988205,143.26733690250998,0.6668246248481668,141.96038465380315,144.57428915121682,False,0.0,0.95
3,2.1|5|9,85908.09642280379,85908.09642280379,0.0,0.21249392823530483,0.5602975415126986,family_four:9;family_three:9;single_average:5;single_low:5;two_person_average:9;two_person_low:9,143.26733690249966,zero_sku_complexity,False,58.103860852988205,143.26733690250998,0.6668246248481668,141.96038465380315,144.57428915121682,False,0.0,0.95
3,2.25|5|9,85908.09642280379,85908.09642280379,0.0,0.21249392823530483,0.5602975415126986,family_four:9;family_three:9;single_average:5;single_low:5;two_person_average:9;two_person_low:9,143.26733690249966,zero_sku_complexity,False,58.103860852988205,143.26733690250998,0.6668246248481668,141.96038465380315,144.57428915121682,False,0.0,0.95
3,2.4|5|9,85908.09642280379,85908.09642280379,0.0,0.21249392823530483,0.5602975415126986,family_four:9;family_three:9;single_average:5;single_low:5;two_person_average:9;two_person_low:9,143.26733690249966,zero_sku_complexity,False,58.103860852988205,143.26733690250998,0.6668246248481668,141.96038465380315,144.57428915121682,False,0.0,0.95
3,3|5|9,85908.09642280379,85908.09642280379,0.0,0.21249392823530483,0.5602975415126986,family_four:9;family_three:9;single_average:5;single_low:5;two_person_average:9;two_person_low:9,143.26733690249966,zero_sku_complexity,False,58.103860852988205,143.26733690250998,0.6668246248481668,141.96038465380315,144.57428915121682,False,0.0,0.95
3,3|9|10,85917.87624261939,85917.87624261939,0.0,0.3447694801025881,0.5386835932257505,family_four:10;family_three:10;single_average:9;single_low:3;two_person_average:10;two_person_low:9,153.0471567180939,zero_sku_complexity,False,57.67862399246453,153.04715671812218,1.3189397000865206,150.46208240817253,155.63223102807183,False,0.0,0.95
3,1.8|4.5|9,85933.31463875502,85933.31463875502,0.0,0.16961318969383438,0.5659747905457079,family_four:9;family_three:9;single_average:4.5;single_low:4.5;two_person_average:9;two_person_low:9,168.48555285373004,zero_sku_complexity,False,58.18032285434161,168.48555285372754,1.0472328060369285,166.43301427046634,170.53809143698874,False,0.0,0.95
3,2|4.5|9,85933.31463875502,85933.31463875502,0.0,0.16961318969383438,0.5659747905457079,family_four:9;family_three:9;single_average:4.5;single_low:4.5;two_person_average:9;two_person_low:9,168.48555285373004,zero_sku_complexity,False,58.18032285434161,168.48555285372754,1.0472328060369285,166.43301427046634,170.53809143698874,False,0.0,0.95
3,2.1|4.5|9,85933.31463875502,85933.31463875502,0.0,0.16961318969383438,0.5659747905457079,family_four:9;family_three:9;single_average:4.5;single_low:4.5;two_person_average:9;two_person_low:9,168.48555285373004,zero_sku_complexity,False,58.18032285434161,168.48555285372754,1.0472328060369285,166.43301427046634,170.53809143698874,False,0.0,0.95
3,2.25|4.5|9,85933.31463875502,85933.31463875502,0.0,0.16961318969383438,0.5659747905457079,family_four:9;family_three:9;single_average:4.5;single_low:4.5;two_person_average:9;two_person_low:9,168.48555285373004,zero_sku_complexity,False,58.18032285434161,168.48555285372754,1.0472328060369285,166.43301427046634,170.53809143698874,False,0.0,0.95
3,2.4|4.5|9,85933.31463875502,85933.31463875502,0.0,0.16961318969383438,0.5659747905457079,family_four:9;family_three:9;single_average:4.5;single_low:4.5;two_person_average:9;two_person_low:9,168.48555285373004,zero_sku_complexity,False,58.18032285434161,168.48555285372754,1.0472328060369285,166.43301427046634,170.53809143698874,False,0.0,0.95
3,3|4.5|9,85933.31463875502,85933.31463875502,0.0,0.16961318969383438,0.5659747905457079,family_four:9;family_three:9;single_average:4.5;single_low:4.5;two_person_average:9;two_person_low:9,168.48555285373004,zero_sku_complexity,False,58.18032285434161,168.48555285372754,1.0472328060369285,166.43301427046634,170.53809143698874,False,0.0,0.95
3,2.4|9|10,86001.9831687054,86001.9831687054,0.0,0.3364481972454045,0.5456008910788082,family_four:10;family_three:10;single_average:9;single_low:2.4;two_person_average:10;two_person_low:9,237.15408280410338,zero_sku_complexity,False,57.74844961181398,237.15408280411734,1.4857121477620778,234.24214050311002,240.06602510512465,False,0.0,0.95
3,2.25|9|10,86031.41601842723,86031.41601842723,0.0,0.3357303860189661,0.5479098388185795,family_four:10;family_three:10;single_average:9;single_low:2.25;two_person_average:10;two_person_low:9,266.58693252594094,zero_sku_complexity,False,57.74949169525583,266.5869325259543,1.5220640606597766,263.6037417848983,269.5701232670103,False,0.0,0.95
3,1.8|3|10,86035.22271075193,86035.22271075193,0.0,0.47024907497696256,0.5344053017607644,family_four:10;family_three:10;single_average:10;single_low:3;two_person_average:10;two_person_low:10,270.3936248506361,zero_sku_complexity,False,57.47554516633147,270.39362485065163,1.5318080379564283,267.3913362650281,273.3959134362752,False,0.0,0.95
3,2|3|10,86035.22271075193,86035.22271075193,0.0,0.47024907497696256,0.5344053017607644,family_four:10;family_three:10;single_average:10;single_low:3;two_person_average:10;two_person_low:10,270.3936248506361,zero_sku_complexity,False,57.47554516633147,270.39362485065163,1.5318080379564283,267.3913362650281,273.3959134362752,False,0.0,0.95
3,2.1|3|10,86035.22271075193,86035.22271075193,0.0,0.47024907497696256,0.5344053017607644,family_four:10;family_three:10;single_average:10;single_low:3;two_person_average:10;two_person_low:10,270.3936248506361,zero_sku_complexity,False,57.47554516633147,270.39362485065163,1.5318080379564283,267.3913362650281,273.3959134362752,False,0.0,0.95
3,2.25|3|10,86035.22271075193,86035.22271075193,0.0,0.47024907497696256,0.5344053017607644,family_four:10;family_three:10;single_average:10;single_low:3;two_person_average:10;two_person_low:10,270.3936248506361,zero_sku_complexity,False,57.47554516633147,270.39362485065163,1.5318080379564283,267.3913362650281,273.3959134362752,False,0.0,0.95
3,2.4|3|10,86035.22271075193,86035.22271075193,0.0,0.47024907497696256,0.5344053017607644,family_four:10;family_three:10;single_average:10;single_low:3;two_person_average:10;two_person_low:10,270.3936248506361,zero_sku_complexity,False,57.47554516633147,270.39362485065163,1.5318080379564283,267.3913362650281,273.3959134362752,False,0.0,0.95
3,1.8|3|9,86061.14357952191,86061.14357952191,0.0,0.3312493619865329,0.5562182788430463,family_four:9;family_three:9;single_average:9;single_low:3;two_person_average:9;two_person_low:9,296.31449362062267,zero_sku_complexity,False,57.90875444430752,296.3144936206323,1.4477608238504742,293.4769345476573,299.15205269360723,False,0.0,0.95
3,2|3|9,86061.14357952191,86061.14357952191,0.0,0.3312493619865329,0.5562182788430463,family_four:9;family_three:9;single_average:9;single_low:3;two_person_average:9;two_person_low:9,296.31449362062267,zero_sku_complexity,False,57.90875444430752,296.3144936206323,1.4477608238504742,293.4769345476573,299.15205269360723,False,0.0,0.95
3,2.1|3|9,86061.14357952191,86061.14357952191,0.0,0.3312493619865329,0.5562182788430463,family_four:9;family_three:9;single_average:9;single_low:3;two_person_average:9;two_person_low:9,296.31449362062267,zero_sku_complexity,False,57.90875444430752,296.3144936206323,1.4477608238504742,293.4769345476573,299.15205269360723,False,0.0,0.95
3,2.25|3|9,86061.14357952191,86061.14357952191,0.0,0.3312493619865329,0.5562182788430463,family_four:9;family_three:9;single_average:9;single_low:3;two_person_average:9;two_person_low:9,296.31449362062267,zero_sku_complexity,False,57.90875444430752,296.3144936206323,1.4477608238504742,293.4769345476573,299.15205269360723,False,0.0,0.95
3,2.4|3|9,86061.14357952191,86061.14357952191,0.0,0.3312493619865329,0.5562182788430463,family_four:9;family_three:9;single_average:9;single_low:3;two_person_average:9;two_person_low:9,296.31449362062267,zero_sku_complexity,False,57.90875444430752,296.3144936206323,1.4477608238504742,293.4769345476573,299.15205269360723,False,0.0,0.95
3,2.1|9|10,86063.68308736983,86063.68308736983,0.0,0.3353305922574375,0.5504227842135984,family_four:10;family_three:10;single_average:9;single_low:2.1;two_person_average:10;two_person_low:9,298.85400146854226,zero_sku_complexity,False,57.75541836963408,298.8540014685646,1.581847898033324,295.7536365593989,301.9543663777303,False,0.0,0.95
3,2|9|10,86086.49752805429,86086.49752805429,0.0,0.3352154278104337,0.5523166442538421,family_four:10;family_three:10;single_average:9;single_low:2;two_person_average:10;two_person_low:9,321.6684421529935,zero_sku_complexity,False,57.74991363292555,321.6684421530049,1.6188101703476308,318.4956325213164,324.8412517846934,False,0.0,0.95
3,1.8|2.4|10,86119.32963683794,86119.32963683794,0.0,0.46192779211977897,0.5413225996138219,family_four:10;family_three:10;single_average:10;single_low:2.4;two_person_average:10;two_person_low:10,354.5005509366456,zero_sku_complexity,False,57.54509408025513,354.50055093664673,1.6595084070232051,351.2479742268398,357.75312764645366,False,0.0,0.95
3,2|2.4|10,86119.32963683794,86119.32963683794,0.0,0.46192779211977897,0.5413225996138219,family_four:10;family_three:10;single_average:10;single_low:2.4;two_person_average:10;two_person_low:10,354.5005509366456,zero_sku_complexity,False,57.54509408025513,354.50055093664673,1.6595084070232051,351.2479742268398,357.75312764645366,False,0.0,0.95
3,2.1|2.4|10,86119.32963683794,86119.32963683794,0.0,0.46192779211977897,0.5413225996138219,family_four:10;family_three:10;single_average:10;single_low:2.4;two_person_average:10;two_person_low:10,354.5005509366456,zero_sku_complexity,False,57.54509408025513,354.50055093664673,1.6595084070232051,351.2479742268398,357.75312764645366,False,0.0,0.95
3,2.25|2.4|10,86119.32963683794,86119.32963683794,0.0,0.46192779211977897,0.5413225996138219,family_four:10;family_three:10;single_average:10;single_low:2.4;two_person_average:10;two_person_low:10,354.5005509366456,zero_sku_complexity,False,57.54509408025513,354.50055093664673,1.6595084070232051,351.2479742268398,357.75312764645366,False,0.0,0.95
3,1.8|9|10,86129.20720863971,86129.20720863971,0.0,0.7689244847134442,0.5191025726310353,family_four:10;family_three:10;single_average:9;single_low:9;two_person_average:10;two_person_low:9,364.378122738417,zero_sku_complexity,False,57.58113207450106,364.3781227384439,1.4924860244583227,361.4529038830762,367.3033415938116,False,0.0,0.95
3,1.8|2.4|9,86145.2505056079,86145.2505056079,0.0,0.32292807912934923,0.5631355766961039,family_four:9;family_three:9;single_average:9;single_low:2.4;two_person_average:9;two_person_low:9,380.42141970660305,zero_sku_complexity,False,57.978742458812626,380.42141970662755,1.6170092661216378,377.2521397823616,383.5906996308935,False,0.0,0.95
3,2|2.4|9,86145.2505056079,86145.2505056079,0.0,0.32292807912934923,0.5631355766961039,family_four:9;family_three:9;single_average:9;single_low:2.4;two_person_average:9;two_person_low:9,380.42141970660305,zero_sku_complexity,False,57.978742458812626,380.42141970662755,1.6170092661216378,377.2521397823616,383.5906996308935,False,0.0,0.95
3,2.1|2.4|9,86145.2505056079,86145.2505056079,0.0,0.32292807912934923,0.5631355766961039,family_four:9;family_three:9;single_average:9;single_low:2.4;two_person_average:9;two_person_low:9,380.42141970660305,zero_sku_complexity,False,57.978742458812626,380.42141970662755,1.6170092661216378,377.2521397823616,383.5906996308935,False,0.0,0.95
3,2.25|2.4|9,86145.2505056079,86145.2505056079,0.0,0.32292807912934923,0.5631355766961039,family_four:9;family_three:9;single_average:9;single_low:2.4;two_person_average:9;two_person_low:9,380.42141970660305,zero_sku_complexity,False,57.978742458812626,380.42141970662755,1.6170092661216378,377.2521397823616,383.5906996308935,False,0.0,0.95
3,1.8|2.25|10,86148.76248655978,86148.76248655978,0.0,0.46120998089334053,0.5436315473535932,family_four:10;family_three:10;single_average:10;single_low:2.25;two_person_average:10;two_person_low:10,383.93340065848315,zero_sku_complexity,False,57.547199874183065,383.93340065848423,1.727804599277582,380.5469658715775,387.31983544539094,False,0.0,0.95
3,2|2.25|10,86148.76248655978,86148.76248655978,0.0,0.46120998089334053,0.5436315473535932,family_four:10;family_three:10;single_average:10;single_low:2.25;two_person_average:10;two_person_low:10,383.93340065848315,zero_sku_complexity,False,57.547199874183065,383.93340065848423,1.727804599277582,380.5469658715775,387.31983544539094,False,0.0,0.95
3,2.1|2.25|10,86148.76248655978,86148.76248655978,0.0,0.46120998089334053,0.5436315473535932,family_four:10;family_three:10;single_average:10;single_low:2.25;two_person_average:10;two_person_low:10,383.93340065848315,zero_sku_complexity,False,57.547199874183065,383.93340065848423,1.727804599277582,380.5469658715775,387.31983544539094,False,0.0,0.95
3,1.8|2.25|9,86174.68335532973,86174.68335532973,0.0,0.32221026790291085,0.5654445244358752,family_four:9;family_three:9;single_average:9;single_low:2.25;two_person_average:9;two_person_low:9,409.8542694284406,zero_sku_complexity,False,57.97975739658923,409.85426942846465,1.6496634672812691,406.6209884459819,413.0875504109474,False,0.0,0.95
3,2|2.25|9,86174.68335532973,86174.68335532973,0.0,0.32221026790291085,0.5654445244358752,family_four:9;family_three:9;single_average:9;single_low:2.25;two_person_average:9;two_person_low:9,409.8542694284406,zero_sku_complexity,False,57.97975739658923,409.85426942846465,1.6496634672812691,406.6209884459819,413.0875504109474,False,0.0,0.95
3,2.1|2.25|9,86174.68335532973,86174.68335532973,0.0,0.32221026790291085,0.5654445244358752,family_four:9;family_three:9;single_average:9;single_low:2.25;two_person_average:9;two_person_low:9,409.8542694284406,zero_sku_complexity,False,57.97975739658923,409.85426942846465,1.6496634672812691,406.6209884459819,413.0875504109474,False,0.0,0.95
3,1.8|2.1|10,86181.02955550238,86181.02955550238,0.0,0.460810187131812,0.5461444927486122,family_four:10;family_three:10;single_average:10;single_low:2.1;two_person_average:10;two_person_low:10,416.2004696010845,zero_sku_complexity,False,57.55316178086981,416.20046960109374,1.7811597698697286,412.7094606014374,419.6914786007501,False,0.0,0.95
3,2|2.1|10,86181.02955550238,86181.02955550238,0.0,0.460810187131812,0.5461444927486122,family_four:10;family_three:10;single_average:10;single_low:2.1;two_person_average:10;two_person_low:10,416.2004696010845,zero_sku_complexity,False,57.55316178086981,416.20046960109374,1.7811597698697286,412.7094606014374,419.6914786007501,False,0.0,0.95
3,1.8|2|10,86203.84399618683,86203.84399618683,0.0,0.4606950226848081,0.5480383527888558,family_four:10;family_three:10;single_average:10;single_low:2;two_person_average:10;two_person_low:10,439.01491028553573,zero_sku_complexity,False,57.54727187419235,439.01491028553437,1.8024231881697041,435.4822257518219,442.54759481924685,False,0.0,0.95
3,1.8|2.1|9,86206.95042427236,86206.95042427236,0.0,0.32181047414138225,0.567957469830894,family_four:9;family_three:9;single_average:9;single_low:2.1;two_person_average:9;two_person_low:9,442.12133837107103,zero_sku_complexity,False,57.98549639452388,442.1213383710743,1.6993874437567826,438.7906001855314,445.45207655661716,False,0.0,0.95
3,2|2.1|9,86206.95042427236,86206.95042427236,0.0,0.32181047414138225,0.567957469830894,family_four:9;family_three:9;single_average:9;single_low:2.1;two_person_average:9;two_person_low:9,442.12133837107103,zero_sku_complexity,False,57.98549639452388,442.1213383710743,1.6993874437567826,438.7906001855314,445.45207655661716,False,0.0,0.95
3,1.8|2|9,86229.76486495679,86229.76486495679,0.0,0.3216953096943784,0.5698513298711378,family_four:9;family_three:9;single_average:9;single_low:2;two_person_average:9;two_person_low:9,464.9357790554932,zero_sku_complexity,False,57.980175834183534,464.9357790555144,1.7392657541928027,461.5268808177526,468.34467729327616,False,0.0,0.95
3,1.8|4.5|5,87681.02603143877,87681.02603143877,0.0,0.09332461553765876,0.7033003207657932,family_four:5;family_three:5;single_average:5;single_low:4.5;two_person_average:5;two_person_low:5,1916.1969455374783,zero_sku_complexity,False,59.597499849925505,1916.196945537491,1.9661654585589883,1912.3433320510687,1920.0505590239134,False,0.0,0.95
3,2|4.5|5,87681.02603143877,87681.02603143877,0.0,0.09332461553765876,0.7033003207657932,family_four:5;family_three:5;single_average:5;single_low:4.5;two_person_average:5;two_person_low:5,1916.1969455374783,zero_sku_complexity,False,59.597499849925505,1916.196945537491,1.9661654585589883,1912.3433320510687,1920.0505590239134,False,0.0,0.95
3,2.1|4.5|5,87681.02603143877,87681.02603143877,0.0,0.09332461553765876,0.7033003207657932,family_four:5;family_three:5;single_average:5;single_low:4.5;two_person_average:5;two_person_low:5,1916.1969455374783,zero_sku_complexity,False,59.597499849925505,1916.196945537491,1.9661654585589883,1912.3433320510687,1920.0505590239134,False,0.0,0.95
3,2.25|4.5|5,87681.02603143877,87681.02603143877,0.0,0.09332461553765876,0.7033003207657932,family_four:5;family_three:5;single_average:5;single_low:4.5;two_person_average:5;two_person_low:5,1916.1969455374783,zero_sku_complexity,False,59.597499849925505,1916.196945537491,1.9661654585589883,1912.3433320510687,1920.0505590239134,False,0.0,0.95
3,2.4|4.5|5,87681.02603143877,87681.02603143877,0.0,0.09332461553765876,0.7033003207657932,family_four:5;family_three:5;single_average:5;single_low:4.5;two_person_average:5;two_person_low:5,1916.1969455374783,zero_sku_complexity,False,59.597499849925505,1916.196945537491,1.9661654585589883,1912.3433320510687,1920.0505590239134,False,0.0,0.95
3,3|4.5|5,87681.02603143877,87681.02603143877,0.0,0.09332461553765876,0.7033003207657932,family_four:5;family_three:5;single_average:5;single_low:4.5;two_person_average:5;two_person_low:5,1916.1969455374783,zero_sku_complexity,False,59.597499849925505,1916.196945537491,1.9661654585589883,1912.3433320510687,1920.0505590239134,False,0.0,0.95
3,1.8|2|5,87691.07740666858,87691.07740666858,0.0,0.12753751534756197,0.7013790504620875,family_four:5;family_three:5;single_average:5;single_low:5;two_person_average:5;two_person_low:5,1926.2483207672922,zero_sku_complexity,False,59.59845774380919,1926.2483207673038,1.9156025947452142,1922.4938086729117,1930.0028328616959,False,0.0,0.95
3,1.8|2.1|5,87691.07740666858,87691.07740666858,0.0,0.12753751534756197,0.7013790504620875,family_four:5;family_three:5;single_average:5;single_low:5;two_person_average:5;two_person_low:5,1926.2483207672922,zero_sku_complexity,False,59.59845774380919,1926.2483207673038,1.9156025947452142,1922.4938086729117,1930.0028328616959,False,0.0,0.95
3,1.8|2.25|5,87691.07740666858,87691.07740666858,0.0,0.12753751534756197,0.7013790504620875,family_four:5;family_three:5;single_average:5;single_low:5;two_person_average:5;two_person_low:5,1926.2483207672922,zero_sku_complexity,False,59.59845774380919,1926.2483207673038,1.9156025947452142,1922.4938086729117,1930.0028328616959,False,0.0,0.95
3,1.8|2.4|5,87691.07740666858,87691.07740666858,0.0,0.12753751534756197,0.7013790504620875,family_four:5;family_three:5;single_average:5;single_low:5;two_person_average:5;two_person_low:5,1926.2483207672922,zero_sku_complexity,False,59.59845774380919,1926.2483207673038,1.9156025947452142,1922.4938086729117,1930.0028328616959,False,0.0,0.95
3,1.8|3|5,87691.07740666858,87691.07740666858,0.0,0.12753751534756197,0.7013790504620875,family_four:5;family_three:5;single_average:5;single_low:5;two_person_average:5;two_person_low:5,1926.2483207672922,zero_sku_complexity,False,59.59845774380919,1926.2483207673038,1.9156025947452142,1922.4938086729117,1930.0028328616959,False,0.0,0.95
3,2|2.1|5,87691.07740666858,87691.07740666858,0.0,0.12753751534756197,0.7013790504620875,family_four:5;family_three:5;single_average:5;single_low:5;two_person_average:5;two_person_low:5,1926.2483207672922,zero_sku_complexity,False,59.59845774380919,1926.2483207673038,1.9156025947452142,1922.4938086729117,1930.0028328616959,False,0.0,0.95
3,2|2.25|5,87691.07740666858,87691.07740666858,0.0,0.12753751534756197,0.7013790504620875,family_four:5;family_three:5;single_average:5;single_low:5;two_person_average:5;two_person_low:5,1926.2483207672922,zero_sku_complexity,False,59.59845774380919,1926.2483207673038,1.9156025947452142,1922.4938086729117,1930.0028328616959,False,0.0,0.95
3,2|2.4|5,87691.07740666858,87691.07740666858,0.0,0.12753751534756197,0.7013790504620875,family_four:5;family_three:5;single_average:5;single_low:5;two_person_average:5;two_person_low:5,1926.2483207672922,zero_sku_complexity,False,59.59845774380919,1926.2483207673038,1.9156025947452142,1922.4938086729117,1930.0028328616959,False,0.0,0.95
3,2|3|5,87691.07740666858,87691.07740666858,0.0,0.12753751534756197,0.7013790504620875,family_four:5;family_three:5;single_average:5;single_low:5;two_person_average:5;two_person_low:5,1926.2483207672922,zero_sku_complexity,False,59.59845774380919,1926.2483207673038,1.9156025947452142,1922.4938086729117,1930.0028328616959,False,0.0,0.95
3,2.1|2.25|5,87691.07740666858,87691.07740666858,0.0,0.12753751534756197,0.7013790504620875,family_four:5;family_three:5;single_average:5;single_low:5;two_person_average:5;two_person_low:5,1926.2483207672922,zero_sku_complexity,False,59.59845774380919,1926.2483207673038,1.9156025947452142,1922.4938086729117,1930.0028328616959,False,0.0,0.95
3,2.1|2.4|5,87691.07740666858,87691.07740666858,0.0,0.12753751534756197,0.7013790504620875,family_four:5;family_three:5;single_average:5;single_low:5;two_person_average:5;two_person_low:5,1926.2483207672922,zero_sku_complexity,False,59.59845774380919,1926.2483207673038,1.9156025947452142,1922.4938086729117,1930.0028328616959,False,0.0,0.95
3,2.1|3|5,87691.07740666858,87691.07740666858,0.0,0.12753751534756197,0.7013790504620875,family_four:5;family_three:5;single_average:5;single_low:5;two_person_average:5;two_person_low:5,1926.2483207672922,zero_sku_complexity,False,59.59845774380919,1926.2483207673038,1.9156025947452142,1922.4938086729117,1930.0028328616959,False,0.0,0.95
3,2.25|2.4|5,87691.07740666858,87691.07740666858,0.0,0.12753751534756197,0.7013790504620875,family_four:5;family_three:5;single_average:5;single_low:5;two_person_average:5;two_person_low:5,1926.2483207672922,zero_sku_complexity,False,59.59845774380919,1926.2483207673038,1.9156025947452142,1922.4938086729117,1930.0028328616959,False,0.0,0.95
3,2.25|3|5,87691.07740666858,87691.07740666858,0.0,0.12753751534756197,0.7013790504620875,family_four:5;family_three:5;single_average:5;single_low:5;two_person_average:5;two_person_low:5,1926.2483207672922,zero_sku_complexity,False,59.59845774380919,1926.2483207673038,1.9156025947452142,1922.4938086729117,1930.0028328616959,False,0.0,0.95
3,2.4|3|5,87691.07740666858,87691.07740666858,0.0,0.12753751534756197,0.7013790504620875,family_four:5;family_three:5;single_average:5;single_low:5;two_person_average:5;two_person_low:5,1926.2483207672922,zero_sku_complexity,False,59.59845774380919,1926.2483207673038,1.9156025947452142,1922.4938086729117,1930.0028328616959,False,0.0,0.95
3,1.8|2|4.5,88140.16744215565,88140.16744215565,0.0,0.08450804367426554,0.738377424004207,family_four:4.5;family_three:4.5;single_average:4.5;single_low:4.5;two_person_average:4.5;two_person_low:4.5,2375.3383562543604,zero_sku_complexity,False,60.008099746415674,2375.3383562543663,2.4005057382767094,2370.6334514626624,2380.0432610460703,False,0.0,0.95
3,1.8|2.1|4.5,88140.16744215565,88140.16744215565,0.0,0.08450804367426554,0.738377424004207,family_four:4.5;family_three:4.5;single_average:4.5;single_low:4.5;two_person_average:4.5;two_person_low:4.5,2375.3383562543604,zero_sku_complexity,False,60.008099746415674,2375.3383562543663,2.4005057382767094,2370.6334514626624,2380.0432610460703,False,0.0,0.95
3,1.8|2.25|4.5,88140.16744215565,88140.16744215565,0.0,0.08450804367426554,0.738377424004207,family_four:4.5;family_three:4.5;single_average:4.5;single_low:4.5;two_person_average:4.5;two_person_low:4.5,2375.3383562543604,zero_sku_complexity,False,60.008099746415674,2375.3383562543663,2.4005057382767094,2370.6334514626624,2380.0432610460703,False,0.0,0.95
3,1.8|2.4|4.5,88140.16744215565,88140.16744215565,0.0,0.08450804367426554,0.738377424004207,family_four:4.5;family_three:4.5;single_average:4.5;single_low:4.5;two_person_average:4.5;two_person_low:4.5,2375.3383562543604,zero_sku_complexity,False,60.008099746415674,2375.3383562543663,2.4005057382767094,2370.6334514626624,2380.0432610460703,False,0.0,0.95
3,1.8|3|4.5,88140.16744215565,88140.16744215565,0.0,0.08450804367426554,0.738377424004207,family_four:4.5;family_three:4.5;single_average:4.5;single_low:4.5;two_person_average:4.5;two_person_low:4.5,2375.3383562543604,zero_sku_complexity,False,60.008099746415674,2375.3383562543663,2.4005057382767094,2370.6334514626624,2380.0432610460703,False,0.0,0.95
3,2|2.1|4.5,88140.16744215565,88140.16744215565,0.0,0.08450804367426554,0.738377424004207,family_four:4.5;family_three:4.5;single_average:4.5;single_low:4.5;two_person_average:4.5;two_person_low:4.5,2375.3383562543604,zero_sku_complexity,False,60.008099746415674,2375.3383562543663,2.4005057382767094,2370.6334514626624,2380.0432610460703,False,0.0,0.95
3,2|2.25|4.5,88140.16744215565,88140.16744215565,0.0,0.08450804367426554,0.738377424004207,family_four:4.5;family_three:4.5;single_average:4.5;single_low:4.5;two_person_average:4.5;two_person_low:4.5,2375.3383562543604,zero_sku_complexity,False,60.008099746415674,2375.3383562543663,2.4005057382767094,2370.6334514626624,2380.0432610460703,False,0.0,0.95
3,2|2.4|4.5,88140.16744215565,88140.16744215565,0.0,0.08450804367426554,0.738377424004207,family_four:4.5;family_three:4.5;single_average:4.5;single_low:4.5;two_person_average:4.5;two_person_low:4.5,2375.3383562543604,zero_sku_complexity,False,60.008099746415674,2375.3383562543663,2.4005057382767094,2370.6334514626624,2380.0432610460703,False,0.0,0.95
3,2|3|4.5,88140.16744215565,88140.16744215565,0.0,0.08450804367426554,0.738377424004207,family_four:4.5;family_three:4.5;single_average:4.5;single_low:4.5;two_person_average:4.5;two_person_low:4.5,2375.3383562543604,zero_sku_complexity,False,60.008099746415674,2375.3383562543663,2.4005057382767094,2370.6334514626624,2380.0432610460703,False,0.0,0.95
3,2.1|2.25|4.5,88140.16744215565,88140.16744215565,0.0,0.08450804367426554,0.738377424004207,family_four:4.5;family_three:4.5;single_average:4.5;single_low:4.5;two_person_average:4.5;two_person_low:4.5,2375.3383562543604,zero_sku_complexity,False,60.008099746415674,2375.3383562543663,2.4005057382767094,2370.6334514626624,2380.0432610460703,False,0.0,0.95
3,2.1|2.4|4.5,88140.16744215565,88140.16744215565,0.0,0.08450804367426554,0.738377424004207,family_four:4.5;family_three:4.5;single_average:4.5;single_low:4.5;two_person_average:4.5;two_person_low:4.5,2375.3383562543604,zero_sku_complexity,False,60.008099746415674,2375.3383562543663,2.4005057382767094,2370.6334514626624,2380.0432610460703,False,0.0,0.95
3,2.1|3|4.5,88140.16744215565,88140.16744215565,0.0,0.08450804367426554,0.738377424004207,family_four:4.5;family_three:4.5;single_average:4.5;single_low:4.5;two_person_average:4.5;two_person_low:4.5,2375.3383562543604,zero_sku_complexity,False,60.008099746415674,2375.3383562543663,2.4005057382767094,2370.6334514626624,2380.0432610460703,False,0.0,0.95
3,2.25|2.4|4.5,88140.16744215565,88140.16744215565,0.0,0.08450804367426554,0.738377424004207,family_four:4.5;family_three:4.5;single_average:4.5;single_low:4.5;two_person_average:4.5;two_person_low:4.5,2375.3383562543604,zero_sku_complexity,False,60.008099746415674,2375.3383562543663,2.4005057382767094,2370.6334514626624,2380.0432610460703,False,0.0,0.95
3,2.25|3|4.5,88140.16744215565,88140.16744215565,0.0,0.08450804367426554,0.738377424004207,family_four:4.5;family_three:4.5;single_average:4.5;single_low:4.5;two_person_average:4.5;two_person_low:4.5,2375.3383562543604,zero_sku_complexity,False,60.008099746415674,2375.3383562543663,2.4005057382767094,2370.6334514626624,2380.0432610460703,False,0.0,0.95
3,2.4|3|4.5,88140.16744215565,88140.16744215565,0.0,0.08450804367426554,0.738377424004207,family_four:4.5;family_three:4.5;single_average:4.5;single_low:4.5;two_person_average:4.5;two_person_low:4.5,2375.3383562543604,zero_sku_complexity,False,60.008099746415674,2375.3383562543663,2.4005057382767094,2370.6334514626624,2380.0432610460703,False,0.0,0.95
3,1.8|2|3,90341.16756186167,90341.16756186167,0.0,0.009734815380715238,0.9090553621100282,family_four:3;family_three:3;single_average:3;single_low:3;two_person_average:3;two_person_low:3,4576.33847596038,zero_sku_complexity,False,61.64206714668773,4576.338475960378,3.884483312826512,4568.725028568691,4583.951923352064,False,0.0,0.95
3,1.8|2.1|3,90341.16756186167,90341.16756186167,0.0,0.009734815380715238,0.9090553621100282,family_four:3;family_three:3;single_average:3;single_low:3;two_person_average:3;two_person_low:3,4576.33847596038,zero_sku_complexity,False,61.64206714668773,4576.338475960378,3.884483312826512,4568.725028568691,4583.951923352064,False,0.0,0.95
3,1.8|2.25|3,90341.16756186167,90341.16756186167,0.0,0.009734815380715238,0.9090553621100282,family_four:3;family_three:3;single_average:3;single_low:3;two_person_average:3;two_person_low:3,4576.33847596038,zero_sku_complexity,False,61.64206714668773,4576.338475960378,3.884483312826512,4568.725028568691,4583.951923352064,False,0.0,0.95
3,1.8|2.4|3,90341.16756186167,90341.16756186167,0.0,0.009734815380715238,0.9090553621100282,family_four:3;family_three:3;single_average:3;single_low:3;two_person_average:3;two_person_low:3,4576.33847596038,zero_sku_complexity,False,61.64206714668773,4576.338475960378,3.884483312826512,4568.725028568691,4583.951923352064,False,0.0,0.95
3,2|2.1|3,90341.16756186167,90341.16756186167,0.0,0.009734815380715238,0.9090553621100282,family_four:3;family_three:3;single_average:3;single_low:3;two_person_average:3;two_person_low:3,4576.33847596038,zero_sku_complexity,False,61.64206714668773,4576.338475960378,3.884483312826512,4568.725028568691,4583.951923352064,False,0.0,0.95
3,2|2.25|3,90341.16756186167,90341.16756186167,0.0,0.009734815380715238,0.9090553621100282,family_four:3;family_three:3;single_average:3;single_low:3;two_person_average:3;two_person_low:3,4576.33847596038,zero_sku_complexity,False,61.64206714668773,4576.338475960378,3.884483312826512,4568.725028568691,4583.951923352064,False,0.0,0.95
3,2|2.4|3,90341.16756186167,90341.16756186167,0.0,0.009734815380715238,0.9090553621100282,family_four:3;family_three:3;single_average:3;single_low:3;two_person_average:3;two_person_low:3,4576.33847596038,zero_sku_complexity,False,61.64206714668773,4576.338475960378,3.884483312826512,4568.725028568691,4583.951923352064,False,0.0,0.95
3,2.1|2.25|3,90341.16756186167,90341.16756186167,0.0,0.009734815380715238,0.9090553621100282,family_four:3;family_three:3;single_average:3;single_low:3;two_person_average:3;two_person_low:3,4576.33847596038,zero_sku_complexity,False,61.64206714668773,4576.338475960378,3.884483312826512,4568.725028568691,4583.951923352064,False,0.0,0.95
3,2.1|2.4|3,90341.16756186167,90341.16756186167,0.0,0.009734815380715238,0.9090553621100282,family_four:3;family_three:3;single_average:3;single_low:3;two_person_average:3;two_person_low:3,4576.33847596038,zero_sku_complexity,False,61.64206714668773,4576.338475960378,3.884483312826512,4568.725028568691,4583.951923352064,False,0.0,0.95
3,2.25|2.4|3,90341.16756186167,90341.16756186167,0.0,0.009734815380715238,0.9090553621100282,family_four:3;family_three:3;single_average:3;single_low:3;two_person_average:3;two_person_low:3,4576.33847596038,zero_sku_complexity,False,61.64206714668773,4576.338475960378,3.884483312826512,4568.725028568691,4583.951923352064,False,0.0,0.95
3,1.8|2|2.4,91875.46105248039,91875.46105248039,0.0,0.0014077108416776169,1.0261761227456516,family_four:2.4;family_three:2.4;single_average:2.4;single_low:2.4;two_person_average:2.4;two_person_low:2.4,6110.631966579094,zero_sku_complexity,False,62.71460245061083,6110.63196657909,4.947289749524912,6100.935456848937,6120.328476309242,False,0.0,0.95
3,1.8|2.1|2.4,91875.46105248039,91875.46105248039,0.0,0.0014077108416776169,1.0261761227456516,family_four:2.4;family_three:2.4;single_average:2.4;single_low:2.4;two_person_average:2.4;two_person_low:2.4,6110.631966579094,zero_sku_complexity,False,62.71460245061083,6110.63196657909,4.947289749524912,6100.935456848937,6120.328476309242,False,0.0,0.95
3,1.8|2.25|2.4,91875.46105248039,91875.46105248039,0.0,0.0014077108416776169,1.0261761227456516,family_four:2.4;family_three:2.4;single_average:2.4;single_low:2.4;two_person_average:2.4;two_person_low:2.4,6110.631966579094,zero_sku_complexity,False,62.71460245061083,6110.63196657909,4.947289749524912,6100.935456848937,6120.328476309242,False,0.0,0.95
3,2|2.1|2.4,91875.46105248039,91875.46105248039,0.0,0.0014077108416776169,1.0261761227456516,family_four:2.4;family_three:2.4;single_average:2.4;single_low:2.4;two_person_average:2.4;two_person_low:2.4,6110.631966579094,zero_sku_complexity,False,62.71460245061083,6110.63196657909,4.947289749524912,6100.935456848937,6120.328476309242,False,0.0,0.95
3,2|2.25|2.4,91875.46105248039,91875.46105248039,0.0,0.0014077108416776169,1.0261761227456516,family_four:2.4;family_three:2.4;single_average:2.4;single_low:2.4;two_person_average:2.4;two_person_low:2.4,6110.631966579094,zero_sku_complexity,False,62.71460245061083,6110.63196657909,4.947289749524912,6100.935456848937,6120.328476309242,False,0.0,0.95
3,2.1|2.25|2.4,91875.46105248039,91875.46105248039,0.0,0.0014077108416776169,1.0261761227456516,family_four:2.4;family_three:2.4;single_average:2.4;single_low:2.4;two_person_average:2.4;two_person_low:2.4,6110.631966579094,zero_sku_complexity,False,62.71460245061083,6110.63196657909,4.947289749524912,6100.935456848937,6120.328476309242,False,0.0,0.95
3,1.8|2|2.25,92369.47053201894,92369.47053201894,0.0,0.0006898996152392388,1.0638836701742425,family_four:2.25;family_three:2.25;single_average:2.25;single_low:2.25;two_person_average:2.25;two_person_low:2.25,6604.641446117646,zero_sku_complexity,False,63.09604848872002,6604.641446117649,5.333983739124767,6594.187030094842,6615.095862140456,False,0.0,0.95
3,1.8|2.1|2.25,92369.47053201894,92369.47053201894,0.0,0.0006898996152392388,1.0638836701742425,family_four:2.25;family_three:2.25;single_average:2.25;single_low:2.25;two_person_average:2.25;two_person_low:2.25,6604.641446117646,zero_sku_complexity,False,63.09604848872002,6604.641446117649,5.333983739124767,6594.187030094842,6615.095862140456,False,0.0,0.95
3,2|2.1|2.25,92369.47053201894,92369.47053201894,0.0,0.0006898996152392388,1.0638836701742425,family_four:2.25;family_three:2.25;single_average:2.25;single_low:2.25;two_person_average:2.25;two_person_low:2.25,6604.641446117646,zero_sku_complexity,False,63.09604848872002,6604.641446117649,5.333983739124767,6594.187030094842,6615.095862140456,False,0.0,0.95
3,1.8|2|2.1,92921.66326993037,92921.66326993037,0.0,0.0002901058537106464,1.1060243203947575,family_four:2.1;family_three:2.1;single_average:2.1;single_low:2.1;two_person_average:2.1;two_person_low:2.1,7156.834184029081,zero_sku_complexity,False,63.4471796486047,7156.834184029085,5.681973580948556,7145.697720449318,7167.970647608852,False,0.0,0.95
1,9,86272.47454554224,86272.47454554224,0.0,0.7554043665973891,0.5366372582483311,family_four:9;family_three:9;single_average:9;single_low:9;two_person_average:9;two_person_low:9,0.0,high_sku_complexity,False,57.81192604882243,0.0,0.0,0.0,0.0,True,1.0,0.95
1,10,86338.37972451415,86338.37972451415,0.0,0.989987944930005,0.5126918547056435,family_four:10;family_three:10;single_average:10;single_low:10;two_person_average:10;two_person_low:10,65.90517897190875,high_sku_complexity,False,57.41884138040941,65.90517897190966,1.814168533093756,62.34947398516004,69.46088395865928,False,0.0,0.95
1,5,87691.07740666858,87691.07740666858,0.0,0.12753751534756197,0.7013790504620875,family_four:5;family_three:5;single_average:5;single_low:5;two_person_average:5;two_person_low:5,1418.6028611263464,high_sku_complexity,False,59.59845774380919,1418.6028611263494,2.4488077861143376,1413.803286060504,1423.4024361921947,False,0.0,0.95
1,4.5,88140.16744215565,88140.16744215565,0.0,0.08450804367426554,0.738377424004207,family_four:4.5;family_three:4.5;single_average:4.5;single_low:4.5;two_person_average:4.5;two_person_low:4.5,1867.6928966134146,high_sku_complexity,False,60.008099746415674,1867.6928966134121,2.701381141275963,1862.3982868679955,1872.9875063588288,False,0.0,0.95
1,3,90341.16756186167,90341.16756186167,0.0,0.009734815380715238,0.9090553621100282,family_four:3;family_three:3;single_average:3;single_low:3;two_person_average:3;two_person_low:3,4068.693016319434,high_sku_complexity,False,61.64206714668773,4068.6930163194243,4.170012649787198,4060.519941710765,4076.8660909280834,False,0.0,0.95
1,2.4,91875.46105248039,91875.46105248039,0.0,0.0014077108416776169,1.0261761227456516,family_four:2.4;family_three:2.4;single_average:2.4;single_low:2.4;two_person_average:2.4;two_person_low:2.4,5602.9865069381485,high_sku_complexity,False,62.71460245061083,5602.986506938135,5.1686952869806015,5592.856050328591,5613.116963547679,False,0.0,0.95
1,2.25,92369.47053201894,92369.47053201894,0.0,0.0006898996152392388,1.0638836701742425,family_four:2.25;family_three:2.25;single_average:2.25;single_low:2.25;two_person_average:2.25;two_person_low:2.25,6096.995986476701,high_sku_complexity,False,63.09604848872002,6096.995986476696,5.5522515703910695,6086.113773365623,6107.878199587769,False,0.0,0.95
1,2.1,92921.66326993037,92921.66326993037,0.0,0.0002901058537106464,1.1060243203947575,family_four:2.1;family_three:2.1;single_average:2.1;single_low:2.1;two_person_average:2.1;two_person_low:2.1,6649.188724388136,high_sku_complexity,False,63.4471796486047,6649.188724388131,5.876548319266945,6637.670901328958,6660.706547447304,False,0.0,0.95
1,2,93340.92763110335,93340.92763110335,0.0,0.00017494140670677838,1.137124490139097,family_four:2;family_three:2;single_average:2;single_low:2;two_person_average:2;two_person_low:2,7068.453085561108,high_sku_complexity,False,63.71480889638036,7068.453085561098,6.15736763957974,7056.38486674795,7080.521304374247,False,0.0,0.95
1,1.8,94262.043573088,94262.043573088,0.0,3.842625358685107e-05,1.2086627144676936,family_four:1.8;family_three:1.8;single_average:1.8;single_low:1.8;two_person_average:1.8;two_person_low:1.8,7989.56902754576,high_sku_complexity,False,64.33485620209396,7989.569027545753,6.720447184914719,7976.397193103317,8002.740861988189,False,0.0,0.95
2,5|10,86701.59180018431,85801.59180018431,900.0,0.27281022365699936,0.5404661966433969,family_four:10;family_three:10;single_average:5;single_low:5;two_person_average:10;two_person_low:10,429.1172546420712,high_sku_complexity,False,57.80271838224558,0.0,0.0,0.0,0.0,True,0.9947916666666666,0.95
2,4.5|10,86726.81001613551,85826.81001613551,900.0,0.22992948511552885,0.5461434456764062,family_four:10;family_three:10;single_average:4.5;single_low:4.5;two_person_average:10;two_person_low:10,454.3354705932725,high_sku_complexity,False,57.87882696578521,25.21821595121658,0.7618699596108158,23.7249782694764,26.711453632956765,False,0.005208333333333333,0.95
2,5|9,86808.09642280379,85908.09642280379,900.0,0.21249392823530483,0.5602975415126986,family_four:9;family_three:9;single_average:5;single_low:5;two_person_average:9;two_person_low:9,535.6218772615539,high_sku_complexity,False,58.103860852988205,106.5046226194936,0.8793419991805705,104.78114397100623,108.22810126798097,False,0.0,0.95
2,4.5|9,86833.31463875502,85933.31463875502,900.0,0.16961318969383438,0.5659747905457079,family_four:9;family_three:9;single_average:4.5;single_low:4.5;two_person_average:9;two_person_low:9,560.8400932127843,high_sku_complexity,False,58.18032285434161,131.72283857071116,1.2002712363371166,129.37035017581104,134.07532696561128,False,0.0,0.95
2,3|10,86935.22271075193,86035.22271075193,900.0,0.47024907497696256,0.5344053017607644,family_four:10;family_three:10;single_average:10;single_low:3;two_person_average:10;two_person_low:10,662.7481652096903,high_sku_complexity,False,57.47554516633147,233.63091056763528,1.419427176572245,230.8488844228763,236.41293671239427,False,0.0,0.95
2,3|9,86961.14357952191,86061.14357952191,900.0,0.3312493619865329,0.5562182788430463,family_four:9;family_three:9;single_average:9;single_low:3;two_person_average:9;two_person_low:9,688.6690339796769,high_sku_complexity,False,57.90875444430752,259.5517793376159,1.5309432969618277,256.55118561319773,262.5523730620341,False,0.0,0.95
2,2.4|10,87019.32963683794,86119.32963683794,900.0,0.46192779211977897,0.5413225996138219,family_four:10;family_three:10;single_average:10;single_low:2.4;two_person_average:10;two_person_low:10,746.8550912956998,high_sku_complexity,False,57.54509408025513,317.7378366536304,1.5691576020163196,314.66234426761116,320.8133290396496,False,0.0,0.95
2,9|10,87029.20720863971,86129.20720863971,900.0,0.7689244847134442,0.5191025726310353,family_four:10;family_three:10;single_average:9;single_low:9;two_person_average:10;two_person_low:9,756.7326630974712,high_sku_complexity,False,57.58113207450106,327.61540845542754,1.5697223704611483,324.53880914359684,330.69200776725825,False,0.0,0.95
2,2.4|9,87045.2505056079,86145.2505056079,900.0,0.32292807912934923,0.5631355766961039,family_four:9;family_three:9;single_average:9;single_low:2.4;two_person_average:9;two_person_low:9,772.7759600656573,high_sku_complexity,False,57.978742458812626,343.65870542361114,1.703656281266942,340.31960047029247,346.9978103769298,False,0.0,0.95
2,2.25|10,87048.76248655978,86148.76248655978,900.0,0.46120998089334053,0.5436315473535932,family_four:10;family_three:10;single_average:10;single_low:2.25;two_person_average:10;two_person_low:10,776.2879410175374,high_sku_complexity,False,57.547199874183065,347.1706863754678,1.6174141424123025,344.00061290825397,350.3407598426817,False,0.0,0.95
2,2.25|9,87074.68335532973,86174.68335532973,900.0,0.32221026790291085,0.5654445244358752,family_four:9;family_three:9;single_average:9;single_low:2.25;two_person_average:9;two_person_low:9,802.2088097874948,high_sku_complexity,False,57.97975739658923,373.09155514544824,1.7121762938042422,369.73575127440864,376.44735901648784,False,0.0,0.95
2,2.1|10,87081.02955550238,86181.02955550238,900.0,0.460810187131812,0.5461444927486122,family_four:10;family_three:10;single_average:10;single_low:2.1;two_person_average:10;two_person_low:10,808.5550099601387,high_sku_complexity,False,57.55316178086981,379.43775531807734,1.682615852930503,376.1398888465174,382.73562178963726,False,0.0,0.95
2,2|10,87103.84399618683,86203.84399618683,900.0,0.4606950226848081,0.5480383527888558,family_four:10;family_three:10;single_average:10;single_low:2;two_person_average:10;two_person_low:10,831.36945064459,high_sku_complexity,False,57.54727187419235,402.252196002518,1.6970174683708426,398.92610288337585,405.5782891216602,False,0.0,0.95
2,2.1|9,87106.95042427236,86206.95042427236,900.0,0.32181047414138225,0.567957469830894,family_four:9;family_three:9;single_average:9;single_low:2.1;two_person_average:9;two_person_low:9,834.4758787301253,high_sku_complexity,False,57.98549639452388,405.3586240880579,1.7680559939439187,401.8932980172777,408.82395015883816,False,0.0,0.95
2,2|9,87129.76486495679,86229.76486495679,900.0,0.3216953096943784,0.5698513298711378,family_four:9;family_three:9;single_average:9;single_low:2;two_person_average:9;two_person_low:9,857.2903194145474,high_sku_complexity,False,57.980175834183534,428.17306477249804,1.7987836538627984,424.6475135949476,431.69861595004846,False,0.0,0.95
2,1.8|10,87157.85607867865,86257.85607867865,900.0,0.46055850753168814,0.5522670122232505,family_four:10;family_three:10;single_average:10;single_low:1.8;two_person_average:10;two_person_low:10,885.3815331364167,high_sku_complexity,False,57.58713578926662,456.26427849435146,1.8047617443334942,452.7270104747821,459.8015465139208,False,0.0,0.95
2,1.8|9,87172.47454554224,86272.47454554224,900.0,0.7554043665973891,0.5366372582483311,family_four:9;family_three:9;single_average:9;single_low:9;two_person_average:9;two_person_low:9,900.0,high_sku_complexity,False,57.81192604882243,470.88274535793784,1.698468587762124,467.55380809705144,474.2116826188242,False,0.0,0.95
2,4.5|5,88581.02603143877,87681.02603143877,900.0,0.09332461553765876,0.7033003207657932,family_four:5;family_three:5;single_average:5;single_low:4.5;two_person_average:5;two_person_low:5,2308.5514858965325,high_sku_complexity,False,59.597499849925505,1879.4342312544748,2.0801147303193868,1875.3572812993375,1883.511181209612,False,0.0,0.95
2,1.8|5,88591.07740666858,87691.07740666858,900.0,0.12753751534756197,0.7013790504620875,family_four:5;family_three:5;single_average:5;single_low:5;two_person_average:5;two_person_low:5,2318.6028611263464,high_sku_complexity,False,59.59845774380919,1889.4856064842872,2.033492672579491,1885.5000340832053,1893.4711788853692,False,0.0,0.95
2,2|5,88591.07740666858,87691.07740666858,900.0,0.12753751534756197,0.7013790504620875,family_four:5;family_three:5;single_average:5;single_low:5;two_person_average:5;two_person_low:5,2318.6028611263464,high_sku_complexity,False,59.59845774380919,1889.4856064842872,2.033492672579491,1885.5000340832053,1893.4711788853692,False,0.0,0.95
2,2.1|5,88591.07740666858,87691.07740666858,900.0,0.12753751534756197,0.7013790504620875,family_four:5;family_three:5;single_average:5;single_low:5;two_person_average:5;two_person_low:5,2318.6028611263464,high_sku_complexity,False,59.59845774380919,1889.4856064842872,2.033492672579491,1885.5000340832053,1893.4711788853692,False,0.0,0.95
2,2.25|5,88591.07740666858,87691.07740666858,900.0,0.12753751534756197,0.7013790504620875,family_four:5;family_three:5;single_average:5;single_low:5;two_person_average:5;two_person_low:5,2318.6028611263464,high_sku_complexity,False,59.59845774380919,1889.4856064842872,2.033492672579491,1885.5000340832053,1893.4711788853692,False,0.0,0.95
2,2.4|5,88591.07740666858,87691.07740666858,900.0,0.12753751534756197,0.7013790504620875,family_four:5;family_three:5;single_average:5;single_low:5;two_person_average:5;two_person_low:5,2318.6028611263464,high_sku_complexity,False,59.59845774380919,1889.4856064842872,2.033492672579491,1885.5000340832053,1893.4711788853692,False,0.0,0.95
2,3|5,88591.07740666858,87691.07740666858,900.0,0.12753751534756197,0.7013790504620875,family_four:5;family_three:5;single_average:5;single_low:5;two_person_average:5;two_person_low:5,2318.6028611263464,high_sku_complexity,False,59.59845774380919,1889.4856064842872,2.033492672579491,1885.5000340832053,1893.4711788853692,False,0.0,0.95
2,1.8|4.5,89040.16744215565,88140.16744215565,900.0,0.08450804367426554,0.738377424004207,family_four:4.5;family_three:4.5;single_average:4.5;single_low:4.5;two_person_average:4.5;two_person_low:4.5,2767.6928966134146,high_sku_complexity,False,60.008099746415674,2338.57564197135,2.506695611639257,2333.662608852332,2343.4886750903675,False,0.0,0.95
2,2|4.5,89040.16744215565,88140.16744215565,900.0,0.08450804367426554,0.738377424004207,family_four:4.5;family_three:4.5;single_average:4.5;single_low:4.5;two_person_average:4.5;two_person_low:4.5,2767.6928966134146,high_sku_complexity,False,60.008099746415674,2338.57564197135,2.506695611639257,2333.662608852332,2343.4886750903675,False,0.0,0.95
2,2.1|4.5,89040.16744215565,88140.16744215565,900.0,0.08450804367426554,0.738377424004207,family_four:4.5;family_three:4.5;single_average:4.5;single_low:4.5;two_person_average:4.5;two_person_low:4.5,2767.6928966134146,high_sku_complexity,False,60.008099746415674,2338.57564197135,2.506695611639257,2333.662608852332,2343.4886750903675,False,0.0,0.95
2,2.25|4.5,89040.16744215565,88140.16744215565,900.0,0.08450804367426554,0.738377424004207,family_four:4.5;family_three:4.5;single_average:4.5;single_low:4.5;two_person_average:4.5;two_person_low:4.5,2767.6928966134146,high_sku_complexity,False,60.008099746415674,2338.57564197135,2.506695611639257,2333.662608852332,2343.4886750903675,False,0.0,0.95
2,2.4|4.5,89040.16744215565,88140.16744215565,900.0,0.08450804367426554,0.738377424004207,family_four:4.5;family_three:4.5;single_average:4.5;single_low:4.5;two_person_average:4.5;two_person_low:4.5,2767.6928966134146,high_sku_complexity,False,60.008099746415674,2338.57564197135,2.506695611639257,2333.662608852332,2343.4886750903675,False,0.0,0.95
2,3|4.5,89040.16744215565,88140.16744215565,900.0,0.08450804367426554,0.738377424004207,family_four:4.5;family_three:4.5;single_average:4.5;single_low:4.5;two_person_average:4.5;two_person_low:4.5,2767.6928966134146,high_sku_complexity,False,60.008099746415674,2338.57564197135,2.506695611639257,2333.662608852332,2343.4886750903675,False,0.0,0.95
2,1.8|3,91241.16756186167,90341.16756186167,900.0,0.009734815380715238,0.9090553621100282,family_four:3;family_three:3;single_average:3;single_low:3;two_person_average:3;two_person_low:3,4968.693016319434,high_sku_complexity,False,61.64206714668773,4539.575761677362,3.9778179954120283,4531.779381669299,4547.372141685424,False,0.0,0.95
2,2|3,91241.16756186167,90341.16756186167,900.0,0.009734815380715238,0.9090553621100282,family_four:3;family_three:3;single_average:3;single_low:3;two_person_average:3;two_person_low:3,4968.693016319434,high_sku_complexity,False,61.64206714668773,4539.575761677362,3.9778179954120283,4531.779381669299,4547.372141685424,False,0.0,0.95
2,2.1|3,91241.16756186167,90341.16756186167,900.0,0.009734815380715238,0.9090553621100282,family_four:3;family_three:3;single_average:3;single_low:3;two_person_average:3;two_person_low:3,4968.693016319434,high_sku_complexity,False,61.64206714668773,4539.575761677362,3.9778179954120283,4531.779381669299,4547.372141685424,False,0.0,0.95
2,2.25|3,91241.16756186167,90341.16756186167,900.0,0.009734815380715238,0.9090553621100282,family_four:3;family_three:3;single_average:3;single_low:3;two_person_average:3;two_person_low:3,4968.693016319434,high_sku_complexity,False,61.64206714668773,4539.575761677362,3.9778179954120283,4531.779381669299,4547.372141685424,False,0.0,0.95
2,2.4|3,91241.16756186167,90341.16756186167,900.0,0.009734815380715238,0.9090553621100282,family_four:3;family_three:3;single_average:3;single_low:3;two_person_average:3;two_person_low:3,4968.693016319434,high_sku_complexity,False,61.64206714668773,4539.575761677362,3.9778179954120283,4531.779381669299,4547.372141685424,False,0.0,0.95
2,1.8|2.4,92775.46105248039,91875.46105248039,900.0,0.0014077108416776169,1.0261761227456516,family_four:2.4;family_three:2.4;single_average:2.4;single_low:2.4;two_person_average:2.4;two_person_low:2.4,6502.9865069381485,high_sku_complexity,False,62.71460245061083,6073.869252296073,5.038685884150233,6063.993609433728,6083.744895158417,False,0.0,0.95
2,2|2.4,92775.46105248039,91875.46105248039,900.0,0.0014077108416776169,1.0261761227456516,family_four:2.4;family_three:2.4;single_average:2.4;single_low:2.4;two_person_average:2.4;two_person_low:2.4,6502.9865069381485,high_sku_complexity,False,62.71460245061083,6073.869252296073,5.038685884150233,6063.993609433728,6083.744895158417,False,0.0,0.95
2,2.1|2.4,92775.46105248039,91875.46105248039,900.0,0.0014077108416776169,1.0261761227456516,family_four:2.4;family_three:2.4;single_average:2.4;single_low:2.4;two_person_average:2.4;two_person_low:2.4,6502.9865069381485,high_sku_complexity,False,62.71460245061083,6073.869252296073,5.038685884150233,6063.993609433728,6083.744895158417,False,0.0,0.95
2,2.25|2.4,92775.46105248039,91875.46105248039,900.0,0.0014077108416776169,1.0261761227456516,family_four:2.4;family_three:2.4;single_average:2.4;single_low:2.4;two_person_average:2.4;two_person_low:2.4,6502.9865069381485,high_sku_complexity,False,62.71460245061083,6073.869252296073,5.038685884150233,6063.993609433728,6083.744895158417,False,0.0,0.95
2,1.8|2.25,93269.47053201894,92369.47053201894,900.0,0.0006898996152392388,1.0638836701742425,family_four:2.25;family_three:2.25;single_average:2.25;single_low:2.25;two_person_average:2.25;two_person_low:2.25,6996.995986476701,high_sku_complexity,False,63.09604848872002,6567.878731834632,5.419580945990391,6557.2565483691915,6578.500915300073,False,0.0,0.95
2,2|2.25,93269.47053201894,92369.47053201894,900.0,0.0006898996152392388,1.0638836701742425,family_four:2.25;family_three:2.25;single_average:2.25;single_low:2.25;two_person_average:2.25;two_person_low:2.25,6996.995986476701,high_sku_complexity,False,63.09604848872002,6567.878731834632,5.419580945990391,6557.2565483691915,6578.500915300073,False,0.0,0.95
2,2.1|2.25,93269.47053201894,92369.47053201894,900.0,0.0006898996152392388,1.0638836701742425,family_four:2.25;family_three:2.25;single_average:2.25;single_low:2.25;two_person_average:2.25;two_person_low:2.25,6996.995986476701,high_sku_complexity,False,63.09604848872002,6567.878731834632,5.419580945990391,6557.2565483691915,6578.500915300073,False,0.0,0.95
2,1.8|2.1,93821.66326993037,92921.66326993037,900.0,0.0002901058537106464,1.1060243203947575,family_four:2.1;family_three:2.1;single_average:2.1;single_low:2.1;two_person_average:2.1;two_person_low:2.1,7549.188724388136,high_sku_complexity,False,63.4471796486047,7120.071469746069,5.762651840508803,7108.776879683228,7131.36605980891,False,0.0,0.95
2,2|2.1,93821.66326993037,92921.66326993037,900.0,0.0002901058537106464,1.1060243203947575,family_four:2.1;family_three:2.1;single_average:2.1;single_low:2.1;two_person_average:2.1;two_person_low:2.1,7549.188724388136,high_sku_complexity,False,63.4471796486047,7120.071469746069,5.762651840508803,7108.776879683228,7131.36605980891,False,0.0,0.95
2,1.8|2,94240.92763110335,93340.92763110335,900.0,0.00017494140670677838,1.137124490139097,family_four:2;family_three:2;single_average:2;single_low:2;two_person_average:2;two_person_low:2,7968.453085561108,high_sku_complexity,False,63.71480889638036,7539.335830919037,6.016299834664576,7527.5440999229,7551.127561915174,False,0.0,0.95
3,5|9|10,87564.82908590129,85764.82908590129,1800.0,0.22601404635136013,0.5427628558954029,family_four:10;family_three:10;single_average:5;single_low:5;two_person_average:10;two_person_low:9,1292.3545403590542,high_sku_complexity,False,57.87374382901733,0.0,0.0,0.0,0.0,True,0.984375,0.95
3,4.5|9|10,87590.0473018525,85790.0473018525,1800.0,0.18313330780988962,0.5484401049284121,family_four:10;family_three:10;single_average:4.5;single_low:4.5;two_person_average:10;two_person_low:9,1317.5727563102555,high_sku_complexity,False,57.949891721765574,25.218215951217264,0.7618699596108732,23.724978269476967,26.71145363295756,False,0.005208333333333333,0.95
3,4.5|5|10,87591.5404249545,85791.5404249545,1800.0,0.23859732384709614,0.5423874669471025,family_four:10;family_three:10;single_average:5;single_low:4.5;two_person_average:10;two_person_low:10,1319.0658794122573,high_sku_complexity,False,57.803186533076726,26.711339053203044,0.8128024197539616,25.11827558393827,28.304402522467818,False,0.010416666666666666,0.95
3,1.8|5|10,87601.59180018431,85801.59180018431,1800.0,0.27281022365699936,0.5404661966433969,family_four:10;family_three:10;single_average:5;single_low:5;two_person_average:10;two_person_low:10,1329.1172546420712,high_sku_complexity,False,57.80271838224558,36.76271428301637,0.5441290149594746,35.696241010752544,37.8291875552802,False,0.0,0.95
3,2|5|10,87601.59180018431,85801.59180018431,1800.0,0.27281022365699936,0.5404661966433969,family_four:10;family_three:10;single_average:5;single_low:5;two_person_average:10;two_person_low:10,1329.1172546420712,high_sku_complexity,True,57.80271838224558,36.76271428301637,0.5441290149594746,35.696241010752544,37.8291875552802,False,0.0,0.95
3,2.1|5|10,87601.59180018431,85801.59180018431,1800.0,0.27281022365699936,0.5404661966433969,family_four:10;family_three:10;single_average:5;single_low:5;two_person_average:10;two_person_low:10,1329.1172546420712,high_sku_complexity,False,57.80271838224558,36.76271428301637,0.5441290149594746,35.696241010752544,37.8291875552802,False,0.0,0.95
3,2.25|5|10,87601.59180018431,85801.59180018431,1800.0,0.27281022365699936,0.5404661966433969,family_four:10;family_three:10;single_average:5;single_low:5;two_person_average:10;two_person_low:10,1329.1172546420712,high_sku_complexity,False,57.80271838224558,36.76271428301637,0.5441290149594746,35.696241010752544,37.8291875552802,False,0.0,0.95
3,2.4|5|10,87601.59180018431,85801.59180018431,1800.0,0.27281022365699936,0.5404661966433969,family_four:10;family_three:10;single_average:5;single_low:5;two_person_average:10;two_person_low:10,1329.1172546420712,high_sku_complexity,False,57.80271838224558,36.76271428301637,0.5441290149594746,35.696241010752544,37.8291875552802,False,0.0,0.95
3,3|5|10,87601.59180018431,85801.59180018431,1800.0,0.27281022365699936,0.5404661966433969,family_four:10;family_three:10;single_average:5;single_low:5;two_person_average:10;two_person_low:10,1329.1172546420712,high_sku_complexity,False,57.80271838224558,36.76271428301637,0.5441290149594746,35.696241010752544,37.8291875552802,False,0.0,0.95
3,1.8|4.5|10,87626.81001613551,85826.81001613551,1800.0,0.22992948511552885,0.5461434456764062,family_four:10;family_three:10;single_average:4.5;single_low:4.5;two_person_average:10;two_person_low:10,1354.3354705932725,high_sku_complexity,False,57.87882696578521,61.98093023423295,0.9279843752773271,60.16211428047349,63.79974618799241,False,0.0,0.95
3,2|4.5|10,87626.81001613551,85826.81001613551,1800.0,0.22992948511552885,0.5461434456764062,family_four:10;family_three:10;single_average:4.5;single_low:4.5;two_person_average:10;two_person_low:10,1354.3354705932725,high_sku_complexity,False,57.87882696578521,61.98093023423295,0.9279843752773271,60.16211428047349,63.79974618799241,False,0.0,0.95
3,2.1|4.5|10,87626.81001613551,85826.81001613551,1800.0,0.22992948511552885,0.5461434456764062,family_four:10;family_three:10;single_average:4.5;single_low:4.5;two_person_average:10;two_person_low:10,1354.3354705932725,high_sku_complexity,False,57.87882696578521,61.98093023423295,0.9279843752773271,60.16211428047349,63.79974618799241,False,0.0,0.95
3,2.25|4.5|10,87626.81001613551,85826.81001613551,1800.0,0.22992948511552885,0.5461434456764062,family_four:10;family_three:10;single_average:4.5;single_low:4.5;two_person_average:10;two_person_low:10,1354.3354705932725,high_sku_complexity,False,57.87882696578521,61.98093023423295,0.9279843752773271,60.16211428047349,63.79974618799241,False,0.0,0.95
3,2.4|4.5|10,87626.81001613551,85826.81001613551,1800.0,0.22992948511552885,0.5461434456764062,family_four:10;family_three:10;single_average:4.5;single_low:4.5;two_person_average:10;two_person_low:10,1354.3354705932725,high_sku_complexity,False,57.87882696578521,61.98093023423295,0.9279843752773271,60.16211428047349,63.79974618799241,False,0.0,0.95
3,3|4.5|10,87626.81001613551,85826.81001613551,1800.0,0.22992948511552885,0.5461434456764062,family_four:10;family_three:10;single_average:4.5;single_low:4.5;two_person_average:10;two_person_low:10,1354.3354705932725,high_sku_complexity,False,57.87882696578521,61.98093023423295,0.9279843752773271,60.16211428047349,63.79974618799241,False,0.0,0.95
3,4.5|5|9,87698.04504757398,85898.04504757398,1800.0,0.17828102842540167,0.5622188118164042,family_four:9;family_three:9;single_average:5;single_low:4.5;two_person_average:9;two_person_low:9,1425.57050203174,high_sku_complexity,False,58.104590553622096,133.21596167269664,0.9164621373138097,131.41972889036697,135.0121944550263,False,0.0,0.95
3,1.8|5|9,87708.09642280379,85908.09642280379,1800.0,0.21249392823530483,0.5602975415126986,family_four:9;family_three:9;single_average:5;single_low:5;two_person_average:9;two_person_low:9,1435.621877261554,high_sku_complexity,False,58.103860852988205,143.26733690250998,0.6668246248481668,141.96038465380315,144.57428915121682,False,0.0,0.95
3,2|5|9,87708.09642280379,85908.09642280379,1800.0,0.21249392823530483,0.5602975415126986,family_four:9;family_three:9;single_average:5;single_low:5;two_person_average:9;two_person_low:9,1435.621877261554,high_sku_complexity,False,58.103860852988205,143.26733690250998,0.6668246248481668,141.96038465380315,144.57428915121682,False,0.0,0.95
3,2.1|5|9,87708.09642280379,85908.09642280379,1800.0,0.21249392823530483,0.5602975415126986,family_four:9;family_three:9;single_average:5;single_low:5;two_person_average:9;two_person_low:9,1435.621877261554,high_sku_complexity,False,58.103860852988205,143.26733690250998,0.6668246248481668,141.96038465380315,144.57428915121682,False,0.0,0.95
3,2.25|5|9,87708.09642280379,85908.09642280379,1800.0,0.21249392823530483,0.5602975415126986,family_four:9;family_three:9;single_average:5;single_low:5;two_person_average:9;two_person_low:9,1435.621877261554,high_sku_complexity,False,58.103860852988205,143.26733690250998,0.6668246248481668,141.96038465380315,144.57428915121682,False,0.0,0.95
3,2.4|5|9,87708.09642280379,85908.09642280379,1800.0,0.21249392823530483,0.5602975415126986,family_four:9;family_three:9;single_average:5;single_low:5;two_person_average:9;two_person_low:9,1435.621877261554,high_sku_complexity,False,58.103860852988205,143.26733690250998,0.6668246248481668,141.96038465380315,144.57428915121682,False,0.0,0.95
3,3|5|9,87708.09642280379,85908.09642280379,1800.0,0.21249392823530483,0.5602975415126986,family_four:9;family_three:9;single_average:5;single_low:5;two_person_average:9;two_person_low:9,1435.621877261554,high_sku_complexity,False,58.103860852988205,143.26733690250998,0.6668246248481668,141.96038465380315,144.57428915121682,False,0.0,0.95
3,3|9|10,87717.87624261939,85917.87624261939,1800.0,0.3447694801025881,0.5386835932257505,family_four:10;family_three:10;single_average:9;single_low:3;two_person_average:10;two_person_low:9,1445.4016970771481,high_sku_complexity,False,57.67862399246453,153.04715671812218,1.3189397000865206,150.46208240817253,155.63223102807183,False,0.0,0.95
3,1.8|4.5|9,87733.31463875502,85933.31463875502,1800.0,0.16961318969383438,0.5659747905457079,family_four:9;family_three:9;single_average:4.5;single_low:4.5;two_person_average:9;two_person_low:9,1460.8400932127843,high_sku_complexity,False,58.18032285434161,168.48555285372754,1.0472328060369285,166.43301427046634,170.53809143698874,False,0.0,0.95
3,2|4.5|9,87733.31463875502,85933.31463875502,1800.0,0.16961318969383438,0.5659747905457079,family_four:9;family_three:9;single_average:4.5;single_low:4.5;two_person_average:9;two_person_low:9,1460.8400932127843,high_sku_complexity,False,58.18032285434161,168.48555285372754,1.0472328060369285,166.43301427046634,170.53809143698874,False,0.0,0.95
3,2.1|4.5|9,87733.31463875502,85933.31463875502,1800.0,0.16961318969383438,0.5659747905457079,family_four:9;family_three:9;single_average:4.5;single_low:4.5;two_person_average:9;two_person_low:9,1460.8400932127843,high_sku_complexity,False,58.18032285434161,168.48555285372754,1.0472328060369285,166.43301427046634,170.53809143698874,False,0.0,0.95
3,2.25|4.5|9,87733.31463875502,85933.31463875502,1800.0,0.16961318969383438,0.5659747905457079,family_four:9;family_three:9;single_average:4.5;single_low:4.5;two_person_average:9;two_person_low:9,1460.8400932127843,high_sku_complexity,False,58.18032285434161,168.48555285372754,1.0472328060369285,166.43301427046634,170.53809143698874,False,0.0,0.95
3,2.4|4.5|9,87733.31463875502,85933.31463875502,1800.0,0.16961318969383438,0.5659747905457079,family_four:9;family_three:9;single_average:4.5;single_low:4.5;two_person_average:9;two_person_low:9,1460.8400932127843,high_sku_complexity,False,58.18032285434161,168.48555285372754,1.0472328060369285,166.43301427046634,170.53809143698874,False,0.0,0.95
3,3|4.5|9,87733.31463875502,85933.31463875502,1800.0,0.16961318969383438,0.5659747905457079,family_four:9;family_three:9;single_average:4.5;single_low:4.5;two_person_average:9;two_person_low:9,1460.8400932127843,high_sku_complexity,False,58.18032285434161,168.48555285372754,1.0472328060369285,166.43301427046634,170.53809143698874,False,0.0,0.95
3,2.4|9|10,87801.9831687054,86001.9831687054,1800.0,0.3364481972454045,0.5456008910788082,family_four:10;family_three:10;single_average:9;single_low:2.4;two_person_average:10;two_person_low:9,1529.5086231631576,high_sku_complexity,False,57.74844961181398,237.15408280411734,1.4857121477620778,234.24214050311002,240.06602510512465,False,0.0,0.95
3,2.25|9|10,87831.41601842723,86031.41601842723,1800.0,0.3357303860189661,0.5479098388185795,family_four:10;family_three:10;single_average:9;single_low:2.25;two_person_average:10;two_person_low:9,1558.9414728849952,high_sku_complexity,False,57.74949169525583,266.5869325259543,1.5220640606597766,263.6037417848983,269.5701232670103,False,0.0,0.95
3,1.8|3|10,87835.22271075193,86035.22271075193,1800.0,0.47024907497696256,0.5344053017607644,family_four:10;family_three:10;single_average:10;single_low:3;two_person_average:10;two_person_low:10,1562.7481652096903,high_sku_complexity,False,57.47554516633147,270.39362485065163,1.5318080379564283,267.3913362650281,273.3959134362752,False,0.0,0.95
3,2|3|10,87835.22271075193,86035.22271075193,1800.0,0.47024907497696256,0.5344053017607644,family_four:10;family_three:10;single_average:10;single_low:3;two_person_average:10;two_person_low:10,1562.7481652096903,high_sku_complexity,False,57.47554516633147,270.39362485065163,1.5318080379564283,267.3913362650281,273.3959134362752,False,0.0,0.95
3,2.1|3|10,87835.22271075193,86035.22271075193,1800.0,0.47024907497696256,0.5344053017607644,family_four:10;family_three:10;single_average:10;single_low:3;two_person_average:10;two_person_low:10,1562.7481652096903,high_sku_complexity,False,57.47554516633147,270.39362485065163,1.5318080379564283,267.3913362650281,273.3959134362752,False,0.0,0.95
3,2.25|3|10,87835.22271075193,86035.22271075193,1800.0,0.47024907497696256,0.5344053017607644,family_four:10;family_three:10;single_average:10;single_low:3;two_person_average:10;two_person_low:10,1562.7481652096903,high_sku_complexity,False,57.47554516633147,270.39362485065163,1.5318080379564283,267.3913362650281,273.3959134362752,False,0.0,0.95
3,2.4|3|10,87835.22271075193,86035.22271075193,1800.0,0.47024907497696256,0.5344053017607644,family_four:10;family_three:10;single_average:10;single_low:3;two_person_average:10;two_person_low:10,1562.7481652096903,high_sku_complexity,False,57.47554516633147,270.39362485065163,1.5318080379564283,267.3913362650281,273.3959134362752,False,0.0,0.95
3,1.8|3|9,87861.14357952191,86061.14357952191,1800.0,0.3312493619865329,0.5562182788430463,family_four:9;family_three:9;single_average:9;single_low:3;two_person_average:9;two_person_low:9,1588.669033979677,high_sku_complexity,False,57.90875444430752,296.3144936206323,1.4477608238504742,293.4769345476573,299.15205269360723,False,0.0,0.95
3,2|3|9,87861.14357952191,86061.14357952191,1800.0,0.3312493619865329,0.5562182788430463,family_four:9;family_three:9;single_average:9;single_low:3;two_person_average:9;two_person_low:9,1588.669033979677,high_sku_complexity,False,57.90875444430752,296.3144936206323,1.4477608238504742,293.4769345476573,299.15205269360723,False,0.0,0.95
3,2.1|3|9,87861.14357952191,86061.14357952191,1800.0,0.3312493619865329,0.5562182788430463,family_four:9;family_three:9;single_average:9;single_low:3;two_person_average:9;two_person_low:9,1588.669033979677,high_sku_complexity,False,57.90875444430752,296.3144936206323,1.4477608238504742,293.4769345476573,299.15205269360723,False,0.0,0.95
3,2.25|3|9,87861.14357952191,86061.14357952191,1800.0,0.3312493619865329,0.5562182788430463,family_four:9;family_three:9;single_average:9;single_low:3;two_person_average:9;two_person_low:9,1588.669033979677,high_sku_complexity,False,57.90875444430752,296.3144936206323,1.4477608238504742,293.4769345476573,299.15205269360723,False,0.0,0.95
3,2.4|3|9,87861.14357952191,86061.14357952191,1800.0,0.3312493619865329,0.5562182788430463,family_four:9;family_three:9;single_average:9;single_low:3;two_person_average:9;two_person_low:9,1588.669033979677,high_sku_complexity,False,57.90875444430752,296.3144936206323,1.4477608238504742,293.4769345476573,299.15205269360723,False,0.0,0.95
3,2.1|9|10,87863.68308736983,86063.68308736983,1800.0,0.3353305922574375,0.5504227842135984,family_four:10;family_three:10;single_average:9;single_low:2.1;two_person_average:10;two_person_low:9,1591.2085418275965,high_sku_complexity,False,57.75541836963408,298.8540014685646,1.581847898033324,295.7536365593989,301.9543663777303,False,0.0,0.95
3,2|9|10,87886.49752805429,86086.49752805429,1800.0,0.3352154278104337,0.5523166442538421,family_four:10;family_three:10;single_average:9;single_low:2;two_person_average:10;two_person_low:9,1614.0229825120477,high_sku_complexity,False,57.74991363292555,321.6684421530049,1.6188101703476308,318.4956325213164,324.8412517846934,False,0.0,0.95
3,1.8|2.4|10,87919.32963683794,86119.32963683794,1800.0,0.46192779211977897,0.5413225996138219,family_four:10;family_three:10;single_average:10;single_low:2.4;two_person_average:10;two_person_low:10,1646.8550912956998,high_sku_complexity,False,57.54509408025513,354.50055093664673,1.6595084070232051,351.2479742268398,357.75312764645366,False,0.0,0.95
3,2|2.4|10,87919.32963683794,86119.32963683794,1800.0,0.46192779211977897,0.5413225996138219,family_four:10;family_three:10;single_average:10;single_low:2.4;two_person_average:10;two_person_low:10,1646.8550912956998,high_sku_complexity,False,57.54509408025513,354.50055093664673,1.6595084070232051,351.2479742268398,357.75312764645366,False,0.0,0.95
3,2.1|2.4|10,87919.32963683794,86119.32963683794,1800.0,0.46192779211977897,0.5413225996138219,family_four:10;family_three:10;single_average:10;single_low:2.4;two_person_average:10;two_person_low:10,1646.8550912956998,high_sku_complexity,False,57.54509408025513,354.50055093664673,1.6595084070232051,351.2479742268398,357.75312764645366,False,0.0,0.95
3,2.25|2.4|10,87919.32963683794,86119.32963683794,1800.0,0.46192779211977897,0.5413225996138219,family_four:10;family_three:10;single_average:10;single_low:2.4;two_person_average:10;two_person_low:10,1646.8550912956998,high_sku_complexity,False,57.54509408025513,354.50055093664673,1.6595084070232051,351.2479742268398,357.75312764645366,False,0.0,0.95
3,1.8|9|10,87929.20720863971,86129.20720863971,1800.0,0.7689244847134442,0.5191025726310353,family_four:10;family_three:10;single_average:9;single_low:9;two_person_average:10;two_person_low:9,1656.7326630974712,high_sku_complexity,False,57.58113207450106,364.3781227384439,1.4924860244583227,361.4529038830762,367.3033415938116,False,0.0,0.95
3,1.8|2.4|9,87945.2505056079,86145.2505056079,1800.0,0.32292807912934923,0.5631355766961039,family_four:9;family_three:9;single_average:9;single_low:2.4;two_person_average:9;two_person_low:9,1672.7759600656573,high_sku_complexity,False,57.978742458812626,380.42141970662755,1.6170092661216378,377.2521397823616,383.5906996308935,False,0.0,0.95
3,2|2.4|9,87945.2505056079,86145.2505056079,1800.0,0.32292807912934923,0.5631355766961039,family_four:9;family_three:9;single_average:9;single_low:2.4;two_person_average:9;two_person_low:9,1672.7759600656573,high_sku_complexity,False,57.978742458812626,380.42141970662755,1.6170092661216378,377.2521397823616,383.5906996308935,False,0.0,0.95
3,2.1|2.4|9,87945.2505056079,86145.2505056079,1800.0,0.32292807912934923,0.5631355766961039,family_four:9;family_three:9;single_average:9;single_low:2.4;two_person_average:9;two_person_low:9,1672.7759600656573,high_sku_complexity,False,57.978742458812626,380.42141970662755,1.6170092661216378,377.2521397823616,383.5906996308935,False,0.0,0.95
3,2.25|2.4|9,87945.2505056079,86145.2505056079,1800.0,0.32292807912934923,0.5631355766961039,family_four:9;family_three:9;single_average:9;single_low:2.4;two_person_average:9;two_person_low:9,1672.7759600656573,high_sku_complexity,False,57.978742458812626,380.42141970662755,1.6170092661216378,377.2521397823616,383.5906996308935,False,0.0,0.95
3,1.8|2.25|10,87948.76248655978,86148.76248655978,1800.0,0.46120998089334053,0.5436315473535932,family_four:10;family_three:10;single_average:10;single_low:2.25;two_person_average:10;two_person_low:10,1676.2879410175374,high_sku_complexity,False,57.547199874183065,383.93340065848423,1.727804599277582,380.5469658715775,387.31983544539094,False,0.0,0.95
3,2|2.25|10,87948.76248655978,86148.76248655978,1800.0,0.46120998089334053,0.5436315473535932,family_four:10;family_three:10;single_average:10;single_low:2.25;two_person_average:10;two_person_low:10,1676.2879410175374,high_sku_complexity,False,57.547199874183065,383.93340065848423,1.727804599277582,380.5469658715775,387.31983544539094,False,0.0,0.95
3,2.1|2.25|10,87948.76248655978,86148.76248655978,1800.0,0.46120998089334053,0.5436315473535932,family_four:10;family_three:10;single_average:10;single_low:2.25;two_person_average:10;two_person_low:10,1676.2879410175374,high_sku_complexity,False,57.547199874183065,383.93340065848423,1.727804599277582,380.5469658715775,387.31983544539094,False,0.0,0.95
3,1.8|2.25|9,87974.68335532973,86174.68335532973,1800.0,0.32221026790291085,0.5654445244358752,family_four:9;family_three:9;single_average:9;single_low:2.25;two_person_average:9;two_person_low:9,1702.2088097874948,high_sku_complexity,False,57.97975739658923,409.85426942846465,1.6496634672812691,406.6209884459819,413.0875504109474,False,0.0,0.95
3,2|2.25|9,87974.68335532973,86174.68335532973,1800.0,0.32221026790291085,0.5654445244358752,family_four:9;family_three:9;single_average:9;single_low:2.25;two_person_average:9;two_person_low:9,1702.2088097874948,high_sku_complexity,False,57.97975739658923,409.85426942846465,1.6496634672812691,406.6209884459819,413.0875504109474,False,0.0,0.95
3,2.1|2.25|9,87974.68335532973,86174.68335532973,1800.0,0.32221026790291085,0.5654445244358752,family_four:9;family_three:9;single_average:9;single_low:2.25;two_person_average:9;two_person_low:9,1702.2088097874948,high_sku_complexity,False,57.97975739658923,409.85426942846465,1.6496634672812691,406.6209884459819,413.0875504109474,False,0.0,0.95
3,1.8|2.1|10,87981.02955550238,86181.02955550238,1800.0,0.460810187131812,0.5461444927486122,family_four:10;family_three:10;single_average:10;single_low:2.1;two_person_average:10;two_person_low:10,1708.5550099601387,high_sku_complexity,False,57.55316178086981,416.20046960109374,1.7811597698697286,412.7094606014374,419.6914786007501,False,0.0,0.95
3,2|2.1|10,87981.02955550238,86181.02955550238,1800.0,0.460810187131812,0.5461444927486122,family_four:10;family_three:10;single_average:10;single_low:2.1;two_person_average:10;two_person_low:10,1708.5550099601387,high_sku_complexity,False,57.55316178086981,416.20046960109374,1.7811597698697286,412.7094606014374,419.6914786007501,False,0.0,0.95
3,1.8|2|10,88003.84399618683,86203.84399618683,1800.0,0.4606950226848081,0.5480383527888558,family_four:10;family_three:10;single_average:10;single_low:2;two_person_average:10;two_person_low:10,1731.36945064459,high_sku_complexity,False,57.54727187419235,439.01491028553437,1.8024231881697041,435.4822257518219,442.54759481924685,False,0.0,0.95
3,1.8|2.1|9,88006.95042427236,86206.95042427236,1800.0,0.32181047414138225,0.567957469830894,family_four:9;family_three:9;single_average:9;single_low:2.1;two_person_average:9;two_person_low:9,1734.4758787301253,high_sku_complexity,False,57.98549639452388,442.1213383710743,1.6993874437567826,438.7906001855314,445.45207655661716,False,0.0,0.95
3,2|2.1|9,88006.95042427236,86206.95042427236,1800.0,0.32181047414138225,0.567957469830894,family_four:9;family_three:9;single_average:9;single_low:2.1;two_person_average:9;two_person_low:9,1734.4758787301253,high_sku_complexity,False,57.98549639452388,442.1213383710743,1.6993874437567826,438.7906001855314,445.45207655661716,False,0.0,0.95
3,1.8|2|9,88029.76486495679,86229.76486495679,1800.0,0.3216953096943784,0.5698513298711378,family_four:9;family_three:9;single_average:9;single_low:2;two_person_average:9;two_person_low:9,1757.2903194145474,high_sku_complexity,False,57.980175834183534,464.9357790555144,1.7392657541928027,461.5268808177526,468.34467729327616,False,0.0,0.95
3,1.8|4.5|5,89481.02603143877,87681.02603143877,1800.0,0.09332461553765876,0.7033003207657932,family_four:5;family_three:5;single_average:5;single_low:4.5;two_person_average:5;two_person_low:5,3208.5514858965325,high_sku_complexity,False,59.597499849925505,1916.196945537491,1.9661654585589883,1912.3433320510687,1920.0505590239134,False,0.0,0.95
3,2|4.5|5,89481.02603143877,87681.02603143877,1800.0,0.09332461553765876,0.7033003207657932,family_four:5;family_three:5;single_average:5;single_low:4.5;two_person_average:5;two_person_low:5,3208.5514858965325,high_sku_complexity,False,59.597499849925505,1916.196945537491,1.9661654585589883,1912.3433320510687,1920.0505590239134,False,0.0,0.95
3,2.1|4.5|5,89481.02603143877,87681.02603143877,1800.0,0.09332461553765876,0.7033003207657932,family_four:5;family_three:5;single_average:5;single_low:4.5;two_person_average:5;two_person_low:5,3208.5514858965325,high_sku_complexity,False,59.597499849925505,1916.196945537491,1.9661654585589883,1912.3433320510687,1920.0505590239134,False,0.0,0.95
3,2.25|4.5|5,89481.02603143877,87681.02603143877,1800.0,0.09332461553765876,0.7033003207657932,family_four:5;family_three:5;single_average:5;single_low:4.5;two_person_average:5;two_person_low:5,3208.5514858965325,high_sku_complexity,False,59.597499849925505,1916.196945537491,1.9661654585589883,1912.3433320510687,1920.0505590239134,False,0.0,0.95
3,2.4|4.5|5,89481.02603143877,87681.02603143877,1800.0,0.09332461553765876,0.7033003207657932,family_four:5;family_three:5;single_average:5;single_low:4.5;two_person_average:5;two_person_low:5,3208.5514858965325,high_sku_complexity,False,59.597499849925505,1916.196945537491,1.9661654585589883,1912.3433320510687,1920.0505590239134,False,0.0,0.95
3,3|4.5|5,89481.02603143877,87681.02603143877,1800.0,0.09332461553765876,0.7033003207657932,family_four:5;family_three:5;single_average:5;single_low:4.5;two_person_average:5;two_person_low:5,3208.5514858965325,high_sku_complexity,False,59.597499849925505,1916.196945537491,1.9661654585589883,1912.3433320510687,1920.0505590239134,False,0.0,0.95
3,1.8|2|5,89491.07740666858,87691.07740666858,1800.0,0.12753751534756197,0.7013790504620875,family_four:5;family_three:5;single_average:5;single_low:5;two_person_average:5;two_person_low:5,3218.6028611263464,high_sku_complexity,False,59.59845774380919,1926.2483207673038,1.9156025947452142,1922.4938086729117,1930.0028328616959,False,0.0,0.95
3,1.8|2.1|5,89491.07740666858,87691.07740666858,1800.0,0.12753751534756197,0.7013790504620875,family_four:5;family_three:5;single_average:5;single_low:5;two_person_average:5;two_person_low:5,3218.6028611263464,high_sku_complexity,False,59.59845774380919,1926.2483207673038,1.9156025947452142,1922.4938086729117,1930.0028328616959,False,0.0,0.95
3,1.8|2.25|5,89491.07740666858,87691.07740666858,1800.0,0.12753751534756197,0.7013790504620875,family_four:5;family_three:5;single_average:5;single_low:5;two_person_average:5;two_person_low:5,3218.6028611263464,high_sku_complexity,False,59.59845774380919,1926.2483207673038,1.9156025947452142,1922.4938086729117,1930.0028328616959,False,0.0,0.95
3,1.8|2.4|5,89491.07740666858,87691.07740666858,1800.0,0.12753751534756197,0.7013790504620875,family_four:5;family_three:5;single_average:5;single_low:5;two_person_average:5;two_person_low:5,3218.6028611263464,high_sku_complexity,False,59.59845774380919,1926.2483207673038,1.9156025947452142,1922.4938086729117,1930.0028328616959,False,0.0,0.95
3,1.8|3|5,89491.07740666858,87691.07740666858,1800.0,0.12753751534756197,0.7013790504620875,family_four:5;family_three:5;single_average:5;single_low:5;two_person_average:5;two_person_low:5,3218.6028611263464,high_sku_complexity,False,59.59845774380919,1926.2483207673038,1.9156025947452142,1922.4938086729117,1930.0028328616959,False,0.0,0.95
3,2|2.1|5,89491.07740666858,87691.07740666858,1800.0,0.12753751534756197,0.7013790504620875,family_four:5;family_three:5;single_average:5;single_low:5;two_person_average:5;two_person_low:5,3218.6028611263464,high_sku_complexity,False,59.59845774380919,1926.2483207673038,1.9156025947452142,1922.4938086729117,1930.0028328616959,False,0.0,0.95
3,2|2.25|5,89491.07740666858,87691.07740666858,1800.0,0.12753751534756197,0.7013790504620875,family_four:5;family_three:5;single_average:5;single_low:5;two_person_average:5;two_person_low:5,3218.6028611263464,high_sku_complexity,False,59.59845774380919,1926.2483207673038,1.9156025947452142,1922.4938086729117,1930.0028328616959,False,0.0,0.95
3,2|2.4|5,89491.07740666858,87691.07740666858,1800.0,0.12753751534756197,0.7013790504620875,family_four:5;family_three:5;single_average:5;single_low:5;two_person_average:5;two_person_low:5,3218.6028611263464,high_sku_complexity,False,59.59845774380919,1926.2483207673038,1.9156025947452142,1922.4938086729117,1930.0028328616959,False,0.0,0.95
3,2|3|5,89491.07740666858,87691.07740666858,1800.0,0.12753751534756197,0.7013790504620875,family_four:5;family_three:5;single_average:5;single_low:5;two_person_average:5;two_person_low:5,3218.6028611263464,high_sku_complexity,False,59.59845774380919,1926.2483207673038,1.9156025947452142,1922.4938086729117,1930.0028328616959,False,0.0,0.95
3,2.1|2.25|5,89491.07740666858,87691.07740666858,1800.0,0.12753751534756197,0.7013790504620875,family_four:5;family_three:5;single_average:5;single_low:5;two_person_average:5;two_person_low:5,3218.6028611263464,high_sku_complexity,False,59.59845774380919,1926.2483207673038,1.9156025947452142,1922.4938086729117,1930.0028328616959,False,0.0,0.95
3,2.1|2.4|5,89491.07740666858,87691.07740666858,1800.0,0.12753751534756197,0.7013790504620875,family_four:5;family_three:5;single_average:5;single_low:5;two_person_average:5;two_person_low:5,3218.6028611263464,high_sku_complexity,False,59.59845774380919,1926.2483207673038,1.9156025947452142,1922.4938086729117,1930.0028328616959,False,0.0,0.95
3,2.1|3|5,89491.07740666858,87691.07740666858,1800.0,0.12753751534756197,0.7013790504620875,family_four:5;family_three:5;single_average:5;single_low:5;two_person_average:5;two_person_low:5,3218.6028611263464,high_sku_complexity,False,59.59845774380919,1926.2483207673038,1.9156025947452142,1922.4938086729117,1930.0028328616959,False,0.0,0.95
3,2.25|2.4|5,89491.07740666858,87691.07740666858,1800.0,0.12753751534756197,0.7013790504620875,family_four:5;family_three:5;single_average:5;single_low:5;two_person_average:5;two_person_low:5,3218.6028611263464,high_sku_complexity,False,59.59845774380919,1926.2483207673038,1.9156025947452142,1922.4938086729117,1930.0028328616959,False,0.0,0.95
3,2.25|3|5,89491.07740666858,87691.07740666858,1800.0,0.12753751534756197,0.7013790504620875,family_four:5;family_three:5;single_average:5;single_low:5;two_person_average:5;two_person_low:5,3218.6028611263464,high_sku_complexity,False,59.59845774380919,1926.2483207673038,1.9156025947452142,1922.4938086729117,1930.0028328616959,False,0.0,0.95
3,2.4|3|5,89491.07740666858,87691.07740666858,1800.0,0.12753751534756197,0.7013790504620875,family_four:5;family_three:5;single_average:5;single_low:5;two_person_average:5;two_person_low:5,3218.6028611263464,high_sku_complexity,False,59.59845774380919,1926.2483207673038,1.9156025947452142,1922.4938086729117,1930.0028328616959,False,0.0,0.95
3,1.8|2|4.5,89940.16744215565,88140.16744215565,1800.0,0.08450804367426554,0.738377424004207,family_four:4.5;family_three:4.5;single_average:4.5;single_low:4.5;two_person_average:4.5;two_person_low:4.5,3667.6928966134146,high_sku_complexity,False,60.008099746415674,2375.3383562543663,2.4005057382767094,2370.6334514626624,2380.0432610460703,False,0.0,0.95
3,1.8|2.1|4.5,89940.16744215565,88140.16744215565,1800.0,0.08450804367426554,0.738377424004207,family_four:4.5;family_three:4.5;single_average:4.5;single_low:4.5;two_person_average:4.5;two_person_low:4.5,3667.6928966134146,high_sku_complexity,False,60.008099746415674,2375.3383562543663,2.4005057382767094,2370.6334514626624,2380.0432610460703,False,0.0,0.95
3,1.8|2.25|4.5,89940.16744215565,88140.16744215565,1800.0,0.08450804367426554,0.738377424004207,family_four:4.5;family_three:4.5;single_average:4.5;single_low:4.5;two_person_average:4.5;two_person_low:4.5,3667.6928966134146,high_sku_complexity,False,60.008099746415674,2375.3383562543663,2.4005057382767094,2370.6334514626624,2380.0432610460703,False,0.0,0.95
3,1.8|2.4|4.5,89940.16744215565,88140.16744215565,1800.0,0.08450804367426554,0.738377424004207,family_four:4.5;family_three:4.5;single_average:4.5;single_low:4.5;two_person_average:4.5;two_person_low:4.5,3667.6928966134146,high_sku_complexity,False,60.008099746415674,2375.3383562543663,2.4005057382767094,2370.6334514626624,2380.0432610460703,False,0.0,0.95
3,1.8|3|4.5,89940.16744215565,88140.16744215565,1800.0,0.08450804367426554,0.738377424004207,family_four:4.5;family_three:4.5;single_average:4.5;single_low:4.5;two_person_average:4.5;two_person_low:4.5,3667.6928966134146,high_sku_complexity,False,60.008099746415674,2375.3383562543663,2.4005057382767094,2370.6334514626624,2380.0432610460703,False,0.0,0.95
3,2|2.1|4.5,89940.16744215565,88140.16744215565,1800.0,0.08450804367426554,0.738377424004207,family_four:4.5;family_three:4.5;single_average:4.5;single_low:4.5;two_person_average:4.5;two_person_low:4.5,3667.6928966134146,high_sku_complexity,False,60.008099746415674,2375.3383562543663,2.4005057382767094,2370.6334514626624,2380.0432610460703,False,0.0,0.95
3,2|2.25|4.5,89940.16744215565,88140.16744215565,1800.0,0.08450804367426554,0.738377424004207,family_four:4.5;family_three:4.5;single_average:4.5;single_low:4.5;two_person_average:4.5;two_person_low:4.5,3667.6928966134146,high_sku_complexity,False,60.008099746415674,2375.3383562543663,2.4005057382767094,2370.6334514626624,2380.0432610460703,False,0.0,0.95
3,2|2.4|4.5,89940.16744215565,88140.16744215565,1800.0,0.08450804367426554,0.738377424004207,family_four:4.5;family_three:4.5;single_average:4.5;single_low:4.5;two_person_average:4.5;two_person_low:4.5,3667.6928966134146,high_sku_complexity,False,60.008099746415674,2375.3383562543663,2.4005057382767094,2370.6334514626624,2380.0432610460703,False,0.0,0.95
3,2|3|4.5,89940.16744215565,88140.16744215565,1800.0,0.08450804367426554,0.738377424004207,family_four:4.5;family_three:4.5;single_average:4.5;single_low:4.5;two_person_average:4.5;two_person_low:4.5,3667.6928966134146,high_sku_complexity,False,60.008099746415674,2375.3383562543663,2.4005057382767094,2370.6334514626624,2380.0432610460703,False,0.0,0.95
3,2.1|2.25|4.5,89940.16744215565,88140.16744215565,1800.0,0.08450804367426554,0.738377424004207,family_four:4.5;family_three:4.5;single_average:4.5;single_low:4.5;two_person_average:4.5;two_person_low:4.5,3667.6928966134146,high_sku_complexity,False,60.008099746415674,2375.3383562543663,2.4005057382767094,2370.6334514626624,2380.0432610460703,False,0.0,0.95
3,2.1|2.4|4.5,89940.16744215565,88140.16744215565,1800.0,0.08450804367426554,0.738377424004207,family_four:4.5;family_three:4.5;single_average:4.5;single_low:4.5;two_person_average:4.5;two_person_low:4.5,3667.6928966134146,high_sku_complexity,False,60.008099746415674,2375.3383562543663,2.4005057382767094,2370.6334514626624,2380.0432610460703,False,0.0,0.95
3,2.1|3|4.5,89940.16744215565,88140.16744215565,1800.0,0.08450804367426554,0.738377424004207,family_four:4.5;family_three:4.5;single_average:4.5;single_low:4.5;two_person_average:4.5;two_person_low:4.5,3667.6928966134146,high_sku_complexity,False,60.008099746415674,2375.3383562543663,2.4005057382767094,2370.6334514626624,2380.0432610460703,False,0.0,0.95
3,2.25|2.4|4.5,89940.16744215565,88140.16744215565,1800.0,0.08450804367426554,0.738377424004207,family_four:4.5;family_three:4.5;single_average:4.5;single_low:4.5;two_person_average:4.5;two_person_low:4.5,3667.6928966134146,high_sku_complexity,False,60.008099746415674,2375.3383562543663,2.4005057382767094,2370.6334514626624,2380.0432610460703,False,0.0,0.95
3,2.25|3|4.5,89940.16744215565,88140.16744215565,1800.0,0.08450804367426554,0.738377424004207,family_four:4.5;family_three:4.5;single_average:4.5;single_low:4.5;two_person_average:4.5;two_person_low:4.5,3667.6928966134146,high_sku_complexity,False,60.008099746415674,2375.3383562543663,2.4005057382767094,2370.6334514626624,2380.0432610460703,False,0.0,0.95
3,2.4|3|4.5,89940.16744215565,88140.16744215565,1800.0,0.08450804367426554,0.738377424004207,family_four:4.5;family_three:4.5;single_average:4.5;single_low:4.5;two_person_average:4.5;two_person_low:4.5,3667.6928966134146,high_sku_complexity,False,60.008099746415674,2375.3383562543663,2.4005057382767094,2370.6334514626624,2380.0432610460703,False,0.0,0.95
3,1.8|2|3,92141.16756186167,90341.16756186167,1800.0,0.009734815380715238,0.9090553621100282,family_four:3;family_three:3;single_average:3;single_low:3;two_person_average:3;two_person_low:3,5868.693016319434,high_sku_complexity,False,61.64206714668773,4576.338475960378,3.884483312826512,4568.725028568691,4583.951923352064,False,0.0,0.95
3,1.8|2.1|3,92141.16756186167,90341.16756186167,1800.0,0.009734815380715238,0.9090553621100282,family_four:3;family_three:3;single_average:3;single_low:3;two_person_average:3;two_person_low:3,5868.693016319434,high_sku_complexity,False,61.64206714668773,4576.338475960378,3.884483312826512,4568.725028568691,4583.951923352064,False,0.0,0.95
3,1.8|2.25|3,92141.16756186167,90341.16756186167,1800.0,0.009734815380715238,0.9090553621100282,family_four:3;family_three:3;single_average:3;single_low:3;two_person_average:3;two_person_low:3,5868.693016319434,high_sku_complexity,False,61.64206714668773,4576.338475960378,3.884483312826512,4568.725028568691,4583.951923352064,False,0.0,0.95
3,1.8|2.4|3,92141.16756186167,90341.16756186167,1800.0,0.009734815380715238,0.9090553621100282,family_four:3;family_three:3;single_average:3;single_low:3;two_person_average:3;two_person_low:3,5868.693016319434,high_sku_complexity,False,61.64206714668773,4576.338475960378,3.884483312826512,4568.725028568691,4583.951923352064,False,0.0,0.95
3,2|2.1|3,92141.16756186167,90341.16756186167,1800.0,0.009734815380715238,0.9090553621100282,family_four:3;family_three:3;single_average:3;single_low:3;two_person_average:3;two_person_low:3,5868.693016319434,high_sku_complexity,False,61.64206714668773,4576.338475960378,3.884483312826512,4568.725028568691,4583.951923352064,False,0.0,0.95
3,2|2.25|3,92141.16756186167,90341.16756186167,1800.0,0.009734815380715238,0.9090553621100282,family_four:3;family_three:3;single_average:3;single_low:3;two_person_average:3;two_person_low:3,5868.693016319434,high_sku_complexity,False,61.64206714668773,4576.338475960378,3.884483312826512,4568.725028568691,4583.951923352064,False,0.0,0.95
3,2|2.4|3,92141.16756186167,90341.16756186167,1800.0,0.009734815380715238,0.9090553621100282,family_four:3;family_three:3;single_average:3;single_low:3;two_person_average:3;two_person_low:3,5868.693016319434,high_sku_complexity,False,61.64206714668773,4576.338475960378,3.884483312826512,4568.725028568691,4583.951923352064,False,0.0,0.95
3,2.1|2.25|3,92141.16756186167,90341.16756186167,1800.0,0.009734815380715238,0.9090553621100282,family_four:3;family_three:3;single_average:3;single_low:3;two_person_average:3;two_person_low:3,5868.693016319434,high_sku_complexity,False,61.64206714668773,4576.338475960378,3.884483312826512,4568.725028568691,4583.951923352064,False,0.0,0.95
3,2.1|2.4|3,92141.16756186167,90341.16756186167,1800.0,0.009734815380715238,0.9090553621100282,family_four:3;family_three:3;single_average:3;single_low:3;two_person_average:3;two_person_low:3,5868.693016319434,high_sku_complexity,False,61.64206714668773,4576.338475960378,3.884483312826512,4568.725028568691,4583.951923352064,False,0.0,0.95
3,2.25|2.4|3,92141.16756186167,90341.16756186167,1800.0,0.009734815380715238,0.9090553621100282,family_four:3;family_three:3;single_average:3;single_low:3;two_person_average:3;two_person_low:3,5868.693016319434,high_sku_complexity,False,61.64206714668773,4576.338475960378,3.884483312826512,4568.725028568691,4583.951923352064,False,0.0,0.95
3,1.8|2|2.4,93675.46105248039,91875.46105248039,1800.0,0.0014077108416776169,1.0261761227456516,family_four:2.4;family_three:2.4;single_average:2.4;single_low:2.4;two_person_average:2.4;two_person_low:2.4,7402.9865069381485,high_sku_complexity,False,62.71460245061083,6110.63196657909,4.947289749524912,6100.935456848937,6120.328476309242,False,0.0,0.95
3,1.8|2.1|2.4,93675.46105248039,91875.46105248039,1800.0,0.0014077108416776169,1.0261761227456516,family_four:2.4;family_three:2.4;single_average:2.4;single_low:2.4;two_person_average:2.4;two_person_low:2.4,7402.9865069381485,high_sku_complexity,False,62.71460245061083,6110.63196657909,4.947289749524912,6100.935456848937,6120.328476309242,False,0.0,0.95
3,1.8|2.25|2.4,93675.46105248039,91875.46105248039,1800.0,0.0014077108416776169,1.0261761227456516,family_four:2.4;family_three:2.4;single_average:2.4;single_low:2.4;two_person_average:2.4;two_person_low:2.4,7402.9865069381485,high_sku_complexity,False,62.71460245061083,6110.63196657909,4.947289749524912,6100.935456848937,6120.328476309242,False,0.0,0.95
3,2|2.1|2.4,93675.46105248039,91875.46105248039,1800.0,0.0014077108416776169,1.0261761227456516,family_four:2.4;family_three:2.4;single_average:2.4;single_low:2.4;two_person_average:2.4;two_person_low:2.4,7402.9865069381485,high_sku_complexity,False,62.71460245061083,6110.63196657909,4.947289749524912,6100.935456848937,6120.328476309242,False,0.0,0.95
3,2|2.25|2.4,93675.46105248039,91875.46105248039,1800.0,0.0014077108416776169,1.0261761227456516,family_four:2.4;family_three:2.4;single_average:2.4;single_low:2.4;two_person_average:2.4;two_person_low:2.4,7402.9865069381485,high_sku_complexity,False,62.71460245061083,6110.63196657909,4.947289749524912,6100.935456848937,6120.328476309242,False,0.0,0.95
3,2.1|2.25|2.4,93675.46105248039,91875.46105248039,1800.0,0.0014077108416776169,1.0261761227456516,family_four:2.4;family_three:2.4;single_average:2.4;single_low:2.4;two_person_average:2.4;two_person_low:2.4,7402.9865069381485,high_sku_complexity,False,62.71460245061083,6110.63196657909,4.947289749524912,6100.935456848937,6120.328476309242,False,0.0,0.95
3,1.8|2|2.25,94169.47053201894,92369.47053201894,1800.0,0.0006898996152392388,1.0638836701742425,family_four:2.25;family_three:2.25;single_average:2.25;single_low:2.25;two_person_average:2.25;two_person_low:2.25,7896.995986476701,high_sku_complexity,False,63.09604848872002,6604.641446117649,5.333983739124767,6594.187030094842,6615.095862140456,False,0.0,0.95
3,1.8|2.1|2.25,94169.47053201894,92369.47053201894,1800.0,0.0006898996152392388,1.0638836701742425,family_four:2.25;family_three:2.25;single_average:2.25;single_low:2.25;two_person_average:2.25;two_person_low:2.25,7896.995986476701,high_sku_complexity,False,63.09604848872002,6604.641446117649,5.333983739124767,6594.187030094842,6615.095862140456,False,0.0,0.95
3,2|2.1|2.25,94169.47053201894,92369.47053201894,1800.0,0.0006898996152392388,1.0638836701742425,family_four:2.25;family_three:2.25;single_average:2.25;single_low:2.25;two_person_average:2.25;two_person_low:2.25,7896.995986476701,high_sku_complexity,False,63.09604848872002,6604.641446117649,5.333983739124767,6594.187030094842,6615.095862140456,False,0.0,0.95
3,1.8|2|2.1,94721.66326993037,92921.66326993037,1800.0,0.0002901058537106464,1.1060243203947575,family_four:2.1;family_three:2.1;single_average:2.1;single_low:2.1;two_person_average:2.1;two_person_low:2.1,8449.188724388136,high_sku_complexity,False,63.4471796486047,7156.834184029085,5.681973580948556,7145.697720449318,7167.970647608852,False,0.0,0.95
1,10,89528.22821693539,89528.22821693539,0.0,0.989987944930005,0.5126918547056435,family_four:10;family_three:10;single_average:10;single_low:10;two_person_average:10;two_person_low:10,16.552399013657123,packaging_logistics_dominant,False,59.530981191011264,0.0,0.0,0.0,0.0,True,1.0,0.95
1,9,89767.50160292324,89767.50160292324,0.0,0.7554043665973891,0.5366372582483311,family_four:9;family_three:9;single_average:9;single_low:9;two_person_average:9;two_person_low:9,255.82578500150703,packaging_logistics_dominant,False,60.326360056949206,239.2733859878534,3.1799573891695236,233.04078403270913,245.50598794299768,False,0.0,0.95
1,5,93578.30557731552,93578.30557731552,0.0,0.12753751534756197,0.7013790504620875,family_four:5;family_three:5;single_average:5;single_low:5;two_person_average:5;two_person_low:5,4066.6297593937925,packaging_logistics_dominant,False,63.652586223882125,4050.07736038013,4.8685028676228415,4040.535270100959,4059.6194506593006,False,0.0,0.95
1,4.5,94621.31166909488,94621.31166909488,0.0,0.08450804367426554,0.738377424004207,family_four:4.5;family_three:4.5;single_average:4.5;single_low:4.5;two_person_average:4.5;two_person_low:4.5,5109.635851173152,packaging_logistics_dominant,False,64.55678435302858,5093.0834521594925,5.687751397811915,5081.9356642667635,5104.231240052221,False,0.0,0.95
1,3,99778.78246464903,99778.78246464903,0.0,0.009734815380715238,0.9090553621100282,family_four:3;family_three:3;single_average:3;single_low:3;two_person_average:3;two_person_low:3,10267.106646727305,packaging_logistics_dominant,False,68.26802966860517,10250.554247713657,9.10403809904915,10232.71066092564,10268.397834501673,False,0.0,0.95
1,2.4,103517.29085349095,103517.29085349095,0.0,0.0014077108416776169,1.0261761227456516,family_four:2.4;family_three:2.4;single_average:2.4;single_low:2.4;two_person_average:2.4;two_person_low:2.4,14005.615035569223,packaging_logistics_dominant,False,70.80855952894433,13989.06263655557,11.590148750869558,13966.346362428405,14011.778910682737,False,0.0,0.95
1,2.25,104745.57839942955,104745.57839942955,0.0,0.0006898996152392388,1.0638836701742425,family_four:2.25;family_three:2.25;single_average:2.25;single_low:2.25;two_person_average:2.25;two_person_low:2.25,15233.90258150782,packaging_logistics_dominant,False,71.72933504401175,15217.350182494158,12.521851437735794,15192.807804656435,15241.89256033188,False,0.0,0.95
1,2.1,106133.45929764971,106133.45929764971,0.0,0.0002901058537106464,1.1060243203947575,family_four:2.1;family_three:2.1;single_average:2.1;single_low:2.1;two_person_average:2.1;two_person_low:2.1,16621.78347972798,packaging_logistics_dominant,False,72.57624835072687,16605.23108071432,13.344220139642676,16579.076889838845,16631.385271589792,False,0.0,0.95
1,2,107178.36608396475,107178.36608396475,0.0,0.00017494140670677838,1.137124490139097,family_four:2;family_three:2;single_average:2;single_low:2;two_person_average:2;two_person_low:2,17666.69026604302,packaging_logistics_dominant,False,73.23963357902863,17650.13786702936,14.00256464164517,17622.693344640542,17677.582389418178,False,0.0,0.95
1,1.8,109561.69741500943,109561.69741500943,0.0,3.842625358685107e-05,1.2086627144676936,family_four:1.8;family_three:1.8;single_average:1.8;single_low:1.8;two_person_average:1.8;two_person_low:1.8,20050.021597087703,packaging_logistics_dominant,False,74.88790331677242,20033.469198074046,15.582353990282824,20002.92834545874,20064.010050689354,False,0.0,0.95
2,5|10,89511.67581792173,89331.67581792173,180.0,0.5746517013475304,0.5227608152075607,family_four:10;family_three:10;single_average:10;single_low:5;two_person_average:10;two_person_low:10,0.0,packaging_logistics_dominant,False,59.553800795340685,0.0,0.0,0.0,0.0,True,0.8854166666666666,0.95
2,4.5|10,89534.8735961171,89354.8735961171,180.0,0.5404388015376272,0.5246820855112663,family_four:10;family_three:10;single_average:10;single_low:4.5;two_person_average:10;two_person_low:10,23.197778195375577,packaging_logistics_dominant,False,59.58829618675692,23.197778195374894,1.2598078501086372,20.72860018172113,25.66695620902866,False,0.09375,0.95
2,9|10,89582.44393532319,89402.44393532319,180.0,0.7689244847134442,0.5191025726310353,family_four:10;family_three:10;single_average:9;single_low:9;two_person_average:10;two_person_low:9,70.76811740145786,packaging_logistics_dominant,False,59.83145406628015,70.76811740144187,2.758912206239082,65.36074884070533,76.17548596217841,False,0.020833333333333332,0.95
2,1.8|10,89708.22821693539,89528.22821693539,180.0,0.989987944930005,0.5126918547056435,family_four:10;family_three:10;single_average:10;single_low:10;two_person_average:10;two_person_low:10,196.55239901365712,packaging_logistics_dominant,False,59.530981191011264,196.55239901364644,1.6476693037683057,193.32302651982837,199.7817715074645,False,0.0,0.95
2,2|10,89708.22821693539,89528.22821693539,180.0,0.989987944930005,0.5126918547056435,family_four:10;family_three:10;single_average:10;single_low:10;two_person_average:10;two_person_low:10,196.55239901365712,packaging_logistics_dominant,False,59.530981191011264,196.55239901364644,1.6476693037683057,193.32302651982837,199.7817715074645,False,0.0,0.95
2,2.1|10,89708.22821693539,89528.22821693539,180.0,0.989987944930005,0.5126918547056435,family_four:10;family_three:10;single_average:10;single_low:10;two_person_average:10;two_person_low:10,196.55239901365712,packaging_logistics_dominant,False,59.530981191011264,196.55239901364644,1.6476693037683057,193.32302651982837,199.7817715074645,False,0.0,0.95
2,2.25|10,89708.22821693539,89528.22821693539,180.0,0.989987944930005,0.5126918547056435,family_four:10;family_three:10;single_average:10;single_low:10;two_person_average:10;two_person_low:10,196.55239901365712,packaging_logistics_dominant,False,59.530981191011264,196.55239901364644,1.6476693037683057,193.32302651982837,199.7817715074645,False,0.0,0.95
2,2.4|10,89708.22821693539,89528.22821693539,180.0,0.989987944930005,0.5126918547056435,family_four:10;family_three:10;single_average:10;single_low:10;two_person_average:10;two_person_low:10,196.55239901365712,packaging_logistics_dominant,False,59.530981191011264,196.55239901364644,1.6476693037683057,193.32302651982837,199.7817715074645,False,0.0,0.95
2,3|10,89708.22821693539,89528.22821693539,180.0,0.989987944930005,0.5126918547056435,family_four:10;family_three:10;single_average:10;single_low:10;two_person_average:10;two_person_low:10,196.55239901365712,packaging_logistics_dominant,False,59.530981191011264,196.55239901364644,1.6476693037683057,193.32302651982837,199.7817715074645,False,0.0,0.95
2,5|9,89819.39047960691,89639.39047960691,180.0,0.43565198835710073,0.5445737922898426,family_four:9;family_three:9;single_average:9;single_low:5;two_person_average:9;two_person_low:9,307.71466168518236,packaging_logistics_dominant,False,60.33886291375665,307.7146616851751,2.7276696311099307,302.368527446476,313.0607959238742,False,0.0,0.95
2,4.5|9,89842.58825780229,89662.58825780229,180.0,0.4014390885471975,0.5464950625935482,family_four:9;family_three:9;single_average:9;single_low:4.5;two_person_average:9;two_person_low:9,330.91243988055794,packaging_logistics_dominant,False,60.37645515341076,330.9124398805502,3.0749639563442637,324.8856212723567,336.93925848874375,False,0.0,0.95
2,1.8|9,89947.50160292324,89767.50160292324,180.0,0.7554043665973891,0.5366372582483311,family_four:9;family_three:9;single_average:9;single_low:9;two_person_average:9;two_person_low:9,435.82578500150703,packaging_logistics_dominant,False,60.326360056949206,435.8257850014998,3.399218982079552,429.163438221059,442.48813178194064,False,0.0,0.95
2,2|9,89947.50160292324,89767.50160292324,180.0,0.7554043665973891,0.5366372582483311,family_four:9;family_three:9;single_average:9;single_low:9;two_person_average:9;two_person_low:9,435.82578500150703,packaging_logistics_dominant,False,60.326360056949206,435.8257850014998,3.399218982079552,429.163438221059,442.48813178194064,False,0.0,0.95
2,2.1|9,89947.50160292324,89767.50160292324,180.0,0.7554043665973891,0.5366372582483311,family_four:9;family_three:9;single_average:9;single_low:9;two_person_average:9;two_person_low:9,435.82578500150703,packaging_logistics_dominant,False,60.326360056949206,435.8257850014998,3.399218982079552,429.163438221059,442.48813178194064,False,0.0,0.95
2,2.25|9,89947.50160292324,89767.50160292324,180.0,0.7554043665973891,0.5366372582483311,family_four:9;family_three:9;single_average:9;single_low:9;two_person_average:9;two_person_low:9,435.82578500150703,packaging_logistics_dominant,False,60.326360056949206,435.8257850014998,3.399218982079552,429.163438221059,442.48813178194064,False,0.0,0.95
2,2.4|9,89947.50160292324,89767.50160292324,180.0,0.7554043665973891,0.5366372582483311,family_four:9;family_three:9;single_average:9;single_low:9;two_person_average:9;two_person_low:9,435.82578500150703,packaging_logistics_dominant,False,60.326360056949206,435.8257850014998,3.399218982079552,429.163438221059,442.48813178194064,False,0.0,0.95
2,3|9,89947.50160292324,89767.50160292324,180.0,0.7554043665973891,0.5366372582483311,family_four:9;family_three:9;single_average:9;single_low:9;two_person_average:9;two_person_low:9,435.82578500150703,packaging_logistics_dominant,False,60.326360056949206,435.8257850014998,3.399218982079552,429.163438221059,442.48813178194064,False,0.0,0.95
2,1.8|5,93758.30557731552,93578.30557731552,180.0,0.12753751534756197,0.7013790504620875,family_four:5;family_three:5;single_average:5;single_low:5;two_person_average:5;two_person_low:5,4246.6297593937925,packaging_logistics_dominant,False,63.652586223882125,4246.629759393776,4.68309786972677,4237.451056233035,4255.808462554517,False,0.0,0.95
2,2|5,93758.30557731552,93578.30557731552,180.0,0.12753751534756197,0.7013790504620875,family_four:5;family_three:5;single_average:5;single_low:5;two_person_average:5;two_person_low:5,4246.6297593937925,packaging_logistics_dominant,False,63.652586223882125,4246.629759393776,4.68309786972677,4237.451056233035,4255.808462554517,False,0.0,0.95
2,2.1|5,93758.30557731552,93578.30557731552,180.0,0.12753751534756197,0.7013790504620875,family_four:5;family_three:5;single_average:5;single_low:5;two_person_average:5;two_person_low:5,4246.6297593937925,packaging_logistics_dominant,False,63.652586223882125,4246.629759393776,4.68309786972677,4237.451056233035,4255.808462554517,False,0.0,0.95
2,2.25|5,93758.30557731552,93578.30557731552,180.0,0.12753751534756197,0.7013790504620875,family_four:5;family_three:5;single_average:5;single_low:5;two_person_average:5;two_person_low:5,4246.6297593937925,packaging_logistics_dominant,False,63.652586223882125,4246.629759393776,4.68309786972677,4237.451056233035,4255.808462554517,False,0.0,0.95
2,2.4|5,93758.30557731552,93578.30557731552,180.0,0.12753751534756197,0.7013790504620875,family_four:5;family_three:5;single_average:5;single_low:5;two_person_average:5;two_person_low:5,4246.6297593937925,packaging_logistics_dominant,False,63.652586223882125,4246.629759393776,4.68309786972677,4237.451056233035,4255.808462554517,False,0.0,0.95
2,3|5,93758.30557731552,93578.30557731552,180.0,0.12753751534756197,0.7013790504620875,family_four:5;family_three:5;single_average:5;single_low:5;two_person_average:5;two_person_low:5,4246.6297593937925,packaging_logistics_dominant,False,63.652586223882125,4246.629759393776,4.68309786972677,4237.451056233035,4255.808462554517,False,0.0,0.95
2,4.5|5,93758.30557731552,93578.30557731552,180.0,0.12753751534756197,0.7013790504620875,family_four:5;family_three:5;single_average:5;single_low:5;two_person_average:5;two_person_low:5,4246.6297593937925,packaging_logistics_dominant,False,63.652586223882125,4246.629759393776,4.68309786972677,4237.451056233035,4255.808462554517,False,0.0,0.95
2,1.8|4.5,94801.31166909488,94621.31166909488,180.0,0.08450804367426554,0.738377424004207,family_four:4.5;family_three:4.5;single_average:4.5;single_low:4.5;two_person_average:4.5;two_person_low:4.5,5289.635851173152,packaging_logistics_dominant,False,64.55678435302858,5289.635851173139,5.8291317166302985,5278.2109629474035,5301.060739398874,False,0.0,0.95
2,2|4.5,94801.31166909488,94621.31166909488,180.0,0.08450804367426554,0.738377424004207,family_four:4.5;family_three:4.5;single_average:4.5;single_low:4.5;two_person_average:4.5;two_person_low:4.5,5289.635851173152,packaging_logistics_dominant,False,64.55678435302858,5289.635851173139,5.8291317166302985,5278.2109629474035,5301.060739398874,False,0.0,0.95
2,2.1|4.5,94801.31166909488,94621.31166909488,180.0,0.08450804367426554,0.738377424004207,family_four:4.5;family_three:4.5;single_average:4.5;single_low:4.5;two_person_average:4.5;two_person_low:4.5,5289.635851173152,packaging_logistics_dominant,False,64.55678435302858,5289.635851173139,5.8291317166302985,5278.2109629474035,5301.060739398874,False,0.0,0.95
2,2.25|4.5,94801.31166909488,94621.31166909488,180.0,0.08450804367426554,0.738377424004207,family_four:4.5;family_three:4.5;single_average:4.5;single_low:4.5;two_person_average:4.5;two_person_low:4.5,5289.635851173152,packaging_logistics_dominant,False,64.55678435302858,5289.635851173139,5.8291317166302985,5278.2109629474035,5301.060739398874,False,0.0,0.95
2,2.4|4.5,94801.31166909488,94621.31166909488,180.0,0.08450804367426554,0.738377424004207,family_four:4.5;family_three:4.5;single_average:4.5;single_low:4.5;two_person_average:4.5;two_person_low:4.5,5289.635851173152,packaging_logistics_dominant,False,64.55678435302858,5289.635851173139,5.8291317166302985,5278.2109629474035,5301.060739398874,False,0.0,0.95
2,3|4.5,94801.31166909488,94621.31166909488,180.0,0.08450804367426554,0.738377424004207,family_four:4.5;family_three:4.5;single_average:4.5;single_low:4.5;two_person_average:4.5;two_person_low:4.5,5289.635851173152,packaging_logistics_dominant,False,64.55678435302858,5289.635851173139,5.8291317166302985,5278.2109629474035,5301.060739398874,False,0.0,0.95
2,1.8|3,99958.78246464903,99778.78246464903,180.0,0.009734815380715238,0.9090553621100282,family_four:3;family_three:3;single_average:3;single_low:3;two_person_average:3;two_person_low:3,10447.106646727305,packaging_logistics_dominant,False,68.26802966860517,10447.106646727303,9.113924599026854,10429.243682755397,10464.969610699209,False,0.0,0.95
2,2|3,99958.78246464903,99778.78246464903,180.0,0.009734815380715238,0.9090553621100282,family_four:3;family_three:3;single_average:3;single_low:3;two_person_average:3;two_person_low:3,10447.106646727305,packaging_logistics_dominant,False,68.26802966860517,10447.106646727303,9.113924599026854,10429.243682755397,10464.969610699209,False,0.0,0.95
2,2.1|3,99958.78246464903,99778.78246464903,180.0,0.009734815380715238,0.9090553621100282,family_four:3;family_three:3;single_average:3;single_low:3;two_person_average:3;two_person_low:3,10447.106646727305,packaging_logistics_dominant,False,68.26802966860517,10447.106646727303,9.113924599026854,10429.243682755397,10464.969610699209,False,0.0,0.95
2,2.25|3,99958.78246464903,99778.78246464903,180.0,0.009734815380715238,0.9090553621100282,family_four:3;family_three:3;single_average:3;single_low:3;two_person_average:3;two_person_low:3,10447.106646727305,packaging_logistics_dominant,False,68.26802966860517,10447.106646727303,9.113924599026854,10429.243682755397,10464.969610699209,False,0.0,0.95
2,2.4|3,99958.78246464903,99778.78246464903,180.0,0.009734815380715238,0.9090553621100282,family_four:3;family_three:3;single_average:3;single_low:3;two_person_average:3;two_person_low:3,10447.106646727305,packaging_logistics_dominant,False,68.26802966860517,10447.106646727303,9.113924599026854,10429.243682755397,10464.969610699209,False,0.0,0.95
2,1.8|2.4,103697.29085349095,103517.29085349095,180.0,0.0014077108416776169,1.0261761227456516,family_four:2.4;family_three:2.4;single_average:2.4;single_low:2.4;two_person_average:2.4;two_person_low:2.4,14185.615035569223,packaging_logistics_dominant,False,70.80855952894433,14185.61503556922,11.575952415673433,14162.926585747751,14208.30348539069,False,0.0,0.95
2,2|2.4,103697.29085349095,103517.29085349095,180.0,0.0014077108416776169,1.0261761227456516,family_four:2.4;family_three:2.4;single_average:2.4;single_low:2.4;two_person_average:2.4;two_person_low:2.4,14185.615035569223,packaging_logistics_dominant,False,70.80855952894433,14185.61503556922,11.575952415673433,14162.926585747751,14208.30348539069,False,0.0,0.95
2,2.1|2.4,103697.29085349095,103517.29085349095,180.0,0.0014077108416776169,1.0261761227456516,family_four:2.4;family_three:2.4;single_average:2.4;single_low:2.4;two_person_average:2.4;two_person_low:2.4,14185.615035569223,packaging_logistics_dominant,False,70.80855952894433,14185.61503556922,11.575952415673433,14162.926585747751,14208.30348539069,False,0.0,0.95
2,2.25|2.4,103697.29085349095,103517.29085349095,180.0,0.0014077108416776169,1.0261761227456516,family_four:2.4;family_three:2.4;single_average:2.4;single_low:2.4;two_person_average:2.4;two_person_low:2.4,14185.615035569223,packaging_logistics_dominant,False,70.80855952894433,14185.61503556922,11.575952415673433,14162.926585747751,14208.30348539069,False,0.0,0.95
2,1.8|2.25,104925.57839942955,104745.57839942955,180.0,0.0006898996152392388,1.0638836701742425,family_four:2.25;family_three:2.25;single_average:2.25;single_low:2.25;two_person_average:2.25;two_person_low:2.25,15413.90258150782,packaging_logistics_dominant,False,71.72933504401175,15413.902581507806,12.522276536529052,15389.359370491758,15438.445792523853,False,0.0,0.95
2,2|2.25,104925.57839942955,104745.57839942955,180.0,0.0006898996152392388,1.0638836701742425,family_four:2.25;family_three:2.25;single_average:2.25;single_low:2.25;two_person_average:2.25;two_person_low:2.25,15413.90258150782,packaging_logistics_dominant,False,71.72933504401175,15413.902581507806,12.522276536529052,15389.359370491758,15438.445792523853,False,0.0,0.95
2,2.1|2.25,104925.57839942955,104745.57839942955,180.0,0.0006898996152392388,1.0638836701742425,family_four:2.25;family_three:2.25;single_average:2.25;single_low:2.25;two_person_average:2.25;two_person_low:2.25,15413.90258150782,packaging_logistics_dominant,False,71.72933504401175,15413.902581507806,12.522276536529052,15389.359370491758,15438.445792523853,False,0.0,0.95
2,1.8|2.1,106313.45929764971,106133.45929764971,180.0,0.0002901058537106464,1.1060243203947575,family_four:2.1;family_three:2.1;single_average:2.1;single_low:2.1;two_person_average:2.1;two_person_low:2.1,16801.78347972798,packaging_logistics_dominant,False,72.57624835072687,16801.783479727965,13.325461440786487,16775.666055226648,16827.900904229282,False,0.0,0.95
2,2|2.1,106313.45929764971,106133.45929764971,180.0,0.0002901058537106464,1.1060243203947575,family_four:2.1;family_three:2.1;single_average:2.1;single_low:2.1;two_person_average:2.1;two_person_low:2.1,16801.78347972798,packaging_logistics_dominant,False,72.57624835072687,16801.783479727965,13.325461440786487,16775.666055226648,16827.900904229282,False,0.0,0.95
2,1.8|2,107358.36608396475,107178.36608396475,180.0,0.00017494140670677838,1.137124490139097,family_four:2;family_three:2;single_average:2;single_low:2;two_person_average:2;two_person_low:2,17846.69026604302,packaging_logistics_dominant,False,73.23963357902863,17846.690266043006,13.978672850288417,17819.292570704773,17874.08796138124,False,0.0,0.95
3,5|9|10,89634.33281200685,89274.33281200685,360.0,0.44917210647315603,0.5270391066725468,family_four:10;family_three:10;single_average:9;single_low:5;two_person_average:10;two_person_low:9,122.65699408511864,packaging_logistics_dominant,False,59.847549299726666,0.0,0.0,0.0,0.0,True,0.8958333333333334,0.95
3,4.5|9|10,89657.53059020222,89297.53059020222,360.0,0.4149592066632528,0.5289603769762524,family_four:10;family_three:10;single_average:9;single_low:4.5;two_person_average:10;two_person_low:9,145.85477228049422,packaging_logistics_dominant,False,59.88128246716547,23.197778195374593,1.2598078501086702,20.728600181720765,25.66695620902842,False,0.08854166666666667,0.95
3,1.8|5|10,89691.67581792173,89331.67581792173,360.0,0.5746517013475304,0.5227608152075607,family_four:10;family_three:10;single_average:10;single_low:5;two_person_average:10;two_person_low:10,180.0,packaging_logistics_dominant,False,59.553800795340685,57.34300591488219,1.9785575512109397,53.465104373168984,61.2209074565954,False,0.010416666666666666,0.95
3,2|5|10,89691.67581792173,89331.67581792173,360.0,0.5746517013475304,0.5227608152075607,family_four:10;family_three:10;single_average:10;single_low:5;two_person_average:10;two_person_low:10,180.0,packaging_logistics_dominant,True,59.553800795340685,57.34300591488219,1.9785575512109397,53.465104373168984,61.2209074565954,False,0.0,0.95
3,2.1|5|10,89691.67581792173,89331.67581792173,360.0,0.5746517013475304,0.5227608152075607,family_four:10;family_three:10;single_average:10;single_low:5;two_person_average:10;two_person_low:10,180.0,packaging_logistics_dominant,False,59.553800795340685,57.34300591488219,1.9785575512109397,53.465104373168984,61.2209074565954,False,0.0,0.95
3,2.25|5|10,89691.67581792173,89331.67581792173,360.0,0.5746517013475304,0.5227608152075607,family_four:10;family_three:10;single_average:10;single_low:5;two_person_average:10;two_person_low:10,180.0,packaging_logistics_dominant,False,59.553800795340685,57.34300591488219,1.9785575512109397,53.465104373168984,61.2209074565954,False,0.0,0.95
3,2.4|5|10,89691.67581792173,89331.67581792173,360.0,0.5746517013475304,0.5227608152075607,family_four:10;family_three:10;single_average:10;single_low:5;two_person_average:10;two_person_low:10,180.0,packaging_logistics_dominant,False,59.553800795340685,57.34300591488219,1.9785575512109397,53.465104373168984,61.2209074565954,False,0.0,0.95
3,3|5|10,89691.67581792173,89331.67581792173,360.0,0.5746517013475304,0.5227608152075607,family_four:10;family_three:10;single_average:10;single_low:5;two_person_average:10;two_person_low:10,180.0,packaging_logistics_dominant,False,59.553800795340685,57.34300591488219,1.9785575512109397,53.465104373168984,61.2209074565954,False,0.0,0.95
3,4.5|5|10,89691.67581792173,89331.67581792173,360.0,0.5746517013475304,0.5227608152075607,family_four:10;family_three:10;single_average:10;single_low:5;two_person_average:10;two_person_low:10,180.0,packaging_logistics_dominant,False,59.553800795340685,57.34300591488219,1.9785575512109397,53.465104373168984,61.2209074565954,False,0.0,0.95
3,1.8|4.5|10,89714.8735961171,89354.8735961171,360.0,0.5404388015376272,0.5246820855112663,family_four:10;family_three:10;single_average:10;single_low:4.5;two_person_average:10;two_person_low:10,203.19777819537558,packaging_logistics_dominant,False,59.58829618675692,80.54078411025709,2.360683448276301,75.91392957273573,85.16763864777846,False,0.005208333333333333,0.95
3,2|4.5|10,89714.8735961171,89354.8735961171,360.0,0.5404388015376272,0.5246820855112663,family_four:10;family_three:10;single_average:10;single_low:4.5;two_person_average:10;two_person_low:10,203.19777819537558,packaging_logistics_dominant,False,59.58829618675692,80.54078411025709,2.360683448276301,75.91392957273573,85.16763864777846,False,0.0,0.95
3,2.1|4.5|10,89714.8735961171,89354.8735961171,360.0,0.5404388015376272,0.5246820855112663,family_four:10;family_three:10;single_average:10;single_low:4.5;two_person_average:10;two_person_low:10,203.19777819537558,packaging_logistics_dominant,False,59.58829618675692,80.54078411025709,2.360683448276301,75.91392957273573,85.16763864777846,False,0.0,0.95
3,2.25|4.5|10,89714.8735961171,89354.8735961171,360.0,0.5404388015376272,0.5246820855112663,family_four:10;family_three:10;single_average:10;single_low:4.5;two_person_average:10;two_person_low:10,203.19777819537558,packaging_logistics_dominant,False,59.58829618675692,80.54078411025709,2.360683448276301,75.91392957273573,85.16763864777846,False,0.0,0.95
3,2.4|4.5|10,89714.8735961171,89354.8735961171,360.0,0.5404388015376272,0.5246820855112663,family_four:10;family_three:10;single_average:10;single_low:4.5;two_person_average:10;two_person_low:10,203.19777819537558,packaging_logistics_dominant,False,59.58829618675692,80.54078411025709,2.360683448276301,75.91392957273573,85.16763864777846,False,0.0,0.95
3,3|4.5|10,89714.8735961171,89354.8735961171,360.0,0.5404388015376272,0.5246820855112663,family_four:10;family_three:10;single_average:10;single_low:4.5;two_person_average:10;two_person_low:10,203.19777819537558,packaging_logistics_dominant,False,59.58829618675692,80.54078411025709,2.360683448276301,75.91392957273573,85.16763864777846,False,0.0,0.95
3,1.8|9|10,89762.44393532319,89402.44393532319,360.0,0.7689244847134442,0.5191025726310353,family_four:10;family_three:10;single_average:9;single_low:9;two_person_average:10;two_person_low:9,250.76811740145786,packaging_logistics_dominant,False,59.83145406628015,128.11112331632407,1.6170440096513068,124.94177529599126,131.28047133665686,False,0.0,0.95
3,2|9|10,89762.44393532319,89402.44393532319,360.0,0.7689244847134442,0.5191025726310353,family_four:10;family_three:10;single_average:9;single_low:9;two_person_average:10;two_person_low:9,250.76811740145786,packaging_logistics_dominant,False,59.83145406628015,128.11112331632407,1.6170440096513068,124.94177529599126,131.28047133665686,False,0.0,0.95
3,2.1|9|10,89762.44393532319,89402.44393532319,360.0,0.7689244847134442,0.5191025726310353,family_four:10;family_three:10;single_average:9;single_low:9;two_person_average:10;two_person_low:9,250.76811740145786,packaging_logistics_dominant,False,59.83145406628015,128.11112331632407,1.6170440096513068,124.94177529599126,131.28047133665686,False,0.0,0.95
3,2.25|9|10,89762.44393532319,89402.44393532319,360.0,0.7689244847134442,0.5191025726310353,family_four:10;family_three:10;single_average:9;single_low:9;two_person_average:10;two_person_low:9,250.76811740145786,packaging_logistics_dominant,False,59.83145406628015,128.11112331632407,1.6170440096513068,124.94177529599126,131.28047133665686,False,0.0,0.95
3,2.4|9|10,89762.44393532319,89402.44393532319,360.0,0.7689244847134442,0.5191025726310353,family_four:10;family_three:10;single_average:9;single_low:9;two_person_average:10;two_person_low:9,250.76811740145786,packaging_logistics_dominant,False,59.83145406628015,128.11112331632407,1.6170440096513068,124.94177529599126,131.28047133665686,False,0.0,0.95
3,3|9|10,89762.44393532319,89402.44393532319,360.0,0.7689244847134442,0.5191025726310353,family_four:10;family_three:10;single_average:9;single_low:9;two_person_average:10;two_person_low:9,250.76811740145786,packaging_logistics_dominant,False,59.83145406628015,128.11112331632407,1.6170440096513068,124.94177529599126,131.28047133665686,False,0.0,0.95
3,1.8|2|10,89888.22821693539,89528.22821693539,360.0,0.989987944930005,0.5126918547056435,family_four:10;family_three:10;single_average:10;single_low:10;two_person_average:10;two_person_low:10,376.5523990136571,packaging_logistics_dominant,False,59.530981191011264,253.89540492852862,2.4228592938013525,249.14668797306982,258.6441218839874,False,0.0,0.95
3,1.8|2.1|10,89888.22821693539,89528.22821693539,360.0,0.989987944930005,0.5126918547056435,family_four:10;family_three:10;single_average:10;single_low:10;two_person_average:10;two_person_low:10,376.5523990136571,packaging_logistics_dominant,False,59.530981191011264,253.89540492852862,2.4228592938013525,249.14668797306982,258.6441218839874,False,0.0,0.95
3,1.8|2.25|10,89888.22821693539,89528.22821693539,360.0,0.989987944930005,0.5126918547056435,family_four:10;family_three:10;single_average:10;single_low:10;two_person_average:10;two_person_low:10,376.5523990136571,packaging_logistics_dominant,False,59.530981191011264,253.89540492852862,2.4228592938013525,249.14668797306982,258.6441218839874,False,0.0,0.95
3,1.8|2.4|10,89888.22821693539,89528.22821693539,360.0,0.989987944930005,0.5126918547056435,family_four:10;family_three:10;single_average:10;single_low:10;two_person_average:10;two_person_low:10,376.5523990136571,packaging_logistics_dominant,False,59.530981191011264,253.89540492852862,2.4228592938013525,249.14668797306982,258.6441218839874,False,0.0,0.95
3,1.8|3|10,89888.22821693539,89528.22821693539,360.0,0.989987944930005,0.5126918547056435,family_four:10;family_three:10;single_average:10;single_low:10;two_person_average:10;two_person_low:10,376.5523990136571,packaging_logistics_dominant,False,59.530981191011264,253.89540492852862,2.4228592938013525,249.14668797306982,258.6441218839874,False,0.0,0.95
3,2|2.1|10,89888.22821693539,89528.22821693539,360.0,0.989987944930005,0.5126918547056435,family_four:10;family_three:10;single_average:10;single_low:10;two_person_average:10;two_person_low:10,376.5523990136571,packaging_logistics_dominant,False,59.530981191011264,253.89540492852862,2.4228592938013525,249.14668797306982,258.6441218839874,False,0.0,0.95
3,2|2.25|10,89888.22821693539,89528.22821693539,360.0,0.989987944930005,0.5126918547056435,family_four:10;family_three:10;single_average:10;single_low:10;two_person_average:10;two_person_low:10,376.5523990136571,packaging_logistics_dominant,False,59.530981191011264,253.89540492852862,2.4228592938013525,249.14668797306982,258.6441218839874,False,0.0,0.95
3,2|2.4|10,89888.22821693539,89528.22821693539,360.0,0.989987944930005,0.5126918547056435,family_four:10;family_three:10;single_average:10;single_low:10;two_person_average:10;two_person_low:10,376.5523990136571,packaging_logistics_dominant,False,59.530981191011264,253.89540492852862,2.4228592938013525,249.14668797306982,258.6441218839874,False,0.0,0.95
3,2|3|10,89888.22821693539,89528.22821693539,360.0,0.989987944930005,0.5126918547056435,family_four:10;family_three:10;single_average:10;single_low:10;two_person_average:10;two_person_low:10,376.5523990136571,packaging_logistics_dominant,False,59.530981191011264,253.89540492852862,2.4228592938013525,249.14668797306982,258.6441218839874,False,0.0,0.95
3,2.1|2.25|10,89888.22821693539,89528.22821693539,360.0,0.989987944930005,0.5126918547056435,family_four:10;family_three:10;single_average:10;single_low:10;two_person_average:10;two_person_low:10,376.5523990136571,packaging_logistics_dominant,False,59.530981191011264,253.89540492852862,2.4228592938013525,249.14668797306982,258.6441218839874,False,0.0,0.95
3,2.1|2.4|10,89888.22821693539,89528.22821693539,360.0,0.989987944930005,0.5126918547056435,family_four:10;family_three:10;single_average:10;single_low:10;two_person_average:10;two_person_low:10,376.5523990136571,packaging_logistics_dominant,False,59.530981191011264,253.89540492852862,2.4228592938013525,249.14668797306982,258.6441218839874,False,0.0,0.95
3,2.1|3|10,89888.22821693539,89528.22821693539,360.0,0.989987944930005,0.5126918547056435,family_four:10;family_three:10;single_average:10;single_low:10;two_person_average:10;two_person_low:10,376.5523990136571,packaging_logistics_dominant,False,59.530981191011264,253.89540492852862,2.4228592938013525,249.14668797306982,258.6441218839874,False,0.0,0.95
3,2.25|2.4|10,89888.22821693539,89528.22821693539,360.0,0.989987944930005,0.5126918547056435,family_four:10;family_three:10;single_average:10;single_low:10;two_person_average:10;two_person_low:10,376.5523990136571,packaging_logistics_dominant,False,59.530981191011264,253.89540492852862,2.4228592938013525,249.14668797306982,258.6441218839874,False,0.0,0.95
3,2.25|3|10,89888.22821693539,89528.22821693539,360.0,0.989987944930005,0.5126918547056435,family_four:10;family_three:10;single_average:10;single_low:10;two_person_average:10;two_person_low:10,376.5523990136571,packaging_logistics_dominant,False,59.530981191011264,253.89540492852862,2.4228592938013525,249.14668797306982,258.6441218839874,False,0.0,0.95
3,2.4|3|10,89888.22821693539,89528.22821693539,360.0,0.989987944930005,0.5126918547056435,family_four:10;family_three:10;single_average:10;single_low:10;two_person_average:10;two_person_low:10,376.5523990136571,packaging_logistics_dominant,False,59.530981191011264,253.89540492852862,2.4228592938013525,249.14668797306982,258.6441218839874,False,0.0,0.95
3,1.8|5|9,89999.39047960691,89639.39047960691,360.0,0.43565198835710073,0.5445737922898426,family_four:9;family_three:9;single_average:9;single_low:5;two_person_average:9;two_person_low:9,487.71466168518236,packaging_logistics_dominant,False,60.33886291375665,365.0576676000573,1.759046351037425,361.6100001048873,368.5053350952273,False,0.0,0.95
3,2|5|9,89999.39047960691,89639.39047960691,360.0,0.43565198835710073,0.5445737922898426,family_four:9;family_three:9;single_average:9;single_low:5;two_person_average:9;two_person_low:9,487.71466168518236,packaging_logistics_dominant,False,60.33886291375665,365.0576676000573,1.759046351037425,361.6100001048873,368.5053350952273,False,0.0,0.95
3,2.1|5|9,89999.39047960691,89639.39047960691,360.0,0.43565198835710073,0.5445737922898426,family_four:9;family_three:9;single_average:9;single_low:5;two_person_average:9;two_person_low:9,487.71466168518236,packaging_logistics_dominant,False,60.33886291375665,365.0576676000573,1.759046351037425,361.6100001048873,368.5053350952273,False,0.0,0.95
3,2.25|5|9,89999.39047960691,89639.39047960691,360.0,0.43565198835710073,0.5445737922898426,family_four:9;family_three:9;single_average:9;single_low:5;two_person_average:9;two_person_low:9,487.71466168518236,packaging_logistics_dominant,False,60.33886291375665,365.0576676000573,1.759046351037425,361.6100001048873,368.5053350952273,False,0.0,0.95
3,2.4|5|9,89999.39047960691,89639.39047960691,360.0,0.43565198835710073,0.5445737922898426,family_four:9;family_three:9;single_average:9;single_low:5;two_person_average:9;two_person_low:9,487.71466168518236,packaging_logistics_dominant,False,60.33886291375665,365.0576676000573,1.759046351037425,361.6100001048873,368.5053350952273,False,0.0,0.95
3,3|5|9,89999.39047960691,89639.39047960691,360.0,0.43565198835710073,0.5445737922898426,family_four:9;family_three:9;single_average:9;single_low:5;two_person_average:9;two_person_low:9,487.71466168518236,packaging_logistics_dominant,False,60.33886291375665,365.0576676000573,1.759046351037425,361.6100001048873,368.5053350952273,False,0.0,0.95
3,4.5|5|9,89999.39047960691,89639.39047960691,360.0,0.43565198835710073,0.5445737922898426,family_four:9;family_three:9;single_average:9;single_low:5;two_person_average:9;two_person_low:9,487.71466168518236,packaging_logistics_dominant,False,60.33886291375665,365.0576676000573,1.759046351037425,361.6100001048873,368.5053350952273,False,0.0,0.95
3,1.8|4.5|9,90022.58825780229,89662.58825780229,360.0,0.4014390885471975,0.5464950625935482,family_four:9;family_three:9;single_average:9;single_low:4.5;two_person_average:9;two_person_low:9,510.91243988055794,packaging_logistics_dominant,False,60.37645515341076,388.2554457954324,2.2760681715957762,383.79443415274676,392.7164574381181,False,0.0,0.95
3,2|4.5|9,90022.58825780229,89662.58825780229,360.0,0.4014390885471975,0.5464950625935482,family_four:9;family_three:9;single_average:9;single_low:4.5;two_person_average:9;two_person_low:9,510.91243988055794,packaging_logistics_dominant,False,60.37645515341076,388.2554457954324,2.2760681715957762,383.79443415274676,392.7164574381181,False,0.0,0.95
3,2.1|4.5|9,90022.58825780229,89662.58825780229,360.0,0.4014390885471975,0.5464950625935482,family_four:9;family_three:9;single_average:9;single_low:4.5;two_person_average:9;two_person_low:9,510.91243988055794,packaging_logistics_dominant,False,60.37645515341076,388.2554457954324,2.2760681715957762,383.79443415274676,392.7164574381181,False,0.0,0.95
3,2.25|4.5|9,90022.58825780229,89662.58825780229,360.0,0.4014390885471975,0.5464950625935482,family_four:9;family_three:9;single_average:9;single_low:4.5;two_person_average:9;two_person_low:9,510.91243988055794,packaging_logistics_dominant,False,60.37645515341076,388.2554457954324,2.2760681715957762,383.79443415274676,392.7164574381181,False,0.0,0.95
3,2.4|4.5|9,90022.58825780229,89662.58825780229,360.0,0.4014390885471975,0.5464950625935482,family_four:9;family_three:9;single_average:9;single_low:4.5;two_person_average:9;two_person_low:9,510.91243988055794,packaging_logistics_dominant,False,60.37645515341076,388.2554457954324,2.2760681715957762,383.79443415274676,392.7164574381181,False,0.0,0.95
3,3|4.5|9,90022.58825780229,89662.58825780229,360.0,0.4014390885471975,0.5464950625935482,family_four:9;family_three:9;single_average:9;single_low:4.5;two_person_average:9;two_person_low:9,510.91243988055794,packaging_logistics_dominant,False,60.37645515341076,388.2554457954324,2.2760681715957762,383.79443415274676,392.7164574381181,False,0.0,0.95
3,1.8|2|9,90127.50160292324,89767.50160292324,360.0,0.7554043665973891,0.5366372582483311,family_four:9;family_three:9;single_average:9;single_low:9;two_person_average:9;two_person_low:9,615.825785001507,packaging_logistics_dominant,False,60.326360056949206,493.168790916382,2.4752124934268456,488.3174635751818,498.0201182575822,False,0.0,0.95
3,1.8|2.1|9,90127.50160292324,89767.50160292324,360.0,0.7554043665973891,0.5366372582483311,family_four:9;family_three:9;single_average:9;single_low:9;two_person_average:9;two_person_low:9,615.825785001507,packaging_logistics_dominant,False,60.326360056949206,493.168790916382,2.4752124934268456,488.3174635751818,498.0201182575822,False,0.0,0.95
3,1.8|2.25|9,90127.50160292324,89767.50160292324,360.0,0.7554043665973891,0.5366372582483311,family_four:9;family_three:9;single_average:9;single_low:9;two_person_average:9;two_person_low:9,615.825785001507,packaging_logistics_dominant,False,60.326360056949206,493.168790916382,2.4752124934268456,488.3174635751818,498.0201182575822,False,0.0,0.95
3,1.8|2.4|9,90127.50160292324,89767.50160292324,360.0,0.7554043665973891,0.5366372582483311,family_four:9;family_three:9;single_average:9;single_low:9;two_person_average:9;two_person_low:9,615.825785001507,packaging_logistics_dominant,False,60.326360056949206,493.168790916382,2.4752124934268456,488.3174635751818,498.0201182575822,False,0.0,0.95
3,1.8|3|9,90127.50160292324,89767.50160292324,360.0,0.7554043665973891,0.5366372582483311,family_four:9;family_three:9;single_average:9;single_low:9;two_person_average:9;two_person_low:9,615.825785001507,packaging_logistics_dominant,False,60.326360056949206,493.168790916382,2.4752124934268456,488.3174635751818,498.0201182575822,False,0.0,0.95
3,2|2.1|9,90127.50160292324,89767.50160292324,360.0,0.7554043665973891,0.5366372582483311,family_four:9;family_three:9;single_average:9;single_low:9;two_person_average:9;two_person_low:9,615.825785001507,packaging_logistics_dominant,False,60.326360056949206,493.168790916382,2.4752124934268456,488.3174635751818,498.0201182575822,False,0.0,0.95
3,2|2.25|9,90127.50160292324,89767.50160292324,360.0,0.7554043665973891,0.5366372582483311,family_four:9;family_three:9;single_average:9;single_low:9;two_person_average:9;two_person_low:9,615.825785001507,packaging_logistics_dominant,False,60.326360056949206,493.168790916382,2.4752124934268456,488.3174635751818,498.0201182575822,False,0.0,0.95
3,2|2.4|9,90127.50160292324,89767.50160292324,360.0,0.7554043665973891,0.5366372582483311,family_four:9;family_three:9;single_average:9;single_low:9;two_person_average:9;two_person_low:9,615.825785001507,packaging_logistics_dominant,False,60.326360056949206,493.168790916382,2.4752124934268456,488.3174635751818,498.0201182575822,False,0.0,0.95
3,2|3|9,90127.50160292324,89767.50160292324,360.0,0.7554043665973891,0.5366372582483311,family_four:9;family_three:9;single_average:9;single_low:9;two_person_average:9;two_person_low:9,615.825785001507,packaging_logistics_dominant,False,60.326360056949206,493.168790916382,2.4752124934268456,488.3174635751818,498.0201182575822,False,0.0,0.95
3,2.1|2.25|9,90127.50160292324,89767.50160292324,360.0,0.7554043665973891,0.5366372582483311,family_four:9;family_three:9;single_average:9;single_low:9;two_person_average:9;two_person_low:9,615.825785001507,packaging_logistics_dominant,False,60.326360056949206,493.168790916382,2.4752124934268456,488.3174635751818,498.0201182575822,False,0.0,0.95
3,2.1|2.4|9,90127.50160292324,89767.50160292324,360.0,0.7554043665973891,0.5366372582483311,family_four:9;family_three:9;single_average:9;single_low:9;two_person_average:9;two_person_low:9,615.825785001507,packaging_logistics_dominant,False,60.326360056949206,493.168790916382,2.4752124934268456,488.3174635751818,498.0201182575822,False,0.0,0.95
3,2.1|3|9,90127.50160292324,89767.50160292324,360.0,0.7554043665973891,0.5366372582483311,family_four:9;family_three:9;single_average:9;single_low:9;two_person_average:9;two_person_low:9,615.825785001507,packaging_logistics_dominant,False,60.326360056949206,493.168790916382,2.4752124934268456,488.3174635751818,498.0201182575822,False,0.0,0.95
3,2.25|2.4|9,90127.50160292324,89767.50160292324,360.0,0.7554043665973891,0.5366372582483311,family_four:9;family_three:9;single_average:9;single_low:9;two_person_average:9;two_person_low:9,615.825785001507,packaging_logistics_dominant,False,60.326360056949206,493.168790916382,2.4752124934268456,488.3174635751818,498.0201182575822,False,0.0,0.95
3,2.25|3|9,90127.50160292324,89767.50160292324,360.0,0.7554043665973891,0.5366372582483311,family_four:9;family_three:9;single_average:9;single_low:9;two_person_average:9;two_person_low:9,615.825785001507,packaging_logistics_dominant,False,60.326360056949206,493.168790916382,2.4752124934268456,488.3174635751818,498.0201182575822,False,0.0,0.95
3,2.4|3|9,90127.50160292324,89767.50160292324,360.0,0.7554043665973891,0.5366372582483311,family_four:9;family_three:9;single_average:9;single_low:9;two_person_average:9;two_person_low:9,615.825785001507,packaging_logistics_dominant,False,60.326360056949206,493.168790916382,2.4752124934268456,488.3174635751818,498.0201182575822,False,0.0,0.95
3,1.8|2|5,93938.30557731552,93578.30557731552,360.0,0.12753751534756197,0.7013790504620875,family_four:5;family_three:5;single_average:5;single_low:5;two_person_average:5;two_person_low:5,4426.6297593937925,packaging_logistics_dominant,False,63.652586223882125,4303.972765308658,4.445613095371133,4295.259523752531,4312.686006864786,False,0.0,0.95
3,1.8|2.1|5,93938.30557731552,93578.30557731552,360.0,0.12753751534756197,0.7013790504620875,family_four:5;family_three:5;single_average:5;single_low:5;two_person_average:5;two_person_low:5,4426.6297593937925,packaging_logistics_dominant,False,63.652586223882125,4303.972765308658,4.445613095371133,4295.259523752531,4312.686006864786,False,0.0,0.95
3,1.8|2.25|5,93938.30557731552,93578.30557731552,360.0,0.12753751534756197,0.7013790504620875,family_four:5;family_three:5;single_average:5;single_low:5;two_person_average:5;two_person_low:5,4426.6297593937925,packaging_logistics_dominant,False,63.652586223882125,4303.972765308658,4.445613095371133,4295.259523752531,4312.686006864786,False,0.0,0.95
3,1.8|2.4|5,93938.30557731552,93578.30557731552,360.0,0.12753751534756197,0.7013790504620875,family_four:5;family_three:5;single_average:5;single_low:5;two_person_average:5;two_person_low:5,4426.6297593937925,packaging_logistics_dominant,False,63.652586223882125,4303.972765308658,4.445613095371133,4295.259523752531,4312.686006864786,False,0.0,0.95
3,1.8|3|5,93938.30557731552,93578.30557731552,360.0,0.12753751534756197,0.7013790504620875,family_four:5;family_three:5;single_average:5;single_low:5;two_person_average:5;two_person_low:5,4426.6297593937925,packaging_logistics_dominant,False,63.652586223882125,4303.972765308658,4.445613095371133,4295.259523752531,4312.686006864786,False,0.0,0.95
3,1.8|4.5|5,93938.30557731552,93578.30557731552,360.0,0.12753751534756197,0.7013790504620875,family_four:5;family_three:5;single_average:5;single_low:5;two_person_average:5;two_person_low:5,4426.6297593937925,packaging_logistics_dominant,False,63.652586223882125,4303.972765308658,4.445613095371133,4295.259523752531,4312.686006864786,False,0.0,0.95
3,2|2.1|5,93938.30557731552,93578.30557731552,360.0,0.12753751534756197,0.7013790504620875,family_four:5;family_three:5;single_average:5;single_low:5;two_person_average:5;two_person_low:5,4426.6297593937925,packaging_logistics_dominant,False,63.652586223882125,4303.972765308658,4.445613095371133,4295.259523752531,4312.686006864786,False,0.0,0.95
3,2|2.25|5,93938.30557731552,93578.30557731552,360.0,0.12753751534756197,0.7013790504620875,family_four:5;family_three:5;single_average:5;single_low:5;two_person_average:5;two_person_low:5,4426.6297593937925,packaging_logistics_dominant,False,63.652586223882125,4303.972765308658,4.445613095371133,4295.259523752531,4312.686006864786,False,0.0,0.95
3,2|2.4|5,93938.30557731552,93578.30557731552,360.0,0.12753751534756197,0.7013790504620875,family_four:5;family_three:5;single_average:5;single_low:5;two_person_average:5;two_person_low:5,4426.6297593937925,packaging_logistics_dominant,False,63.652586223882125,4303.972765308658,4.445613095371133,4295.259523752531,4312.686006864786,False,0.0,0.95
3,2|3|5,93938.30557731552,93578.30557731552,360.0,0.12753751534756197,0.7013790504620875,family_four:5;family_three:5;single_average:5;single_low:5;two_person_average:5;two_person_low:5,4426.6297593937925,packaging_logistics_dominant,False,63.652586223882125,4303.972765308658,4.445613095371133,4295.259523752531,4312.686006864786,False,0.0,0.95
3,2|4.5|5,93938.30557731552,93578.30557731552,360.0,0.12753751534756197,0.7013790504620875,family_four:5;family_three:5;single_average:5;single_low:5;two_person_average:5;two_person_low:5,4426.6297593937925,packaging_logistics_dominant,False,63.652586223882125,4303.972765308658,4.445613095371133,4295.259523752531,4312.686006864786,False,0.0,0.95
3,2.1|2.25|5,93938.30557731552,93578.30557731552,360.0,0.12753751534756197,0.7013790504620875,family_four:5;family_three:5;single_average:5;single_low:5;two_person_average:5;two_person_low:5,4426.6297593937925,packaging_logistics_dominant,False,63.652586223882125,4303.972765308658,4.445613095371133,4295.259523752531,4312.686006864786,False,0.0,0.95
3,2.1|2.4|5,93938.30557731552,93578.30557731552,360.0,0.12753751534756197,0.7013790504620875,family_four:5;family_three:5;single_average:5;single_low:5;two_person_average:5;two_person_low:5,4426.6297593937925,packaging_logistics_dominant,False,63.652586223882125,4303.972765308658,4.445613095371133,4295.259523752531,4312.686006864786,False,0.0,0.95
3,2.1|3|5,93938.30557731552,93578.30557731552,360.0,0.12753751534756197,0.7013790504620875,family_four:5;family_three:5;single_average:5;single_low:5;two_person_average:5;two_person_low:5,4426.6297593937925,packaging_logistics_dominant,False,63.652586223882125,4303.972765308658,4.445613095371133,4295.259523752531,4312.686006864786,False,0.0,0.95
3,2.1|4.5|5,93938.30557731552,93578.30557731552,360.0,0.12753751534756197,0.7013790504620875,family_four:5;family_three:5;single_average:5;single_low:5;two_person_average:5;two_person_low:5,4426.6297593937925,packaging_logistics_dominant,False,63.652586223882125,4303.972765308658,4.445613095371133,4295.259523752531,4312.686006864786,False,0.0,0.95
3,2.25|2.4|5,93938.30557731552,93578.30557731552,360.0,0.12753751534756197,0.7013790504620875,family_four:5;family_three:5;single_average:5;single_low:5;two_person_average:5;two_person_low:5,4426.6297593937925,packaging_logistics_dominant,False,63.652586223882125,4303.972765308658,4.445613095371133,4295.259523752531,4312.686006864786,False,0.0,0.95
3,2.25|3|5,93938.30557731552,93578.30557731552,360.0,0.12753751534756197,0.7013790504620875,family_four:5;family_three:5;single_average:5;single_low:5;two_person_average:5;two_person_low:5,4426.6297593937925,packaging_logistics_dominant,False,63.652586223882125,4303.972765308658,4.445613095371133,4295.259523752531,4312.686006864786,False,0.0,0.95
3,2.25|4.5|5,93938.30557731552,93578.30557731552,360.0,0.12753751534756197,0.7013790504620875,family_four:5;family_three:5;single_average:5;single_low:5;two_person_average:5;two_person_low:5,4426.6297593937925,packaging_logistics_dominant,False,63.652586223882125,4303.972765308658,4.445613095371133,4295.259523752531,4312.686006864786,False,0.0,0.95
3,2.4|3|5,93938.30557731552,93578.30557731552,360.0,0.12753751534756197,0.7013790504620875,family_four:5;family_three:5;single_average:5;single_low:5;two_person_average:5;two_person_low:5,4426.6297593937925,packaging_logistics_dominant,False,63.652586223882125,4303.972765308658,4.445613095371133,4295.259523752531,4312.686006864786,False,0.0,0.95
3,2.4|4.5|5,93938.30557731552,93578.30557731552,360.0,0.12753751534756197,0.7013790504620875,family_four:5;family_three:5;single_average:5;single_low:5;two_person_average:5;two_person_low:5,4426.6297593937925,packaging_logistics_dominant,False,63.652586223882125,4303.972765308658,4.445613095371133,4295.259523752531,4312.686006864786,False,0.0,0.95
3,3|4.5|5,93938.30557731552,93578.30557731552,360.0,0.12753751534756197,0.7013790504620875,family_four:5;family_three:5;single_average:5;single_low:5;two_person_average:5;two_person_low:5,4426.6297593937925,packaging_logistics_dominant,False,63.652586223882125,4303.972765308658,4.445613095371133,4295.259523752531,4312.686006864786,False,0.0,0.95
3,1.8|2|4.5,94981.31166909488,94621.31166909488,360.0,0.08450804367426554,0.738377424004207,family_four:4.5;family_three:4.5;single_average:4.5;single_low:4.5;two_person_average:4.5;two_person_low:4.5,5469.635851173152,packaging_logistics_dominant,False,64.55678435302858,5346.978857088022,5.550231608609831,5336.100603029291,5357.857111146753,False,0.0,0.95
3,1.8|2.1|4.5,94981.31166909488,94621.31166909488,360.0,0.08450804367426554,0.738377424004207,family_four:4.5;family_three:4.5;single_average:4.5;single_low:4.5;two_person_average:4.5;two_person_low:4.5,5469.635851173152,packaging_logistics_dominant,False,64.55678435302858,5346.978857088022,5.550231608609831,5336.100603029291,5357.857111146753,False,0.0,0.95
3,1.8|2.25|4.5,94981.31166909488,94621.31166909488,360.0,0.08450804367426554,0.738377424004207,family_four:4.5;family_three:4.5;single_average:4.5;single_low:4.5;two_person_average:4.5;two_person_low:4.5,5469.635851173152,packaging_logistics_dominant,False,64.55678435302858,5346.978857088022,5.550231608609831,5336.100603029291,5357.857111146753,False,0.0,0.95
3,1.8|2.4|4.5,94981.31166909488,94621.31166909488,360.0,0.08450804367426554,0.738377424004207,family_four:4.5;family_three:4.5;single_average:4.5;single_low:4.5;two_person_average:4.5;two_person_low:4.5,5469.635851173152,packaging_logistics_dominant,False,64.55678435302858,5346.978857088022,5.550231608609831,5336.100603029291,5357.857111146753,False,0.0,0.95
3,1.8|3|4.5,94981.31166909488,94621.31166909488,360.0,0.08450804367426554,0.738377424004207,family_four:4.5;family_three:4.5;single_average:4.5;single_low:4.5;two_person_average:4.5;two_person_low:4.5,5469.635851173152,packaging_logistics_dominant,False,64.55678435302858,5346.978857088022,5.550231608609831,5336.100603029291,5357.857111146753,False,0.0,0.95
3,2|2.1|4.5,94981.31166909488,94621.31166909488,360.0,0.08450804367426554,0.738377424004207,family_four:4.5;family_three:4.5;single_average:4.5;single_low:4.5;two_person_average:4.5;two_person_low:4.5,5469.635851173152,packaging_logistics_dominant,False,64.55678435302858,5346.978857088022,5.550231608609831,5336.100603029291,5357.857111146753,False,0.0,0.95
3,2|2.25|4.5,94981.31166909488,94621.31166909488,360.0,0.08450804367426554,0.738377424004207,family_four:4.5;family_three:4.5;single_average:4.5;single_low:4.5;two_person_average:4.5;two_person_low:4.5,5469.635851173152,packaging_logistics_dominant,False,64.55678435302858,5346.978857088022,5.550231608609831,5336.100603029291,5357.857111146753,False,0.0,0.95
3,2|2.4|4.5,94981.31166909488,94621.31166909488,360.0,0.08450804367426554,0.738377424004207,family_four:4.5;family_three:4.5;single_average:4.5;single_low:4.5;two_person_average:4.5;two_person_low:4.5,5469.635851173152,packaging_logistics_dominant,False,64.55678435302858,5346.978857088022,5.550231608609831,5336.100603029291,5357.857111146753,False,0.0,0.95
3,2|3|4.5,94981.31166909488,94621.31166909488,360.0,0.08450804367426554,0.738377424004207,family_four:4.5;family_three:4.5;single_average:4.5;single_low:4.5;two_person_average:4.5;two_person_low:4.5,5469.635851173152,packaging_logistics_dominant,False,64.55678435302858,5346.978857088022,5.550231608609831,5336.100603029291,5357.857111146753,False,0.0,0.95
3,2.1|2.25|4.5,94981.31166909488,94621.31166909488,360.0,0.08450804367426554,0.738377424004207,family_four:4.5;family_three:4.5;single_average:4.5;single_low:4.5;two_person_average:4.5;two_person_low:4.5,5469.635851173152,packaging_logistics_dominant,False,64.55678435302858,5346.978857088022,5.550231608609831,5336.100603029291,5357.857111146753,False,0.0,0.95
3,2.1|2.4|4.5,94981.31166909488,94621.31166909488,360.0,0.08450804367426554,0.738377424004207,family_four:4.5;family_three:4.5;single_average:4.5;single_low:4.5;two_person_average:4.5;two_person_low:4.5,5469.635851173152,packaging_logistics_dominant,False,64.55678435302858,5346.978857088022,5.550231608609831,5336.100603029291,5357.857111146753,False,0.0,0.95
3,2.1|3|4.5,94981.31166909488,94621.31166909488,360.0,0.08450804367426554,0.738377424004207,family_four:4.5;family_three:4.5;single_average:4.5;single_low:4.5;two_person_average:4.5;two_person_low:4.5,5469.635851173152,packaging_logistics_dominant,False,64.55678435302858,5346.978857088022,5.550231608609831,5336.100603029291,5357.857111146753,False,0.0,0.95
3,2.25|2.4|4.5,94981.31166909488,94621.31166909488,360.0,0.08450804367426554,0.738377424004207,family_four:4.5;family_three:4.5;single_average:4.5;single_low:4.5;two_person_average:4.5;two_person_low:4.5,5469.635851173152,packaging_logistics_dominant,False,64.55678435302858,5346.978857088022,5.550231608609831,5336.100603029291,5357.857111146753,False,0.0,0.95
3,2.25|3|4.5,94981.31166909488,94621.31166909488,360.0,0.08450804367426554,0.738377424004207,family_four:4.5;family_three:4.5;single_average:4.5;single_low:4.5;two_person_average:4.5;two_person_low:4.5,5469.635851173152,packaging_logistics_dominant,False,64.55678435302858,5346.978857088022,5.550231608609831,5336.100603029291,5357.857111146753,False,0.0,0.95
3,2.4|3|4.5,94981.31166909488,94621.31166909488,360.0,0.08450804367426554,0.738377424004207,family_four:4.5;family_three:4.5;single_average:4.5;single_low:4.5;two_person_average:4.5;two_person_low:4.5,5469.635851173152,packaging_logistics_dominant,False,64.55678435302858,5346.978857088022,5.550231608609831,5336.100603029291,5357.857111146753,False,0.0,0.95
3,1.8|2|3,100138.78246464903,99778.78246464903,360.0,0.009734815380715238,0.9090553621100282,family_four:3;family_three:3;single_average:3;single_low:3;two_person_average:3;two_person_low:3,10627.106646727305,packaging_logistics_dominant,False,68.26802966860517,10504.449652642184,8.851042915100097,10487.10192730297,10521.797377981398,False,0.0,0.95
3,1.8|2.1|3,100138.78246464903,99778.78246464903,360.0,0.009734815380715238,0.9090553621100282,family_four:3;family_three:3;single_average:3;single_low:3;two_person_average:3;two_person_low:3,10627.106646727305,packaging_logistics_dominant,False,68.26802966860517,10504.449652642184,8.851042915100097,10487.10192730297,10521.797377981398,False,0.0,0.95
3,1.8|2.25|3,100138.78246464903,99778.78246464903,360.0,0.009734815380715238,0.9090553621100282,family_four:3;family_three:3;single_average:3;single_low:3;two_person_average:3;two_person_low:3,10627.106646727305,packaging_logistics_dominant,False,68.26802966860517,10504.449652642184,8.851042915100097,10487.10192730297,10521.797377981398,False,0.0,0.95
3,1.8|2.4|3,100138.78246464903,99778.78246464903,360.0,0.009734815380715238,0.9090553621100282,family_four:3;family_three:3;single_average:3;single_low:3;two_person_average:3;two_person_low:3,10627.106646727305,packaging_logistics_dominant,False,68.26802966860517,10504.449652642184,8.851042915100097,10487.10192730297,10521.797377981398,False,0.0,0.95
3,2|2.1|3,100138.78246464903,99778.78246464903,360.0,0.009734815380715238,0.9090553621100282,family_four:3;family_three:3;single_average:3;single_low:3;two_person_average:3;two_person_low:3,10627.106646727305,packaging_logistics_dominant,False,68.26802966860517,10504.449652642184,8.851042915100097,10487.10192730297,10521.797377981398,False,0.0,0.95
3,2|2.25|3,100138.78246464903,99778.78246464903,360.0,0.009734815380715238,0.9090553621100282,family_four:3;family_three:3;single_average:3;single_low:3;two_person_average:3;two_person_low:3,10627.106646727305,packaging_logistics_dominant,False,68.26802966860517,10504.449652642184,8.851042915100097,10487.10192730297,10521.797377981398,False,0.0,0.95
3,2|2.4|3,100138.78246464903,99778.78246464903,360.0,0.009734815380715238,0.9090553621100282,family_four:3;family_three:3;single_average:3;single_low:3;two_person_average:3;two_person_low:3,10627.106646727305,packaging_logistics_dominant,False,68.26802966860517,10504.449652642184,8.851042915100097,10487.10192730297,10521.797377981398,False,0.0,0.95
3,2.1|2.25|3,100138.78246464903,99778.78246464903,360.0,0.009734815380715238,0.9090553621100282,family_four:3;family_three:3;single_average:3;single_low:3;two_person_average:3;two_person_low:3,10627.106646727305,packaging_logistics_dominant,False,68.26802966860517,10504.449652642184,8.851042915100097,10487.10192730297,10521.797377981398,False,0.0,0.95
3,2.1|2.4|3,100138.78246464903,99778.78246464903,360.0,0.009734815380715238,0.9090553621100282,family_four:3;family_three:3;single_average:3;single_low:3;two_person_average:3;two_person_low:3,10627.106646727305,packaging_logistics_dominant,False,68.26802966860517,10504.449652642184,8.851042915100097,10487.10192730297,10521.797377981398,False,0.0,0.95
3,2.25|2.4|3,100138.78246464903,99778.78246464903,360.0,0.009734815380715238,0.9090553621100282,family_four:3;family_three:3;single_average:3;single_low:3;two_person_average:3;two_person_low:3,10627.106646727305,packaging_logistics_dominant,False,68.26802966860517,10504.449652642184,8.851042915100097,10487.10192730297,10521.797377981398,False,0.0,0.95
3,1.8|2|2.4,103877.29085349095,103517.29085349095,360.0,0.0014077108416776169,1.0261761227456516,family_four:2.4;family_three:2.4;single_average:2.4;single_low:2.4;two_person_average:2.4;two_person_low:2.4,14365.615035569223,packaging_logistics_dominant,False,70.80855952894433,14242.958041484102,11.262059912049601,14220.884809664753,14265.031273303452,False,0.0,0.95
3,1.8|2.1|2.4,103877.29085349095,103517.29085349095,360.0,0.0014077108416776169,1.0261761227456516,family_four:2.4;family_three:2.4;single_average:2.4;single_low:2.4;two_person_average:2.4;two_person_low:2.4,14365.615035569223,packaging_logistics_dominant,False,70.80855952894433,14242.958041484102,11.262059912049601,14220.884809664753,14265.031273303452,False,0.0,0.95
3,1.8|2.25|2.4,103877.29085349095,103517.29085349095,360.0,0.0014077108416776169,1.0261761227456516,family_four:2.4;family_three:2.4;single_average:2.4;single_low:2.4;two_person_average:2.4;two_person_low:2.4,14365.615035569223,packaging_logistics_dominant,False,70.80855952894433,14242.958041484102,11.262059912049601,14220.884809664753,14265.031273303452,False,0.0,0.95
3,2|2.1|2.4,103877.29085349095,103517.29085349095,360.0,0.0014077108416776169,1.0261761227456516,family_four:2.4;family_three:2.4;single_average:2.4;single_low:2.4;two_person_average:2.4;two_person_low:2.4,14365.615035569223,packaging_logistics_dominant,False,70.80855952894433,14242.958041484102,11.262059912049601,14220.884809664753,14265.031273303452,False,0.0,0.95
3,2|2.25|2.4,103877.29085349095,103517.29085349095,360.0,0.0014077108416776169,1.0261761227456516,family_four:2.4;family_three:2.4;single_average:2.4;single_low:2.4;two_person_average:2.4;two_person_low:2.4,14365.615035569223,packaging_logistics_dominant,False,70.80855952894433,14242.958041484102,11.262059912049601,14220.884809664753,14265.031273303452,False,0.0,0.95
3,2.1|2.25|2.4,103877.29085349095,103517.29085349095,360.0,0.0014077108416776169,1.0261761227456516,family_four:2.4;family_three:2.4;single_average:2.4;single_low:2.4;two_person_average:2.4;two_person_low:2.4,14365.615035569223,packaging_logistics_dominant,False,70.80855952894433,14242.958041484102,11.262059912049601,14220.884809664753,14265.031273303452,False,0.0,0.95
3,1.8|2|2.25,105105.57839942955,104745.57839942955,360.0,0.0006898996152392388,1.0638836701742425,family_four:2.25;family_three:2.25;single_average:2.25;single_low:2.25;two_person_average:2.25;two_person_low:2.25,15593.90258150782,packaging_logistics_dominant,False,71.72933504401175,15471.245587422687,12.243236777084952,15447.249284285404,15495.24189055997,False,0.0,0.95
3,1.8|2.1|2.25,105105.57839942955,104745.57839942955,360.0,0.0006898996152392388,1.0638836701742425,family_four:2.25;family_three:2.25;single_average:2.25;single_low:2.25;two_person_average:2.25;two_person_low:2.25,15593.90258150782,packaging_logistics_dominant,False,71.72933504401175,15471.245587422687,12.243236777084952,15447.249284285404,15495.24189055997,False,0.0,0.95
3,2|2.1|2.25,105105.57839942955,104745.57839942955,360.0,0.0006898996152392388,1.0638836701742425,family_four:2.25;family_three:2.25;single_average:2.25;single_low:2.25;two_person_average:2.25;two_person_low:2.25,15593.90258150782,packaging_logistics_dominant,False,71.72933504401175,15471.245587422687,12.243236777084952,15447.249284285404,15495.24189055997,False,0.0,0.95
3,1.8|2|2.1,106493.45929764971,106133.45929764971,360.0,0.0002901058537106464,1.1060243203947575,family_four:2.1;family_three:2.1;single_average:2.1;single_low:2.1;two_person_average:2.1;two_person_low:2.1,16981.78347972798,packaging_logistics_dominant,False,72.57624835072687,16859.126485642846,13.035678159122106,16833.577025936913,16884.67594534878,False,0.0,0.95
1,9,87002.87635977834,87002.87635977834,0.0,0.7554043665973891,0.5366372582483311,family_four:9;family_three:9;single_average:9;single_low:9;two_person_average:9;two_person_low:9,521.9897633634391,consumer_inconvenience_dominant,False,58.30808897104969,0.0,0.0,0.0,0.0,True,1.0,0.95
1,10,87450.66701618081,87450.66701618081,0.0,0.989987944930005,0.5126918547056435,family_four:10;family_three:10;single_average:10;single_low:10;two_person_average:10;two_person_low:10,969.7804197659134,consumer_inconvenience_dominant,False,58.032599479474925,447.79065640246466,2.99008362639198,441.93020018397345,453.65111262095587,False,0.0,0.95
1,5,87863.03180771024,87863.03180771024,0.0,0.12753751534756197,0.7013790504620875,family_four:5;family_three:5;single_average:5;single_low:5;two_person_average:5;two_person_low:5,1382.1452112953411,consumer_inconvenience_dominant,False,59.64790288188652,860.1554479319044,3.2568235333849196,853.7721911024674,866.5387047613414,False,0.0,0.95
1,4.5,88276.30591350983,88276.30591350983,0.0,0.08450804367426554,0.738377424004207,family_four:4.5;family_three:4.5;single_average:4.5;single_low:4.5;two_person_average:4.5;two_person_low:4.5,1795.4193170949293,consumer_inconvenience_dominant,False,60.026823242349614,1273.4295537314683,2.973268567748255,1267.6020544223168,1279.25705304062,False,0.0,0.95
1,3,90508.98846029918,90508.98846029918,0.0,0.009734815380715238,0.9090553621100282,family_four:3;family_three:3;single_average:3;single_low:3;two_person_average:3;two_person_low:3,4028.1018638842797,consumer_inconvenience_dominant,False,61.5853510652893,3506.112100520813,4.386176862424985,3497.515351840637,3514.708849200989,False,0.0,0.95
1,2.4,92089.6879405012,92089.6879405012,0.0,0.0014077108416776169,1.0261761227456516,family_four:2.4;family_three:2.4;single_average:2.4;single_low:2.4;two_person_average:2.4;two_person_low:2.4,5608.8013440863,consumer_inconvenience_dominant,False,62.73543204356615,5086.811580722858,5.441618516033538,5076.146204413826,5097.4769570318895,False,0.0,0.95
1,2.25,92605.363939137,92605.363939137,0.0,0.0006898996152392388,1.0638836701742425,family_four:2.25;family_three:2.25;single_average:2.25;single_low:2.25;two_person_average:2.25;two_person_low:2.25,6124.477342722093,consumer_inconvenience_dominant,False,63.234987727157225,5602.48757935864,5.700964039319557,5591.313895164415,5613.6612635528645,False,0.0,0.95
1,2.1,93169.36890361093,93169.36890361093,0.0,0.0002901058537106464,1.1060243203947575,family_four:2.1;family_three:2.1;single_average:2.1;single_low:2.1;two_person_average:2.1;two_person_low:2.1,6688.482307196027,consumer_inconvenience_dominant,False,63.772291180082384,6166.4925438325745,6.338464781956365,6154.0693811426645,6178.9157065224845,False,0.0,0.95
1,2,93679.0858429089,93679.0858429089,0.0,0.00017494140670677838,1.137124490139097,family_four:2;family_three:2;single_average:2;single_low:2;two_person_average:2;two_person_low:2,7198.199246493998,consumer_inconvenience_dominant,False,64.07194577089844,6676.209483130544,6.750591274104685,6662.978567358949,6689.440398902139,False,0.0,0.95
1,1.8,94529.43573454634,94529.43573454634,0.0,3.842625358685107e-05,1.2086627144676936,family_four:1.8;family_three:1.8;single_average:1.8;single_low:1.8;two_person_average:1.8;two_person_low:1.8,8048.549138131435,consumer_inconvenience_dominant,False,64.2998821770965,7526.559374767974,6.828176628468799,7513.176394496097,7539.9423550398515,False,0.0,0.95
2,5|9,86480.8865964149,86300.8865964149,180.0,0.21249392823530483,0.5602975415126986,family_four:9;family_three:9;single_average:5;single_low:5;two_person_average:9;two_person_low:9,0.0,consumer_inconvenience_dominant,False,58.3167989841278,0.0,0.0,0.0,0.0,True,0.6458333333333334,0.95
2,4.5|9,86489.1893384078,86309.1893384078,180.0,0.16961318969383438,0.5659747905457079,family_four:9;family_three:9;single_average:4.5;single_low:4.5;two_person_average:9;two_person_low:9,8.302741992898518,consumer_inconvenience_dominant,False,58.44396092634081,8.302741992883966,1.577414261837564,5.211066850982506,11.394417134785426,False,0.3541666666666667,0.95
2,5|10,86612.31085371162,86432.31085371162,180.0,0.14702951540512102,0.5616086629039045,family_four:10;family_three:10;single_average:5;single_low:5;two_person_average:10;two_person_low:5,131.4242572967196,consumer_inconvenience_dominant,False,58.46036596260172,131.4242572967158,1.9590632528405145,127.58456387771251,135.2639507157191,False,0.0,0.95
2,4.5|10,86654.39240155219,86474.39240155219,180.0,0.22992948511552885,0.5461434456764062,family_four:10;family_three:10;single_average:4.5;single_low:4.5;two_person_average:10;two_person_low:10,173.50580513729074,consumer_inconvenience_dominant,False,58.30780762809136,173.5058051372795,2.3667509555143096,168.8670585040957,178.14455177046332,False,0.0,0.95
2,3|9,86761.60729754402,86581.60729754402,180.0,0.09486545004805791,0.5926972236193137,family_four:9;family_three:9;single_average:3;single_low:3;two_person_average:9;two_person_low:9,280.7207011291175,consumer_inconvenience_dominant,False,58.607378912649246,280.72070112910654,2.0737914000589805,276.65614467354203,284.78525758467106,False,0.0,0.95
2,3|10,86926.81036068841,86746.81036068841,180.0,0.15518174546975239,0.5728658787500119,family_four:10;family_three:10;single_average:3;single_low:3;two_person_average:10;two_person_low:10,445.92376427350973,consumer_inconvenience_dominant,False,58.47997223027761,445.9237642735023,2.896948827866509,440.2458489058284,451.6016796411762,False,0.0,0.95
2,2.4|9,86939.91695526068,86759.91695526068,180.0,0.32292807912934923,0.5631355766961039,family_four:9;family_three:9;single_average:9;single_low:2.4;two_person_average:9;two_person_low:9,459.0303588457755,consumer_inconvenience_dominant,False,58.428286122622495,459.0303588457842,2.0730073417311234,454.96733911630406,463.0933785752643,False,0.0,0.95
2,2.25|9,86974.74399769085,86794.74399769085,180.0,0.32221026790291085,0.5654445244358752,family_four:9;family_three:9;single_average:9;single_low:2.25;two_person_average:9;two_person_low:9,493.8574012759491,consumer_inconvenience_dominant,False,58.43163765123477,493.8574012759554,2.080445912579267,489.77980221551644,497.93500033639435,False,0.0,0.95
2,2.1|9,87007.68244684179,86827.68244684179,180.0,0.32181047414138225,0.567957469830894,family_four:9;family_three:9;single_average:9;single_low:2.1;two_person_average:9;two_person_low:9,526.79585042689,consumer_inconvenience_dominant,False,58.42922509025771,526.7958504268985,2.2605269645182076,522.3652989903611,531.2264018634359,False,0.0,0.95
2,2|9,87021.4216791929,86841.4216791929,180.0,0.3216953096943784,0.5698513298711378,family_four:9;family_three:9;single_average:9;single_low:2;two_person_average:9;two_person_low:9,540.5350827780057,consumer_inconvenience_dominant,False,58.407308018286066,540.535082778005,2.072466133840469,536.4731237964986,544.5970417595113,False,0.0,0.95
2,1.8|9,87069.53024605973,86889.53024605973,180.0,0.32155879454125846,0.5740799893055324,family_four:9;family_three:9;single_average:9;single_low:1.8;two_person_average:9;two_person_low:9,588.6436496448296,consumer_inconvenience_dominant,False,58.40110748275224,588.6436496448379,2.7155146164442456,583.321338797115,593.9659604925607,False,0.0,0.95
2,9|10,87179.24447577639,86999.24447577639,180.0,0.7554043665973891,0.528830923549668,family_four:10;family_three:9;single_average:9;single_low:9;two_person_average:9;two_person_low:9,698.357879361487,consumer_inconvenience_dominant,False,58.31200456106651,698.3578793614943,2.3069072630298337,693.836424210282,702.8793345127066,False,0.0,0.95
2,2.4|10,87179.30298785935,86999.30298785935,180.0,0.14685464093071476,0.5914376142886829,family_four:10;family_three:10;single_average:2.4;single_low:2.4;two_person_average:10;two_person_low:10,698.4163914444507,consumer_inconvenience_dominant,False,58.741005052925495,698.4163914444467,2.8123932926258544,692.904201880538,703.9285810083554,False,0.0,0.95
2,2.25|10,87265.41667453102,87085.41667453102,180.0,0.14613682970427638,0.5975141333688081,family_four:10;family_three:10;single_average:2.25;single_low:2.25;two_person_average:10;two_person_low:10,784.5300781161204,consumer_inconvenience_dominant,False,58.85357286058576,784.5300781161177,2.9862437373672575,778.6771479418196,790.3830082904158,False,0.0,0.95
2,2.1|10,87322.98522737737,87142.98522737737,180.0,0.460810187131812,0.5461444927486122,family_four:10;family_three:10;single_average:10;single_low:2.1;two_person_average:10;two_person_low:10,842.0986309624714,consumer_inconvenience_dominant,False,58.13750635980484,842.0986309624735,3.084462046799303,836.0531964390661,848.1440654858809,False,0.0,0.95
2,2|10,87336.72445972849,87156.72445972849,180.0,0.4606950226848081,0.5480383527888558,family_four:10;family_three:10;single_average:10;single_low:2;two_person_average:10;two_person_low:10,855.8378633135871,consumer_inconvenience_dominant,False,58.112600594450704,855.8378633135795,2.892137039561044,850.1693788776856,861.5063477494734,False,0.0,0.95
2,1.8|10,87384.83302659531,87204.83302659531,180.0,0.46055850753168814,0.5522670122232505,family_four:10;family_three:10;single_average:10;single_low:1.8;two_person_average:10;two_person_low:10,903.946430180411,consumer_inconvenience_dominant,False,58.10547986868947,903.9464301804134,3.3675032387949844,897.3462451145532,910.5466152462735,False,0.0,0.95
2,4.5|5,88026.83482310543,87846.83482310543,180.0,0.09332461553765876,0.7033003207657932,family_four:5;family_three:5;single_average:5;single_low:4.5;two_person_average:5;two_person_low:5,1545.9482266905252,consumer_inconvenience_dominant,False,59.606394591767966,1545.948226690536,2.558681621644748,1540.933302864208,1550.9631505168643,False,0.0,0.95
2,1.8|5,88043.03180771024,87863.03180771024,180.0,0.12753751534756197,0.7013790504620875,family_four:5;family_three:5;single_average:5;single_low:5;two_person_average:5;two_person_low:5,1562.1452112953411,consumer_inconvenience_dominant,False,59.64790288188652,1562.145211295349,2.4319778171479998,1557.3786223625386,1566.9118002281596,False,0.0,0.95
2,2|5,88043.03180771024,87863.03180771024,180.0,0.12753751534756197,0.7013790504620875,family_four:5;family_three:5;single_average:5;single_low:5;two_person_average:5;two_person_low:5,1562.1452112953411,consumer_inconvenience_dominant,False,59.64790288188652,1562.145211295349,2.4319778171479998,1557.3786223625386,1566.9118002281596,False,0.0,0.95
2,2.1|5,88043.03180771024,87863.03180771024,180.0,0.12753751534756197,0.7013790504620875,family_four:5;family_three:5;single_average:5;single_low:5;two_person_average:5;two_person_low:5,1562.1452112953411,consumer_inconvenience_dominant,False,59.64790288188652,1562.145211295349,2.4319778171479998,1557.3786223625386,1566.9118002281596,False,0.0,0.95
2,2.25|5,88043.03180771024,87863.03180771024,180.0,0.12753751534756197,0.7013790504620875,family_four:5;family_three:5;single_average:5;single_low:5;two_person_average:5;two_person_low:5,1562.1452112953411,consumer_inconvenience_dominant,False,59.64790288188652,1562.145211295349,2.4319778171479998,1557.3786223625386,1566.9118002281596,False,0.0,0.95
2,2.4|5,88043.03180771024,87863.03180771024,180.0,0.12753751534756197,0.7013790504620875,family_four:5;family_three:5;single_average:5;single_low:5;two_person_average:5;two_person_low:5,1562.1452112953411,consumer_inconvenience_dominant,False,59.64790288188652,1562.145211295349,2.4319778171479998,1557.3786223625386,1566.9118002281596,False,0.0,0.95
2,3|5,88043.03180771024,87863.03180771024,180.0,0.12753751534756197,0.7013790504620875,family_four:5;family_three:5;single_average:5;single_low:5;two_person_average:5;two_person_low:5,1562.1452112953411,consumer_inconvenience_dominant,False,59.64790288188652,1562.145211295349,2.4319778171479998,1557.3786223625386,1566.9118002281596,False,0.0,0.95
2,1.8|4.5,88456.30591350983,88276.30591350983,180.0,0.08450804367426554,0.738377424004207,family_four:4.5;family_three:4.5;single_average:4.5;single_low:4.5;two_person_average:4.5;two_person_low:4.5,1975.4193170949293,consumer_inconvenience_dominant,False,60.026823242349614,1975.419317094913,2.7327919021931044,1970.0631433893718,1980.775490800454,False,0.0,0.95
2,2|4.5,88456.30591350983,88276.30591350983,180.0,0.08450804367426554,0.738377424004207,family_four:4.5;family_three:4.5;single_average:4.5;single_low:4.5;two_person_average:4.5;two_person_low:4.5,1975.4193170949293,consumer_inconvenience_dominant,False,60.026823242349614,1975.419317094913,2.7327919021931044,1970.0631433893718,1980.775490800454,False,0.0,0.95
2,2.1|4.5,88456.30591350983,88276.30591350983,180.0,0.08450804367426554,0.738377424004207,family_four:4.5;family_three:4.5;single_average:4.5;single_low:4.5;two_person_average:4.5;two_person_low:4.5,1975.4193170949293,consumer_inconvenience_dominant,False,60.026823242349614,1975.419317094913,2.7327919021931044,1970.0631433893718,1980.775490800454,False,0.0,0.95
2,2.25|4.5,88456.30591350983,88276.30591350983,180.0,0.08450804367426554,0.738377424004207,family_four:4.5;family_three:4.5;single_average:4.5;single_low:4.5;two_person_average:4.5;two_person_low:4.5,1975.4193170949293,consumer_inconvenience_dominant,False,60.026823242349614,1975.419317094913,2.7327919021931044,1970.0631433893718,1980.775490800454,False,0.0,0.95
2,2.4|4.5,88456.30591350983,88276.30591350983,180.0,0.08450804367426554,0.738377424004207,family_four:4.5;family_three:4.5;single_average:4.5;single_low:4.5;two_person_average:4.5;two_person_low:4.5,1975.4193170949293,consumer_inconvenience_dominant,False,60.026823242349614,1975.419317094913,2.7327919021931044,1970.0631433893718,1980.775490800454,False,0.0,0.95
2,3|4.5,88456.30591350983,88276.30591350983,180.0,0.08450804367426554,0.738377424004207,family_four:4.5;family_three:4.5;single_average:4.5;single_low:4.5;two_person_average:4.5;two_person_low:4.5,1975.4193170949293,consumer_inconvenience_dominant,False,60.026823242349614,1975.419317094913,2.7327919021931044,1970.0631433893718,1980.775490800454,False,0.0,0.95
2,1.8|3,90688.98846029918,90508.98846029918,180.0,0.009734815380715238,0.9090553621100282,family_four:3;family_three:3;single_average:3;single_low:3;two_person_average:3;two_person_low:3,4208.10186388428,consumer_inconvenience_dominant,False,61.5853510652893,4208.101863884258,4.062763059051428,4200.138994610797,4216.064733157718,False,0.0,0.95
2,2|3,90688.98846029918,90508.98846029918,180.0,0.009734815380715238,0.9090553621100282,family_four:3;family_three:3;single_average:3;single_low:3;two_person_average:3;two_person_low:3,4208.10186388428,consumer_inconvenience_dominant,False,61.5853510652893,4208.101863884258,4.062763059051428,4200.138994610797,4216.064733157718,False,0.0,0.95
2,2.1|3,90688.98846029918,90508.98846029918,180.0,0.009734815380715238,0.9090553621100282,family_four:3;family_three:3;single_average:3;single_low:3;two_person_average:3;two_person_low:3,4208.10186388428,consumer_inconvenience_dominant,False,61.5853510652893,4208.101863884258,4.062763059051428,4200.138994610797,4216.064733157718,False,0.0,0.95
2,2.25|3,90688.98846029918,90508.98846029918,180.0,0.009734815380715238,0.9090553621100282,family_four:3;family_three:3;single_average:3;single_low:3;two_person_average:3;two_person_low:3,4208.10186388428,consumer_inconvenience_dominant,False,61.5853510652893,4208.101863884258,4.062763059051428,4200.138994610797,4216.064733157718,False,0.0,0.95
2,2.4|3,90688.98846029918,90508.98846029918,180.0,0.009734815380715238,0.9090553621100282,family_four:3;family_three:3;single_average:3;single_low:3;two_person_average:3;two_person_low:3,4208.10186388428,consumer_inconvenience_dominant,False,61.5853510652893,4208.101863884258,4.062763059051428,4200.138994610797,4216.064733157718,False,0.0,0.95
2,1.8|2.4,92269.6879405012,92089.6879405012,180.0,0.0014077108416776169,1.0261761227456516,family_four:2.4;family_three:2.4;single_average:2.4;single_low:2.4;two_person_average:2.4;two_person_low:2.4,5788.8013440863,consumer_inconvenience_dominant,False,62.73543204356615,5788.801344086302,5.142933837380987,5778.721378990163,5798.881309182441,False,0.0,0.95
2,2|2.4,92269.6879405012,92089.6879405012,180.0,0.0014077108416776169,1.0261761227456516,family_four:2.4;family_three:2.4;single_average:2.4;single_low:2.4;two_person_average:2.4;two_person_low:2.4,5788.8013440863,consumer_inconvenience_dominant,False,62.73543204356615,5788.801344086302,5.142933837380987,5778.721378990163,5798.881309182441,False,0.0,0.95
2,2.1|2.4,92269.6879405012,92089.6879405012,180.0,0.0014077108416776169,1.0261761227456516,family_four:2.4;family_three:2.4;single_average:2.4;single_low:2.4;two_person_average:2.4;two_person_low:2.4,5788.8013440863,consumer_inconvenience_dominant,False,62.73543204356615,5788.801344086302,5.142933837380987,5778.721378990163,5798.881309182441,False,0.0,0.95
2,2.25|2.4,92269.6879405012,92089.6879405012,180.0,0.0014077108416776169,1.0261761227456516,family_four:2.4;family_three:2.4;single_average:2.4;single_low:2.4;two_person_average:2.4;two_person_low:2.4,5788.8013440863,consumer_inconvenience_dominant,False,62.73543204356615,5788.801344086302,5.142933837380987,5778.721378990163,5798.881309182441,False,0.0,0.95
2,1.8|2.25,92785.363939137,92605.363939137,180.0,0.0006898996152392388,1.0638836701742425,family_four:2.25;family_three:2.25;single_average:2.25;single_low:2.25;two_person_average:2.25;two_person_low:2.25,6304.477342722093,consumer_inconvenience_dominant,False,63.234987727157225,6304.477342722083,5.517581983010879,6293.663080753635,6315.291604690532,False,0.0,0.95
2,2|2.25,92785.363939137,92605.363939137,180.0,0.0006898996152392388,1.0638836701742425,family_four:2.25;family_three:2.25;single_average:2.25;single_low:2.25;two_person_average:2.25;two_person_low:2.25,6304.477342722093,consumer_inconvenience_dominant,False,63.234987727157225,6304.477342722083,5.517581983010879,6293.663080753635,6315.291604690532,False,0.0,0.95
2,2.1|2.25,92785.363939137,92605.363939137,180.0,0.0006898996152392388,1.0638836701742425,family_four:2.25;family_three:2.25;single_average:2.25;single_low:2.25;two_person_average:2.25;two_person_low:2.25,6304.477342722093,consumer_inconvenience_dominant,False,63.234987727157225,6304.477342722083,5.517581983010879,6293.663080753635,6315.291604690532,False,0.0,0.95
2,1.8|2.1,93349.36890361093,93169.36890361093,180.0,0.0002901058537106464,1.1060243203947575,family_four:2.1;family_three:2.1;single_average:2.1;single_low:2.1;two_person_average:2.1;two_person_low:2.1,6868.482307196027,consumer_inconvenience_dominant,False,63.772291180082384,6868.482307196019,6.253508628836839,6856.225655506489,6880.738958885549,False,0.0,0.95
2,2|2.1,93349.36890361093,93169.36890361093,180.0,0.0002901058537106464,1.1060243203947575,family_four:2.1;family_three:2.1;single_average:2.1;single_low:2.1;two_person_average:2.1;two_person_low:2.1,6868.482307196027,consumer_inconvenience_dominant,False,63.772291180082384,6868.482307196019,6.253508628836839,6856.225655506489,6880.738958885549,False,0.0,0.95
2,1.8|2,93859.0858429089,93679.0858429089,180.0,0.00017494140670677838,1.137124490139097,family_four:2;family_three:2;single_average:2;single_low:2;two_person_average:2;two_person_low:2,7378.199246493998,consumer_inconvenience_dominant,False,64.07194577089844,7378.199246493988,6.549903081886616,7365.361672351262,7391.036820636713,False,0.0,0.95
3,4.5|5|9,86644.68961181008,86284.68961181008,360.0,0.17828102842540167,0.5622188118164042,family_four:9;family_three:9;single_average:5;single_low:4.5;two_person_average:9;two_person_low:9,163.80301539518405,consumer_inconvenience_dominant,False,58.277615725642704,0.0,0.0,0.0,0.0,True,0.6354166666666666,0.95
3,5|9|10,86657.25471241295,86297.25471241295,360.0,0.21249392823530483,0.5524912068140355,family_four:10;family_three:9;single_average:5;single_low:5;two_person_average:9;two_person_low:9,176.36811599804787,consumer_inconvenience_dominant,False,58.31665629948025,12.56510060286314,1.3385409450473227,9.94160855873818,15.1885926469881,False,0.19791666666666666,0.95
3,1.8|5|9,86660.8865964149,86300.8865964149,360.0,0.21249392823530483,0.5602975415126986,family_four:9;family_three:9;single_average:5;single_low:5;two_person_average:9;two_person_low:9,180.0,consumer_inconvenience_dominant,False,58.3167989841278,16.196984604813526,1.0068904735767736,14.22351554022657,18.17045366940048,False,0.046875,0.95
3,2|5|9,86660.8865964149,86300.8865964149,360.0,0.21249392823530483,0.5602975415126986,family_four:9;family_three:9;single_average:5;single_low:5;two_person_average:9;two_person_low:9,180.0,consumer_inconvenience_dominant,False,58.3167989841278,16.196984604813526,1.0068904735767736,14.22351554022657,18.17045366940048,False,0.0,0.95
3,2.1|5|9,86660.8865964149,86300.8865964149,360.0,0.21249392823530483,0.5602975415126986,family_four:9;family_three:9;single_average:5;single_low:5;two_person_average:9;two_person_low:9,180.0,consumer_inconvenience_dominant,False,58.3167989841278,16.196984604813526,1.0068904735767736,14.22351554022657,18.17045366940048,False,0.0,0.95
3,2.25|5|9,86660.8865964149,86300.8865964149,360.0,0.21249392823530483,0.5602975415126986,family_four:9;family_three:9;single_average:5;single_low:5;two_person_average:9;two_person_low:9,180.0,consumer_inconvenience_dominant,False,58.3167989841278,16.196984604813526,1.0068904735767736,14.22351554022657,18.17045366940048,False,0.0,0.95
3,2.4|5|9,86660.8865964149,86300.8865964149,360.0,0.21249392823530483,0.5602975415126986,family_four:9;family_three:9;single_average:5;single_low:5;two_person_average:9;two_person_low:9,180.0,consumer_inconvenience_dominant,False,58.3167989841278,16.196984604813526,1.0068904735767736,14.22351554022657,18.17045366940048,False,0.0,0.95
3,3|5|9,86660.8865964149,86300.8865964149,360.0,0.21249392823530483,0.5602975415126986,family_four:9;family_three:9;single_average:5;single_low:5;two_person_average:9;two_person_low:9,180.0,consumer_inconvenience_dominant,False,58.3167989841278,16.196984604813526,1.0068904735767736,14.22351554022657,18.17045366940048,False,0.0,0.95
3,4.5|9|10,86665.55745440585,86305.55745440585,360.0,0.16961318969383438,0.5581684558470448,family_four:10;family_three:9;single_average:4.5;single_low:4.5;two_person_average:9;two_person_low:9,184.6708579909464,consumer_inconvenience_dominant,False,58.443417115414654,20.86784259574817,1.472086884654569,17.982605319711446,23.75307987178489,False,0.09375,0.95
3,1.8|4.5|9,86669.1893384078,86309.1893384078,360.0,0.16961318969383438,0.5659747905457079,family_four:9;family_three:9;single_average:4.5;single_low:4.5;two_person_average:9;two_person_low:9,188.30274199289852,consumer_inconvenience_dominant,False,58.44396092634081,24.499726597697492,1.1983735603040127,22.15095757947659,26.848495615918395,False,0.026041666666666668,0.95
3,2|4.5|9,86669.1893384078,86309.1893384078,360.0,0.16961318969383438,0.5659747905457079,family_four:9;family_three:9;single_average:4.5;single_low:4.5;two_person_average:9;two_person_low:9,188.30274199289852,consumer_inconvenience_dominant,False,58.44396092634081,24.499726597697492,1.1983735603040127,22.15095757947659,26.848495615918395,False,0.0,0.95
3,2.1|4.5|9,86669.1893384078,86309.1893384078,360.0,0.16961318969383438,0.5659747905457079,family_four:9;family_three:9;single_average:4.5;single_low:4.5;two_person_average:9;two_person_low:9,188.30274199289852,consumer_inconvenience_dominant,False,58.44396092634081,24.499726597697492,1.1983735603040127,22.15095757947659,26.848495615918395,False,0.0,0.95
3,2.25|4.5|9,86669.1893384078,86309.1893384078,360.0,0.16961318969383438,0.5659747905457079,family_four:9;family_three:9;single_average:4.5;single_low:4.5;two_person_average:9;two_person_low:9,188.30274199289852,consumer_inconvenience_dominant,False,58.44396092634081,24.499726597697492,1.1983735603040127,22.15095757947659,26.848495615918395,False,0.0,0.95
3,2.4|4.5|9,86669.1893384078,86309.1893384078,360.0,0.16961318969383438,0.5659747905457079,family_four:9;family_three:9;single_average:4.5;single_low:4.5;two_person_average:9;two_person_low:9,188.30274199289852,consumer_inconvenience_dominant,False,58.44396092634081,24.499726597697492,1.1983735603040127,22.15095757947659,26.848495615918395,False,0.0,0.95
3,3|4.5|9,86669.1893384078,86309.1893384078,360.0,0.16961318969383438,0.5659747905457079,family_four:9;family_three:9;single_average:4.5;single_low:4.5;two_person_average:9;two_person_low:9,188.30274199289852,consumer_inconvenience_dominant,False,58.44396092634081,24.499726597697492,1.1983735603040127,22.15095757947659,26.848495615918395,False,0.0,0.95
3,4.5|5|10,86776.1138691068,86416.1138691068,360.0,0.11281661559521783,0.5635299332076101,family_four:10;family_three:10;single_average:5;single_low:4.5;two_person_average:10;two_person_low:5,295.22727269190364,consumer_inconvenience_dominant,False,58.41980126222079,131.42425729671587,1.959063252840508,127.58456387771258,135.26395071571915,False,0.0,0.95
3,1.8|5|10,86792.31085371162,86432.31085371162,360.0,0.14702951540512102,0.5616086629039045,family_four:10;family_three:10;single_average:5;single_low:5;two_person_average:10;two_person_low:5,311.4242572967196,consumer_inconvenience_dominant,False,58.46036596260172,147.62124190152932,2.241521164047417,143.2279411494121,152.01454265364654,False,0.0,0.95
3,2|5|10,86792.31085371162,86432.31085371162,360.0,0.14702951540512102,0.5616086629039045,family_four:10;family_three:10;single_average:5;single_low:5;two_person_average:10;two_person_low:5,311.4242572967196,consumer_inconvenience_dominant,True,58.46036596260172,147.62124190152932,2.241521164047417,143.2279411494121,152.01454265364654,False,0.0,0.95
3,2.1|5|10,86792.31085371162,86432.31085371162,360.0,0.14702951540512102,0.5616086629039045,family_four:10;family_three:10;single_average:5;single_low:5;two_person_average:10;two_person_low:5,311.4242572967196,consumer_inconvenience_dominant,False,58.46036596260172,147.62124190152932,2.241521164047417,143.2279411494121,152.01454265364654,False,0.0,0.95
3,2.25|5|10,86792.31085371162,86432.31085371162,360.0,0.14702951540512102,0.5616086629039045,family_four:10;family_three:10;single_average:5;single_low:5;two_person_average:10;two_person_low:5,311.4242572967196,consumer_inconvenience_dominant,False,58.46036596260172,147.62124190152932,2.241521164047417,143.2279411494121,152.01454265364654,False,0.0,0.95
3,2.4|5|10,86792.31085371162,86432.31085371162,360.0,0.14702951540512102,0.5616086629039045,family_four:10;family_three:10;single_average:5;single_low:5;two_person_average:10;two_person_low:5,311.4242572967196,consumer_inconvenience_dominant,False,58.46036596260172,147.62124190152932,2.241521164047417,143.2279411494121,152.01454265364654,False,0.0,0.95
3,3|5|10,86792.31085371162,86432.31085371162,360.0,0.14702951540512102,0.5616086629039045,family_four:10;family_three:10;single_average:5;single_low:5;two_person_average:10;two_person_low:5,311.4242572967196,consumer_inconvenience_dominant,False,58.46036596260172,147.62124190152932,2.241521164047417,143.2279411494121,152.01454265364654,False,0.0,0.95
3,1.8|4.5|10,86834.39240155219,86474.39240155219,360.0,0.22992948511552885,0.5461434456764062,family_four:10;family_three:10;single_average:4.5;single_low:4.5;two_person_average:10;two_person_low:10,353.50580513729074,consumer_inconvenience_dominant,False,58.30780762809136,189.70278974209305,2.1650426839276697,185.4593840566029,193.9461954275832,False,0.0,0.95
3,2|4.5|10,86834.39240155219,86474.39240155219,360.0,0.22992948511552885,0.5461434456764062,family_four:10;family_three:10;single_average:4.5;single_low:4.5;two_person_average:10;two_person_low:10,353.50580513729074,consumer_inconvenience_dominant,False,58.30780762809136,189.70278974209305,2.1650426839276697,185.4593840566029,193.9461954275832,False,0.0,0.95
3,2.1|4.5|10,86834.39240155219,86474.39240155219,360.0,0.22992948511552885,0.5461434456764062,family_four:10;family_three:10;single_average:4.5;single_low:4.5;two_person_average:10;two_person_low:10,353.50580513729074,consumer_inconvenience_dominant,False,58.30780762809136,189.70278974209305,2.1650426839276697,185.4593840566029,193.9461954275832,False,0.0,0.95
3,2.25|4.5|10,86834.39240155219,86474.39240155219,360.0,0.22992948511552885,0.5461434456764062,family_four:10;family_three:10;single_average:4.5;single_low:4.5;two_person_average:10;two_person_low:10,353.50580513729074,consumer_inconvenience_dominant,False,58.30780762809136,189.70278974209305,2.1650426839276697,185.4593840566029,193.9461954275832,False,0.0,0.95
3,2.4|4.5|10,86834.39240155219,86474.39240155219,360.0,0.22992948511552885,0.5461434456764062,family_four:10;family_three:10;single_average:4.5;single_low:4.5;two_person_average:10;two_person_low:10,353.50580513729074,consumer_inconvenience_dominant,False,58.30780762809136,189.70278974209305,2.1650426839276697,185.4593840566029,193.9461954275832,False,0.0,0.95
3,3|4.5|10,86834.39240155219,86474.39240155219,360.0,0.22992948511552885,0.5461434456764062,family_four:10;family_three:10;single_average:4.5;single_low:4.5;two_person_average:10;two_person_low:10,353.50580513729074,consumer_inconvenience_dominant,False,58.30780762809136,189.70278974209305,2.1650426839276697,185.4593840566029,193.9461954275832,False,0.0,0.95
3,3|9|10,86937.97541354207,86577.97541354207,360.0,0.09486545004805791,0.5848908889206506,family_four:10;family_three:9;single_average:3;single_low:3;two_person_average:9;two_person_low:9,457.0888171271654,consumer_inconvenience_dominant,False,58.60775655788346,293.2858017319706,2.168005835237763,289.0365883766319,297.53501508730926,False,0.0,0.95
3,1.8|3|9,86941.60729754402,86581.60729754402,360.0,0.09486545004805791,0.5926972236193137,family_four:9;family_three:9;single_average:3;single_low:3;two_person_average:9;two_person_low:9,460.7207011291175,consumer_inconvenience_dominant,False,58.607378912649246,296.91768573392005,1.9650644582547168,293.0662301684411,300.769141299399,False,0.0,0.95
3,2|3|9,86941.60729754402,86581.60729754402,360.0,0.09486545004805791,0.5926972236193137,family_four:9;family_three:9;single_average:3;single_low:3;two_person_average:9;two_person_low:9,460.7207011291175,consumer_inconvenience_dominant,False,58.607378912649246,296.91768573392005,1.9650644582547168,293.0662301684411,300.769141299399,False,0.0,0.95
3,2.1|3|9,86941.60729754402,86581.60729754402,360.0,0.09486545004805791,0.5926972236193137,family_four:9;family_three:9;single_average:3;single_low:3;two_person_average:9;two_person_low:9,460.7207011291175,consumer_inconvenience_dominant,False,58.607378912649246,296.91768573392005,1.9650644582547168,293.0662301684411,300.769141299399,False,0.0,0.95
3,2.25|3|9,86941.60729754402,86581.60729754402,360.0,0.09486545004805791,0.5926972236193137,family_four:9;family_three:9;single_average:3;single_low:3;two_person_average:9;two_person_low:9,460.7207011291175,consumer_inconvenience_dominant,False,58.607378912649246,296.91768573392005,1.9650644582547168,293.0662301684411,300.769141299399,False,0.0,0.95
3,2.4|3|9,86941.60729754402,86581.60729754402,360.0,0.09486545004805791,0.5926972236193137,family_four:9;family_three:9;single_average:3;single_low:3;two_person_average:9;two_person_low:9,460.7207011291175,consumer_inconvenience_dominant,False,58.607378912649246,296.91768573392005,1.9650644582547168,293.0662301684411,300.769141299399,False,0.0,0.95
3,1.8|3|10,87106.81036068841,86746.81036068841,360.0,0.15518174546975239,0.5728658787500119,family_four:10;family_three:10;single_average:3;single_low:3;two_person_average:10;two_person_low:10,625.9237642735097,consumer_inconvenience_dominant,False,58.47997223027761,462.12074887831585,2.8445063484950004,456.5456188814701,467.6958788751616,False,0.0,0.95
3,2|3|10,87106.81036068841,86746.81036068841,360.0,0.15518174546975239,0.5728658787500119,family_four:10;family_three:10;single_average:3;single_low:3;two_person_average:10;two_person_low:10,625.9237642735097,consumer_inconvenience_dominant,False,58.47997223027761,462.12074887831585,2.8445063484950004,456.5456188814701,467.6958788751616,False,0.0,0.95
3,2.1|3|10,87106.81036068841,86746.81036068841,360.0,0.15518174546975239,0.5728658787500119,family_four:10;family_three:10;single_average:3;single_low:3;two_person_average:10;two_person_low:10,625.9237642735097,consumer_inconvenience_dominant,False,58.47997223027761,462.12074887831585,2.8445063484950004,456.5456188814701,467.6958788751616,False,0.0,0.95
3,2.25|3|10,87106.81036068841,86746.81036068841,360.0,0.15518174546975239,0.5728658787500119,family_four:10;family_three:10;single_average:3;single_low:3;two_person_average:10;two_person_low:10,625.9237642735097,consumer_inconvenience_dominant,False,58.47997223027761,462.12074887831585,2.8445063484950004,456.5456188814701,467.6958788751616,False,0.0,0.95
3,2.4|3|10,87106.81036068841,86746.81036068841,360.0,0.15518174546975239,0.5728658787500119,family_four:10;family_three:10;single_average:3;single_low:3;two_person_average:10;two_person_low:10,625.9237642735097,consumer_inconvenience_dominant,False,58.47997223027761,462.12074887831585,2.8445063484950004,456.5456188814701,467.6958788751616,False,0.0,0.95
3,2.4|9|10,87116.28507125872,86756.28507125872,360.0,0.32292807912934923,0.5553292419974407,family_four:10;family_three:9;single_average:9;single_low:2.4;two_person_average:9;two_person_low:9,635.3984748438234,consumer_inconvenience_dominant,False,58.43190188026812,471.59545944864755,2.3845085495594764,466.9219085706831,476.269010326612,False,0.0,0.95
3,1.8|2.4|9,87119.91695526068,86759.91695526068,360.0,0.32292807912934923,0.5631355766961039,family_four:9;family_three:9;single_average:9;single_low:2.4;two_person_average:9;two_person_low:9,639.0303588457755,consumer_inconvenience_dominant,False,58.428286122622495,475.22734345059774,2.1139625506219466,471.0840529867123,479.37063391448316,False,0.0,0.95
3,2|2.4|9,87119.91695526068,86759.91695526068,360.0,0.32292807912934923,0.5631355766961039,family_four:9;family_three:9;single_average:9;single_low:2.4;two_person_average:9;two_person_low:9,639.0303588457755,consumer_inconvenience_dominant,False,58.428286122622495,475.22734345059774,2.1139625506219466,471.0840529867123,479.37063391448316,False,0.0,0.95
3,2.1|2.4|9,87119.91695526068,86759.91695526068,360.0,0.32292807912934923,0.5631355766961039,family_four:9;family_three:9;single_average:9;single_low:2.4;two_person_average:9;two_person_low:9,639.0303588457755,consumer_inconvenience_dominant,False,58.428286122622495,475.22734345059774,2.1139625506219466,471.0840529867123,479.37063391448316,False,0.0,0.95
3,2.25|2.4|9,87119.91695526068,86759.91695526068,360.0,0.32292807912934923,0.5631355766961039,family_four:9;family_three:9;single_average:9;single_low:2.4;two_person_average:9;two_person_low:9,639.0303588457755,consumer_inconvenience_dominant,False,58.428286122622495,475.22734345059774,2.1139625506219466,471.0840529867123,479.37063391448316,False,0.0,0.95
3,2.25|9|10,87151.1121136889,86791.1121136889,360.0,0.32221026790291085,0.557638189737212,family_four:10;family_three:9;single_average:9;single_low:2.25;two_person_average:9;two_person_low:9,670.225517273997,consumer_inconvenience_dominant,False,58.432898222936956,506.42250187881797,2.3036321034126033,501.907465922499,510.93753783513694,False,0.0,0.95
3,1.8|2.25|9,87154.74399769085,86794.74399769085,360.0,0.32221026790291085,0.5654445244358752,family_four:9;family_three:9;single_average:9;single_low:2.25;two_person_average:9;two_person_low:9,673.8574012759491,consumer_inconvenience_dominant,False,58.43163765123477,510.0543858807689,2.089234190252007,505.9595621126053,514.1492096489326,False,0.0,0.95
3,2|2.25|9,87154.74399769085,86794.74399769085,360.0,0.32221026790291085,0.5654445244358752,family_four:9;family_three:9;single_average:9;single_low:2.25;two_person_average:9;two_person_low:9,673.8574012759491,consumer_inconvenience_dominant,False,58.43163765123477,510.0543858807689,2.089234190252007,505.9595621126053,514.1492096489326,False,0.0,0.95
3,2.1|2.25|9,87154.74399769085,86794.74399769085,360.0,0.32221026790291085,0.5654445244358752,family_four:9;family_three:9;single_average:9;single_low:2.25;two_person_average:9;two_person_low:9,673.8574012759491,consumer_inconvenience_dominant,False,58.43163765123477,510.0543858807689,2.089234190252007,505.9595621126053,514.1492096489326,False,0.0,0.95
3,2.1|9|10,87184.05056283984,86824.05056283984,360.0,0.32181047414138225,0.5601511351322309,family_four:10;family_three:9;single_average:9;single_low:2.1;two_person_average:9;two_person_low:9,703.1639664249378,consumer_inconvenience_dominant,False,58.43145278753944,539.3609510297616,2.497248675018604,534.4664335662848,544.2554684932385,False,0.0,0.95
3,1.8|2.1|9,87187.68244684179,86827.68244684179,360.0,0.32181047414138225,0.567957469830894,family_four:9;family_three:9;single_average:9;single_low:2.1;two_person_average:9;two_person_low:9,706.79585042689,consumer_inconvenience_dominant,False,58.42922509025771,542.9928350317119,2.276272279667737,538.5314233445563,547.4542467188676,False,0.0,0.95
3,2|2.1|9,87187.68244684179,86827.68244684179,360.0,0.32181047414138225,0.567957469830894,family_four:9;family_three:9;single_average:9;single_low:2.1;two_person_average:9;two_person_low:9,706.79585042689,consumer_inconvenience_dominant,False,58.42922509025771,542.9928350317119,2.276272279667737,538.5314233445563,547.4542467188676,False,0.0,0.95
3,2|9|10,87197.78979519095,86837.78979519095,360.0,0.3216953096943784,0.5620449951724746,family_four:10;family_three:9;single_average:9;single_low:2;two_person_average:9;two_person_low:9,716.9031987760536,consumer_inconvenience_dominant,False,58.411279573340146,553.1001833808683,2.350691232287195,548.4929132268113,557.7074535349253,False,0.0,0.95
3,1.8|2|9,87201.4216791929,86841.4216791929,360.0,0.3216953096943784,0.5698513298711378,family_four:9;family_three:9;single_average:9;single_low:2;two_person_average:9;two_person_low:9,720.5350827780057,consumer_inconvenience_dominant,False,58.407308018286066,556.7320673828185,2.065742621516026,552.6832862433178,560.7808485223193,False,0.0,0.95
3,1.8|9|10,87245.89836205778,86885.89836205778,360.0,0.32155879454125846,0.5662736546068694,family_four:10;family_three:9;single_average:9;single_low:1.8;two_person_average:9;two_person_low:9,765.0117656428774,consumer_inconvenience_dominant,False,58.40537248867561,601.2087502477019,2.9259944918061276,595.4739064247993,606.9435940706045,False,0.0,0.95
3,1.8|2.4|10,87359.30298785935,86999.30298785935,360.0,0.14685464093071476,0.5914376142886829,family_four:10;family_three:10;single_average:2.4;single_low:2.4;two_person_average:10;two_person_low:10,878.4163914444507,consumer_inconvenience_dominant,False,58.741005052925495,714.6133760492603,2.7593893305475925,709.205072342063,720.0216797564576,False,0.0,0.95
3,2|2.4|10,87359.30298785935,86999.30298785935,360.0,0.14685464093071476,0.5914376142886829,family_four:10;family_three:10;single_average:2.4;single_low:2.4;two_person_average:10;two_person_low:10,878.4163914444507,consumer_inconvenience_dominant,False,58.741005052925495,714.6133760492603,2.7593893305475925,709.205072342063,720.0216797564576,False,0.0,0.95
3,2.1|2.4|10,87359.30298785935,86999.30298785935,360.0,0.14685464093071476,0.5914376142886829,family_four:10;family_three:10;single_average:2.4;single_low:2.4;two_person_average:10;two_person_low:10,878.4163914444507,consumer_inconvenience_dominant,False,58.741005052925495,714.6133760492603,2.7593893305475925,709.205072342063,720.0216797564576,False,0.0,0.95
3,2.25|2.4|10,87359.30298785935,86999.30298785935,360.0,0.14685464093071476,0.5914376142886829,family_four:10;family_three:10;single_average:2.4;single_low:2.4;two_person_average:10;two_person_low:10,878.4163914444507,consumer_inconvenience_dominant,False,58.741005052925495,714.6133760492603,2.7593893305475925,709.205072342063,720.0216797564576,False,0.0,0.95
3,1.8|2.25|10,87445.41667453102,87085.41667453102,360.0,0.14613682970427638,0.5975141333688081,family_four:10;family_three:10;single_average:2.25;single_low:2.25;two_person_average:10;two_person_low:10,964.5300781161204,consumer_inconvenience_dominant,False,58.85357286058576,800.7270627209313,2.924152538445444,794.9958290602768,806.4582963815857,False,0.0,0.95
3,2|2.25|10,87445.41667453102,87085.41667453102,360.0,0.14613682970427638,0.5975141333688081,family_four:10;family_three:10;single_average:2.25;single_low:2.25;two_person_average:10;two_person_low:10,964.5300781161204,consumer_inconvenience_dominant,False,58.85357286058576,800.7270627209313,2.924152538445444,794.9958290602768,806.4582963815857,False,0.0,0.95
3,2.1|2.25|10,87445.41667453102,87085.41667453102,360.0,0.14613682970427638,0.5975141333688081,family_four:10;family_three:10;single_average:2.25;single_low:2.25;two_person_average:10;two_person_low:10,964.5300781161204,consumer_inconvenience_dominant,False,58.85357286058576,800.7270627209313,2.924152538445444,794.9958290602768,806.4582963815857,False,0.0,0.95
3,1.8|2.1|10,87502.98522737737,87142.98522737737,360.0,0.460810187131812,0.5461444927486122,family_four:10;family_three:10;single_average:10;single_low:2.1;two_person_average:10;two_person_low:10,1022.0986309624714,consumer_inconvenience_dominant,False,58.13750635980484,858.295615567287,3.054938476293679,852.3080461787657,864.2831849558082,False,0.0,0.95
3,2|2.1|10,87502.98522737737,87142.98522737737,360.0,0.460810187131812,0.5461444927486122,family_four:10;family_three:10;single_average:10;single_low:2.1;two_person_average:10;two_person_low:10,1022.0986309624714,consumer_inconvenience_dominant,False,58.13750635980484,858.295615567287,3.054938476293679,852.3080461787657,864.2831849558082,False,0.0,0.95
3,1.8|2|10,87516.72445972849,87156.72445972849,360.0,0.4606950226848081,0.5480383527888558,family_four:10;family_three:10;single_average:10;single_low:2;two_person_average:10;two_person_low:10,1035.8378633135871,consumer_inconvenience_dominant,False,58.112600594450704,872.0348479183931,2.843227567388427,866.4622242864604,877.6074715503258,False,0.0,0.95
3,1.8|4.5|5,88206.83482310543,87846.83482310543,360.0,0.09332461553765876,0.7033003207657932,family_four:5;family_three:5;single_average:5;single_low:4.5;two_person_average:5;two_person_low:5,1725.9482266905252,consumer_inconvenience_dominant,False,59.606394591767966,1562.1452112953496,2.431977817147977,1557.378622362539,1566.91180022816,False,0.0,0.95
3,2|4.5|5,88206.83482310543,87846.83482310543,360.0,0.09332461553765876,0.7033003207657932,family_four:5;family_three:5;single_average:5;single_low:4.5;two_person_average:5;two_person_low:5,1725.9482266905252,consumer_inconvenience_dominant,False,59.606394591767966,1562.1452112953496,2.431977817147977,1557.378622362539,1566.91180022816,False,0.0,0.95
3,2.1|4.5|5,88206.83482310543,87846.83482310543,360.0,0.09332461553765876,0.7033003207657932,family_four:5;family_three:5;single_average:5;single_low:4.5;two_person_average:5;two_person_low:5,1725.9482266905252,consumer_inconvenience_dominant,False,59.606394591767966,1562.1452112953496,2.431977817147977,1557.378622362539,1566.91180022816,False,0.0,0.95
3,2.25|4.5|5,88206.83482310543,87846.83482310543,360.0,0.09332461553765876,0.7033003207657932,family_four:5;family_three:5;single_average:5;single_low:4.5;two_person_average:5;two_person_low:5,1725.9482266905252,consumer_inconvenience_dominant,False,59.606394591767966,1562.1452112953496,2.431977817147977,1557.378622362539,1566.91180022816,False,0.0,0.95
3,2.4|4.5|5,88206.83482310543,87846.83482310543,360.0,0.09332461553765876,0.7033003207657932,family_four:5;family_three:5;single_average:5;single_low:4.5;two_person_average:5;two_person_low:5,1725.9482266905252,consumer_inconvenience_dominant,False,59.606394591767966,1562.1452112953496,2.431977817147977,1557.378622362539,1566.91180022816,False,0.0,0.95
3,3|4.5|5,88206.83482310543,87846.83482310543,360.0,0.09332461553765876,0.7033003207657932,family_four:5;family_three:5;single_average:5;single_low:4.5;two_person_average:5;two_person_low:5,1725.9482266905252,consumer_inconvenience_dominant,False,59.606394591767966,1562.1452112953496,2.431977817147977,1557.378622362539,1566.91180022816,False,0.0,0.95
3,1.8|2|5,88223.03180771024,87863.03180771024,360.0,0.12753751534756197,0.7013790504620875,family_four:5;family_three:5;single_average:5;single_low:5;two_person_average:5;two_person_low:5,1742.1452112953411,consumer_inconvenience_dominant,False,59.64790288188652,1578.3421959001626,2.703671099970664,1573.0430979181783,1583.6412938821468,False,0.0,0.95
3,1.8|2.1|5,88223.03180771024,87863.03180771024,360.0,0.12753751534756197,0.7013790504620875,family_four:5;family_three:5;single_average:5;single_low:5;two_person_average:5;two_person_low:5,1742.1452112953411,consumer_inconvenience_dominant,False,59.64790288188652,1578.3421959001626,2.703671099970664,1573.0430979181783,1583.6412938821468,False,0.0,0.95
3,1.8|2.25|5,88223.03180771024,87863.03180771024,360.0,0.12753751534756197,0.7013790504620875,family_four:5;family_three:5;single_average:5;single_low:5;two_person_average:5;two_person_low:5,1742.1452112953411,consumer_inconvenience_dominant,False,59.64790288188652,1578.3421959001626,2.703671099970664,1573.0430979181783,1583.6412938821468,False,0.0,0.95
3,1.8|2.4|5,88223.03180771024,87863.03180771024,360.0,0.12753751534756197,0.7013790504620875,family_four:5;family_three:5;single_average:5;single_low:5;two_person_average:5;two_person_low:5,1742.1452112953411,consumer_inconvenience_dominant,False,59.64790288188652,1578.3421959001626,2.703671099970664,1573.0430979181783,1583.6412938821468,False,0.0,0.95
3,1.8|3|5,88223.03180771024,87863.03180771024,360.0,0.12753751534756197,0.7013790504620875,family_four:5;family_three:5;single_average:5;single_low:5;two_person_average:5;two_person_low:5,1742.1452112953411,consumer_inconvenience_dominant,False,59.64790288188652,1578.3421959001626,2.703671099970664,1573.0430979181783,1583.6412938821468,False,0.0,0.95
3,2|2.1|5,88223.03180771024,87863.03180771024,360.0,0.12753751534756197,0.7013790504620875,family_four:5;family_three:5;single_average:5;single_low:5;two_person_average:5;two_person_low:5,1742.1452112953411,consumer_inconvenience_dominant,False,59.64790288188652,1578.3421959001626,2.703671099970664,1573.0430979181783,1583.6412938821468,False,0.0,0.95
3,2|2.25|5,88223.03180771024,87863.03180771024,360.0,0.12753751534756197,0.7013790504620875,family_four:5;family_three:5;single_average:5;single_low:5;two_person_average:5;two_person_low:5,1742.1452112953411,consumer_inconvenience_dominant,False,59.64790288188652,1578.3421959001626,2.703671099970664,1573.0430979181783,1583.6412938821468,False,0.0,0.95
3,2|2.4|5,88223.03180771024,87863.03180771024,360.0,0.12753751534756197,0.7013790504620875,family_four:5;family_three:5;single_average:5;single_low:5;two_person_average:5;two_person_low:5,1742.1452112953411,consumer_inconvenience_dominant,False,59.64790288188652,1578.3421959001626,2.703671099970664,1573.0430979181783,1583.6412938821468,False,0.0,0.95
3,2|3|5,88223.03180771024,87863.03180771024,360.0,0.12753751534756197,0.7013790504620875,family_four:5;family_three:5;single_average:5;single_low:5;two_person_average:5;two_person_low:5,1742.1452112953411,consumer_inconvenience_dominant,False,59.64790288188652,1578.3421959001626,2.703671099970664,1573.0430979181783,1583.6412938821468,False,0.0,0.95
3,2.1|2.25|5,88223.03180771024,87863.03180771024,360.0,0.12753751534756197,0.7013790504620875,family_four:5;family_three:5;single_average:5;single_low:5;two_person_average:5;two_person_low:5,1742.1452112953411,consumer_inconvenience_dominant,False,59.64790288188652,1578.3421959001626,2.703671099970664,1573.0430979181783,1583.6412938821468,False,0.0,0.95
3,2.1|2.4|5,88223.03180771024,87863.03180771024,360.0,0.12753751534756197,0.7013790504620875,family_four:5;family_three:5;single_average:5;single_low:5;two_person_average:5;two_person_low:5,1742.1452112953411,consumer_inconvenience_dominant,False,59.64790288188652,1578.3421959001626,2.703671099970664,1573.0430979181783,1583.6412938821468,False,0.0,0.95
3,2.1|3|5,88223.03180771024,87863.03180771024,360.0,0.12753751534756197,0.7013790504620875,family_four:5;family_three:5;single_average:5;single_low:5;two_person_average:5;two_person_low:5,1742.1452112953411,consumer_inconvenience_dominant,False,59.64790288188652,1578.3421959001626,2.703671099970664,1573.0430979181783,1583.6412938821468,False,0.0,0.95
3,2.25|2.4|5,88223.03180771024,87863.03180771024,360.0,0.12753751534756197,0.7013790504620875,family_four:5;family_three:5;single_average:5;single_low:5;two_person_average:5;two_person_low:5,1742.1452112953411,consumer_inconvenience_dominant,False,59.64790288188652,1578.3421959001626,2.703671099970664,1573.0430979181783,1583.6412938821468,False,0.0,0.95
3,2.25|3|5,88223.03180771024,87863.03180771024,360.0,0.12753751534756197,0.7013790504620875,family_four:5;family_three:5;single_average:5;single_low:5;two_person_average:5;two_person_low:5,1742.1452112953411,consumer_inconvenience_dominant,False,59.64790288188652,1578.3421959001626,2.703671099970664,1573.0430979181783,1583.6412938821468,False,0.0,0.95
3,2.4|3|5,88223.03180771024,87863.03180771024,360.0,0.12753751534756197,0.7013790504620875,family_four:5;family_three:5;single_average:5;single_low:5;two_person_average:5;two_person_low:5,1742.1452112953411,consumer_inconvenience_dominant,False,59.64790288188652,1578.3421959001626,2.703671099970664,1573.0430979181783,1583.6412938821468,False,0.0,0.95
3,1.8|2|4.5,88636.30591350983,88276.30591350983,360.0,0.08450804367426554,0.738377424004207,family_four:4.5;family_three:4.5;single_average:4.5;single_low:4.5;two_person_average:4.5;two_person_low:4.5,2155.4193170949293,consumer_inconvenience_dominant,False,60.026823242349614,1991.6163016997264,2.6295726127879386,1986.462434083929,1996.7701693155236,False,0.0,0.95
3,1.8|2.1|4.5,88636.30591350983,88276.30591350983,360.0,0.08450804367426554,0.738377424004207,family_four:4.5;family_three:4.5;single_average:4.5;single_low:4.5;two_person_average:4.5;two_person_low:4.5,2155.4193170949293,consumer_inconvenience_dominant,False,60.026823242349614,1991.6163016997264,2.6295726127879386,1986.462434083929,1996.7701693155236,False,0.0,0.95
3,1.8|2.25|4.5,88636.30591350983,88276.30591350983,360.0,0.08450804367426554,0.738377424004207,family_four:4.5;family_three:4.5;single_average:4.5;single_low:4.5;two_person_average:4.5;two_person_low:4.5,2155.4193170949293,consumer_inconvenience_dominant,False,60.026823242349614,1991.6163016997264,2.6295726127879386,1986.462434083929,1996.7701693155236,False,0.0,0.95
3,1.8|2.4|4.5,88636.30591350983,88276.30591350983,360.0,0.08450804367426554,0.738377424004207,family_four:4.5;family_three:4.5;single_average:4.5;single_low:4.5;two_person_average:4.5;two_person_low:4.5,2155.4193170949293,consumer_inconvenience_dominant,False,60.026823242349614,1991.6163016997264,2.6295726127879386,1986.462434083929,1996.7701693155236,False,0.0,0.95
3,1.8|3|4.5,88636.30591350983,88276.30591350983,360.0,0.08450804367426554,0.738377424004207,family_four:4.5;family_three:4.5;single_average:4.5;single_low:4.5;two_person_average:4.5;two_person_low:4.5,2155.4193170949293,consumer_inconvenience_dominant,False,60.026823242349614,1991.6163016997264,2.6295726127879386,1986.462434083929,1996.7701693155236,False,0.0,0.95
3,2|2.1|4.5,88636.30591350983,88276.30591350983,360.0,0.08450804367426554,0.738377424004207,family_four:4.5;family_three:4.5;single_average:4.5;single_low:4.5;two_person_average:4.5;two_person_low:4.5,2155.4193170949293,consumer_inconvenience_dominant,False,60.026823242349614,1991.6163016997264,2.6295726127879386,1986.462434083929,1996.7701693155236,False,0.0,0.95
3,2|2.25|4.5,88636.30591350983,88276.30591350983,360.0,0.08450804367426554,0.738377424004207,family_four:4.5;family_three:4.5;single_average:4.5;single_low:4.5;two_person_average:4.5;two_person_low:4.5,2155.4193170949293,consumer_inconvenience_dominant,False,60.026823242349614,1991.6163016997264,2.6295726127879386,1986.462434083929,1996.7701693155236,False,0.0,0.95
3,2|2.4|4.5,88636.30591350983,88276.30591350983,360.0,0.08450804367426554,0.738377424004207,family_four:4.5;family_three:4.5;single_average:4.5;single_low:4.5;two_person_average:4.5;two_person_low:4.5,2155.4193170949293,consumer_inconvenience_dominant,False,60.026823242349614,1991.6163016997264,2.6295726127879386,1986.462434083929,1996.7701693155236,False,0.0,0.95
3,2|3|4.5,88636.30591350983,88276.30591350983,360.0,0.08450804367426554,0.738377424004207,family_four:4.5;family_three:4.5;single_average:4.5;single_low:4.5;two_person_average:4.5;two_person_low:4.5,2155.4193170949293,consumer_inconvenience_dominant,False,60.026823242349614,1991.6163016997264,2.6295726127879386,1986.462434083929,1996.7701693155236,False,0.0,0.95
3,2.1|2.25|4.5,88636.30591350983,88276.30591350983,360.0,0.08450804367426554,0.738377424004207,family_four:4.5;family_three:4.5;single_average:4.5;single_low:4.5;two_person_average:4.5;two_person_low:4.5,2155.4193170949293,consumer_inconvenience_dominant,False,60.026823242349614,1991.6163016997264,2.6295726127879386,1986.462434083929,1996.7701693155236,False,0.0,0.95
3,2.1|2.4|4.5,88636.30591350983,88276.30591350983,360.0,0.08450804367426554,0.738377424004207,family_four:4.5;family_three:4.5;single_average:4.5;single_low:4.5;two_person_average:4.5;two_person_low:4.5,2155.4193170949293,consumer_inconvenience_dominant,False,60.026823242349614,1991.6163016997264,2.6295726127879386,1986.462434083929,1996.7701693155236,False,0.0,0.95
3,2.1|3|4.5,88636.30591350983,88276.30591350983,360.0,0.08450804367426554,0.738377424004207,family_four:4.5;family_three:4.5;single_average:4.5;single_low:4.5;two_person_average:4.5;two_person_low:4.5,2155.4193170949293,consumer_inconvenience_dominant,False,60.026823242349614,1991.6163016997264,2.6295726127879386,1986.462434083929,1996.7701693155236,False,0.0,0.95
3,2.25|2.4|4.5,88636.30591350983,88276.30591350983,360.0,0.08450804367426554,0.738377424004207,family_four:4.5;family_three:4.5;single_average:4.5;single_low:4.5;two_person_average:4.5;two_person_low:4.5,2155.4193170949293,consumer_inconvenience_dominant,False,60.026823242349614,1991.6163016997264,2.6295726127879386,1986.462434083929,1996.7701693155236,False,0.0,0.95
3,2.25|3|4.5,88636.30591350983,88276.30591350983,360.0,0.08450804367426554,0.738377424004207,family_four:4.5;family_three:4.5;single_average:4.5;single_low:4.5;two_person_average:4.5;two_person_low:4.5,2155.4193170949293,consumer_inconvenience_dominant,False,60.026823242349614,1991.6163016997264,2.6295726127879386,1986.462434083929,1996.7701693155236,False,0.0,0.95
3,2.4|3|4.5,88636.30591350983,88276.30591350983,360.0,0.08450804367426554,0.738377424004207,family_four:4.5;family_three:4.5;single_average:4.5;single_low:4.5;two_person_average:4.5;two_person_low:4.5,2155.4193170949293,consumer_inconvenience_dominant,False,60.026823242349614,1991.6163016997264,2.6295726127879386,1986.462434083929,1996.7701693155236,False,0.0,0.95
3,1.8|2|3,90868.98846029918,90508.98846029918,360.0,0.009734815380715238,0.9090553621100282,family_four:3;family_three:3;single_average:3;single_low:3;two_person_average:3;two_person_low:3,4388.10186388428,consumer_inconvenience_dominant,False,61.5853510652893,4224.298848489071,4.097098968038172,4216.26868207062,4232.329014907522,False,0.0,0.95
3,1.8|2.1|3,90868.98846029918,90508.98846029918,360.0,0.009734815380715238,0.9090553621100282,family_four:3;family_three:3;single_average:3;single_low:3;two_person_average:3;two_person_low:3,4388.10186388428,consumer_inconvenience_dominant,False,61.5853510652893,4224.298848489071,4.097098968038172,4216.26868207062,4232.329014907522,False,0.0,0.95
3,1.8|2.25|3,90868.98846029918,90508.98846029918,360.0,0.009734815380715238,0.9090553621100282,family_four:3;family_three:3;single_average:3;single_low:3;two_person_average:3;two_person_low:3,4388.10186388428,consumer_inconvenience_dominant,False,61.5853510652893,4224.298848489071,4.097098968038172,4216.26868207062,4232.329014907522,False,0.0,0.95
3,1.8|2.4|3,90868.98846029918,90508.98846029918,360.0,0.009734815380715238,0.9090553621100282,family_four:3;family_three:3;single_average:3;single_low:3;two_person_average:3;two_person_low:3,4388.10186388428,consumer_inconvenience_dominant,False,61.5853510652893,4224.298848489071,4.097098968038172,4216.26868207062,4232.329014907522,False,0.0,0.95
3,2|2.1|3,90868.98846029918,90508.98846029918,360.0,0.009734815380715238,0.9090553621100282,family_four:3;family_three:3;single_average:3;single_low:3;two_person_average:3;two_person_low:3,4388.10186388428,consumer_inconvenience_dominant,False,61.5853510652893,4224.298848489071,4.097098968038172,4216.26868207062,4232.329014907522,False,0.0,0.95
3,2|2.25|3,90868.98846029918,90508.98846029918,360.0,0.009734815380715238,0.9090553621100282,family_four:3;family_three:3;single_average:3;single_low:3;two_person_average:3;two_person_low:3,4388.10186388428,consumer_inconvenience_dominant,False,61.5853510652893,4224.298848489071,4.097098968038172,4216.26868207062,4232.329014907522,False,0.0,0.95
3,2|2.4|3,90868.98846029918,90508.98846029918,360.0,0.009734815380715238,0.9090553621100282,family_four:3;family_three:3;single_average:3;single_low:3;two_person_average:3;two_person_low:3,4388.10186388428,consumer_inconvenience_dominant,False,61.5853510652893,4224.298848489071,4.097098968038172,4216.26868207062,4232.329014907522,False,0.0,0.95
3,2.1|2.25|3,90868.98846029918,90508.98846029918,360.0,0.009734815380715238,0.9090553621100282,family_four:3;family_three:3;single_average:3;single_low:3;two_person_average:3;two_person_low:3,4388.10186388428,consumer_inconvenience_dominant,False,61.5853510652893,4224.298848489071,4.097098968038172,4216.26868207062,4232.329014907522,False,0.0,0.95
3,2.1|2.4|3,90868.98846029918,90508.98846029918,360.0,0.009734815380715238,0.9090553621100282,family_four:3;family_three:3;single_average:3;single_low:3;two_person_average:3;two_person_low:3,4388.10186388428,consumer_inconvenience_dominant,False,61.5853510652893,4224.298848489071,4.097098968038172,4216.26868207062,4232.329014907522,False,0.0,0.95
3,2.25|2.4|3,90868.98846029918,90508.98846029918,360.0,0.009734815380715238,0.9090553621100282,family_four:3;family_three:3;single_average:3;single_low:3;two_person_average:3;two_person_low:3,4388.10186388428,consumer_inconvenience_dominant,False,61.5853510652893,4224.298848489071,4.097098968038172,4216.26868207062,4232.329014907522,False,0.0,0.95
3,1.8|2|2.4,92449.6879405012,92089.6879405012,360.0,0.0014077108416776169,1.0261761227456516,family_four:2.4;family_three:2.4;single_average:2.4;single_low:2.4;two_person_average:2.4;two_person_low:2.4,5968.8013440863,consumer_inconvenience_dominant,False,62.73543204356615,5804.998328691116,5.183759649435478,5794.83834647371,5815.158310908521,False,0.0,0.95
3,1.8|2.1|2.4,92449.6879405012,92089.6879405012,360.0,0.0014077108416776169,1.0261761227456516,family_four:2.4;family_three:2.4;single_average:2.4;single_low:2.4;two_person_average:2.4;two_person_low:2.4,5968.8013440863,consumer_inconvenience_dominant,False,62.73543204356615,5804.998328691116,5.183759649435478,5794.83834647371,5815.158310908521,False,0.0,0.95
3,1.8|2.25|2.4,92449.6879405012,92089.6879405012,360.0,0.0014077108416776169,1.0261761227456516,family_four:2.4;family_three:2.4;single_average:2.4;single_low:2.4;two_person_average:2.4;two_person_low:2.4,5968.8013440863,consumer_inconvenience_dominant,False,62.73543204356615,5804.998328691116,5.183759649435478,5794.83834647371,5815.158310908521,False,0.0,0.95
3,2|2.1|2.4,92449.6879405012,92089.6879405012,360.0,0.0014077108416776169,1.0261761227456516,family_four:2.4;family_three:2.4;single_average:2.4;single_low:2.4;two_person_average:2.4;two_person_low:2.4,5968.8013440863,consumer_inconvenience_dominant,False,62.73543204356615,5804.998328691116,5.183759649435478,5794.83834647371,5815.158310908521,False,0.0,0.95
3,2|2.25|2.4,92449.6879405012,92089.6879405012,360.0,0.0014077108416776169,1.0261761227456516,family_four:2.4;family_three:2.4;single_average:2.4;single_low:2.4;two_person_average:2.4;two_person_low:2.4,5968.8013440863,consumer_inconvenience_dominant,False,62.73543204356615,5804.998328691116,5.183759649435478,5794.83834647371,5815.158310908521,False,0.0,0.95
3,2.1|2.25|2.4,92449.6879405012,92089.6879405012,360.0,0.0014077108416776169,1.0261761227456516,family_four:2.4;family_three:2.4;single_average:2.4;single_low:2.4;two_person_average:2.4;two_person_low:2.4,5968.8013440863,consumer_inconvenience_dominant,False,62.73543204356615,5804.998328691116,5.183759649435478,5794.83834647371,5815.158310908521,False,0.0,0.95
3,1.8|2|2.25,92965.363939137,92605.363939137,360.0,0.0006898996152392388,1.0638836701742425,family_four:2.25;family_three:2.25;single_average:2.25;single_low:2.25;two_person_average:2.25;two_person_low:2.25,6484.477342722093,consumer_inconvenience_dominant,False,63.234987727157225,6320.6743273268985,5.577927148355249,6309.741791007734,6331.606863646063,False,0.0,0.95
3,1.8|2.1|2.25,92965.363939137,92605.363939137,360.0,0.0006898996152392388,1.0638836701742425,family_four:2.25;family_three:2.25;single_average:2.25;single_low:2.25;two_person_average:2.25;two_person_low:2.25,6484.477342722093,consumer_inconvenience_dominant,False,63.234987727157225,6320.6743273268985,5.577927148355249,6309.741791007734,6331.606863646063,False,0.0,0.95
3,2|2.1|2.25,92965.363939137,92605.363939137,360.0,0.0006898996152392388,1.0638836701742425,family_four:2.25;family_three:2.25;single_average:2.25;single_low:2.25;two_person_average:2.25;two_person_low:2.25,6484.477342722093,consumer_inconvenience_dominant,False,63.234987727157225,6320.6743273268985,5.577927148355249,6309.741791007734,6331.606863646063,False,0.0,0.95
3,1.8|2|2.1,93529.36890361093,93169.36890361093,360.0,0.0002901058537106464,1.1060243203947575,family_four:2.1;family_three:2.1;single_average:2.1;single_low:2.1;two_person_average:2.1;two_person_low:2.1,7048.482307196027,consumer_inconvenience_dominant,False,63.772291180082384,6884.679291800833,6.287945256633652,6872.355145561071,6897.003438040595,False,0.0,0.95
1,9,86381.56895548275,86381.56895548275,0.0,0.754890693164031,0.5379353000559841,family_four:9;family_three:9;single_average:9;single_low:9;two_person_average:9;two_person_low:9,294.9303179347917,no_discrete_consumption_quantum,False,53.15935907969317,0.0,0.0,0.0,0.0,True,0.9947916666666666,0.95
1,10,86443.47832249959,86443.47832249959,0.0,0.9905578759535765,0.51318663803095,family_four:10;family_three:10;single_average:10;single_low:10;two_person_average:10;two_person_low:10,356.83968495162844,no_discrete_consumption_quantum,False,52.885307299751396,61.909367016810315,1.9810507970420153,58.02657880306359,65.79215523055703,False,0.005208333333333333,0.95
1,5,87800.37464683446,87800.37464683446,0.0,0.12806836174188238,0.7021428382149956,family_four:5;family_three:5;single_average:5;single_low:5;two_person_average:5;two_person_low:5,1713.7360092864983,no_discrete_consumption_quantum,False,54.694379034583626,1418.8056913516857,2.1995936067314763,1414.4945671018675,1423.116815601504,False,0.0,0.95
1,4.5,88255.38920457484,88255.38920457484,0.0,0.08475627411727198,0.7392870389605231,family_four:4.5;family_three:4.5;single_average:4.5;single_low:4.5;two_person_average:4.5;two_person_low:4.5,2168.750567026873,no_discrete_consumption_quantum,False,55.028921202490764,1873.8202490920705,2.37232171163652,1869.1705839775204,1878.4699142066206,False,0.0,0.95
1,3,90466.20466409196,90466.20466409196,0.0,0.009705708625109931,0.9102294052568064,family_four:3;family_three:3;single_average:3;single_low:3;two_person_average:3;two_person_low:3,4379.566026543995,no_discrete_consumption_quantum,False,56.39754913265994,4084.6357086091834,3.5710684070115044,4077.6365431451122,4091.6348740732547,False,0.0,0.95
1,2.4,92005.02789950755,92005.02789950755,0.0,0.0012870361780724215,1.0275227557106736,family_four:2.4;family_three:2.4;single_average:2.4;single_low:2.4;two_person_average:2.4;two_person_low:2.4,5918.389261959586,no_discrete_consumption_quantum,False,57.56727595671774,5623.458944024788,4.679172964635604,5614.287933536669,5632.629954512908,False,0.0,0.95
1,2.25,92499.13854807036,92499.13854807036,0.0,0.0006645460297492395,1.0651501973956607,family_four:2.25;family_three:2.25;single_average:2.25;single_low:2.25;two_person_average:2.25;two_person_low:2.25,6412.499910522398,no_discrete_consumption_quantum,False,57.81563536188855,6117.5695925875925,4.896125122336276,6107.973363684012,6127.165821491173,False,0.0,0.95
1,2.1,93052.81055346623,93052.81055346623,0.0,0.00028234624746443745,1.1072726249293854,family_four:2.1;family_three:2.1;single_average:2.1;single_low:2.1;two_person_average:2.1;two_person_low:2.1,6966.1719159182685,no_discrete_consumption_quantum,False,58.12549472249409,6671.241597983459,5.234484187785863,6660.982197497754,6681.500998469163,False,0.0,0.95
1,2,93464.11099229653,93464.11099229653,0.0,0.00014974711729086372,1.1387498939680498,family_four:2;family_three:2;single_average:2;single_low:2;two_person_average:2;two_person_low:2,7377.472354748563,no_discrete_consumption_quantum,False,58.42878267783787,7082.542036813745,5.51335054784313,7071.736068305828,7093.348005321662,False,0.0,0.95
1,1.8,94401.10611646743,94401.10611646743,0.0,4.5096269682695524e-05,1.2100460603089043,family_four:1.8;family_three:1.8;single_average:1.8;single_low:1.8;two_person_average:1.8;two_person_low:1.8,8314.467478919469,no_discrete_consumption_quantum,False,59.00804668918081,8019.537160984663,6.077072438268372,8007.6263178742165,8031.44800409511,False,0.0,0.95
2,5|10,86086.63863754796,85906.63863754796,180.0,0.2733683471683258,0.5409042331942921,family_four:10;family_three:10;single_average:5;single_low:5;two_person_average:10;two_person_low:10,0.0,no_discrete_consumption_quantum,False,53.001355272936145,0.0,0.0,0.0,0.0,True,1.0,0.95
2,4.5|10,86111.73598980316,85931.73598980316,180.0,0.23021231717749935,0.5465951930302917,family_four:10;family_three:10;single_average:4.5;single_low:4.5;two_person_average:10;two_person_low:10,25.097352255193982,no_discrete_consumption_quantum,False,53.0218514043363,25.09735225520588,0.7333635086159159,23.659986190742757,26.534718319669004,False,0.0,0.95
2,5|9,86196.7332910873,86016.7332910873,180.0,0.21302356405919934,0.5612749171339563,family_four:9;family_three:9;single_average:5;single_low:5;two_person_average:9;two_person_low:9,110.09465353933047,no_discrete_consumption_quantum,False,53.17591660328117,110.09465353935866,0.862526331391148,108.40413299411455,111.78517408460277,False,0.0,0.95
2,4.5|9,86221.8306433425,86041.8306433425,180.0,0.1698675340683729,0.5669658769699557,family_four:9;family_three:9;single_average:4.5;single_low:4.5;two_person_average:9;two_person_low:9,135.192005794539,no_discrete_consumption_quantum,False,53.195628477138925,135.19200579456438,1.097948364572495,133.04006654311763,137.34394504601113,False,0.0,0.95
2,3|10,86321.55720713337,86141.55720713337,180.0,0.4721157853767247,0.5349113481250685,family_four:10;family_three:10;single_average:10;single_low:3;two_person_average:10;two_person_low:10,234.9185695854103,no_discrete_consumption_quantum,False,52.8823648905359,234.91856958541348,1.234747251119797,232.49850944320883,237.33862972761813,False,0.0,0.95
2,3|9,86350.51457054903,86170.51457054903,180.0,0.3311074026969574,0.5574828839584228,family_four:9;family_three:9;single_average:9;single_low:3;two_person_average:9;two_person_low:9,263.8759330010653,no_discrete_consumption_quantum,False,53.23678538818691,263.8759330010917,1.584275302953683,260.77081046570623,266.9810555364772,False,0.0,0.95
2,2.4|10,86403.32942715772,86223.32942715772,180.0,0.4637030930810524,0.5417844593139365,family_four:10;family_three:10;single_average:10;single_low:2.4;two_person_average:10;two_person_low:10,316.6907896097546,no_discrete_consumption_quantum,False,52.965000753867024,316.69078960975327,1.394606883098081,313.95741034628935,319.4241688732172,False,0.0,0.95
2,9|10,86415.27721500349,86235.27721500349,180.0,0.7684737933113147,0.5199785829747645,family_four:10;family_three:10;single_average:9;single_low:9;two_person_average:10;two_person_low:9,328.6385774555238,no_discrete_consumption_quantum,False,52.93251432523873,328.63857745553247,1.4971277866183683,325.7042609135063,331.57289399755865,False,0.0,0.95
2,2.4|9,86432.28679057337,86252.28679057337,180.0,0.32269471040128506,0.5643559951472908,family_four:9;family_three:9;single_average:9;single_low:2.4;two_person_average:9;two_person_low:9,345.64815302540956,no_discrete_consumption_quantum,False,53.32041893530187,345.6481530254313,1.7593249690322457,342.1999394490261,349.09636660183656,False,0.0,0.95
2,2.25|10,86432.32704837671,86252.32704837671,180.0,0.4630806310134524,0.5440546230358841,family_four:10;family_three:10;single_average:10;single_low:2.25;two_person_average:10;two_person_low:10,345.6884108287486,no_discrete_consumption_quantum,False,52.93302839261242,345.6884108287443,1.4298635873921506,342.88592969465043,348.49089196283813,False,0.0,0.95
2,2.25|9,86461.28441179237,86281.28441179237,180.0,0.32207224833368503,0.5666261588692385,family_four:9;family_three:9;single_average:9;single_low:2.25;two_person_average:9;two_person_low:9,374.6457742444036,no_discrete_consumption_quantum,False,53.28867098750833,374.6457742444226,1.7877349047505497,371.1418782172064,378.14967027163885,False,0.0,0.95
2,2.1|10,86464.8170054363,86284.8170054363,180.0,0.4626984312311676,0.546546136068175,family_four:10;family_three:10;single_average:10;single_low:2.1;two_person_average:10;two_person_low:10,378.17836788833665,no_discrete_consumption_quantum,False,52.962905594610426,378.17836788834444,1.4867088853863581,375.26447201749147,381.0922637591974,False,0.0,0.95
2,2|10,86489.28336348619,86309.28336348619,180.0,0.462565832100994,0.5484707291618621,family_four:10;family_three:10;single_average:10;single_low:2;two_person_average:10;two_person_low:10,402.64472593822575,no_discrete_consumption_quantum,False,52.98493525938941,402.6447259382275,1.5255837603880016,399.65463671246783,405.6348151639872,False,0.0,0.95
2,2.1|9,86493.77436885195,86313.77436885195,180.0,0.3216900485514002,0.5691176719015293,family_four:9;family_three:9;single_average:9;single_low:2.1;two_person_average:9;two_person_low:9,407.13573130399163,no_discrete_consumption_quantum,False,53.31866320013993,407.13573130402216,1.8426353805195408,403.5242323215646,410.7472302864797,False,0.0,0.95
2,2|9,86518.24072690184,86338.24072690184,180.0,0.32155744942122666,0.5710422649952165,family_four:9;family_three:9;single_average:9;single_low:2;two_person_average:9;two_person_low:9,431.60208935388073,no_discrete_consumption_quantum,False,53.34192019416294,431.6020893539052,1.9128556605348581,427.85296115163334,435.3512175561771,False,0.0,0.95
2,1.8|10,86544.53967436138,86364.53967436138,180.0,0.46246118125338587,0.5526442679158472,family_four:10;family_three:10;single_average:10;single_low:1.8;two_person_average:10;two_person_low:10,457.9010368134186,no_discrete_consumption_quantum,False,52.99849578887413,457.9010368134248,1.567726939440458,454.8283484745283,460.9737251523213,False,0.0,0.95
2,1.8|9,86561.56895548275,86381.56895548275,180.0,0.754890693164031,0.5379353000559841,family_four:9;family_three:9;single_average:9;single_low:9;two_person_average:9;two_person_low:9,474.9303179347917,no_discrete_consumption_quantum,False,53.15935907969317,474.93031793482027,1.6738908563010522,471.6495521424193,478.21108372722125,False,0.0,0.95
2,4.5|5,87970.35048687369,87790.35048687369,180.0,0.0934719946414041,0.7041584455299211,family_four:5;family_three:5;single_average:5;single_low:4.5;two_person_average:5;two_person_low:5,1883.7118493257294,no_discrete_consumption_quantum,False,54.70641086889121,1883.7118493257306,2.071263714876027,1879.652247042089,1887.7714516093722,False,0.0,0.95
2,1.8|5,87980.37464683446,87800.37464683446,180.0,0.12806836174188238,0.7021428382149956,family_four:5;family_three:5;single_average:5;single_low:5;two_person_average:5;two_person_low:5,1893.7360092864983,no_discrete_consumption_quantum,False,54.694379034583626,1893.7360092865058,2.011850626021633,1889.792854517229,1897.6791640557826,False,0.0,0.95
2,2|5,87980.37464683446,87800.37464683446,180.0,0.12806836174188238,0.7021428382149956,family_four:5;family_three:5;single_average:5;single_low:5;two_person_average:5;two_person_low:5,1893.7360092864983,no_discrete_consumption_quantum,False,54.694379034583626,1893.7360092865058,2.011850626021633,1889.792854517229,1897.6791640557826,False,0.0,0.95
2,2.1|5,87980.37464683446,87800.37464683446,180.0,0.12806836174188238,0.7021428382149956,family_four:5;family_three:5;single_average:5;single_low:5;two_person_average:5;two_person_low:5,1893.7360092864983,no_discrete_consumption_quantum,False,54.694379034583626,1893.7360092865058,2.011850626021633,1889.792854517229,1897.6791640557826,False,0.0,0.95
2,2.25|5,87980.37464683446,87800.37464683446,180.0,0.12806836174188238,0.7021428382149956,family_four:5;family_three:5;single_average:5;single_low:5;two_person_average:5;two_person_low:5,1893.7360092864983,no_discrete_consumption_quantum,False,54.694379034583626,1893.7360092865058,2.011850626021633,1889.792854517229,1897.6791640557826,False,0.0,0.95
2,2.4|5,87980.37464683446,87800.37464683446,180.0,0.12806836174188238,0.7021428382149956,family_four:5;family_three:5;single_average:5;single_low:5;two_person_average:5;two_person_low:5,1893.7360092864983,no_discrete_consumption_quantum,False,54.694379034583626,1893.7360092865058,2.011850626021633,1889.792854517229,1897.6791640557826,False,0.0,0.95
2,3|5,87980.37464683446,87800.37464683446,180.0,0.12806836174188238,0.7021428382149956,family_four:5;family_three:5;single_average:5;single_low:5;two_person_average:5;two_person_low:5,1893.7360092864983,no_discrete_consumption_quantum,False,54.694379034583626,1893.7360092865058,2.011850626021633,1889.792854517229,1897.6791640557826,False,0.0,0.95
2,1.8|4.5,88435.38920457484,88255.38920457484,180.0,0.08475627411727198,0.7392870389605231,family_four:4.5;family_three:4.5;single_average:4.5;single_low:4.5;two_person_average:4.5;two_person_low:4.5,2348.750567026873,no_discrete_consumption_quantum,False,55.028921202490764,2348.7505670268906,2.3743941680597085,2344.0968399723915,2353.4042940813897,False,0.0,0.95
2,2|4.5,88435.38920457484,88255.38920457484,180.0,0.08475627411727198,0.7392870389605231,family_four:4.5;family_three:4.5;single_average:4.5;single_low:4.5;two_person_average:4.5;two_person_low:4.5,2348.750567026873,no_discrete_consumption_quantum,False,55.028921202490764,2348.7505670268906,2.3743941680597085,2344.0968399723915,2353.4042940813897,False,0.0,0.95
2,2.1|4.5,88435.38920457484,88255.38920457484,180.0,0.08475627411727198,0.7392870389605231,family_four:4.5;family_three:4.5;single_average:4.5;single_low:4.5;two_person_average:4.5;two_person_low:4.5,2348.750567026873,no_discrete_consumption_quantum,False,55.028921202490764,2348.7505670268906,2.3743941680597085,2344.0968399723915,2353.4042940813897,False,0.0,0.95
2,2.25|4.5,88435.38920457484,88255.38920457484,180.0,0.08475627411727198,0.7392870389605231,family_four:4.5;family_three:4.5;single_average:4.5;single_low:4.5;two_person_average:4.5;two_person_low:4.5,2348.750567026873,no_discrete_consumption_quantum,False,55.028921202490764,2348.7505670268906,2.3743941680597085,2344.0968399723915,2353.4042940813897,False,0.0,0.95
2,2.4|4.5,88435.38920457484,88255.38920457484,180.0,0.08475627411727198,0.7392870389605231,family_four:4.5;family_three:4.5;single_average:4.5;single_low:4.5;two_person_average:4.5;two_person_low:4.5,2348.750567026873,no_discrete_consumption_quantum,False,55.028921202490764,2348.7505670268906,2.3743941680597085,2344.0968399723915,2353.4042940813897,False,0.0,0.95
2,3|4.5,88435.38920457484,88255.38920457484,180.0,0.08475627411727198,0.7392870389605231,family_four:4.5;family_three:4.5;single_average:4.5;single_low:4.5;two_person_average:4.5;two_person_low:4.5,2348.750567026873,no_discrete_consumption_quantum,False,55.028921202490764,2348.7505670268906,2.3743941680597085,2344.0968399723915,2353.4042940813897,False,0.0,0.95
2,1.8|3,90646.20466409196,90466.20466409196,180.0,0.009705708625109931,0.9102294052568064,family_four:3;family_three:3;single_average:3;single_low:3;two_person_average:3;two_person_low:3,4559.566026543995,no_discrete_consumption_quantum,False,56.39754913265994,4559.566026544004,3.5831011077787718,4552.543277419792,4566.588775668216,False,0.0,0.95
2,2|3,90646.20466409196,90466.20466409196,180.0,0.009705708625109931,0.9102294052568064,family_four:3;family_three:3;single_average:3;single_low:3;two_person_average:3;two_person_low:3,4559.566026543995,no_discrete_consumption_quantum,False,56.39754913265994,4559.566026544004,3.5831011077787718,4552.543277419792,4566.588775668216,False,0.0,0.95
2,2.1|3,90646.20466409196,90466.20466409196,180.0,0.009705708625109931,0.9102294052568064,family_four:3;family_three:3;single_average:3;single_low:3;two_person_average:3;two_person_low:3,4559.566026543995,no_discrete_consumption_quantum,False,56.39754913265994,4559.566026544004,3.5831011077787718,4552.543277419792,4566.588775668216,False,0.0,0.95
2,2.25|3,90646.20466409196,90466.20466409196,180.0,0.009705708625109931,0.9102294052568064,family_four:3;family_three:3;single_average:3;single_low:3;two_person_average:3;two_person_low:3,4559.566026543995,no_discrete_consumption_quantum,False,56.39754913265994,4559.566026544004,3.5831011077787718,4552.543277419792,4566.588775668216,False,0.0,0.95
2,2.4|3,90646.20466409196,90466.20466409196,180.0,0.009705708625109931,0.9102294052568064,family_four:3;family_three:3;single_average:3;single_low:3;two_person_average:3;two_person_low:3,4559.566026543995,no_discrete_consumption_quantum,False,56.39754913265994,4559.566026544004,3.5831011077787718,4552.543277419792,4566.588775668216,False,0.0,0.95
2,1.8|2.4,92185.02789950755,92005.02789950755,180.0,0.0012870361780724215,1.0275227557106736,family_four:2.4;family_three:2.4;single_average:2.4;single_low:2.4;two_person_average:2.4;two_person_low:2.4,6098.389261959586,no_discrete_consumption_quantum,False,57.56727595671774,6098.389261959609,4.727036933691118,6089.124439815983,6107.654084103235,False,0.0,0.95
2,2|2.4,92185.02789950755,92005.02789950755,180.0,0.0012870361780724215,1.0275227557106736,family_four:2.4;family_three:2.4;single_average:2.4;single_low:2.4;two_person_average:2.4;two_person_low:2.4,6098.389261959586,no_discrete_consumption_quantum,False,57.56727595671774,6098.389261959609,4.727036933691118,6089.124439815983,6107.654084103235,False,0.0,0.95
2,2.1|2.4,92185.02789950755,92005.02789950755,180.0,0.0012870361780724215,1.0275227557106736,family_four:2.4;family_three:2.4;single_average:2.4;single_low:2.4;two_person_average:2.4;two_person_low:2.4,6098.389261959586,no_discrete_consumption_quantum,False,57.56727595671774,6098.389261959609,4.727036933691118,6089.124439815983,6107.654084103235,False,0.0,0.95
2,2.25|2.4,92185.02789950755,92005.02789950755,180.0,0.0012870361780724215,1.0275227557106736,family_four:2.4;family_three:2.4;single_average:2.4;single_low:2.4;two_person_average:2.4;two_person_low:2.4,6098.389261959586,no_discrete_consumption_quantum,False,57.56727595671774,6098.389261959609,4.727036933691118,6089.124439815983,6107.654084103235,False,0.0,0.95
2,1.8|2.25,92679.13854807036,92499.13854807036,180.0,0.0006645460297492395,1.0651501973956607,family_four:2.25;family_three:2.25;single_average:2.25;single_low:2.25;two_person_average:2.25;two_person_low:2.25,6592.499910522398,no_discrete_consumption_quantum,False,57.81563536188855,6592.499910522413,4.95352790694021,6582.791174228397,6602.20864681643,False,0.0,0.95
2,2|2.25,92679.13854807036,92499.13854807036,180.0,0.0006645460297492395,1.0651501973956607,family_four:2.25;family_three:2.25;single_average:2.25;single_low:2.25;two_person_average:2.25;two_person_low:2.25,6592.499910522398,no_discrete_consumption_quantum,False,57.81563536188855,6592.499910522413,4.95352790694021,6582.791174228397,6602.20864681643,False,0.0,0.95
2,2.1|2.25,92679.13854807036,92499.13854807036,180.0,0.0006645460297492395,1.0651501973956607,family_four:2.25;family_three:2.25;single_average:2.25;single_low:2.25;two_person_average:2.25;two_person_low:2.25,6592.499910522398,no_discrete_consumption_quantum,False,57.81563536188855,6592.499910522413,4.95352790694021,6582.791174228397,6602.20864681643,False,0.0,0.95
2,1.8|2.1,93232.81055346623,93052.81055346623,180.0,0.00028234624746443745,1.1072726249293854,family_four:2.1;family_three:2.1;single_average:2.1;single_low:2.1;two_person_average:2.1;two_person_low:2.1,7146.1719159182685,no_discrete_consumption_quantum,False,58.12549472249409,7146.171915918279,5.278181792625616,7135.826869700878,7156.516962135681,False,0.0,0.95
2,2|2.1,93232.81055346623,93052.81055346623,180.0,0.00028234624746443745,1.1072726249293854,family_four:2.1;family_three:2.1;single_average:2.1;single_low:2.1;two_person_average:2.1;two_person_low:2.1,7146.1719159182685,no_discrete_consumption_quantum,False,58.12549472249409,7146.171915918279,5.278181792625616,7135.826869700878,7156.516962135681,False,0.0,0.95
2,1.8|2,93644.11099229653,93464.11099229653,180.0,0.00014974711729086372,1.1387498939680498,family_four:2;family_three:2;single_average:2;single_low:2;two_person_average:2;two_person_low:2,7557.472354748563,no_discrete_consumption_quantum,False,58.42878267783787,7557.472354748564,5.566396204216257,7546.562418664619,7568.382290832508,False,0.0,0.95
3,5|9|10,86230.44155060803,85870.44155060803,360.0,0.22660666420648296,0.5433182000527367,family_four:10;family_three:10;single_average:5;single_low:5;two_person_average:10;two_person_low:9,143.80291306006256,no_discrete_consumption_quantum,False,52.950985396682114,0.0,0.0,0.0,0.0,True,0.9739583333333334,0.95
3,4.5|9|10,86255.53890286322,85895.53890286322,360.0,0.18345063421565652,0.5490091598887362,family_four:10;family_three:10;single_average:4.5;single_low:4.5;two_person_average:10;two_person_low:9,168.90026531525655,no_discrete_consumption_quantum,False,52.971043047988125,25.097352255205198,0.7333635086159321,23.659986190742043,26.534718319668354,False,0.0,0.95
3,4.5|5|10,86256.61447758718,85896.61447758718,360.0,0.23877198006784747,0.5429198405092176,family_four:10;family_three:10;single_average:5;single_low:4.5;two_person_average:10;two_person_low:10,169.97584003921656,no_discrete_consumption_quantum,False,53.014748106710805,26.17292697915339,0.8817077422287716,24.444811559494873,27.90104239881191,False,0.026041666666666668,0.95
3,1.8|5|10,86266.63863754796,85906.63863754796,360.0,0.2733683471683258,0.5409042331942921,family_four:10;family_three:10;single_average:5;single_low:5;two_person_average:10;two_person_low:10,180.0,no_discrete_consumption_quantum,False,53.001355272936145,36.197086939928944,0.6152767959894802,34.99116657926636,37.403007300591526,False,0.0,0.95
3,2|5|10,86266.63863754796,85906.63863754796,360.0,0.2733683471683258,0.5409042331942921,family_four:10;family_three:10;single_average:5;single_low:5;two_person_average:10;two_person_low:10,180.0,no_discrete_consumption_quantum,True,53.001355272936145,36.197086939928944,0.6152767959894802,34.99116657926636,37.403007300591526,False,0.0,0.95
3,2.1|5|10,86266.63863754796,85906.63863754796,360.0,0.2733683471683258,0.5409042331942921,family_four:10;family_three:10;single_average:5;single_low:5;two_person_average:10;two_person_low:10,180.0,no_discrete_consumption_quantum,False,53.001355272936145,36.197086939928944,0.6152767959894802,34.99116657926636,37.403007300591526,False,0.0,0.95
3,2.25|5|10,86266.63863754796,85906.63863754796,360.0,0.2733683471683258,0.5409042331942921,family_four:10;family_three:10;single_average:5;single_low:5;two_person_average:10;two_person_low:10,180.0,no_discrete_consumption_quantum,False,53.001355272936145,36.197086939928944,0.6152767959894802,34.99116657926636,37.403007300591526,False,0.0,0.95
3,2.4|5|10,86266.63863754796,85906.63863754796,360.0,0.2733683471683258,0.5409042331942921,family_four:10;family_three:10;single_average:5;single_low:5;two_person_average:10;two_person_low:10,180.0,no_discrete_consumption_quantum,False,53.001355272936145,36.197086939928944,0.6152767959894802,34.99116657926636,37.403007300591526,False,0.0,0.95
3,3|5|10,86266.63863754796,85906.63863754796,360.0,0.2733683471683258,0.5409042331942921,family_four:10;family_three:10;single_average:5;single_low:5;two_person_average:10;two_person_low:10,180.0,no_discrete_consumption_quantum,False,53.001355272936145,36.197086939928944,0.6152767959894802,34.99116657926636,37.403007300591526,False,0.0,0.95
3,1.8|4.5|10,86291.73598980316,85931.73598980316,360.0,0.23021231717749935,0.5465951930302917,family_four:10;family_three:10;single_average:4.5;single_low:4.5;two_person_average:10;two_person_low:10,205.09735225519398,no_discrete_consumption_quantum,False,53.0218514043363,61.29443919513483,0.9822963070321403,59.36917381120514,63.21970457906452,False,0.0,0.95
3,2|4.5|10,86291.73598980316,85931.73598980316,360.0,0.23021231717749935,0.5465951930302917,family_four:10;family_three:10;single_average:4.5;single_low:4.5;two_person_average:10;two_person_low:10,205.09735225519398,no_discrete_consumption_quantum,False,53.0218514043363,61.29443919513483,0.9822963070321403,59.36917381120514,63.21970457906452,False,0.0,0.95
3,2.1|4.5|10,86291.73598980316,85931.73598980316,360.0,0.23021231717749935,0.5465951930302917,family_four:10;family_three:10;single_average:4.5;single_low:4.5;two_person_average:10;two_person_low:10,205.09735225519398,no_discrete_consumption_quantum,False,53.0218514043363,61.29443919513483,0.9822963070321403,59.36917381120514,63.21970457906452,False,0.0,0.95
3,2.25|4.5|10,86291.73598980316,85931.73598980316,360.0,0.23021231717749935,0.5465951930302917,family_four:10;family_three:10;single_average:4.5;single_low:4.5;two_person_average:10;two_person_low:10,205.09735225519398,no_discrete_consumption_quantum,False,53.0218514043363,61.29443919513483,0.9822963070321403,59.36917381120514,63.21970457906452,False,0.0,0.95
3,2.4|4.5|10,86291.73598980316,85931.73598980316,360.0,0.23021231717749935,0.5465951930302917,family_four:10;family_three:10;single_average:4.5;single_low:4.5;two_person_average:10;two_person_low:10,205.09735225519398,no_discrete_consumption_quantum,False,53.0218514043363,61.29443919513483,0.9822963070321403,59.36917381120514,63.21970457906452,False,0.0,0.95
3,3|4.5|10,86291.73598980316,85931.73598980316,360.0,0.23021231717749935,0.5465951930302917,family_four:10;family_three:10;single_average:4.5;single_low:4.5;two_person_average:10;two_person_low:10,205.09735225519398,no_discrete_consumption_quantum,False,53.0218514043363,61.29443919513483,0.9822963070321403,59.36917381120514,63.21970457906452,False,0.0,0.95
3,4.5|5|9,86366.70913112652,86006.70913112652,360.0,0.17842719695872103,0.5632905244488817,family_four:9;family_three:9;single_average:5;single_low:4.5;two_person_average:9;two_person_low:9,280.0704935785616,no_discrete_consumption_quantum,False,53.18887714619346,136.26758051851274,0.919241034503083,134.46590119777537,138.06925983925012,False,0.0,0.95
3,1.8|5|9,86376.7332910873,86016.7332910873,360.0,0.21302356405919934,0.5612749171339563,family_four:9;family_three:9;single_average:5;single_low:5;two_person_average:9;two_person_low:9,290.09465353933047,no_discrete_consumption_quantum,False,53.17591660328117,146.2917404792876,0.6981916991373288,144.9233098946736,147.6601710639016,False,0.0,0.95
3,2|5|9,86376.7332910873,86016.7332910873,360.0,0.21302356405919934,0.5612749171339563,family_four:9;family_three:9;single_average:5;single_low:5;two_person_average:9;two_person_low:9,290.09465353933047,no_discrete_consumption_quantum,False,53.17591660328117,146.2917404792876,0.6981916991373288,144.9233098946736,147.6601710639016,False,0.0,0.95
3,2.1|5|9,86376.7332910873,86016.7332910873,360.0,0.21302356405919934,0.5612749171339563,family_four:9;family_three:9;single_average:5;single_low:5;two_person_average:9;two_person_low:9,290.09465353933047,no_discrete_consumption_quantum,False,53.17591660328117,146.2917404792876,0.6981916991373288,144.9233098946736,147.6601710639016,False,0.0,0.95
3,2.25|5|9,86376.7332910873,86016.7332910873,360.0,0.21302356405919934,0.5612749171339563,family_four:9;family_three:9;single_average:5;single_low:5;two_person_average:9;two_person_low:9,290.09465353933047,no_discrete_consumption_quantum,False,53.17591660328117,146.2917404792876,0.6981916991373288,144.9233098946736,147.6601710639016,False,0.0,0.95
3,2.4|5|9,86376.7332910873,86016.7332910873,360.0,0.21302356405919934,0.5612749171339563,family_four:9;family_three:9;single_average:5;single_low:5;two_person_average:9;two_person_low:9,290.09465353933047,no_discrete_consumption_quantum,False,53.17591660328117,146.2917404792876,0.6981916991373288,144.9233098946736,147.6601710639016,False,0.0,0.95
3,3|5|9,86376.7332910873,86016.7332910873,360.0,0.21302356405919934,0.5612749171339563,family_four:9;family_three:9;single_average:5;single_low:5;two_person_average:9;two_person_low:9,290.09465353933047,no_discrete_consumption_quantum,False,53.17591660328117,146.2917404792876,0.6981916991373288,144.9233098946736,147.6601710639016,False,0.0,0.95
3,3|9|10,86384.22283006975,86024.22283006975,360.0,0.34469050284424096,0.5395261668772032,family_four:10;family_three:10;single_average:9;single_low:3;two_person_average:10;two_person_low:9,297.5841925217828,no_discrete_consumption_quantum,False,53.010188866931976,153.781279461733,1.2763371711235458,151.2797045742011,156.28285434926488,False,0.0,0.95
3,1.8|4.5|9,86401.8306433425,86041.8306433425,360.0,0.1698675340683729,0.5669658769699557,family_four:9;family_three:9;single_average:4.5;single_low:4.5;two_person_average:9;two_person_low:9,315.192005794539,no_discrete_consumption_quantum,False,53.195628477138925,171.38909273449335,0.9987637613695454,169.43155173314528,173.3466337358414,False,0.0,0.95
3,2|4.5|9,86401.8306433425,86041.8306433425,360.0,0.1698675340683729,0.5669658769699557,family_four:9;family_three:9;single_average:4.5;single_low:4.5;two_person_average:9;two_person_low:9,315.192005794539,no_discrete_consumption_quantum,False,53.195628477138925,171.38909273449335,0.9987637613695454,169.43155173314528,173.3466337358414,False,0.0,0.95
3,2.1|4.5|9,86401.8306433425,86041.8306433425,360.0,0.1698675340683729,0.5669658769699557,family_four:9;family_three:9;single_average:4.5;single_low:4.5;two_person_average:9;two_person_low:9,315.192005794539,no_discrete_consumption_quantum,False,53.195628477138925,171.38909273449335,0.9987637613695454,169.43155173314528,173.3466337358414,False,0.0,0.95
3,2.25|4.5|9,86401.8306433425,86041.8306433425,360.0,0.1698675340683729,0.5669658769699557,family_four:9;family_three:9;single_average:4.5;single_low:4.5;two_person_average:9;two_person_low:9,315.192005794539,no_discrete_consumption_quantum,False,53.195628477138925,171.38909273449335,0.9987637613695454,169.43155173314528,173.3466337358414,False,0.0,0.95
3,2.4|4.5|9,86401.8306433425,86041.8306433425,360.0,0.1698675340683729,0.5669658769699557,family_four:9;family_three:9;single_average:4.5;single_low:4.5;two_person_average:9;two_person_low:9,315.192005794539,no_discrete_consumption_quantum,False,53.195628477138925,171.38909273449335,0.9987637613695454,169.43155173314528,173.3466337358414,False,0.0,0.95
3,3|4.5|9,86401.8306433425,86041.8306433425,360.0,0.1698675340683729,0.5669658769699557,family_four:9;family_three:9;single_average:4.5;single_low:4.5;two_person_average:9;two_person_low:9,315.192005794539,no_discrete_consumption_quantum,False,53.195628477138925,171.38909273449335,0.9987637613695454,169.43155173314528,173.3466337358414,False,0.0,0.95
3,2.4|9|10,86465.99505009409,86105.99505009409,360.0,0.33627781054856865,0.5463992780660714,family_four:10;family_three:10;single_average:9;single_low:2.4;two_person_average:10;two_person_low:9,379.3564125461271,no_discrete_consumption_quantum,False,53.09364929879851,235.55349948607227,1.464380819259041,232.6833658206733,238.42363315147125,False,0.0,0.95
3,2.25|9|10,86494.99267131308,86134.99267131308,360.0,0.3356553484809687,0.548669441788019,family_four:10;family_three:10;single_average:9;single_low:2.25;two_person_average:10;two_person_low:9,408.35403376512113,no_discrete_consumption_quantum,False,53.06170288846203,264.5511207050643,1.512897649928764,261.58589579890867,267.51634561121995,False,0.0,0.95
3,1.8|3|10,86501.55720713337,86141.55720713337,360.0,0.4721157853767247,0.5349113481250685,family_four:10;family_three:10;single_average:10;single_low:3;two_person_average:10;two_person_low:10,414.9185695854103,no_discrete_consumption_quantum,False,52.8823648905359,271.11565652534244,1.4002973270872203,268.3711241966038,273.8601888540811,False,0.0,0.95
3,2|3|10,86501.55720713337,86141.55720713337,360.0,0.4721157853767247,0.5349113481250685,family_four:10;family_three:10;single_average:10;single_low:3;two_person_average:10;two_person_low:10,414.9185695854103,no_discrete_consumption_quantum,False,52.8823648905359,271.11565652534244,1.4002973270872203,268.3711241966038,273.8601888540811,False,0.0,0.95
3,2.1|3|10,86501.55720713337,86141.55720713337,360.0,0.4721157853767247,0.5349113481250685,family_four:10;family_three:10;single_average:10;single_low:3;two_person_average:10;two_person_low:10,414.9185695854103,no_discrete_consumption_quantum,False,52.8823648905359,271.11565652534244,1.4002973270872203,268.3711241966038,273.8601888540811,False,0.0,0.95
3,2.25|3|10,86501.55720713337,86141.55720713337,360.0,0.4721157853767247,0.5349113481250685,family_four:10;family_three:10;single_average:10;single_low:3;two_person_average:10;two_person_low:10,414.9185695854103,no_discrete_consumption_quantum,False,52.8823648905359,271.11565652534244,1.4002973270872203,268.3711241966038,273.8601888540811,False,0.0,0.95
3,2.4|3|10,86501.55720713337,86141.55720713337,360.0,0.4721157853767247,0.5349113481250685,family_four:10;family_three:10;single_average:10;single_low:3;two_person_average:10;two_person_low:10,414.9185695854103,no_discrete_consumption_quantum,False,52.8823648905359,271.11565652534244,1.4002973270872203,268.3711241966038,273.8601888540811,False,0.0,0.95
3,2.1|9|10,86527.48262837269,86167.48262837269,360.0,0.33527314869868385,0.5511609548203098,family_four:10;family_three:10;single_average:9;single_low:2.1;two_person_average:10;two_person_low:9,440.84399082472373,no_discrete_consumption_quantum,False,53.091637291862874,297.0410777646637,1.5635312814650089,293.97661276429056,300.1055427650369,False,0.0,0.95
3,1.8|3|9,86530.51457054903,86170.51457054903,360.0,0.3311074026969574,0.5574828839584228,family_four:9;family_three:9;single_average:9;single_low:3;two_person_average:9;two_person_low:9,443.8759330010653,no_discrete_consumption_quantum,False,53.23678538818691,300.0730199410207,1.523302617254094,297.08740167364704,303.0586382083943,False,0.0,0.95
3,2|3|9,86530.51457054903,86170.51457054903,360.0,0.3311074026969574,0.5574828839584228,family_four:9;family_three:9;single_average:9;single_low:3;two_person_average:9;two_person_low:9,443.8759330010653,no_discrete_consumption_quantum,False,53.23678538818691,300.0730199410207,1.523302617254094,297.08740167364704,303.0586382083943,False,0.0,0.95
3,2.1|3|9,86530.51457054903,86170.51457054903,360.0,0.3311074026969574,0.5574828839584228,family_four:9;family_three:9;single_average:9;single_low:3;two_person_average:9;two_person_low:9,443.8759330010653,no_discrete_consumption_quantum,False,53.23678538818691,300.0730199410207,1.523302617254094,297.08740167364704,303.0586382083943,False,0.0,0.95
3,2.25|3|9,86530.51457054903,86170.51457054903,360.0,0.3311074026969574,0.5574828839584228,family_four:9;family_three:9;single_average:9;single_low:3;two_person_average:9;two_person_low:9,443.8759330010653,no_discrete_consumption_quantum,False,53.23678538818691,300.0730199410207,1.523302617254094,297.08740167364704,303.0586382083943,False,0.0,0.95
3,2.4|3|9,86530.51457054903,86170.51457054903,360.0,0.3311074026969574,0.5574828839584228,family_four:9;family_three:9;single_average:9;single_low:3;two_person_average:9;two_person_low:9,443.8759330010653,no_discrete_consumption_quantum,False,53.23678538818691,300.0730199410207,1.523302617254094,297.08740167364704,303.0586382083943,False,0.0,0.95
3,2|9|10,86551.94898642256,86191.94898642256,360.0,0.33514054956851025,0.5530855479139969,family_four:10;family_three:10;single_average:9;single_low:2;two_person_average:10;two_person_low:9,465.3103488745983,no_discrete_consumption_quantum,False,53.11453908077135,321.5074358145466,1.6232685250567178,318.325887968198,324.68898366089525,False,0.0,0.95
3,1.8|2.4|10,86583.32942715772,86223.32942715772,360.0,0.4637030930810524,0.5417844593139365,family_four:10;family_three:10;single_average:10;single_low:2.4;two_person_average:10;two_person_low:10,496.6907896097546,no_discrete_consumption_quantum,False,52.965000753867024,352.88787654968223,1.5386758914769814,349.8721272185073,355.9036258808572,False,0.0,0.95
3,2|2.4|10,86583.32942715772,86223.32942715772,360.0,0.4637030930810524,0.5417844593139365,family_four:10;family_three:10;single_average:10;single_low:2.4;two_person_average:10;two_person_low:10,496.6907896097546,no_discrete_consumption_quantum,False,52.965000753867024,352.88787654968223,1.5386758914769814,349.8721272185073,355.9036258808572,False,0.0,0.95
3,2.1|2.4|10,86583.32942715772,86223.32942715772,360.0,0.4637030930810524,0.5417844593139365,family_four:10;family_three:10;single_average:10;single_low:2.4;two_person_average:10;two_person_low:10,496.6907896097546,no_discrete_consumption_quantum,False,52.965000753867024,352.88787654968223,1.5386758914769814,349.8721272185073,355.9036258808572,False,0.0,0.95
3,2.25|2.4|10,86583.32942715772,86223.32942715772,360.0,0.4637030930810524,0.5417844593139365,family_four:10;family_three:10;single_average:10;single_low:2.4;two_person_average:10;two_person_low:10,496.6907896097546,no_discrete_consumption_quantum,False,52.965000753867024,352.88787654968223,1.5386758914769814,349.8721272185073,355.9036258808572,False,0.0,0.95
3,1.8|9|10,86595.27721500349,86235.27721500349,360.0,0.7684737933113147,0.5199785829747645,family_four:10;family_three:10;single_average:9;single_low:9;two_person_average:10;two_person_low:9,508.6385774555238,no_discrete_consumption_quantum,False,52.93251432523873,364.83566439546144,1.334661894404412,362.21977515089077,367.4515536400321,False,0.0,0.95
3,1.8|2.4|9,86612.28679057337,86252.28679057337,360.0,0.32269471040128506,0.5643559951472908,family_four:9;family_three:9;single_average:9;single_low:2.4;two_person_average:9;two_person_low:9,525.6481530254096,no_discrete_consumption_quantum,False,53.32041893530187,381.84523996536024,1.700620558905689,378.5120849185367,385.1783950121838,False,0.0,0.95
3,2|2.4|9,86612.28679057337,86252.28679057337,360.0,0.32269471040128506,0.5643559951472908,family_four:9;family_three:9;single_average:9;single_low:2.4;two_person_average:9;two_person_low:9,525.6481530254096,no_discrete_consumption_quantum,False,53.32041893530187,381.84523996536024,1.700620558905689,378.5120849185367,385.1783950121838,False,0.0,0.95
3,2.1|2.4|9,86612.28679057337,86252.28679057337,360.0,0.32269471040128506,0.5643559951472908,family_four:9;family_three:9;single_average:9;single_low:2.4;two_person_average:9;two_person_low:9,525.6481530254096,no_discrete_consumption_quantum,False,53.32041893530187,381.84523996536024,1.700620558905689,378.5120849185367,385.1783950121838,False,0.0,0.95
3,2.25|2.4|9,86612.28679057337,86252.28679057337,360.0,0.32269471040128506,0.5643559951472908,family_four:9;family_three:9;single_average:9;single_low:2.4;two_person_average:9;two_person_low:9,525.6481530254096,no_discrete_consumption_quantum,False,53.32041893530187,381.84523996536024,1.700620558905689,378.5120849185367,385.1783950121838,False,0.0,0.95
3,1.8|2.25|10,86612.32704837671,86252.32704837671,360.0,0.4630806310134524,0.5440546230358841,family_four:10;family_three:10;single_average:10;single_low:2.25;two_person_average:10;two_person_low:10,525.6884108287486,no_discrete_consumption_quantum,False,52.93302839261242,381.88549776867325,1.5866455214457478,378.7757296904078,384.9952658469387,False,0.0,0.95
3,2|2.25|10,86612.32704837671,86252.32704837671,360.0,0.4630806310134524,0.5440546230358841,family_four:10;family_three:10;single_average:10;single_low:2.25;two_person_average:10;two_person_low:10,525.6884108287486,no_discrete_consumption_quantum,False,52.93302839261242,381.88549776867325,1.5866455214457478,378.7757296904078,384.9952658469387,False,0.0,0.95
3,2.1|2.25|10,86612.32704837671,86252.32704837671,360.0,0.4630806310134524,0.5440546230358841,family_four:10;family_three:10;single_average:10;single_low:2.25;two_person_average:10;two_person_low:10,525.6884108287486,no_discrete_consumption_quantum,False,52.93302839261242,381.88549776867325,1.5866455214457478,378.7757296904078,384.9952658469387,False,0.0,0.95
3,1.8|2.25|9,86641.28441179237,86281.28441179237,360.0,0.32207224833368503,0.5666261588692385,family_four:9;family_three:9;single_average:9;single_low:2.25;two_person_average:9;two_person_low:9,554.6457742444036,no_discrete_consumption_quantum,False,53.28867098750833,410.84286118435153,1.7444830236840627,407.4237372862892,414.26198508241384,False,0.0,0.95
3,2|2.25|9,86641.28441179237,86281.28441179237,360.0,0.32207224833368503,0.5666261588692385,family_four:9;family_three:9;single_average:9;single_low:2.25;two_person_average:9;two_person_low:9,554.6457742444036,no_discrete_consumption_quantum,False,53.28867098750833,410.84286118435153,1.7444830236840627,407.4237372862892,414.26198508241384,False,0.0,0.95
3,2.1|2.25|9,86641.28441179237,86281.28441179237,360.0,0.32207224833368503,0.5666261588692385,family_four:9;family_three:9;single_average:9;single_low:2.25;two_person_average:9;two_person_low:9,554.6457742444036,no_discrete_consumption_quantum,False,53.28867098750833,410.84286118435153,1.7444830236840627,407.4237372862892,414.26198508241384,False,0.0,0.95
3,1.8|2.1|10,86644.8170054363,86284.8170054363,360.0,0.4626984312311676,0.546546136068175,family_four:10;family_three:10;single_average:10;single_low:2.1;two_person_average:10;two_person_low:10,558.1783678883367,no_discrete_consumption_quantum,False,52.962905594610426,414.3754548282734,1.6307826596092327,411.1791795488269,417.57173010771993,False,0.0,0.95
3,2|2.1|10,86644.8170054363,86284.8170054363,360.0,0.4626984312311676,0.546546136068175,family_four:10;family_three:10;single_average:10;single_low:2.1;two_person_average:10;two_person_low:10,558.1783678883367,no_discrete_consumption_quantum,False,52.962905594610426,414.3754548282734,1.6307826596092327,411.1791795488269,417.57173010771993,False,0.0,0.95
3,1.8|2|10,86669.28336348619,86309.28336348619,360.0,0.462565832100994,0.5484707291618621,family_four:10;family_three:10;single_average:10;single_low:2;two_person_average:10;two_person_low:10,582.6447259382257,no_discrete_consumption_quantum,False,52.98493525938941,438.8418128781564,1.6587666216811494,435.5906900409042,442.09293571540866,False,0.0,0.95
3,1.8|2.1|9,86673.77436885195,86313.77436885195,360.0,0.3216900485514002,0.5691176719015293,family_four:9;family_three:9;single_average:9;single_low:2.1;two_person_average:9;two_person_low:9,587.1357313039916,no_discrete_consumption_quantum,False,53.31866320013993,443.3328182439511,1.7940860393588314,439.8164742216417,446.8491622662605,False,0.0,0.95
3,2|2.1|9,86673.77436885195,86313.77436885195,360.0,0.3216900485514002,0.5691176719015293,family_four:9;family_three:9;single_average:9;single_low:2.1;two_person_average:9;two_person_low:9,587.1357313039916,no_discrete_consumption_quantum,False,53.31866320013993,443.3328182439511,1.7940860393588314,439.8164742216417,446.8491622662605,False,0.0,0.95
3,1.8|2|9,86698.24072690184,86338.24072690184,360.0,0.32155744942122666,0.5710422649952165,family_four:9;family_three:9;single_average:9;single_low:2;two_person_average:9;two_person_low:9,611.6020893538807,no_discrete_consumption_quantum,False,53.34192019416294,467.79917629383414,1.8594107860740847,464.1547981206636,471.4435544670047,False,0.0,0.95
3,1.8|4.5|5,88150.35048687369,87790.35048687369,360.0,0.0934719946414041,0.7041584455299211,family_four:5;family_three:5;single_average:5;single_low:4.5;two_person_average:5;two_person_low:5,2063.7118493257294,no_discrete_consumption_quantum,False,54.70641086889121,1919.9089362656596,2.056807392069587,1915.8776678540673,1923.9402046772518,False,0.0,0.95
3,2|4.5|5,88150.35048687369,87790.35048687369,360.0,0.0934719946414041,0.7041584455299211,family_four:5;family_three:5;single_average:5;single_low:4.5;two_person_average:5;two_person_low:5,2063.7118493257294,no_discrete_consumption_quantum,False,54.70641086889121,1919.9089362656596,2.056807392069587,1915.8776678540673,1923.9402046772518,False,0.0,0.95
3,2.1|4.5|5,88150.35048687369,87790.35048687369,360.0,0.0934719946414041,0.7041584455299211,family_four:5;family_three:5;single_average:5;single_low:4.5;two_person_average:5;two_person_low:5,2063.7118493257294,no_discrete_consumption_quantum,False,54.70641086889121,1919.9089362656596,2.056807392069587,1915.8776678540673,1923.9402046772518,False,0.0,0.95
3,2.25|4.5|5,88150.35048687369,87790.35048687369,360.0,0.0934719946414041,0.7041584455299211,family_four:5;family_three:5;single_average:5;single_low:4.5;two_person_average:5;two_person_low:5,2063.7118493257294,no_discrete_consumption_quantum,False,54.70641086889121,1919.9089362656596,2.056807392069587,1915.8776678540673,1923.9402046772518,False,0.0,0.95
3,2.4|4.5|5,88150.35048687369,87790.35048687369,360.0,0.0934719946414041,0.7041584455299211,family_four:5;family_three:5;single_average:5;single_low:4.5;two_person_average:5;two_person_low:5,2063.7118493257294,no_discrete_consumption_quantum,False,54.70641086889121,1919.9089362656596,2.056807392069587,1915.8776678540673,1923.9402046772518,False,0.0,0.95
3,3|4.5|5,88150.35048687369,87790.35048687369,360.0,0.0934719946414041,0.7041584455299211,family_four:5;family_three:5;single_average:5;single_low:4.5;two_person_average:5;two_person_low:5,2063.7118493257294,no_discrete_consumption_quantum,False,54.70641086889121,1919.9089362656596,2.056807392069587,1915.8776678540673,1923.9402046772518,False,0.0,0.95
3,1.8|2|5,88160.37464683446,87800.37464683446,360.0,0.12806836174188238,0.7021428382149956,family_four:5;family_three:5;single_average:5;single_low:5;two_person_average:5;two_person_low:5,2073.7360092864983,no_discrete_consumption_quantum,False,54.694379034583626,1929.9330962264348,1.9837281854670084,1926.0450604278026,1933.821132025067,False,0.0,0.95
3,1.8|2.1|5,88160.37464683446,87800.37464683446,360.0,0.12806836174188238,0.7021428382149956,family_four:5;family_three:5;single_average:5;single_low:5;two_person_average:5;two_person_low:5,2073.7360092864983,no_discrete_consumption_quantum,False,54.694379034583626,1929.9330962264348,1.9837281854670084,1926.0450604278026,1933.821132025067,False,0.0,0.95
3,1.8|2.25|5,88160.37464683446,87800.37464683446,360.0,0.12806836174188238,0.7021428382149956,family_four:5;family_three:5;single_average:5;single_low:5;two_person_average:5;two_person_low:5,2073.7360092864983,no_discrete_consumption_quantum,False,54.694379034583626,1929.9330962264348,1.9837281854670084,1926.0450604278026,1933.821132025067,False,0.0,0.95
3,1.8|2.4|5,88160.37464683446,87800.37464683446,360.0,0.12806836174188238,0.7021428382149956,family_four:5;family_three:5;single_average:5;single_low:5;two_person_average:5;two_person_low:5,2073.7360092864983,no_discrete_consumption_quantum,False,54.694379034583626,1929.9330962264348,1.9837281854670084,1926.0450604278026,1933.821132025067,False,0.0,0.95
3,1.8|3|5,88160.37464683446,87800.37464683446,360.0,0.12806836174188238,0.7021428382149956,family_four:5;family_three:5;single_average:5;single_low:5;two_person_average:5;two_person_low:5,2073.7360092864983,no_discrete_consumption_quantum,False,54.694379034583626,1929.9330962264348,1.9837281854670084,1926.0450604278026,1933.821132025067,False,0.0,0.95
3,2|2.1|5,88160.37464683446,87800.37464683446,360.0,0.12806836174188238,0.7021428382149956,family_four:5;family_three:5;single_average:5;single_low:5;two_person_average:5;two_person_low:5,2073.7360092864983,no_discrete_consumption_quantum,False,54.694379034583626,1929.9330962264348,1.9837281854670084,1926.0450604278026,1933.821132025067,False,0.0,0.95
3,2|2.25|5,88160.37464683446,87800.37464683446,360.0,0.12806836174188238,0.7021428382149956,family_four:5;family_three:5;single_average:5;single_low:5;two_person_average:5;two_person_low:5,2073.7360092864983,no_discrete_consumption_quantum,False,54.694379034583626,1929.9330962264348,1.9837281854670084,1926.0450604278026,1933.821132025067,False,0.0,0.95
3,2|2.4|5,88160.37464683446,87800.37464683446,360.0,0.12806836174188238,0.7021428382149956,family_four:5;family_three:5;single_average:5;single_low:5;two_person_average:5;two_person_low:5,2073.7360092864983,no_discrete_consumption_quantum,False,54.694379034583626,1929.9330962264348,1.9837281854670084,1926.0450604278026,1933.821132025067,False,0.0,0.95
3,2|3|5,88160.37464683446,87800.37464683446,360.0,0.12806836174188238,0.7021428382149956,family_four:5;family_three:5;single_average:5;single_low:5;two_person_average:5;two_person_low:5,2073.7360092864983,no_discrete_consumption_quantum,False,54.694379034583626,1929.9330962264348,1.9837281854670084,1926.0450604278026,1933.821132025067,False,0.0,0.95
3,2.1|2.25|5,88160.37464683446,87800.37464683446,360.0,0.12806836174188238,0.7021428382149956,family_four:5;family_three:5;single_average:5;single_low:5;two_person_average:5;two_person_low:5,2073.7360092864983,no_discrete_consumption_quantum,False,54.694379034583626,1929.9330962264348,1.9837281854670084,1926.0450604278026,1933.821132025067,False,0.0,0.95
3,2.1|2.4|5,88160.37464683446,87800.37464683446,360.0,0.12806836174188238,0.7021428382149956,family_four:5;family_three:5;single_average:5;single_low:5;two_person_average:5;two_person_low:5,2073.7360092864983,no_discrete_consumption_quantum,False,54.694379034583626,1929.9330962264348,1.9837281854670084,1926.0450604278026,1933.821132025067,False,0.0,0.95
3,2.1|3|5,88160.37464683446,87800.37464683446,360.0,0.12806836174188238,0.7021428382149956,family_four:5;family_three:5;single_average:5;single_low:5;two_person_average:5;two_person_low:5,2073.7360092864983,no_discrete_consumption_quantum,False,54.694379034583626,1929.9330962264348,1.9837281854670084,1926.0450604278026,1933.821132025067,False,0.0,0.95
3,2.25|2.4|5,88160.37464683446,87800.37464683446,360.0,0.12806836174188238,0.7021428382149956,family_four:5;family_three:5;single_average:5;single_low:5;two_person_average:5;two_person_low:5,2073.7360092864983,no_discrete_consumption_quantum,False,54.694379034583626,1929.9330962264348,1.9837281854670084,1926.0450604278026,1933.821132025067,False,0.0,0.95
3,2.25|3|5,88160.37464683446,87800.37464683446,360.0,0.12806836174188238,0.7021428382149956,family_four:5;family_three:5;single_average:5;single_low:5;two_person_average:5;two_person_low:5,2073.7360092864983,no_discrete_consumption_quantum,False,54.694379034583626,1929.9330962264348,1.9837281854670084,1926.0450604278026,1933.821132025067,False,0.0,0.95
3,2.4|3|5,88160.37464683446,87800.37464683446,360.0,0.12806836174188238,0.7021428382149956,family_four:5;family_three:5;single_average:5;single_low:5;two_person_average:5;two_person_low:5,2073.7360092864983,no_discrete_consumption_quantum,False,54.694379034583626,1929.9330962264348,1.9837281854670084,1926.0450604278026,1933.821132025067,False,0.0,0.95
3,1.8|2|4.5,88615.38920457484,88255.38920457484,360.0,0.08475627411727198,0.7392870389605231,family_four:4.5;family_three:4.5;single_average:4.5;single_low:4.5;two_person_average:4.5;two_person_low:4.5,2528.750567026873,no_discrete_consumption_quantum,False,55.028921202490764,2384.94765396682,2.374892701190471,2380.2929498053395,2389.6023581283002,False,0.0,0.95
3,1.8|2.1|4.5,88615.38920457484,88255.38920457484,360.0,0.08475627411727198,0.7392870389605231,family_four:4.5;family_three:4.5;single_average:4.5;single_low:4.5;two_person_average:4.5;two_person_low:4.5,2528.750567026873,no_discrete_consumption_quantum,False,55.028921202490764,2384.94765396682,2.374892701190471,2380.2929498053395,2389.6023581283002,False,0.0,0.95
3,1.8|2.25|4.5,88615.38920457484,88255.38920457484,360.0,0.08475627411727198,0.7392870389605231,family_four:4.5;family_three:4.5;single_average:4.5;single_low:4.5;two_person_average:4.5;two_person_low:4.5,2528.750567026873,no_discrete_consumption_quantum,False,55.028921202490764,2384.94765396682,2.374892701190471,2380.2929498053395,2389.6023581283002,False,0.0,0.95
3,1.8|2.4|4.5,88615.38920457484,88255.38920457484,360.0,0.08475627411727198,0.7392870389605231,family_four:4.5;family_three:4.5;single_average:4.5;single_low:4.5;two_person_average:4.5;two_person_low:4.5,2528.750567026873,no_discrete_consumption_quantum,False,55.028921202490764,2384.94765396682,2.374892701190471,2380.2929498053395,2389.6023581283002,False,0.0,0.95
3,1.8|3|4.5,88615.38920457484,88255.38920457484,360.0,0.08475627411727198,0.7392870389605231,family_four:4.5;family_three:4.5;single_average:4.5;single_low:4.5;two_person_average:4.5;two_person_low:4.5,2528.750567026873,no_discrete_consumption_quantum,False,55.028921202490764,2384.94765396682,2.374892701190471,2380.2929498053395,2389.6023581283002,False,0.0,0.95
3,2|2.1|4.5,88615.38920457484,88255.38920457484,360.0,0.08475627411727198,0.7392870389605231,family_four:4.5;family_three:4.5;single_average:4.5;single_low:4.5;two_person_average:4.5;two_person_low:4.5,2528.750567026873,no_discrete_consumption_quantum,False,55.028921202490764,2384.94765396682,2.374892701190471,2380.2929498053395,2389.6023581283002,False,0.0,0.95
3,2|2.25|4.5,88615.38920457484,88255.38920457484,360.0,0.08475627411727198,0.7392870389605231,family_four:4.5;family_three:4.5;single_average:4.5;single_low:4.5;two_person_average:4.5;two_person_low:4.5,2528.750567026873,no_discrete_consumption_quantum,False,55.028921202490764,2384.94765396682,2.374892701190471,2380.2929498053395,2389.6023581283002,False,0.0,0.95
3,2|2.4|4.5,88615.38920457484,88255.38920457484,360.0,0.08475627411727198,0.7392870389605231,family_four:4.5;family_three:4.5;single_average:4.5;single_low:4.5;two_person_average:4.5;two_person_low:4.5,2528.750567026873,no_discrete_consumption_quantum,False,55.028921202490764,2384.94765396682,2.374892701190471,2380.2929498053395,2389.6023581283002,False,0.0,0.95
3,2|3|4.5,88615.38920457484,88255.38920457484,360.0,0.08475627411727198,0.7392870389605231,family_four:4.5;family_three:4.5;single_average:4.5;single_low:4.5;two_person_average:4.5;two_person_low:4.5,2528.750567026873,no_discrete_consumption_quantum,False,55.028921202490764,2384.94765396682,2.374892701190471,2380.2929498053395,2389.6023581283002,False,0.0,0.95
3,2.1|2.25|4.5,88615.38920457484,88255.38920457484,360.0,0.08475627411727198,0.7392870389605231,family_four:4.5;family_three:4.5;single_average:4.5;single_low:4.5;two_person_average:4.5;two_person_low:4.5,2528.750567026873,no_discrete_consumption_quantum,False,55.028921202490764,2384.94765396682,2.374892701190471,2380.2929498053395,2389.6023581283002,False,0.0,0.95
3,2.1|2.4|4.5,88615.38920457484,88255.38920457484,360.0,0.08475627411727198,0.7392870389605231,family_four:4.5;family_three:4.5;single_average:4.5;single_low:4.5;two_person_average:4.5;two_person_low:4.5,2528.750567026873,no_discrete_consumption_quantum,False,55.028921202490764,2384.94765396682,2.374892701190471,2380.2929498053395,2389.6023581283002,False,0.0,0.95
3,2.1|3|4.5,88615.38920457484,88255.38920457484,360.0,0.08475627411727198,0.7392870389605231,family_four:4.5;family_three:4.5;single_average:4.5;single_low:4.5;two_person_average:4.5;two_person_low:4.5,2528.750567026873,no_discrete_consumption_quantum,False,55.028921202490764,2384.94765396682,2.374892701190471,2380.2929498053395,2389.6023581283002,False,0.0,0.95
3,2.25|2.4|4.5,88615.38920457484,88255.38920457484,360.0,0.08475627411727198,0.7392870389605231,family_four:4.5;family_three:4.5;single_average:4.5;single_low:4.5;two_person_average:4.5;two_person_low:4.5,2528.750567026873,no_discrete_consumption_quantum,False,55.028921202490764,2384.94765396682,2.374892701190471,2380.2929498053395,2389.6023581283002,False,0.0,0.95
3,2.25|3|4.5,88615.38920457484,88255.38920457484,360.0,0.08475627411727198,0.7392870389605231,family_four:4.5;family_three:4.5;single_average:4.5;single_low:4.5;two_person_average:4.5;two_person_low:4.5,2528.750567026873,no_discrete_consumption_quantum,False,55.028921202490764,2384.94765396682,2.374892701190471,2380.2929498053395,2389.6023581283002,False,0.0,0.95
3,2.4|3|4.5,88615.38920457484,88255.38920457484,360.0,0.08475627411727198,0.7392870389605231,family_four:4.5;family_three:4.5;single_average:4.5;single_low:4.5;two_person_average:4.5;two_person_low:4.5,2528.750567026873,no_discrete_consumption_quantum,False,55.028921202490764,2384.94765396682,2.374892701190471,2380.2929498053395,2389.6023581283002,False,0.0,0.95
3,1.8|2|3,90826.20466409196,90466.20466409196,360.0,0.009705708625109931,0.9102294052568064,family_four:3;family_three:3;single_average:3;single_low:3;two_person_average:3;two_person_low:3,4739.566026543995,no_discrete_consumption_quantum,False,56.39754913265994,4595.763113483933,3.6195702786880863,4588.668886098193,4602.857340869673,False,0.0,0.95
3,1.8|2.1|3,90826.20466409196,90466.20466409196,360.0,0.009705708625109931,0.9102294052568064,family_four:3;family_three:3;single_average:3;single_low:3;two_person_average:3;two_person_low:3,4739.566026543995,no_discrete_consumption_quantum,False,56.39754913265994,4595.763113483933,3.6195702786880863,4588.668886098193,4602.857340869673,False,0.0,0.95
3,1.8|2.25|3,90826.20466409196,90466.20466409196,360.0,0.009705708625109931,0.9102294052568064,family_four:3;family_three:3;single_average:3;single_low:3;two_person_average:3;two_person_low:3,4739.566026543995,no_discrete_consumption_quantum,False,56.39754913265994,4595.763113483933,3.6195702786880863,4588.668886098193,4602.857340869673,False,0.0,0.95
3,1.8|2.4|3,90826.20466409196,90466.20466409196,360.0,0.009705708625109931,0.9102294052568064,family_four:3;family_three:3;single_average:3;single_low:3;two_person_average:3;two_person_low:3,4739.566026543995,no_discrete_consumption_quantum,False,56.39754913265994,4595.763113483933,3.6195702786880863,4588.668886098193,4602.857340869673,False,0.0,0.95
3,2|2.1|3,90826.20466409196,90466.20466409196,360.0,0.009705708625109931,0.9102294052568064,family_four:3;family_three:3;single_average:3;single_low:3;two_person_average:3;two_person_low:3,4739.566026543995,no_discrete_consumption_quantum,False,56.39754913265994,4595.763113483933,3.6195702786880863,4588.668886098193,4602.857340869673,False,0.0,0.95
3,2|2.25|3,90826.20466409196,90466.20466409196,360.0,0.009705708625109931,0.9102294052568064,family_four:3;family_three:3;single_average:3;single_low:3;two_person_average:3;two_person_low:3,4739.566026543995,no_discrete_consumption_quantum,False,56.39754913265994,4595.763113483933,3.6195702786880863,4588.668886098193,4602.857340869673,False,0.0,0.95
3,2|2.4|3,90826.20466409196,90466.20466409196,360.0,0.009705708625109931,0.9102294052568064,family_four:3;family_three:3;single_average:3;single_low:3;two_person_average:3;two_person_low:3,4739.566026543995,no_discrete_consumption_quantum,False,56.39754913265994,4595.763113483933,3.6195702786880863,4588.668886098193,4602.857340869673,False,0.0,0.95
3,2.1|2.25|3,90826.20466409196,90466.20466409196,360.0,0.009705708625109931,0.9102294052568064,family_four:3;family_three:3;single_average:3;single_low:3;two_person_average:3;two_person_low:3,4739.566026543995,no_discrete_consumption_quantum,False,56.39754913265994,4595.763113483933,3.6195702786880863,4588.668886098193,4602.857340869673,False,0.0,0.95
3,2.1|2.4|3,90826.20466409196,90466.20466409196,360.0,0.009705708625109931,0.9102294052568064,family_four:3;family_three:3;single_average:3;single_low:3;two_person_average:3;two_person_low:3,4739.566026543995,no_discrete_consumption_quantum,False,56.39754913265994,4595.763113483933,3.6195702786880863,4588.668886098193,4602.857340869673,False,0.0,0.95
3,2.25|2.4|3,90826.20466409196,90466.20466409196,360.0,0.009705708625109931,0.9102294052568064,family_four:3;family_three:3;single_average:3;single_low:3;two_person_average:3;two_person_low:3,4739.566026543995,no_discrete_consumption_quantum,False,56.39754913265994,4595.763113483933,3.6195702786880863,4588.668886098193,4602.857340869673,False,0.0,0.95
3,1.8|2|2.4,92365.02789950755,92005.02789950755,360.0,0.0012870361780724215,1.0275227557106736,family_four:2.4;family_three:2.4;single_average:2.4;single_low:2.4;two_person_average:2.4;two_person_low:2.4,6278.389261959586,no_discrete_consumption_quantum,False,57.56727595671774,6134.586348899538,4.75234921955175,6125.27191558726,6143.9007822118165,False,0.0,0.95
3,1.8|2.1|2.4,92365.02789950755,92005.02789950755,360.0,0.0012870361780724215,1.0275227557106736,family_four:2.4;family_three:2.4;single_average:2.4;single_low:2.4;two_person_average:2.4;two_person_low:2.4,6278.389261959586,no_discrete_consumption_quantum,False,57.56727595671774,6134.586348899538,4.75234921955175,6125.27191558726,6143.9007822118165,False,0.0,0.95
3,1.8|2.25|2.4,92365.02789950755,92005.02789950755,360.0,0.0012870361780724215,1.0275227557106736,family_four:2.4;family_three:2.4;single_average:2.4;single_low:2.4;two_person_average:2.4;two_person_low:2.4,6278.389261959586,no_discrete_consumption_quantum,False,57.56727595671774,6134.586348899538,4.75234921955175,6125.27191558726,6143.9007822118165,False,0.0,0.95
3,2|2.1|2.4,92365.02789950755,92005.02789950755,360.0,0.0012870361780724215,1.0275227557106736,family_four:2.4;family_three:2.4;single_average:2.4;single_low:2.4;two_person_average:2.4;two_person_low:2.4,6278.389261959586,no_discrete_consumption_quantum,False,57.56727595671774,6134.586348899538,4.75234921955175,6125.27191558726,6143.9007822118165,False,0.0,0.95
3,2|2.25|2.4,92365.02789950755,92005.02789950755,360.0,0.0012870361780724215,1.0275227557106736,family_four:2.4;family_three:2.4;single_average:2.4;single_low:2.4;two_person_average:2.4;two_person_low:2.4,6278.389261959586,no_discrete_consumption_quantum,False,57.56727595671774,6134.586348899538,4.75234921955175,6125.27191558726,6143.9007822118165,False,0.0,0.95
3,2.1|2.25|2.4,92365.02789950755,92005.02789950755,360.0,0.0012870361780724215,1.0275227557106736,family_four:2.4;family_three:2.4;single_average:2.4;single_low:2.4;two_person_average:2.4;two_person_low:2.4,6278.389261959586,no_discrete_consumption_quantum,False,57.56727595671774,6134.586348899538,4.75234921955175,6125.27191558726,6143.9007822118165,False,0.0,0.95
3,1.8|2|2.25,92859.13854807036,92499.13854807036,360.0,0.0006645460297492395,1.0651501973956607,family_four:2.25;family_three:2.25;single_average:2.25;single_low:2.25;two_person_average:2.25;two_person_low:2.25,6772.499910522398,no_discrete_consumption_quantum,False,57.81563536188855,6628.696997462343,4.9867666970062885,6618.923114336906,6638.470880587779,False,0.0,0.95
3,1.8|2.1|2.25,92859.13854807036,92499.13854807036,360.0,0.0006645460297492395,1.0651501973956607,family_four:2.25;family_three:2.25;single_average:2.25;single_low:2.25;two_person_average:2.25;two_person_low:2.25,6772.499910522398,no_discrete_consumption_quantum,False,57.81563536188855,6628.696997462343,4.9867666970062885,6618.923114336906,6638.470880587779,False,0.0,0.95
3,2|2.1|2.25,92859.13854807036,92499.13854807036,360.0,0.0006645460297492395,1.0651501973956607,family_four:2.25;family_three:2.25;single_average:2.25;single_low:2.25;two_person_average:2.25;two_person_low:2.25,6772.499910522398,no_discrete_consumption_quantum,False,57.81563536188855,6628.696997462343,4.9867666970062885,6618.923114336906,6638.470880587779,False,0.0,0.95
3,1.8|2|2.1,93412.81055346623,93052.81055346623,360.0,0.00028234624746443745,1.1072726249293854,family_four:2.1;family_three:2.1;single_average:2.1;single_low:2.1;two_person_average:2.1;two_person_low:2.1,7326.1719159182685,no_discrete_consumption_quantum,False,58.12549472249409,7182.369002858209,5.300895482130609,7171.979438627422,7192.758567088996,False,0.0,0.95
1,9,86405.42492050031,86405.42492050031,0.0,0.7541079365627882,0.5376209763962579,family_four:9;family_three:9;single_average:9;single_low:9;two_person_average:9;two_person_low:9,295.62120530963875,randomized_non_lattice_usage,False,58.49435993429822,0.0,0.0,0.0,0.0,True,1.0,0.95
1,10,86466.69014650898,86466.69014650898,0.0,0.9883271352966757,0.5132288295270125,family_four:10;family_three:10;single_average:10;single_low:10;two_person_average:10;two_person_low:10,356.8864313183003,randomized_non_lattice_usage,False,58.521689609692075,61.26522600866883,1.678808684912843,57.97482144930661,64.55563056803106,False,0.0,0.95
1,5,87825.3707678599,87825.3707678599,0.0,0.12698335582228815,0.7021697966563824,family_four:5;family_three:5;single_average:5;single_low:5;two_person_average:5;two_person_low:5,1715.5670526692265,randomized_non_lattice_usage,False,60.496609382582164,1419.9458473595905,2.544183085054069,1414.9593401428085,1424.9323545763725,False,0.0,0.95
1,4.5,88281.90318354446,88281.90318354446,0.0,0.0843641683791222,0.7395001432638881,family_four:4.5;family_three:4.5;single_average:4.5;single_low:4.5;two_person_average:4.5;two_person_low:4.5,2172.0994683537865,randomized_non_lattice_usage,False,60.79226248032705,1876.4782630441496,2.774905726224913,1871.039547760255,1881.9169783280443,False,0.0,0.95
1,3,90492.1627465356,90492.1627465356,0.0,0.00952255365402776,0.9102713651914619,family_four:3;family_three:3;single_average:3;single_low:3;two_person_average:3;two_person_low:3,4382.359031344924,randomized_non_lattice_usage,False,62.53749725970455,4086.7378260352853,4.339265496456179,4078.2330219428736,4095.242630127697,False,0.0,0.95
1,2.4,92032.78801279976,92032.78801279976,0.0,0.0012530878525693846,1.0277202613202414,family_four:2.4;family_three:2.4;single_average:2.4;single_low:2.4;two_person_average:2.4;two_person_low:2.4,5922.984297609088,randomized_non_lattice_usage,False,63.60925180244506,5627.363092299442,5.386665949975374,5616.805421040742,5637.9207635581415,False,0.0,0.95
1,2.25,92526.5967654122,92526.5967654122,0.0,0.0006122265536666492,1.0654953242566303,family_four:2.25;family_three:2.25;single_average:2.25;single_low:2.25;two_person_average:2.25;two_person_low:2.25,6416.793050221531,randomized_non_lattice_usage,False,63.96075593805417,6121.171844911906,5.711072529065884,6109.978348441841,6132.365341381971,False,0.0,0.95
1,2.1,93082.38936251869,93082.38936251869,0.0,0.0002696295509001315,1.1077670097112482,family_four:2.1;family_three:2.1;single_average:2.1;single_low:2.1;two_person_average:2.1;two_person_low:2.1,6972.585647328015,randomized_non_lattice_usage,False,64.31414956662438,6676.964442018384,6.052523597660283,6665.101713751391,6688.827170285377,False,0.0,0.95
1,2,93491.63557165336,93491.63557165336,0.0,0.00014154899333852162,1.1389691423578916,family_four:2;family_three:2;single_average:2;single_low:2;two_person_average:2;two_person_low:2,7381.8318564626825,randomized_non_lattice_usage,False,64.61969667455429,7086.2106511530465,6.348041628591728,7073.768718188646,7098.652584117447,False,0.0,0.95
1,1.8,94430.31636439083,94430.31636439083,0.0,3.439689109561143e-05,1.2104082365195652,family_four:1.8;family_three:1.8;single_average:1.8;single_low:1.8;two_person_average:1.8;two_person_low:1.8,8320.512649200158,randomized_non_lattice_usage,False,65.20855246125176,8024.891443890531,6.912030799804331,8011.3441124628835,8038.438775318179,False,0.0,0.95
2,5|10,86109.80371519068,85929.80371519068,180.0,0.2711863402475284,0.5409095130469044,family_four:10;family_three:10;single_average:5;single_low:5;two_person_average:10;two_person_low:10,0.0,randomized_non_lattice_usage,False,58.609965429195974,0.0,0.0,0.0,0.0,True,1.0,0.95
2,4.5|10,86135.36122812542,85955.36122812542,180.0,0.22871792611147124,0.5464797625133883,family_four:10;family_three:10;single_average:4.5;single_low:4.5;two_person_average:10;two_person_low:10,25.55751293474168,randomized_non_lattice_usage,False,58.61841381651475,25.55751293473865,0.6956030264163887,24.194156055425463,26.920869814051837,False,0.0,0.95
2,5|9,86219.43125613351,86039.43125613351,180.0,0.2109440732288983,0.5610680895789318,family_four:9;family_three:9;single_average:5;single_low:5;two_person_average:9;two_person_low:9,109.62754094283446,randomized_non_lattice_usage,False,58.82112523048297,109.62754094282384,0.9332460438141915,107.79841230823354,111.45666957741415,False,0.0,0.95
2,4.5|9,86244.98876906825,86064.98876906825,180.0,0.16847565909284107,0.5666383390454157,family_four:9;family_three:9;single_average:4.5;single_low:4.5;two_person_average:9;two_person_low:9,135.18505387757614,randomized_non_lattice_usage,False,58.83021983088257,135.18505387756286,1.1976698066868807,132.83766419108554,137.5324435640402,False,0.0,0.95
2,3|10,86346.19743870536,86166.19743870536,180.0,0.4704867663366156,0.5349953005791608,family_four:10;family_three:10;single_average:10;single_low:3;two_person_average:10;two_person_low:10,236.39372351468774,randomized_non_lattice_usage,False,58.614381540586194,236.39372351468032,1.3058824300280003,233.8342409837818,238.95320604557884,False,0.0,0.95
2,3|9,86373.87170304332,86193.87170304332,180.0,0.3301501481114649,0.5571152989463618,family_four:9;family_three:9;single_average:9;single_low:3;two_person_average:9;two_person_low:9,264.06798785264255,randomized_non_lattice_usage,False,58.655470514988316,264.067987852633,1.5108149402512454,261.1068449824355,267.0291307228305,False,0.0,0.95
2,2.4|10,86429.06603566246,86249.06603566246,180.0,0.4622230278284702,0.5419713155172268,family_four:10;family_three:10;single_average:10;single_low:2.4;two_person_average:10;two_person_low:10,319.262320471782,randomized_non_lattice_usage,False,58.63663822443948,319.26232047178496,1.3991796275850674,316.51997879381605,322.00466214975387,False,0.0,0.95
2,9|10,86439.60395893332,86259.60395893332,180.0,0.7677824158777026,0.5197938477681078,family_four:10;family_three:10;single_average:9;single_low:9;two_person_average:10;two_person_low:9,329.8002437426476,randomized_non_lattice_usage,False,58.32170239134617,329.80024374263877,1.6415535790866262,326.58285784893616,333.0176296363414,False,0.0,0.95
2,2.4|9,86456.74030000043,86276.74030000043,180.0,0.32188640960331943,0.5640913138844279,family_four:9;family_three:9;single_average:9;single_low:2.4;two_person_average:9;two_person_low:9,346.93658480975137,randomized_non_lattice_usage,False,58.677865220038406,346.9365848097364,1.5977994432433862,343.80495544646124,350.0682141730116,False,0.0,0.95
2,2.25|10,86457.83238493616,86277.83238493616,180.0,0.46158216652956746,0.5442538470141743,family_four:10;family_three:10;single_average:10;single_low:2.25;two_person_average:10;two_person_low:10,348.0286697454867,randomized_non_lattice_usage,False,58.66231797854979,348.0286697454762,1.4790807423701156,345.129724760204,350.92761473074836,False,0.0,0.95
2,2.25|9,86485.50664927412,86305.50664927412,180.0,0.3212455483044167,0.5663738453813755,family_four:9;family_three:9;single_average:9;single_low:2.25;two_person_average:9;two_person_low:9,375.7029340834415,randomized_non_lattice_usage,False,58.70236009727642,375.7029340834285,1.6266361392937794,372.5147858344614,378.89108233239557,False,0.0,0.95
2,2.1|10,86490.54206627622,86310.54206627622,180.0,0.46123956952680095,0.5467717921408088,family_four:10;family_three:10;single_average:10;single_low:2.1;two_person_average:10;two_person_low:10,380.7383510855434,randomized_non_lattice_usage,False,58.67829414111987,380.73835108554016,1.5448682590591898,377.71046493692506,383.76623723415526,False,0.0,0.95
2,2|10,86514.55574570503,86334.55574570503,180.0,0.4611114889692393,0.5486121817691103,family_four:10;family_three:10;single_average:10;single_low:2;two_person_average:10;two_person_low:10,404.7520305143553,randomized_non_lattice_usage,False,58.6912273405209,404.7520305143525,1.5762055440228118,401.66272441583544,407.84133661286955,False,0.0,0.95
2,2.1|9,86518.21633061419,86338.21633061419,180.0,0.3209029513016502,0.56889179050801,family_four:9;family_three:9;single_average:9;single_low:2.1;two_person_average:9;two_person_low:9,408.41261542351276,randomized_non_lattice_usage,False,58.71822927685982,408.4126154234935,1.6833297209181142,405.11334979638815,411.71188105059883,False,0.0,0.95
2,2|9,86542.230010043,86362.230010043,180.0,0.32077487074408856,0.5707321801363114,family_four:9;family_three:9;single_average:9;single_low:2;two_person_average:9;two_person_low:9,432.42629485232465,randomized_non_lattice_usage,False,58.73152706471651,432.4262948523053,1.7248951989069596,429.0455623853416,435.807027319269,False,0.0,0.95
2,1.8|10,86570.34659169488,86390.34659169488,180.0,0.46100433686699643,0.5528744903842179,family_four:10;family_three:10;single_average:10;single_low:1.8;two_person_average:10;two_person_low:10,460.54287650420156,randomized_non_lattice_usage,False,58.71412710594507,460.5428765041956,1.6278874820266722,457.35227566853973,463.73347733985145,False,0.0,0.95
2,1.8|9,86585.42492050031,86405.42492050031,180.0,0.7541079365627882,0.5376209763962579,family_four:9;family_three:9;single_average:9;single_low:9;two_person_average:9;two_person_low:9,475.62120530963875,randomized_non_lattice_usage,False,58.49435993429822,475.6212053096217,1.7480631813001657,472.19506443157286,479.04734618767054,False,0.0,0.95
2,4.5|5,87996.38530383342,87816.38530383342,180.0,0.0931774474708453,0.7042045605089103,family_four:5;family_three:5;single_average:5;single_low:4.5;two_person_average:5;two_person_low:5,1886.5815886427445,randomized_non_lattice_usage,False,60.4543104672892,1886.5815886427335,2.1324782192045144,1882.4020081352767,1890.7611691501904,False,0.0,0.95
2,1.8|5,88005.3707678599,87825.3707678599,180.0,0.12698335582228815,0.7021697966563824,family_four:5;family_three:5;single_average:5;single_low:5;two_person_average:5;two_person_low:5,1895.5670526692265,randomized_non_lattice_usage,False,60.496609382582164,1895.5670526692122,2.126469049637807,1891.399249917683,1899.7348554207415,False,0.0,0.95
2,2|5,88005.3707678599,87825.3707678599,180.0,0.12698335582228815,0.7021697966563824,family_four:5;family_three:5;single_average:5;single_low:5;two_person_average:5;two_person_low:5,1895.5670526692265,randomized_non_lattice_usage,False,60.496609382582164,1895.5670526692122,2.126469049637807,1891.399249917683,1899.7348554207415,False,0.0,0.95
2,2.1|5,88005.3707678599,87825.3707678599,180.0,0.12698335582228815,0.7021697966563824,family_four:5;family_three:5;single_average:5;single_low:5;two_person_average:5;two_person_low:5,1895.5670526692265,randomized_non_lattice_usage,False,60.496609382582164,1895.5670526692122,2.126469049637807,1891.399249917683,1899.7348554207415,False,0.0,0.95
2,2.25|5,88005.3707678599,87825.3707678599,180.0,0.12698335582228815,0.7021697966563824,family_four:5;family_three:5;single_average:5;single_low:5;two_person_average:5;two_person_low:5,1895.5670526692265,randomized_non_lattice_usage,False,60.496609382582164,1895.5670526692122,2.126469049637807,1891.399249917683,1899.7348554207415,False,0.0,0.95
2,2.4|5,88005.3707678599,87825.3707678599,180.0,0.12698335582228815,0.7021697966563824,family_four:5;family_three:5;single_average:5;single_low:5;two_person_average:5;two_person_low:5,1895.5670526692265,randomized_non_lattice_usage,False,60.496609382582164,1895.5670526692122,2.126469049637807,1891.399249917683,1899.7348554207415,False,0.0,0.95
2,3|5,88005.3707678599,87825.3707678599,180.0,0.12698335582228815,0.7021697966563824,family_four:5;family_three:5;single_average:5;single_low:5;two_person_average:5;two_person_low:5,1895.5670526692265,randomized_non_lattice_usage,False,60.496609382582164,1895.5670526692122,2.126469049637807,1891.399249917683,1899.7348554207415,False,0.0,0.95
2,1.8|4.5,88461.90318354446,88281.90318354446,180.0,0.0843641683791222,0.7395001432638881,family_four:4.5;family_three:4.5;single_average:4.5;single_low:4.5;two_person_average:4.5;two_person_low:4.5,2352.0994683537865,randomized_non_lattice_usage,False,60.79226248032705,2352.0994683537715,2.5254475463948833,2347.1496821179926,2357.0492545895504,False,0.0,0.95
2,2|4.5,88461.90318354446,88281.90318354446,180.0,0.0843641683791222,0.7395001432638881,family_four:4.5;family_three:4.5;single_average:4.5;single_low:4.5;two_person_average:4.5;two_person_low:4.5,2352.0994683537865,randomized_non_lattice_usage,False,60.79226248032705,2352.0994683537715,2.5254475463948833,2347.1496821179926,2357.0492545895504,False,0.0,0.95
2,2.1|4.5,88461.90318354446,88281.90318354446,180.0,0.0843641683791222,0.7395001432638881,family_four:4.5;family_three:4.5;single_average:4.5;single_low:4.5;two_person_average:4.5;two_person_low:4.5,2352.0994683537865,randomized_non_lattice_usage,False,60.79226248032705,2352.0994683537715,2.5254475463948833,2347.1496821179926,2357.0492545895504,False,0.0,0.95
2,2.25|4.5,88461.90318354446,88281.90318354446,180.0,0.0843641683791222,0.7395001432638881,family_four:4.5;family_three:4.5;single_average:4.5;single_low:4.5;two_person_average:4.5;two_person_low:4.5,2352.0994683537865,randomized_non_lattice_usage,False,60.79226248032705,2352.0994683537715,2.5254475463948833,2347.1496821179926,2357.0492545895504,False,0.0,0.95
2,2.4|4.5,88461.90318354446,88281.90318354446,180.0,0.0843641683791222,0.7395001432638881,family_four:4.5;family_three:4.5;single_average:4.5;single_low:4.5;two_person_average:4.5;two_person_low:4.5,2352.0994683537865,randomized_non_lattice_usage,False,60.79226248032705,2352.0994683537715,2.5254475463948833,2347.1496821179926,2357.0492545895504,False,0.0,0.95
2,3|4.5,88461.90318354446,88281.90318354446,180.0,0.0843641683791222,0.7395001432638881,family_four:4.5;family_three:4.5;single_average:4.5;single_low:4.5;two_person_average:4.5;two_person_low:4.5,2352.0994683537865,randomized_non_lattice_usage,False,60.79226248032705,2352.0994683537715,2.5254475463948833,2347.1496821179926,2357.0492545895504,False,0.0,0.95
2,1.8|3,90672.1627465356,90492.1627465356,180.0,0.00952255365402776,0.9102713651914619,family_four:3;family_three:3;single_average:3;single_low:3;two_person_average:3;two_person_low:3,4562.359031344924,randomized_non_lattice_usage,False,62.53749725970455,4562.359031344907,4.108165990296699,4554.307173961412,4570.410888728401,False,0.0,0.95
2,2|3,90672.1627465356,90492.1627465356,180.0,0.00952255365402776,0.9102713651914619,family_four:3;family_three:3;single_average:3;single_low:3;two_person_average:3;two_person_low:3,4562.359031344924,randomized_non_lattice_usage,False,62.53749725970455,4562.359031344907,4.108165990296699,4554.307173961412,4570.410888728401,False,0.0,0.95
2,2.1|3,90672.1627465356,90492.1627465356,180.0,0.00952255365402776,0.9102713651914619,family_four:3;family_three:3;single_average:3;single_low:3;two_person_average:3;two_person_low:3,4562.359031344924,randomized_non_lattice_usage,False,62.53749725970455,4562.359031344907,4.108165990296699,4554.307173961412,4570.410888728401,False,0.0,0.95
2,2.25|3,90672.1627465356,90492.1627465356,180.0,0.00952255365402776,0.9102713651914619,family_four:3;family_three:3;single_average:3;single_low:3;two_person_average:3;two_person_low:3,4562.359031344924,randomized_non_lattice_usage,False,62.53749725970455,4562.359031344907,4.108165990296699,4554.307173961412,4570.410888728401,False,0.0,0.95
2,2.4|3,90672.1627465356,90492.1627465356,180.0,0.00952255365402776,0.9102713651914619,family_four:3;family_three:3;single_average:3;single_low:3;two_person_average:3;two_person_low:3,4562.359031344924,randomized_non_lattice_usage,False,62.53749725970455,4562.359031344907,4.108165990296699,4554.307173961412,4570.410888728401,False,0.0,0.95
2,1.8|2.4,92212.78801279976,92032.78801279976,180.0,0.0012530878525693846,1.0277202613202414,family_four:2.4;family_three:2.4;single_average:2.4;single_low:2.4;two_person_average:2.4;two_person_low:2.4,6102.984297609088,randomized_non_lattice_usage,False,63.60925180244506,6102.984297609063,5.1340084307754825,6092.921825988418,6113.046769229708,False,0.0,0.95
2,2|2.4,92212.78801279976,92032.78801279976,180.0,0.0012530878525693846,1.0277202613202414,family_four:2.4;family_three:2.4;single_average:2.4;single_low:2.4;two_person_average:2.4;two_person_low:2.4,6102.984297609088,randomized_non_lattice_usage,False,63.60925180244506,6102.984297609063,5.1340084307754825,6092.921825988418,6113.046769229708,False,0.0,0.95
2,2.1|2.4,92212.78801279976,92032.78801279976,180.0,0.0012530878525693846,1.0277202613202414,family_four:2.4;family_three:2.4;single_average:2.4;single_low:2.4;two_person_average:2.4;two_person_low:2.4,6102.984297609088,randomized_non_lattice_usage,False,63.60925180244506,6102.984297609063,5.1340084307754825,6092.921825988418,6113.046769229708,False,0.0,0.95
2,2.25|2.4,92212.78801279976,92032.78801279976,180.0,0.0012530878525693846,1.0277202613202414,family_four:2.4;family_three:2.4;single_average:2.4;single_low:2.4;two_person_average:2.4;two_person_low:2.4,6102.984297609088,randomized_non_lattice_usage,False,63.60925180244506,6102.984297609063,5.1340084307754825,6092.921825988418,6113.046769229708,False,0.0,0.95
2,1.8|2.25,92706.5967654122,92526.5967654122,180.0,0.0006122265536666492,1.0654953242566303,family_four:2.25;family_three:2.25;single_average:2.25;single_low:2.25;two_person_average:2.25;two_person_low:2.25,6596.793050221531,randomized_non_lattice_usage,False,63.96075593805417,6596.793050221528,5.485256654545355,6586.04214473266,6607.5439557103955,False,0.0,0.95
2,2|2.25,92706.5967654122,92526.5967654122,180.0,0.0006122265536666492,1.0654953242566303,family_four:2.25;family_three:2.25;single_average:2.25;single_low:2.25;two_person_average:2.25;two_person_low:2.25,6596.793050221531,randomized_non_lattice_usage,False,63.96075593805417,6596.793050221528,5.485256654545355,6586.04214473266,6607.5439557103955,False,0.0,0.95
2,2.1|2.25,92706.5967654122,92526.5967654122,180.0,0.0006122265536666492,1.0654953242566303,family_four:2.25;family_three:2.25;single_average:2.25;single_low:2.25;two_person_average:2.25;two_person_low:2.25,6596.793050221531,randomized_non_lattice_usage,False,63.96075593805417,6596.793050221528,5.485256654545355,6586.04214473266,6607.5439557103955,False,0.0,0.95
2,1.8|2.1,93262.38936251869,93082.38936251869,180.0,0.0002696295509001315,1.1077670097112482,family_four:2.1;family_three:2.1;single_average:2.1;single_low:2.1;two_person_average:2.1;two_person_low:2.1,7152.585647328015,randomized_non_lattice_usage,False,64.31414956662438,7152.585647328006,5.839277223295152,7141.1408742746025,7164.03042038141,False,0.0,0.95
2,2|2.1,93262.38936251869,93082.38936251869,180.0,0.0002696295509001315,1.1077670097112482,family_four:2.1;family_three:2.1;single_average:2.1;single_low:2.1;two_person_average:2.1;two_person_low:2.1,7152.585647328015,randomized_non_lattice_usage,False,64.31414956662438,7152.585647328006,5.839277223295152,7141.1408742746025,7164.03042038141,False,0.0,0.95
2,1.8|2,93671.63557165336,93491.63557165336,180.0,0.00014154899333852162,1.1389691423578916,family_four:2;family_three:2;single_average:2;single_low:2;two_person_average:2;two_person_low:2,7561.8318564626825,randomized_non_lattice_usage,False,64.61969667455429,7561.831856462668,6.117374443777001,7549.842022872919,7573.821690052417,False,0.0,0.95
3,5|9|10,86253.61029456652,85893.61029456652,360.0,0.2246185525438127,0.5432409609507817,family_four:10;family_three:10;single_average:5;single_low:5;two_person_average:10;two_person_low:9,143.80657937584328,randomized_non_lattice_usage,False,58.647767559686244,0.0,0.0,0.0,0.0,True,1.0,0.95
3,4.5|9|10,86279.16780750126,85919.16780750126,360.0,0.1821501384077555,0.5488112104172655,family_four:10;family_three:10;single_average:4.5;single_low:4.5;two_person_average:10;two_person_low:9,169.36409231058497,randomized_non_lattice_usage,False,58.656952022055336,25.557512934738952,0.6956030264163829,24.19415605542578,26.920869814052125,False,0.0,0.95
3,4.5|5|10,86280.81825116421,85920.81825116421,360.0,0.2373804318960856,0.5429442768994323,family_four:10;family_three:10;single_average:5;single_low:4.5;two_person_average:10;two_person_low:10,171.01453597353247,randomized_non_lattice_usage,False,58.568284886168705,27.207956597678958,0.7223074427077377,25.792260024206563,28.623653171151354,False,0.0,0.95
3,1.8|5|10,86289.80371519068,85929.80371519068,360.0,0.2711863402475284,0.5409095130469044,family_four:10;family_three:10;single_average:5;single_low:5;two_person_average:10;two_person_low:10,180.0,randomized_non_lattice_usage,False,58.609965429195974,36.19342062415793,0.5612148419271378,35.0934597463914,37.29338150192446,False,0.0,0.95
3,2|5|10,86289.80371519068,85929.80371519068,360.0,0.2711863402475284,0.5409095130469044,family_four:10;family_three:10;single_average:5;single_low:5;two_person_average:10;two_person_low:10,180.0,randomized_non_lattice_usage,True,58.609965429195974,36.19342062415793,0.5612148419271378,35.0934597463914,37.29338150192446,False,0.0,0.95
3,2.1|5|10,86289.80371519068,85929.80371519068,360.0,0.2711863402475284,0.5409095130469044,family_four:10;family_three:10;single_average:5;single_low:5;two_person_average:10;two_person_low:10,180.0,randomized_non_lattice_usage,False,58.609965429195974,36.19342062415793,0.5612148419271378,35.0934597463914,37.29338150192446,False,0.0,0.95
3,2.25|5|10,86289.80371519068,85929.80371519068,360.0,0.2711863402475284,0.5409095130469044,family_four:10;family_three:10;single_average:5;single_low:5;two_person_average:10;two_person_low:10,180.0,randomized_non_lattice_usage,False,58.609965429195974,36.19342062415793,0.5612148419271378,35.0934597463914,37.29338150192446,False,0.0,0.95
3,2.4|5|10,86289.80371519068,85929.80371519068,360.0,0.2711863402475284,0.5409095130469044,family_four:10;family_three:10;single_average:5;single_low:5;two_person_average:10;two_person_low:10,180.0,randomized_non_lattice_usage,False,58.609965429195974,36.19342062415793,0.5612148419271378,35.0934597463914,37.29338150192446,False,0.0,0.95
3,3|5|10,86289.80371519068,85929.80371519068,360.0,0.2711863402475284,0.5409095130469044,family_four:10;family_three:10;single_average:5;single_low:5;two_person_average:10;two_person_low:10,180.0,randomized_non_lattice_usage,False,58.609965429195974,36.19342062415793,0.5612148419271378,35.0934597463914,37.29338150192446,False,0.0,0.95
3,1.8|4.5|10,86315.36122812542,85955.36122812542,360.0,0.22871792611147124,0.5464797625133883,family_four:10;family_three:10;single_average:4.5;single_low:4.5;two_person_average:10;two_person_low:10,205.55751293474168,randomized_non_lattice_usage,False,58.61841381651475,61.75093355889658,0.8437035255730775,60.097305035143876,63.40456208264928,False,0.0,0.95
3,2|4.5|10,86315.36122812542,85955.36122812542,360.0,0.22871792611147124,0.5464797625133883,family_four:10;family_three:10;single_average:4.5;single_low:4.5;two_person_average:10;two_person_low:10,205.55751293474168,randomized_non_lattice_usage,False,58.61841381651475,61.75093355889658,0.8437035255730775,60.097305035143876,63.40456208264928,False,0.0,0.95
3,2.1|4.5|10,86315.36122812542,85955.36122812542,360.0,0.22871792611147124,0.5464797625133883,family_four:10;family_three:10;single_average:4.5;single_low:4.5;two_person_average:10;two_person_low:10,205.55751293474168,randomized_non_lattice_usage,False,58.61841381651475,61.75093355889658,0.8437035255730775,60.097305035143876,63.40456208264928,False,0.0,0.95
3,2.25|4.5|10,86315.36122812542,85955.36122812542,360.0,0.22871792611147124,0.5464797625133883,family_four:10;family_three:10;single_average:4.5;single_low:4.5;two_person_average:10;two_person_low:10,205.55751293474168,randomized_non_lattice_usage,False,58.61841381651475,61.75093355889658,0.8437035255730775,60.097305035143876,63.40456208264928,False,0.0,0.95
3,2.4|4.5|10,86315.36122812542,85955.36122812542,360.0,0.22871792611147124,0.5464797625133883,family_four:10;family_three:10;single_average:4.5;single_low:4.5;two_person_average:10;two_person_low:10,205.55751293474168,randomized_non_lattice_usage,False,58.61841381651475,61.75093355889658,0.8437035255730775,60.097305035143876,63.40456208264928,False,0.0,0.95
3,3|4.5|10,86315.36122812542,85955.36122812542,360.0,0.22871792611147124,0.5464797625133883,family_four:10;family_three:10;single_average:4.5;single_low:4.5;two_person_average:10;two_person_low:10,205.55751293474168,randomized_non_lattice_usage,False,58.61841381651475,61.75093355889658,0.8437035255730775,60.097305035143876,63.40456208264928,False,0.0,0.95
3,4.5|5|9,86390.44579210704,86030.44579210704,360.0,0.17713816487745548,0.5631028534314597,family_four:9;family_three:9;single_average:5;single_low:4.5;two_person_average:9;two_person_low:9,280.64207691636693,randomized_non_lattice_usage,False,58.780042084221435,136.8354975405034,0.8616975768229812,135.14660132436492,138.5243937566419,False,0.0,0.95
3,1.8|5|9,86399.43125613351,86039.43125613351,360.0,0.2109440732288983,0.5610680895789318,family_four:9;family_three:9;single_average:5;single_low:5;two_person_average:9;two_person_low:9,289.62754094283446,randomized_non_lattice_usage,False,58.82112523048297,145.82096156698177,0.6950752650570308,144.45863908092537,147.18328405303816,False,0.0,0.95
3,2|5|9,86399.43125613351,86039.43125613351,360.0,0.2109440732288983,0.5610680895789318,family_four:9;family_three:9;single_average:5;single_low:5;two_person_average:9;two_person_low:9,289.62754094283446,randomized_non_lattice_usage,False,58.82112523048297,145.82096156698177,0.6950752650570308,144.45863908092537,147.18328405303816,False,0.0,0.95
3,2.1|5|9,86399.43125613351,86039.43125613351,360.0,0.2109440732288983,0.5610680895789318,family_four:9;family_three:9;single_average:5;single_low:5;two_person_average:9;two_person_low:9,289.62754094283446,randomized_non_lattice_usage,False,58.82112523048297,145.82096156698177,0.6950752650570308,144.45863908092537,147.18328405303816,False,0.0,0.95
3,2.25|5|9,86399.43125613351,86039.43125613351,360.0,0.2109440732288983,0.5610680895789318,family_four:9;family_three:9;single_average:5;single_low:5;two_person_average:9;two_person_low:9,289.62754094283446,randomized_non_lattice_usage,False,58.82112523048297,145.82096156698177,0.6950752650570308,144.45863908092537,147.18328405303816,False,0.0,0.95
3,2.4|5|9,86399.43125613351,86039.43125613351,360.0,0.2109440732288983,0.5610680895789318,family_four:9;family_three:9;single_average:5;single_low:5;two_person_average:9;two_person_low:9,289.62754094283446,randomized_non_lattice_usage,False,58.82112523048297,145.82096156698177,0.6950752650570308,144.45863908092537,147.18328405303816,False,0.0,0.95
3,3|5|9,86399.43125613351,86039.43125613351,360.0,0.2109440732288983,0.5610680895789318,family_four:9;family_three:9;single_average:5;single_low:5;two_person_average:9;two_person_low:9,289.62754094283446,randomized_non_lattice_usage,False,58.82112523048297,145.82096156698177,0.6950752650570308,144.45863908092537,147.18328405303816,False,0.0,0.95
3,3|9|10,86408.05074147633,86048.05074147633,360.0,0.3438246274263793,0.5392881703182116,family_four:10;family_three:10;single_average:9;single_low:3;two_person_average:10;two_person_low:9,298.2470262856514,randomized_non_lattice_usage,False,58.48404849704378,154.44044690980854,1.325190503147686,151.84312125098455,157.03777256863253,False,0.0,0.95
3,1.8|4.5|9,86424.98876906825,86064.98876906825,360.0,0.16847565909284107,0.5666383390454157,family_four:9;family_three:9;single_average:4.5;single_low:4.5;two_person_average:9;two_person_low:9,315.18505387757614,randomized_non_lattice_usage,False,58.83021983088257,171.3784745017208,0.9795939881165857,169.45850556554035,173.29844343790126,False,0.0,0.95
3,2|4.5|9,86424.98876906825,86064.98876906825,360.0,0.16847565909284107,0.5666383390454157,family_four:9;family_three:9;single_average:4.5;single_low:4.5;two_person_average:9;two_person_low:9,315.18505387757614,randomized_non_lattice_usage,False,58.83021983088257,171.3784745017208,0.9795939881165857,169.45850556554035,173.29844343790126,False,0.0,0.95
3,2.1|4.5|9,86424.98876906825,86064.98876906825,360.0,0.16847565909284107,0.5666383390454157,family_four:9;family_three:9;single_average:4.5;single_low:4.5;two_person_average:9;two_person_low:9,315.18505387757614,randomized_non_lattice_usage,False,58.83021983088257,171.3784745017208,0.9795939881165857,169.45850556554035,173.29844343790126,False,0.0,0.95
3,2.25|4.5|9,86424.98876906825,86064.98876906825,360.0,0.16847565909284107,0.5666383390454157,family_four:9;family_three:9;single_average:4.5;single_low:4.5;two_person_average:9;two_person_low:9,315.18505387757614,randomized_non_lattice_usage,False,58.83021983088257,171.3784745017208,0.9795939881165857,169.45850556554035,173.29844343790126,False,0.0,0.95
3,2.4|4.5|9,86424.98876906825,86064.98876906825,360.0,0.16847565909284107,0.5666383390454157,family_four:9;family_three:9;single_average:4.5;single_low:4.5;two_person_average:9;two_person_low:9,315.18505387757614,randomized_non_lattice_usage,False,58.83021983088257,171.3784745017208,0.9795939881165857,169.45850556554035,173.29844343790126,False,0.0,0.95
3,3|4.5|9,86424.98876906825,86064.98876906825,360.0,0.16847565909284107,0.5666383390454157,family_four:9;family_three:9;single_average:4.5;single_low:4.5;two_person_average:9;two_person_low:9,315.18505387757614,randomized_non_lattice_usage,False,58.83021983088257,171.3784745017208,0.9795939881165857,169.45850556554035,173.29844343790126,False,0.0,0.95
3,2.4|9|10,86490.91933843344,86130.91933843344,360.0,0.3355608889182339,0.5462641852562777,family_four:10;family_three:10;single_average:9;single_low:2.4;two_person_average:10;two_person_low:9,381.1156232427602,randomized_non_lattice_usage,False,58.506493783378446,237.30904386691273,1.4377977297822502,234.49101209948606,240.1270756343394,False,0.0,0.95
3,2.25|9|10,86519.68568770713,86159.68568770713,360.0,0.33492002761933115,0.5485467167532253,family_four:10;family_three:10;single_average:9;single_low:2.25;two_person_average:10;two_person_low:9,409.88197251645033,randomized_non_lattice_usage,False,58.53054603985121,266.07539314060506,1.4451460662744227,263.24295889830745,268.90782738290267,False,0.0,0.95
3,1.8|3|10,86526.19743870536,86166.19743870536,360.0,0.4704867663366156,0.5349953005791608,family_four:10;family_three:10;single_average:10;single_low:3;two_person_average:10;two_person_low:10,416.39372351468774,randomized_non_lattice_usage,False,58.614381540586194,272.58714413883826,1.3838639904404288,269.8748205580731,275.2994677196034,False,0.0,0.95
3,2|3|10,86526.19743870536,86166.19743870536,360.0,0.4704867663366156,0.5349953005791608,family_four:10;family_three:10;single_average:10;single_low:3;two_person_average:10;two_person_low:10,416.39372351468774,randomized_non_lattice_usage,False,58.614381540586194,272.58714413883826,1.3838639904404288,269.8748205580731,275.2994677196034,False,0.0,0.95
3,2.1|3|10,86526.19743870536,86166.19743870536,360.0,0.4704867663366156,0.5349953005791608,family_four:10;family_three:10;single_average:10;single_low:3;two_person_average:10;two_person_low:10,416.39372351468774,randomized_non_lattice_usage,False,58.614381540586194,272.58714413883826,1.3838639904404288,269.8748205580731,275.2994677196034,False,0.0,0.95
3,2.25|3|10,86526.19743870536,86166.19743870536,360.0,0.4704867663366156,0.5349953005791608,family_four:10;family_three:10;single_average:10;single_low:3;two_person_average:10;two_person_low:10,416.39372351468774,randomized_non_lattice_usage,False,58.614381540586194,272.58714413883826,1.3838639904404288,269.8748205580731,275.2994677196034,False,0.0,0.95
3,2.4|3|10,86526.19743870536,86166.19743870536,360.0,0.4704867663366156,0.5349953005791608,family_four:10;family_three:10;single_average:10;single_low:3;two_person_average:10;two_person_low:10,416.39372351468774,randomized_non_lattice_usage,False,58.614381540586194,272.58714413883826,1.3838639904404288,269.8748205580731,275.2994677196034,False,0.0,0.95
3,2.1|9|10,86552.3953690472,86192.3953690472,360.0,0.33457743061656464,0.5510646618798598,family_four:10;family_three:10;single_average:9;single_low:2.1;two_person_average:10;two_person_low:9,442.5916538565216,randomized_non_lattice_usage,False,58.546653843446315,298.7850744806685,1.5228668413246154,295.800310318422,301.76983864291503,False,0.0,0.95
3,1.8|3|9,86553.87170304332,86193.87170304332,360.0,0.3301501481114649,0.5571152989463618,family_four:9;family_three:9;single_average:9;single_low:3;two_person_average:9;two_person_low:9,444.06798785264255,randomized_non_lattice_usage,False,58.655470514988316,300.2614084767909,1.3983628208199972,297.5206677106639,303.00214924291794,False,0.0,0.95
3,2|3|9,86553.87170304332,86193.87170304332,360.0,0.3301501481114649,0.5571152989463618,family_four:9;family_three:9;single_average:9;single_low:3;two_person_average:9;two_person_low:9,444.06798785264255,randomized_non_lattice_usage,False,58.655470514988316,300.2614084767909,1.3983628208199972,297.5206677106639,303.00214924291794,False,0.0,0.95
3,2.1|3|9,86553.87170304332,86193.87170304332,360.0,0.3301501481114649,0.5571152989463618,family_four:9;family_three:9;single_average:9;single_low:3;two_person_average:9;two_person_low:9,444.06798785264255,randomized_non_lattice_usage,False,58.655470514988316,300.2614084767909,1.3983628208199972,297.5206677106639,303.00214924291794,False,0.0,0.95
3,2.25|3|9,86553.87170304332,86193.87170304332,360.0,0.3301501481114649,0.5571152989463618,family_four:9;family_three:9;single_average:9;single_low:3;two_person_average:9;two_person_low:9,444.06798785264255,randomized_non_lattice_usage,False,58.655470514988316,300.2614084767909,1.3983628208199972,297.5206677106639,303.00214924291794,False,0.0,0.95
3,2.4|3|9,86553.87170304332,86193.87170304332,360.0,0.3301501481114649,0.5571152989463618,family_four:9;family_three:9;single_average:9;single_low:3;two_person_average:9;two_person_low:9,444.06798785264255,randomized_non_lattice_usage,False,58.655470514988316,300.2614084767909,1.3983628208199972,297.5206677106639,303.00214924291794,False,0.0,0.95
3,2|9|10,86576.40904847601,86216.40904847601,360.0,0.334449350059003,0.5529050515081613,family_four:10;family_three:10;single_average:9;single_low:2;two_person_average:10;two_person_low:9,466.6053332853335,randomized_non_lattice_usage,False,58.56042915308543,322.79875390948035,1.5684434344045954,319.72466126625903,325.8728465527017,False,0.0,0.95
3,1.8|2.4|10,86609.06603566246,86249.06603566246,360.0,0.4622230278284702,0.5419713155172268,family_four:10;family_three:10;single_average:10;single_low:2.4;two_person_average:10;two_person_low:10,499.262320471782,randomized_non_lattice_usage,False,58.63663822443948,355.45574109594287,1.4865882565867943,352.54208165319255,358.3694005386932,False,0.0,0.95
3,2|2.4|10,86609.06603566246,86249.06603566246,360.0,0.4622230278284702,0.5419713155172268,family_four:10;family_three:10;single_average:10;single_low:2.4;two_person_average:10;two_person_low:10,499.262320471782,randomized_non_lattice_usage,False,58.63663822443948,355.45574109594287,1.4865882565867943,352.54208165319255,358.3694005386932,False,0.0,0.95
3,2.1|2.4|10,86609.06603566246,86249.06603566246,360.0,0.4622230278284702,0.5419713155172268,family_four:10;family_three:10;single_average:10;single_low:2.4;two_person_average:10;two_person_low:10,499.262320471782,randomized_non_lattice_usage,False,58.63663822443948,355.45574109594287,1.4865882565867943,352.54208165319255,358.3694005386932,False,0.0,0.95
3,2.25|2.4|10,86609.06603566246,86249.06603566246,360.0,0.4622230278284702,0.5419713155172268,family_four:10;family_three:10;single_average:10;single_low:2.4;two_person_average:10;two_person_low:10,499.262320471782,randomized_non_lattice_usage,False,58.63663822443948,355.45574109594287,1.4865882565867943,352.54208165319255,358.3694005386932,False,0.0,0.95
3,1.8|9|10,86619.60395893332,86259.60395893332,360.0,0.7677824158777026,0.5197938477681078,family_four:10;family_three:10;single_average:9;single_low:9;two_person_average:10;two_person_low:9,509.8002437426476,randomized_non_lattice_usage,False,58.32170239134617,365.99366436679674,1.5658625633512997,362.92463013788864,369.06269859570483,False,0.0,0.95
3,1.8|2.4|9,86636.74030000043,86276.74030000043,360.0,0.32188640960331943,0.5640913138844279,family_four:9;family_three:9;single_average:9;single_low:2.4;two_person_average:9;two_person_low:9,526.9365848097514,randomized_non_lattice_usage,False,58.677865220038406,383.1300054338944,1.5060910487699473,380.1781212208671,386.08188964692164,False,0.0,0.95
3,2|2.4|9,86636.74030000043,86276.74030000043,360.0,0.32188640960331943,0.5640913138844279,family_four:9;family_three:9;single_average:9;single_low:2.4;two_person_average:9;two_person_low:9,526.9365848097514,randomized_non_lattice_usage,False,58.677865220038406,383.1300054338944,1.5060910487699473,380.1781212208671,386.08188964692164,False,0.0,0.95
3,2.1|2.4|9,86636.74030000043,86276.74030000043,360.0,0.32188640960331943,0.5640913138844279,family_four:9;family_three:9;single_average:9;single_low:2.4;two_person_average:9;two_person_low:9,526.9365848097514,randomized_non_lattice_usage,False,58.677865220038406,383.1300054338944,1.5060910487699473,380.1781212208671,386.08188964692164,False,0.0,0.95
3,2.25|2.4|9,86636.74030000043,86276.74030000043,360.0,0.32188640960331943,0.5640913138844279,family_four:9;family_three:9;single_average:9;single_low:2.4;two_person_average:9;two_person_low:9,526.9365848097514,randomized_non_lattice_usage,False,58.677865220038406,383.1300054338944,1.5060910487699473,380.1781212208671,386.08188964692164,False,0.0,0.95
3,1.8|2.25|10,86637.83238493616,86277.83238493616,360.0,0.46158216652956746,0.5442538470141743,family_four:10;family_three:10;single_average:10;single_low:2.25;two_person_average:10;two_person_low:10,528.0286697454867,randomized_non_lattice_usage,False,58.66231797854979,384.2220903696341,1.5583109252545915,381.1678570794198,387.2763236598484,False,0.0,0.95
3,2|2.25|10,86637.83238493616,86277.83238493616,360.0,0.46158216652956746,0.5442538470141743,family_four:10;family_three:10;single_average:10;single_low:2.25;two_person_average:10;two_person_low:10,528.0286697454867,randomized_non_lattice_usage,False,58.66231797854979,384.2220903696341,1.5583109252545915,381.1678570794198,387.2763236598484,False,0.0,0.95
3,2.1|2.25|10,86637.83238493616,86277.83238493616,360.0,0.46158216652956746,0.5442538470141743,family_four:10;family_three:10;single_average:10;single_low:2.25;two_person_average:10;two_person_low:10,528.0286697454867,randomized_non_lattice_usage,False,58.66231797854979,384.2220903696341,1.5583109252545915,381.1678570794198,387.2763236598484,False,0.0,0.95
3,1.8|2.25|9,86665.50664927412,86305.50664927412,360.0,0.3212455483044167,0.5663738453813755,family_four:9;family_three:9;single_average:9;single_low:2.25;two_person_average:9;two_person_low:9,555.7029340834415,randomized_non_lattice_usage,False,58.70236009727642,411.8963547075864,1.532874554214291,408.8919757885085,414.9007336266643,False,0.0,0.95
3,2|2.25|9,86665.50664927412,86305.50664927412,360.0,0.3212455483044167,0.5663738453813755,family_four:9;family_three:9;single_average:9;single_low:2.25;two_person_average:9;two_person_low:9,555.7029340834415,randomized_non_lattice_usage,False,58.70236009727642,411.8963547075864,1.532874554214291,408.8919757885085,414.9007336266643,False,0.0,0.95
3,2.1|2.25|9,86665.50664927412,86305.50664927412,360.0,0.3212455483044167,0.5663738453813755,family_four:9;family_three:9;single_average:9;single_low:2.25;two_person_average:9;two_person_low:9,555.7029340834415,randomized_non_lattice_usage,False,58.70236009727642,411.8963547075864,1.532874554214291,408.8919757885085,414.9007336266643,False,0.0,0.95
3,1.8|2.1|10,86670.54206627622,86310.54206627622,360.0,0.46123956952680095,0.5467717921408088,family_four:10;family_three:10;single_average:10;single_low:2.1;two_person_average:10;two_person_low:10,560.7383510855434,randomized_non_lattice_usage,False,58.67829414111987,416.93177170969807,1.6272078408803212,413.74250294621146,420.1210404731847,False,0.0,0.95
3,2|2.1|10,86670.54206627622,86310.54206627622,360.0,0.46123956952680095,0.5467717921408088,family_four:10;family_three:10;single_average:10;single_low:2.1;two_person_average:10;two_person_low:10,560.7383510855434,randomized_non_lattice_usage,False,58.67829414111987,416.93177170969807,1.6272078408803212,413.74250294621146,420.1210404731847,False,0.0,0.95
3,1.8|2|10,86694.55574570503,86334.55574570503,360.0,0.4611114889692393,0.5486121817691103,family_four:10;family_three:10;single_average:10;single_low:2;two_person_average:10;two_person_low:10,584.7520305143553,randomized_non_lattice_usage,False,58.6912273405209,440.9454511385104,1.6411806249343408,437.7287962215142,444.1621060555066,False,0.0,0.95
3,1.8|2.1|9,86698.21633061419,86338.21633061419,360.0,0.3209029513016502,0.56889179050801,family_four:9;family_three:9;single_average:9;single_low:2.1;two_person_average:9;two_person_low:9,588.4126154235128,randomized_non_lattice_usage,False,58.71822927685982,444.60603604765146,1.5993412834299798,441.4713847331406,447.7406873621623,False,0.0,0.95
3,2|2.1|9,86698.21633061419,86338.21633061419,360.0,0.3209029513016502,0.56889179050801,family_four:9;family_three:9;single_average:9;single_low:2.1;two_person_average:9;two_person_low:9,588.4126154235128,randomized_non_lattice_usage,False,58.71822927685982,444.60603604765146,1.5993412834299798,441.4713847331406,447.7406873621623,False,0.0,0.95
3,1.8|2|9,86722.230010043,86362.230010043,360.0,0.32077487074408856,0.5707321801363114,family_four:9;family_three:9;single_average:9;single_low:2;two_person_average:9;two_person_low:9,612.4262948523246,randomized_non_lattice_usage,False,58.73152706471651,468.6197154764632,1.6270892863783706,465.43067907553063,471.8087518773958,False,0.0,0.95
3,1.8|4.5|5,88176.38530383342,87816.38530383342,360.0,0.0931774474708453,0.7042045605089103,family_four:5;family_three:5;single_average:5;single_low:4.5;two_person_average:5;two_person_low:5,2066.5815886427445,randomized_non_lattice_usage,False,60.4543104672892,1922.7750092668914,2.052178272864149,1918.752813762222,1926.7972047715607,False,0.0,0.95
3,2|4.5|5,88176.38530383342,87816.38530383342,360.0,0.0931774474708453,0.7042045605089103,family_four:5;family_three:5;single_average:5;single_low:4.5;two_person_average:5;two_person_low:5,2066.5815886427445,randomized_non_lattice_usage,False,60.4543104672892,1922.7750092668914,2.052178272864149,1918.752813762222,1926.7972047715607,False,0.0,0.95
3,2.1|4.5|5,88176.38530383342,87816.38530383342,360.0,0.0931774474708453,0.7042045605089103,family_four:5;family_three:5;single_average:5;single_low:4.5;two_person_average:5;two_person_low:5,2066.5815886427445,randomized_non_lattice_usage,False,60.4543104672892,1922.7750092668914,2.052178272864149,1918.752813762222,1926.7972047715607,False,0.0,0.95
3,2.25|4.5|5,88176.38530383342,87816.38530383342,360.0,0.0931774474708453,0.7042045605089103,family_four:5;family_three:5;single_average:5;single_low:4.5;two_person_average:5;two_person_low:5,2066.5815886427445,randomized_non_lattice_usage,False,60.4543104672892,1922.7750092668914,2.052178272864149,1918.752813762222,1926.7972047715607,False,0.0,0.95
3,2.4|4.5|5,88176.38530383342,87816.38530383342,360.0,0.0931774474708453,0.7042045605089103,family_four:5;family_three:5;single_average:5;single_low:4.5;two_person_average:5;two_person_low:5,2066.5815886427445,randomized_non_lattice_usage,False,60.4543104672892,1922.7750092668914,2.052178272864149,1918.752813762222,1926.7972047715607,False,0.0,0.95
3,3|4.5|5,88176.38530383342,87816.38530383342,360.0,0.0931774474708453,0.7042045605089103,family_four:5;family_three:5;single_average:5;single_low:4.5;two_person_average:5;two_person_low:5,2066.5815886427445,randomized_non_lattice_usage,False,60.4543104672892,1922.7750092668914,2.052178272864149,1918.752813762222,1926.7972047715607,False,0.0,0.95
3,1.8|2|5,88185.3707678599,87825.3707678599,360.0,0.12698335582228815,0.7021697966563824,family_four:5;family_three:5;single_average:5;single_low:5;two_person_average:5;two_person_low:5,2075.5670526692265,randomized_non_lattice_usage,False,60.496609382582164,1931.7604732933703,2.0583268277511877,1927.7262268425654,1935.7947197441752,False,0.0,0.95
3,1.8|2.1|5,88185.3707678599,87825.3707678599,360.0,0.12698335582228815,0.7021697966563824,family_four:5;family_three:5;single_average:5;single_low:5;two_person_average:5;two_person_low:5,2075.5670526692265,randomized_non_lattice_usage,False,60.496609382582164,1931.7604732933703,2.0583268277511877,1927.7262268425654,1935.7947197441752,False,0.0,0.95
3,1.8|2.25|5,88185.3707678599,87825.3707678599,360.0,0.12698335582228815,0.7021697966563824,family_four:5;family_three:5;single_average:5;single_low:5;two_person_average:5;two_person_low:5,2075.5670526692265,randomized_non_lattice_usage,False,60.496609382582164,1931.7604732933703,2.0583268277511877,1927.7262268425654,1935.7947197441752,False,0.0,0.95
3,1.8|2.4|5,88185.3707678599,87825.3707678599,360.0,0.12698335582228815,0.7021697966563824,family_four:5;family_three:5;single_average:5;single_low:5;two_person_average:5;two_person_low:5,2075.5670526692265,randomized_non_lattice_usage,False,60.496609382582164,1931.7604732933703,2.0583268277511877,1927.7262268425654,1935.7947197441752,False,0.0,0.95
3,1.8|3|5,88185.3707678599,87825.3707678599,360.0,0.12698335582228815,0.7021697966563824,family_four:5;family_three:5;single_average:5;single_low:5;two_person_average:5;two_person_low:5,2075.5670526692265,randomized_non_lattice_usage,False,60.496609382582164,1931.7604732933703,2.0583268277511877,1927.7262268425654,1935.7947197441752,False,0.0,0.95
3,2|2.1|5,88185.3707678599,87825.3707678599,360.0,0.12698335582228815,0.7021697966563824,family_four:5;family_three:5;single_average:5;single_low:5;two_person_average:5;two_person_low:5,2075.5670526692265,randomized_non_lattice_usage,False,60.496609382582164,1931.7604732933703,2.0583268277511877,1927.7262268425654,1935.7947197441752,False,0.0,0.95
3,2|2.25|5,88185.3707678599,87825.3707678599,360.0,0.12698335582228815,0.7021697966563824,family_four:5;family_three:5;single_average:5;single_low:5;two_person_average:5;two_person_low:5,2075.5670526692265,randomized_non_lattice_usage,False,60.496609382582164,1931.7604732933703,2.0583268277511877,1927.7262268425654,1935.7947197441752,False,0.0,0.95
3,2|2.4|5,88185.3707678599,87825.3707678599,360.0,0.12698335582228815,0.7021697966563824,family_four:5;family_three:5;single_average:5;single_low:5;two_person_average:5;two_person_low:5,2075.5670526692265,randomized_non_lattice_usage,False,60.496609382582164,1931.7604732933703,2.0583268277511877,1927.7262268425654,1935.7947197441752,False,0.0,0.95
3,2|3|5,88185.3707678599,87825.3707678599,360.0,0.12698335582228815,0.7021697966563824,family_four:5;family_three:5;single_average:5;single_low:5;two_person_average:5;two_person_low:5,2075.5670526692265,randomized_non_lattice_usage,False,60.496609382582164,1931.7604732933703,2.0583268277511877,1927.7262268425654,1935.7947197441752,False,0.0,0.95
3,2.1|2.25|5,88185.3707678599,87825.3707678599,360.0,0.12698335582228815,0.7021697966563824,family_four:5;family_three:5;single_average:5;single_low:5;two_person_average:5;two_person_low:5,2075.5670526692265,randomized_non_lattice_usage,False,60.496609382582164,1931.7604732933703,2.0583268277511877,1927.7262268425654,1935.7947197441752,False,0.0,0.95
3,2.1|2.4|5,88185.3707678599,87825.3707678599,360.0,0.12698335582228815,0.7021697966563824,family_four:5;family_three:5;single_average:5;single_low:5;two_person_average:5;two_person_low:5,2075.5670526692265,randomized_non_lattice_usage,False,60.496609382582164,1931.7604732933703,2.0583268277511877,1927.7262268425654,1935.7947197441752,False,0.0,0.95
3,2.1|3|5,88185.3707678599,87825.3707678599,360.0,0.12698335582228815,0.7021697966563824,family_four:5;family_three:5;single_average:5;single_low:5;two_person_average:5;two_person_low:5,2075.5670526692265,randomized_non_lattice_usage,False,60.496609382582164,1931.7604732933703,2.0583268277511877,1927.7262268425654,1935.7947197441752,False,0.0,0.95
3,2.25|2.4|5,88185.3707678599,87825.3707678599,360.0,0.12698335582228815,0.7021697966563824,family_four:5;family_three:5;single_average:5;single_low:5;two_person_average:5;two_person_low:5,2075.5670526692265,randomized_non_lattice_usage,False,60.496609382582164,1931.7604732933703,2.0583268277511877,1927.7262268425654,1935.7947197441752,False,0.0,0.95
3,2.25|3|5,88185.3707678599,87825.3707678599,360.0,0.12698335582228815,0.7021697966563824,family_four:5;family_three:5;single_average:5;single_low:5;two_person_average:5;two_person_low:5,2075.5670526692265,randomized_non_lattice_usage,False,60.496609382582164,1931.7604732933703,2.0583268277511877,1927.7262268425654,1935.7947197441752,False,0.0,0.95
3,2.4|3|5,88185.3707678599,87825.3707678599,360.0,0.12698335582228815,0.7021697966563824,family_four:5;family_three:5;single_average:5;single_low:5;two_person_average:5;two_person_low:5,2075.5670526692265,randomized_non_lattice_usage,False,60.496609382582164,1931.7604732933703,2.0583268277511877,1927.7262268425654,1935.7947197441752,False,0.0,0.95
3,1.8|2|4.5,88641.90318354446,88281.90318354446,360.0,0.0843641683791222,0.7395001432638881,family_four:4.5;family_three:4.5;single_average:4.5;single_low:4.5;two_person_average:4.5;two_person_low:4.5,2532.0994683537865,randomized_non_lattice_usage,False,60.79226248032705,2388.292888977929,2.4514524951993164,2383.488130377528,2393.0976475783305,False,0.0,0.95
3,1.8|2.1|4.5,88641.90318354446,88281.90318354446,360.0,0.0843641683791222,0.7395001432638881,family_four:4.5;family_three:4.5;single_average:4.5;single_low:4.5;two_person_average:4.5;two_person_low:4.5,2532.0994683537865,randomized_non_lattice_usage,False,60.79226248032705,2388.292888977929,2.4514524951993164,2383.488130377528,2393.0976475783305,False,0.0,0.95
3,1.8|2.25|4.5,88641.90318354446,88281.90318354446,360.0,0.0843641683791222,0.7395001432638881,family_four:4.5;family_three:4.5;single_average:4.5;single_low:4.5;two_person_average:4.5;two_person_low:4.5,2532.0994683537865,randomized_non_lattice_usage,False,60.79226248032705,2388.292888977929,2.4514524951993164,2383.488130377528,2393.0976475783305,False,0.0,0.95
3,1.8|2.4|4.5,88641.90318354446,88281.90318354446,360.0,0.0843641683791222,0.7395001432638881,family_four:4.5;family_three:4.5;single_average:4.5;single_low:4.5;two_person_average:4.5;two_person_low:4.5,2532.0994683537865,randomized_non_lattice_usage,False,60.79226248032705,2388.292888977929,2.4514524951993164,2383.488130377528,2393.0976475783305,False,0.0,0.95
3,1.8|3|4.5,88641.90318354446,88281.90318354446,360.0,0.0843641683791222,0.7395001432638881,family_four:4.5;family_three:4.5;single_average:4.5;single_low:4.5;two_person_average:4.5;two_person_low:4.5,2532.0994683537865,randomized_non_lattice_usage,False,60.79226248032705,2388.292888977929,2.4514524951993164,2383.488130377528,2393.0976475783305,False,0.0,0.95
3,2|2.1|4.5,88641.90318354446,88281.90318354446,360.0,0.0843641683791222,0.7395001432638881,family_four:4.5;family_three:4.5;single_average:4.5;single_low:4.5;two_person_average:4.5;two_person_low:4.5,2532.0994683537865,randomized_non_lattice_usage,False,60.79226248032705,2388.292888977929,2.4514524951993164,2383.488130377528,2393.0976475783305,False,0.0,0.95
3,2|2.25|4.5,88641.90318354446,88281.90318354446,360.0,0.0843641683791222,0.7395001432638881,family_four:4.5;family_three:4.5;single_average:4.5;single_low:4.5;two_person_average:4.5;two_person_low:4.5,2532.0994683537865,randomized_non_lattice_usage,False,60.79226248032705,2388.292888977929,2.4514524951993164,2383.488130377528,2393.0976475783305,False,0.0,0.95
3,2|2.4|4.5,88641.90318354446,88281.90318354446,360.0,0.0843641683791222,0.7395001432638881,family_four:4.5;family_three:4.5;single_average:4.5;single_low:4.5;two_person_average:4.5;two_person_low:4.5,2532.0994683537865,randomized_non_lattice_usage,False,60.79226248032705,2388.292888977929,2.4514524951993164,2383.488130377528,2393.0976475783305,False,0.0,0.95
3,2|3|4.5,88641.90318354446,88281.90318354446,360.0,0.0843641683791222,0.7395001432638881,family_four:4.5;family_three:4.5;single_average:4.5;single_low:4.5;two_person_average:4.5;two_person_low:4.5,2532.0994683537865,randomized_non_lattice_usage,False,60.79226248032705,2388.292888977929,2.4514524951993164,2383.488130377528,2393.0976475783305,False,0.0,0.95
3,2.1|2.25|4.5,88641.90318354446,88281.90318354446,360.0,0.0843641683791222,0.7395001432638881,family_four:4.5;family_three:4.5;single_average:4.5;single_low:4.5;two_person_average:4.5;two_person_low:4.5,2532.0994683537865,randomized_non_lattice_usage,False,60.79226248032705,2388.292888977929,2.4514524951993164,2383.488130377528,2393.0976475783305,False,0.0,0.95
3,2.1|2.4|4.5,88641.90318354446,88281.90318354446,360.0,0.0843641683791222,0.7395001432638881,family_four:4.5;family_three:4.5;single_average:4.5;single_low:4.5;two_person_average:4.5;two_person_low:4.5,2532.0994683537865,randomized_non_lattice_usage,False,60.79226248032705,2388.292888977929,2.4514524951993164,2383.488130377528,2393.0976475783305,False,0.0,0.95
3,2.1|3|4.5,88641.90318354446,88281.90318354446,360.0,0.0843641683791222,0.7395001432638881,family_four:4.5;family_three:4.5;single_average:4.5;single_low:4.5;two_person_average:4.5;two_person_low:4.5,2532.0994683537865,randomized_non_lattice_usage,False,60.79226248032705,2388.292888977929,2.4514524951993164,2383.488130377528,2393.0976475783305,False,0.0,0.95
3,2.25|2.4|4.5,88641.90318354446,88281.90318354446,360.0,0.0843641683791222,0.7395001432638881,family_four:4.5;family_three:4.5;single_average:4.5;single_low:4.5;two_person_average:4.5;two_person_low:4.5,2532.0994683537865,randomized_non_lattice_usage,False,60.79226248032705,2388.292888977929,2.4514524951993164,2383.488130377528,2393.0976475783305,False,0.0,0.95
3,2.25|3|4.5,88641.90318354446,88281.90318354446,360.0,0.0843641683791222,0.7395001432638881,family_four:4.5;family_three:4.5;single_average:4.5;single_low:4.5;two_person_average:4.5;two_person_low:4.5,2532.0994683537865,randomized_non_lattice_usage,False,60.79226248032705,2388.292888977929,2.4514524951993164,2383.488130377528,2393.0976475783305,False,0.0,0.95
3,2.4|3|4.5,88641.90318354446,88281.90318354446,360.0,0.0843641683791222,0.7395001432638881,family_four:4.5;family_three:4.5;single_average:4.5;single_low:4.5;two_person_average:4.5;two_person_low:4.5,2532.0994683537865,randomized_non_lattice_usage,False,60.79226248032705,2388.292888977929,2.4514524951993164,2383.488130377528,2393.0976475783305,False,0.0,0.95
3,1.8|2|3,90852.1627465356,90492.1627465356,360.0,0.00952255365402776,0.9102713651914619,family_four:3;family_three:3;single_average:3;single_low:3;two_person_average:3;two_person_low:3,4742.359031344924,randomized_non_lattice_usage,False,62.53749725970455,4598.552451969065,4.034050657931534,4590.645857967709,4606.459045970421,False,0.0,0.95
3,1.8|2.1|3,90852.1627465356,90492.1627465356,360.0,0.00952255365402776,0.9102713651914619,family_four:3;family_three:3;single_average:3;single_low:3;two_person_average:3;two_person_low:3,4742.359031344924,randomized_non_lattice_usage,False,62.53749725970455,4598.552451969065,4.034050657931534,4590.645857967709,4606.459045970421,False,0.0,0.95
3,1.8|2.25|3,90852.1627465356,90492.1627465356,360.0,0.00952255365402776,0.9102713651914619,family_four:3;family_three:3;single_average:3;single_low:3;two_person_average:3;two_person_low:3,4742.359031344924,randomized_non_lattice_usage,False,62.53749725970455,4598.552451969065,4.034050657931534,4590.645857967709,4606.459045970421,False,0.0,0.95
3,1.8|2.4|3,90852.1627465356,90492.1627465356,360.0,0.00952255365402776,0.9102713651914619,family_four:3;family_three:3;single_average:3;single_low:3;two_person_average:3;two_person_low:3,4742.359031344924,randomized_non_lattice_usage,False,62.53749725970455,4598.552451969065,4.034050657931534,4590.645857967709,4606.459045970421,False,0.0,0.95
3,2|2.1|3,90852.1627465356,90492.1627465356,360.0,0.00952255365402776,0.9102713651914619,family_four:3;family_three:3;single_average:3;single_low:3;two_person_average:3;two_person_low:3,4742.359031344924,randomized_non_lattice_usage,False,62.53749725970455,4598.552451969065,4.034050657931534,4590.645857967709,4606.459045970421,False,0.0,0.95
3,2|2.25|3,90852.1627465356,90492.1627465356,360.0,0.00952255365402776,0.9102713651914619,family_four:3;family_three:3;single_average:3;single_low:3;two_person_average:3;two_person_low:3,4742.359031344924,randomized_non_lattice_usage,False,62.53749725970455,4598.552451969065,4.034050657931534,4590.645857967709,4606.459045970421,False,0.0,0.95
3,2|2.4|3,90852.1627465356,90492.1627465356,360.0,0.00952255365402776,0.9102713651914619,family_four:3;family_three:3;single_average:3;single_low:3;two_person_average:3;two_person_low:3,4742.359031344924,randomized_non_lattice_usage,False,62.53749725970455,4598.552451969065,4.034050657931534,4590.645857967709,4606.459045970421,False,0.0,0.95
3,2.1|2.25|3,90852.1627465356,90492.1627465356,360.0,0.00952255365402776,0.9102713651914619,family_four:3;family_three:3;single_average:3;single_low:3;two_person_average:3;two_person_low:3,4742.359031344924,randomized_non_lattice_usage,False,62.53749725970455,4598.552451969065,4.034050657931534,4590.645857967709,4606.459045970421,False,0.0,0.95
3,2.1|2.4|3,90852.1627465356,90492.1627465356,360.0,0.00952255365402776,0.9102713651914619,family_four:3;family_three:3;single_average:3;single_low:3;two_person_average:3;two_person_low:3,4742.359031344924,randomized_non_lattice_usage,False,62.53749725970455,4598.552451969065,4.034050657931534,4590.645857967709,4606.459045970421,False,0.0,0.95
3,2.25|2.4|3,90852.1627465356,90492.1627465356,360.0,0.00952255365402776,0.9102713651914619,family_four:3;family_three:3;single_average:3;single_low:3;two_person_average:3;two_person_low:3,4742.359031344924,randomized_non_lattice_usage,False,62.53749725970455,4598.552451969065,4.034050657931534,4590.645857967709,4606.459045970421,False,0.0,0.95
3,1.8|2|2.4,92392.78801279976,92032.78801279976,360.0,0.0012530878525693846,1.0277202613202414,family_four:2.4;family_three:2.4;single_average:2.4;single_low:2.4;two_person_average:2.4;two_person_low:2.4,6282.984297609088,randomized_non_lattice_usage,False,63.60925180244506,6139.17771823322,5.077695682436018,6129.225617571191,6149.129818895249,False,0.0,0.95
3,1.8|2.1|2.4,92392.78801279976,92032.78801279976,360.0,0.0012530878525693846,1.0277202613202414,family_four:2.4;family_three:2.4;single_average:2.4;single_low:2.4;two_person_average:2.4;two_person_low:2.4,6282.984297609088,randomized_non_lattice_usage,False,63.60925180244506,6139.17771823322,5.077695682436018,6129.225617571191,6149.129818895249,False,0.0,0.95
3,1.8|2.25|2.4,92392.78801279976,92032.78801279976,360.0,0.0012530878525693846,1.0277202613202414,family_four:2.4;family_three:2.4;single_average:2.4;single_low:2.4;two_person_average:2.4;two_person_low:2.4,6282.984297609088,randomized_non_lattice_usage,False,63.60925180244506,6139.17771823322,5.077695682436018,6129.225617571191,6149.129818895249,False,0.0,0.95
3,2|2.1|2.4,92392.78801279976,92032.78801279976,360.0,0.0012530878525693846,1.0277202613202414,family_four:2.4;family_three:2.4;single_average:2.4;single_low:2.4;two_person_average:2.4;two_person_low:2.4,6282.984297609088,randomized_non_lattice_usage,False,63.60925180244506,6139.17771823322,5.077695682436018,6129.225617571191,6149.129818895249,False,0.0,0.95
3,2|2.25|2.4,92392.78801279976,92032.78801279976,360.0,0.0012530878525693846,1.0277202613202414,family_four:2.4;family_three:2.4;single_average:2.4;single_low:2.4;two_person_average:2.4;two_person_low:2.4,6282.984297609088,randomized_non_lattice_usage,False,63.60925180244506,6139.17771823322,5.077695682436018,6129.225617571191,6149.129818895249,False,0.0,0.95
3,2.1|2.25|2.4,92392.78801279976,92032.78801279976,360.0,0.0012530878525693846,1.0277202613202414,family_four:2.4;family_three:2.4;single_average:2.4;single_low:2.4;two_person_average:2.4;two_person_low:2.4,6282.984297609088,randomized_non_lattice_usage,False,63.60925180244506,6139.17771823322,5.077695682436018,6129.225617571191,6149.129818895249,False,0.0,0.95
3,1.8|2|2.25,92886.5967654122,92526.5967654122,360.0,0.0006122265536666492,1.0654953242566303,family_four:2.25;family_three:2.25;single_average:2.25;single_low:2.25;two_person_average:2.25;two_person_low:2.25,6776.793050221531,randomized_non_lattice_usage,False,63.96075593805417,6632.986470845685,5.4262966747199375,6622.351124793805,6643.621816897566,False,0.0,0.95
3,1.8|2.1|2.25,92886.5967654122,92526.5967654122,360.0,0.0006122265536666492,1.0654953242566303,family_four:2.25;family_three:2.25;single_average:2.25;single_low:2.25;two_person_average:2.25;two_person_low:2.25,6776.793050221531,randomized_non_lattice_usage,False,63.96075593805417,6632.986470845685,5.4262966747199375,6622.351124793805,6643.621816897566,False,0.0,0.95
3,2|2.1|2.25,92886.5967654122,92526.5967654122,360.0,0.0006122265536666492,1.0654953242566303,family_four:2.25;family_three:2.25;single_average:2.25;single_low:2.25;two_person_average:2.25;two_person_low:2.25,6776.793050221531,randomized_non_lattice_usage,False,63.96075593805417,6632.986470845685,5.4262966747199375,6622.351124793805,6643.621816897566,False,0.0,0.95
3,1.8|2|2.1,93442.38936251869,93082.38936251869,360.0,0.0002696295509001315,1.1077670097112482,family_four:2.1;family_three:2.1;single_average:2.1;single_low:2.1;two_person_average:2.1;two_person_low:2.1,7332.585647328015,randomized_non_lattice_usage,False,64.31414956662438,7188.779067952164,5.785778416385816,7177.439150633519,7200.118985270809,False,0.0,0.95
1,10,85623.27512556953,85623.27512556953,0.0,0.0,0.5073521352577108,family_four:10;family_three:10;single_average:10;single_low:10;two_person_average:10;two_person_low:10,0.0,continuous_no_spoilage,False,53.239266466143576,0.0,0.0,0.0,0.0,True,1.0,0.95
1,9,85759.24843854256,85759.24843854256,0.0,0.0,0.5335428978799838,family_four:9;family_three:9;single_average:9;single_low:9;two_person_average:9;two_person_low:9,135.97331297303026,continuous_no_spoilage,False,53.152232387217516,135.97331297304208,1.3838868613075823,133.26094456620103,138.68568137988314,False,0.0,0.95
1,5,87691.84163748112,87691.84163748112,0.0,0.0,0.7012916365988281,family_four:5;family_three:5;single_average:5;single_low:5;two_person_average:5;two_person_low:5,2068.5665119115874,continuous_no_spoilage,False,54.74886631931935,2068.5665119115715,1.7303868556583912,2065.1750159951594,2071.9580078279837,False,0.0,0.95
1,4.5,88183.37123922922,88183.37123922922,0.0,0.0,0.7386630173749194,family_four:4.5;family_three:4.5;single_average:4.5;single_low:4.5;two_person_average:4.5;two_person_low:4.5,2560.096113659689,continuous_no_spoilage,False,55.05761649171839,2560.096113659687,2.127483020185884,2555.926323562402,2564.265903756972,False,0.0,0.95
1,3,90457.31612271159,90457.31612271159,0.0,0.0,0.9100880079314002,family_four:3;family_three:3;single_average:3;single_low:3;two_person_average:3;two_person_low:3,4834.0409971420595,continuous_no_spoilage,False,56.44224613665985,4834.0409971420595,3.365407708114779,4827.444919240861,4840.637075043258,False,0.0,0.95
1,2.4,92004.07210417188,92004.07210417188,0.0,0.0,1.0275227557106736,family_four:2.4;family_three:2.4;single_average:2.4;single_low:2.4;two_person_average:2.4;two_person_low:2.4,6380.796978602346,continuous_no_spoilage,False,57.567217559711786,6380.796978602364,4.476308798704222,6372.023574573224,6389.570382631504,False,0.0,0.95
1,2.25,92498.60616327322,92498.60616327322,0.0,0.0,1.0651501973956607,family_four:2.25;family_three:2.25;single_average:2.25;single_low:2.25;two_person_average:2.25;two_person_low:2.25,6875.331037703683,continuous_no_spoilage,False,57.815779875389126,6875.3310377036805,4.715001419750919,6866.089804733913,6884.572270673448,False,0.0,0.95
1,2.1,93052.61548586303,93052.61548586303,0.0,0.0,1.1072726249293854,family_four:2.1;family_three:2.1;single_average:2.1;single_low:2.1;two_person_average:2.1;two_person_low:2.1,7429.3403602934995,continuous_no_spoilage,False,58.130109049928166,7429.340360293521,5.020876740014172,7419.499622712278,7439.181097874764,False,0.0,0.95
1,2,93463.87456520632,93463.87456520632,0.0,0.0,1.1387425231362729,family_four:2;family_three:2;single_average:2;single_low:2;two_person_average:2;two_person_low:2,7840.59943963679,continuous_no_spoilage,False,58.42684176600554,7840.599439636787,5.286304238201306,7830.238473718591,7850.960405554983,False,0.0,0.95
1,1.8,94401.08746084652,94401.08746084652,0.0,0.0,1.2100460603089043,family_four:1.8;family_three:1.8;single_average:1.8;single_low:1.8;two_person_average:1.8;two_person_low:1.8,8777.81233527699,continuous_no_spoilage,False,59.008751918293186,8777.812335277004,5.886224974451114,8766.275546322178,8789.349124231829,False,0.0,0.95
2,9|10,85779.18068356675,85599.18068356675,180.0,0.0,0.5128185386411355,family_four:10;family_three:10;single_average:9;single_low:9;two_person_average:10;two_person_low:10,155.90555799721915,continuous_no_spoilage,False,53.02372380594559,0.0,0.0,0.0,0.0,True,0.8020833333333334,0.95
2,5|10,85790.54609947371,85610.54609947371,180.0,0.0,0.5196851647423413,family_four:10;family_three:10;single_average:10;single_low:5;two_person_average:10;two_person_low:10,167.27097390417475,continuous_no_spoilage,False,53.151320465636275,11.36541590696091,1.0234615884395024,9.359468054059331,13.37136375986249,False,0.19791666666666666,0.95
2,1.8|10,85803.27512556953,85623.27512556953,180.0,0.0,0.5073521352577108,family_four:10;family_three:10;single_average:10;single_low:10;two_person_average:10;two_person_low:10,180.0,continuous_no_spoilage,False,53.239266466143576,24.09444200278737,1.2083170752567887,21.726184053379292,26.46269995219545,False,0.0,0.95
2,2|10,85803.27512556953,85623.27512556953,180.0,0.0,0.5073521352577108,family_four:10;family_three:10;single_average:10;single_low:10;two_person_average:10;two_person_low:10,180.0,continuous_no_spoilage,False,53.239266466143576,24.09444200278737,1.2083170752567887,21.726184053379292,26.46269995219545,False,0.0,0.95
2,2.1|10,85803.27512556953,85623.27512556953,180.0,0.0,0.5073521352577108,family_four:10;family_three:10;single_average:10;single_low:10;two_person_average:10;two_person_low:10,180.0,continuous_no_spoilage,False,53.239266466143576,24.09444200278737,1.2083170752567887,21.726184053379292,26.46269995219545,False,0.0,0.95
2,2.25|10,85803.27512556953,85623.27512556953,180.0,0.0,0.5073521352577108,family_four:10;family_three:10;single_average:10;single_low:10;two_person_average:10;two_person_low:10,180.0,continuous_no_spoilage,False,53.239266466143576,24.09444200278737,1.2083170752567887,21.726184053379292,26.46269995219545,False,0.0,0.95
2,2.4|10,85803.27512556953,85623.27512556953,180.0,0.0,0.5073521352577108,family_four:10;family_three:10;single_average:10;single_low:10;two_person_average:10;two_person_low:10,180.0,continuous_no_spoilage,False,53.239266466143576,24.09444200278737,1.2083170752567887,21.726184053379292,26.46269995219545,False,0.0,0.95
2,3|10,85803.27512556953,85623.27512556953,180.0,0.0,0.5073521352577108,family_four:10;family_three:10;single_average:10;single_low:10;two_person_average:10;two_person_low:10,180.0,continuous_no_spoilage,False,53.239266466143576,24.09444200278737,1.2083170752567887,21.726184053379292,26.46269995219545,False,0.0,0.95
2,4.5|10,85803.27512556953,85623.27512556953,180.0,0.0,0.5073521352577108,family_four:10;family_three:10;single_average:10;single_low:10;two_person_average:10;two_person_low:10,180.0,continuous_no_spoilage,False,53.239266466143576,24.09444200278737,1.2083170752567887,21.726184053379292,26.46269995219545,False,0.0,0.95
2,5|9,85937.88419009854,85757.88419009854,180.0,0.0,0.5432530763482272,family_four:9;family_three:9;single_average:9;single_low:5;two_person_average:9;two_person_low:9,314.60906452900963,continuous_no_spoilage,False,53.22215703444211,158.70350653180594,0.9854125632672668,156.7721333978888,160.63487966572308,False,0.0,0.95
2,1.8|9,85939.24843854256,85759.24843854256,180.0,0.0,0.5335428978799838,family_four:9;family_three:9;single_average:9;single_low:9;two_person_average:9;two_person_low:9,315.97331297303026,continuous_no_spoilage,False,53.152232387217516,160.06775497582944,0.7545896700403268,158.58878639944444,161.54672355221444,False,0.0,0.95
2,2|9,85939.24843854256,85759.24843854256,180.0,0.0,0.5335428978799838,family_four:9;family_three:9;single_average:9;single_low:9;two_person_average:9;two_person_low:9,315.97331297303026,continuous_no_spoilage,False,53.152232387217516,160.06775497582944,0.7545896700403268,158.58878639944444,161.54672355221444,False,0.0,0.95
2,2.1|9,85939.24843854256,85759.24843854256,180.0,0.0,0.5335428978799838,family_four:9;family_three:9;single_average:9;single_low:9;two_person_average:9;two_person_low:9,315.97331297303026,continuous_no_spoilage,False,53.152232387217516,160.06775497582944,0.7545896700403268,158.58878639944444,161.54672355221444,False,0.0,0.95
2,2.25|9,85939.24843854256,85759.24843854256,180.0,0.0,0.5335428978799838,family_four:9;family_three:9;single_average:9;single_low:9;two_person_average:9;two_person_low:9,315.97331297303026,continuous_no_spoilage,False,53.152232387217516,160.06775497582944,0.7545896700403268,158.58878639944444,161.54672355221444,False,0.0,0.95
2,2.4|9,85939.24843854256,85759.24843854256,180.0,0.0,0.5335428978799838,family_four:9;family_three:9;single_average:9;single_low:9;two_person_average:9;two_person_low:9,315.97331297303026,continuous_no_spoilage,False,53.152232387217516,160.06775497582944,0.7545896700403268,158.58878639944444,161.54672355221444,False,0.0,0.95
2,3|9,85939.24843854256,85759.24843854256,180.0,0.0,0.5335428978799838,family_four:9;family_three:9;single_average:9;single_low:9;two_person_average:9;two_person_low:9,315.97331297303026,continuous_no_spoilage,False,53.152232387217516,160.06775497582944,0.7545896700403268,158.58878639944444,161.54672355221444,False,0.0,0.95
2,4.5|9,85939.24843854256,85759.24843854256,180.0,0.0,0.5335428978799838,family_four:9;family_three:9;single_average:9;single_low:9;two_person_average:9;two_person_low:9,315.97331297303026,continuous_no_spoilage,False,53.152232387217516,160.06775497582944,0.7545896700403268,158.58878639944444,161.54672355221444,False,0.0,0.95
2,1.8|5,87871.84163748112,87691.84163748112,180.0,0.0,0.7012916365988281,family_four:5;family_three:5;single_average:5;single_low:5;two_person_average:5;two_person_low:5,2248.5665119115874,continuous_no_spoilage,False,54.74886631931935,2092.6609539143587,1.9687602063041687,2088.802254815807,2096.5196530129106,False,0.0,0.95
2,2|5,87871.84163748112,87691.84163748112,180.0,0.0,0.7012916365988281,family_four:5;family_three:5;single_average:5;single_low:5;two_person_average:5;two_person_low:5,2248.5665119115874,continuous_no_spoilage,False,54.74886631931935,2092.6609539143587,1.9687602063041687,2088.802254815807,2096.5196530129106,False,0.0,0.95
2,2.1|5,87871.84163748112,87691.84163748112,180.0,0.0,0.7012916365988281,family_four:5;family_three:5;single_average:5;single_low:5;two_person_average:5;two_person_low:5,2248.5665119115874,continuous_no_spoilage,False,54.74886631931935,2092.6609539143587,1.9687602063041687,2088.802254815807,2096.5196530129106,False,0.0,0.95
2,2.25|5,87871.84163748112,87691.84163748112,180.0,0.0,0.7012916365988281,family_four:5;family_three:5;single_average:5;single_low:5;two_person_average:5;two_person_low:5,2248.5665119115874,continuous_no_spoilage,False,54.74886631931935,2092.6609539143587,1.9687602063041687,2088.802254815807,2096.5196530129106,False,0.0,0.95
2,2.4|5,87871.84163748112,87691.84163748112,180.0,0.0,0.7012916365988281,family_four:5;family_three:5;single_average:5;single_low:5;two_person_average:5;two_person_low:5,2248.5665119115874,continuous_no_spoilage,False,54.74886631931935,2092.6609539143587,1.9687602063041687,2088.802254815807,2096.5196530129106,False,0.0,0.95
2,3|5,87871.84163748112,87691.84163748112,180.0,0.0,0.7012916365988281,family_four:5;family_three:5;single_average:5;single_low:5;two_person_average:5;two_person_low:5,2248.5665119115874,continuous_no_spoilage,False,54.74886631931935,2092.6609539143587,1.9687602063041687,2088.802254815807,2096.5196530129106,False,0.0,0.95
2,4.5|5,87871.84163748112,87691.84163748112,180.0,0.0,0.7012916365988281,family_four:5;family_three:5;single_average:5;single_low:5;two_person_average:5;two_person_low:5,2248.5665119115874,continuous_no_spoilage,False,54.74886631931935,2092.6609539143587,1.9687602063041687,2088.802254815807,2096.5196530129106,False,0.0,0.95
2,1.8|4.5,88363.37123922922,88183.37123922922,180.0,0.0,0.7386630173749194,family_four:4.5;family_three:4.5;single_average:4.5;single_low:4.5;two_person_average:4.5;two_person_low:4.5,2740.096113659689,continuous_no_spoilage,False,55.05761649171839,2584.1905556624747,2.264306423937114,2579.7525966215953,2588.628514703354,False,0.0,0.95
2,2|4.5,88363.37123922922,88183.37123922922,180.0,0.0,0.7386630173749194,family_four:4.5;family_three:4.5;single_average:4.5;single_low:4.5;two_person_average:4.5;two_person_low:4.5,2740.096113659689,continuous_no_spoilage,False,55.05761649171839,2584.1905556624747,2.264306423937114,2579.7525966215953,2588.628514703354,False,0.0,0.95
2,2.1|4.5,88363.37123922922,88183.37123922922,180.0,0.0,0.7386630173749194,family_four:4.5;family_three:4.5;single_average:4.5;single_low:4.5;two_person_average:4.5;two_person_low:4.5,2740.096113659689,continuous_no_spoilage,False,55.05761649171839,2584.1905556624747,2.264306423937114,2579.7525966215953,2588.628514703354,False,0.0,0.95
2,2.25|4.5,88363.37123922922,88183.37123922922,180.0,0.0,0.7386630173749194,family_four:4.5;family_three:4.5;single_average:4.5;single_low:4.5;two_person_average:4.5;two_person_low:4.5,2740.096113659689,continuous_no_spoilage,False,55.05761649171839,2584.1905556624747,2.264306423937114,2579.7525966215953,2588.628514703354,False,0.0,0.95
2,2.4|4.5,88363.37123922922,88183.37123922922,180.0,0.0,0.7386630173749194,family_four:4.5;family_three:4.5;single_average:4.5;single_low:4.5;two_person_average:4.5;two_person_low:4.5,2740.096113659689,continuous_no_spoilage,False,55.05761649171839,2584.1905556624747,2.264306423937114,2579.7525966215953,2588.628514703354,False,0.0,0.95
2,3|4.5,88363.37123922922,88183.37123922922,180.0,0.0,0.7386630173749194,family_four:4.5;family_three:4.5;single_average:4.5;single_low:4.5;two_person_average:4.5;two_person_low:4.5,2740.096113659689,continuous_no_spoilage,False,55.05761649171839,2584.1905556624747,2.264306423937114,2579.7525966215953,2588.628514703354,False,0.0,0.95
2,1.8|3,90637.31612271159,90457.31612271159,180.0,0.0,0.9100880079314002,family_four:3;family_three:3;single_average:3;single_low:3;two_person_average:3;two_person_low:3,5014.0409971420595,continuous_no_spoilage,False,56.44224613665985,4858.135439144847,3.564390566178634,4851.149362008302,4865.121516281391,False,0.0,0.95
2,2|3,90637.31612271159,90457.31612271159,180.0,0.0,0.9100880079314002,family_four:3;family_three:3;single_average:3;single_low:3;two_person_average:3;two_person_low:3,5014.0409971420595,continuous_no_spoilage,False,56.44224613665985,4858.135439144847,3.564390566178634,4851.149362008302,4865.121516281391,False,0.0,0.95
2,2.1|3,90637.31612271159,90457.31612271159,180.0,0.0,0.9100880079314002,family_four:3;family_three:3;single_average:3;single_low:3;two_person_average:3;two_person_low:3,5014.0409971420595,continuous_no_spoilage,False,56.44224613665985,4858.135439144847,3.564390566178634,4851.149362008302,4865.121516281391,False,0.0,0.95
2,2.25|3,90637.31612271159,90457.31612271159,180.0,0.0,0.9100880079314002,family_four:3;family_three:3;single_average:3;single_low:3;two_person_average:3;two_person_low:3,5014.0409971420595,continuous_no_spoilage,False,56.44224613665985,4858.135439144847,3.564390566178634,4851.149362008302,4865.121516281391,False,0.0,0.95
2,2.4|3,90637.31612271159,90457.31612271159,180.0,0.0,0.9100880079314002,family_four:3;family_three:3;single_average:3;single_low:3;two_person_average:3;two_person_low:3,5014.0409971420595,continuous_no_spoilage,False,56.44224613665985,4858.135439144847,3.564390566178634,4851.149362008302,4865.121516281391,False,0.0,0.95
2,1.8|2.4,92184.07210417188,92004.07210417188,180.0,0.0,1.0275227557106736,family_four:2.4;family_three:2.4;single_average:2.4;single_low:2.4;two_person_average:2.4;two_person_low:2.4,6560.796978602346,continuous_no_spoilage,False,57.567217559711786,6404.891420605151,4.667472515127962,6395.74334257667,6414.039498633632,False,0.0,0.95
2,2|2.4,92184.07210417188,92004.07210417188,180.0,0.0,1.0275227557106736,family_four:2.4;family_three:2.4;single_average:2.4;single_low:2.4;two_person_average:2.4;two_person_low:2.4,6560.796978602346,continuous_no_spoilage,False,57.567217559711786,6404.891420605151,4.667472515127962,6395.74334257667,6414.039498633632,False,0.0,0.95
2,2.1|2.4,92184.07210417188,92004.07210417188,180.0,0.0,1.0275227557106736,family_four:2.4;family_three:2.4;single_average:2.4;single_low:2.4;two_person_average:2.4;two_person_low:2.4,6560.796978602346,continuous_no_spoilage,False,57.567217559711786,6404.891420605151,4.667472515127962,6395.74334257667,6414.039498633632,False,0.0,0.95
2,2.25|2.4,92184.07210417188,92004.07210417188,180.0,0.0,1.0275227557106736,family_four:2.4;family_three:2.4;single_average:2.4;single_low:2.4;two_person_average:2.4;two_person_low:2.4,6560.796978602346,continuous_no_spoilage,False,57.567217559711786,6404.891420605151,4.667472515127962,6395.74334257667,6414.039498633632,False,0.0,0.95
2,1.8|2.25,92678.60616327322,92498.60616327322,180.0,0.0,1.0651501973956607,family_four:2.25;family_three:2.25;single_average:2.25;single_low:2.25;two_person_average:2.25;two_person_low:2.25,7055.331037703683,continuous_no_spoilage,False,57.815779875389126,6899.425479706469,4.920459298050324,6889.781556694895,6909.0694027180425,False,0.0,0.95
2,2|2.25,92678.60616327322,92498.60616327322,180.0,0.0,1.0651501973956607,family_four:2.25;family_three:2.25;single_average:2.25;single_low:2.25;two_person_average:2.25;two_person_low:2.25,7055.331037703683,continuous_no_spoilage,False,57.815779875389126,6899.425479706469,4.920459298050324,6889.781556694895,6909.0694027180425,False,0.0,0.95
2,2.1|2.25,92678.60616327322,92498.60616327322,180.0,0.0,1.0651501973956607,family_four:2.25;family_three:2.25;single_average:2.25;single_low:2.25;two_person_average:2.25;two_person_low:2.25,7055.331037703683,continuous_no_spoilage,False,57.815779875389126,6899.425479706469,4.920459298050324,6889.781556694895,6909.0694027180425,False,0.0,0.95
2,1.8|2.1,93232.61548586303,93052.61548586303,180.0,0.0,1.1072726249293854,family_four:2.1;family_three:2.1;single_average:2.1;single_low:2.1;two_person_average:2.1;two_person_low:2.1,7609.3403602934995,continuous_no_spoilage,False,58.130109049928166,7453.4348022963095,5.244629197496367,7443.15551795695,7463.714086635669,False,0.0,0.95
2,2|2.1,93232.61548586303,93052.61548586303,180.0,0.0,1.1072726249293854,family_four:2.1;family_three:2.1;single_average:2.1;single_low:2.1;two_person_average:2.1;two_person_low:2.1,7609.3403602934995,continuous_no_spoilage,False,58.130109049928166,7453.4348022963095,5.244629197496367,7443.15551795695,7463.714086635669,False,0.0,0.95
2,1.8|2,93643.87456520632,93463.87456520632,180.0,0.0,1.1387425231362729,family_four:2;family_three:2;single_average:2;single_low:2;two_person_average:2;two_person_low:2,8020.59943963679,continuous_no_spoilage,False,58.42684176600554,7864.693881639573,5.496241663514318,7853.921445928757,7875.4663173503895,False,0.0,0.95
3,5|9|10,85957.81643512272,85597.81643512272,360.0,0.0,0.5225287171093789,family_four:10;family_three:10;single_average:9;single_low:5;two_person_average:10;two_person_low:10,334.54130955318396,continuous_no_spoilage,False,53.093074565929015,0.0,0.0,0.0,0.0,True,0.4947916666666667,0.95
3,1.8|9|10,85959.18068356675,85599.18068356675,360.0,0.0,0.5128185386411355,family_four:10;family_three:10;single_average:9;single_low:9;two_person_average:10;two_person_low:10,335.90555799721915,continuous_no_spoilage,False,53.02372380594559,1.3642484440239666,0.5680856535439804,0.2508210229438661,2.477675865104067,False,0.375,0.95
3,2|9|10,85959.18068356675,85599.18068356675,360.0,0.0,0.5128185386411355,family_four:10;family_three:10;single_average:9;single_low:9;two_person_average:10;two_person_low:10,335.90555799721915,continuous_no_spoilage,False,53.02372380594559,1.3642484440239666,0.5680856535439804,0.2508210229438661,2.477675865104067,False,0.0,0.95
3,2.1|9|10,85959.18068356675,85599.18068356675,360.0,0.0,0.5128185386411355,family_four:10;family_three:10;single_average:9;single_low:9;two_person_average:10;two_person_low:10,335.90555799721915,continuous_no_spoilage,False,53.02372380594559,1.3642484440239666,0.5680856535439804,0.2508210229438661,2.477675865104067,False,0.0,0.95
3,2.25|9|10,85959.18068356675,85599.18068356675,360.0,0.0,0.5128185386411355,family_four:10;family_three:10;single_average:9;single_low:9;two_person_average:10;two_person_low:10,335.90555799721915,continuous_no_spoilage,False,53.02372380594559,1.3642484440239666,0.5680856535439804,0.2508210229438661,2.477675865104067,False,0.0,0.95
3,2.4|9|10,85959.18068356675,85599.18068356675,360.0,0.0,0.5128185386411355,family_four:10;family_three:10;single_average:9;single_low:9;two_person_average:10;two_person_low:10,335.90555799721915,continuous_no_spoilage,False,53.02372380594559,1.3642484440239666,0.5680856535439804,0.2508210229438661,2.477675865104067,False,0.0,0.95
3,3|9|10,85959.18068356675,85599.18068356675,360.0,0.0,0.5128185386411355,family_four:10;family_three:10;single_average:9;single_low:9;two_person_average:10;two_person_low:10,335.90555799721915,continuous_no_spoilage,False,53.02372380594559,1.3642484440239666,0.5680856535439804,0.2508210229438661,2.477675865104067,False,0.0,0.95
3,4.5|9|10,85959.18068356675,85599.18068356675,360.0,0.0,0.5128185386411355,family_four:10;family_three:10;single_average:9;single_low:9;two_person_average:10;two_person_low:10,335.90555799721915,continuous_no_spoilage,False,53.02372380594559,1.3642484440239666,0.5680856535439804,0.2508210229438661,2.477675865104067,False,0.0,0.95
3,1.8|5|10,85970.54609947371,85610.54609947371,360.0,0.0,0.5196851647423413,family_four:10;family_three:10;single_average:10;single_low:5;two_person_average:10;two_person_low:10,347.27097390417475,continuous_no_spoilage,False,53.151320465636275,12.729664350984876,0.8082529944228612,11.145517591519415,14.313811110450338,False,0.13020833333333334,0.95
3,2|5|10,85970.54609947371,85610.54609947371,360.0,0.0,0.5196851647423413,family_four:10;family_three:10;single_average:10;single_low:5;two_person_average:10;two_person_low:10,347.27097390417475,continuous_no_spoilage,True,53.151320465636275,12.729664350984876,0.8082529944228612,11.145517591519415,14.313811110450338,False,0.0,0.95
3,2.1|5|10,85970.54609947371,85610.54609947371,360.0,0.0,0.5196851647423413,family_four:10;family_three:10;single_average:10;single_low:5;two_person_average:10;two_person_low:10,347.27097390417475,continuous_no_spoilage,False,53.151320465636275,12.729664350984876,0.8082529944228612,11.145517591519415,14.313811110450338,False,0.0,0.95
3,2.25|5|10,85970.54609947371,85610.54609947371,360.0,0.0,0.5196851647423413,family_four:10;family_three:10;single_average:10;single_low:5;two_person_average:10;two_person_low:10,347.27097390417475,continuous_no_spoilage,False,53.151320465636275,12.729664350984876,0.8082529944228612,11.145517591519415,14.313811110450338,False,0.0,0.95
3,2.4|5|10,85970.54609947371,85610.54609947371,360.0,0.0,0.5196851647423413,family_four:10;family_three:10;single_average:10;single_low:5;two_person_average:10;two_person_low:10,347.27097390417475,continuous_no_spoilage,False,53.151320465636275,12.729664350984876,0.8082529944228612,11.145517591519415,14.313811110450338,False,0.0,0.95
3,3|5|10,85970.54609947371,85610.54609947371,360.0,0.0,0.5196851647423413,family_four:10;family_three:10;single_average:10;single_low:5;two_person_average:10;two_person_low:10,347.27097390417475,continuous_no_spoilage,False,53.151320465636275,12.729664350984876,0.8082529944228612,11.145517591519415,14.313811110450338,False,0.0,0.95
3,4.5|5|10,85970.54609947371,85610.54609947371,360.0,0.0,0.5196851647423413,family_four:10;family_three:10;single_average:10;single_low:5;two_person_average:10;two_person_low:10,347.27097390417475,continuous_no_spoilage,False,53.151320465636275,12.729664350984876,0.8082529944228612,11.145517591519415,14.313811110450338,False,0.0,0.95
3,1.8|2|10,85983.27512556953,85623.27512556953,360.0,0.0,0.5073521352577108,family_four:10;family_three:10;single_average:10;single_low:10;two_person_average:10;two_person_low:10,360.0,continuous_no_spoilage,False,53.239266466143576,25.458690446811335,0.9387979524606939,23.61868027122843,27.29870062239424,False,0.0,0.95
3,1.8|2.1|10,85983.27512556953,85623.27512556953,360.0,0.0,0.5073521352577108,family_four:10;family_three:10;single_average:10;single_low:10;two_person_average:10;two_person_low:10,360.0,continuous_no_spoilage,False,53.239266466143576,25.458690446811335,0.9387979524606939,23.61868027122843,27.29870062239424,False,0.0,0.95
3,1.8|2.25|10,85983.27512556953,85623.27512556953,360.0,0.0,0.5073521352577108,family_four:10;family_three:10;single_average:10;single_low:10;two_person_average:10;two_person_low:10,360.0,continuous_no_spoilage,False,53.239266466143576,25.458690446811335,0.9387979524606939,23.61868027122843,27.29870062239424,False,0.0,0.95
3,1.8|2.4|10,85983.27512556953,85623.27512556953,360.0,0.0,0.5073521352577108,family_four:10;family_three:10;single_average:10;single_low:10;two_person_average:10;two_person_low:10,360.0,continuous_no_spoilage,False,53.239266466143576,25.458690446811335,0.9387979524606939,23.61868027122843,27.29870062239424,False,0.0,0.95
3,1.8|3|10,85983.27512556953,85623.27512556953,360.0,0.0,0.5073521352577108,family_four:10;family_three:10;single_average:10;single_low:10;two_person_average:10;two_person_low:10,360.0,continuous_no_spoilage,False,53.239266466143576,25.458690446811335,0.9387979524606939,23.61868027122843,27.29870062239424,False,0.0,0.95
3,1.8|4.5|10,85983.27512556953,85623.27512556953,360.0,0.0,0.5073521352577108,family_four:10;family_three:10;single_average:10;single_low:10;two_person_average:10;two_person_low:10,360.0,continuous_no_spoilage,False,53.239266466143576,25.458690446811335,0.9387979524606939,23.61868027122843,27.29870062239424,False,0.0,0.95
3,2|2.1|10,85983.27512556953,85623.27512556953,360.0,0.0,0.5073521352577108,family_four:10;family_three:10;single_average:10;single_low:10;two_person_average:10;two_person_low:10,360.0,continuous_no_spoilage,False,53.239266466143576,25.458690446811335,0.9387979524606939,23.61868027122843,27.29870062239424,False,0.0,0.95
3,2|2.25|10,85983.27512556953,85623.27512556953,360.0,0.0,0.5073521352577108,family_four:10;family_three:10;single_average:10;single_low:10;two_person_average:10;two_person_low:10,360.0,continuous_no_spoilage,False,53.239266466143576,25.458690446811335,0.9387979524606939,23.61868027122843,27.29870062239424,False,0.0,0.95
3,2|2.4|10,85983.27512556953,85623.27512556953,360.0,0.0,0.5073521352577108,family_four:10;family_three:10;single_average:10;single_low:10;two_person_average:10;two_person_low:10,360.0,continuous_no_spoilage,False,53.239266466143576,25.458690446811335,0.9387979524606939,23.61868027122843,27.29870062239424,False,0.0,0.95
3,2|3|10,85983.27512556953,85623.27512556953,360.0,0.0,0.5073521352577108,family_four:10;family_three:10;single_average:10;single_low:10;two_person_average:10;two_person_low:10,360.0,continuous_no_spoilage,False,53.239266466143576,25.458690446811335,0.9387979524606939,23.61868027122843,27.29870062239424,False,0.0,0.95
3,2|4.5|10,85983.27512556953,85623.27512556953,360.0,0.0,0.5073521352577108,family_four:10;family_three:10;single_average:10;single_low:10;two_person_average:10;two_person_low:10,360.0,continuous_no_spoilage,False,53.239266466143576,25.458690446811335,0.9387979524606939,23.61868027122843,27.29870062239424,False,0.0,0.95
3,2.1|2.25|10,85983.27512556953,85623.27512556953,360.0,0.0,0.5073521352577108,family_four:10;family_three:10;single_average:10;single_low:10;two_person_average:10;two_person_low:10,360.0,continuous_no_spoilage,False,53.239266466143576,25.458690446811335,0.9387979524606939,23.61868027122843,27.29870062239424,False,0.0,0.95
3,2.1|2.4|10,85983.27512556953,85623.27512556953,360.0,0.0,0.5073521352577108,family_four:10;family_three:10;single_average:10;single_low:10;two_person_average:10;two_person_low:10,360.0,continuous_no_spoilage,False,53.239266466143576,25.458690446811335,0.9387979524606939,23.61868027122843,27.29870062239424,False,0.0,0.95
3,2.1|3|10,85983.27512556953,85623.27512556953,360.0,0.0,0.5073521352577108,family_four:10;family_three:10;single_average:10;single_low:10;two_person_average:10;two_person_low:10,360.0,continuous_no_spoilage,False,53.239266466143576,25.458690446811335,0.9387979524606939,23.61868027122843,27.29870062239424,False,0.0,0.95
3,2.1|4.5|10,85983.27512556953,85623.27512556953,360.0,0.0,0.5073521352577108,family_four:10;family_three:10;single_average:10;single_low:10;two_person_average:10;two_person_low:10,360.0,continuous_no_spoilage,False,53.239266466143576,25.458690446811335,0.9387979524606939,23.61868027122843,27.29870062239424,False,0.0,0.95
3,2.25|2.4|10,85983.27512556953,85623.27512556953,360.0,0.0,0.5073521352577108,family_four:10;family_three:10;single_average:10;single_low:10;two_person_average:10;two_person_low:10,360.0,continuous_no_spoilage,False,53.239266466143576,25.458690446811335,0.9387979524606939,23.61868027122843,27.29870062239424,False,0.0,0.95
3,2.25|3|10,85983.27512556953,85623.27512556953,360.0,0.0,0.5073521352577108,family_four:10;family_three:10;single_average:10;single_low:10;two_person_average:10;two_person_low:10,360.0,continuous_no_spoilage,False,53.239266466143576,25.458690446811335,0.9387979524606939,23.61868027122843,27.29870062239424,False,0.0,0.95
3,2.25|4.5|10,85983.27512556953,85623.27512556953,360.0,0.0,0.5073521352577108,family_four:10;family_three:10;single_average:10;single_low:10;two_person_average:10;two_person_low:10,360.0,continuous_no_spoilage,False,53.239266466143576,25.458690446811335,0.9387979524606939,23.61868027122843,27.29870062239424,False,0.0,0.95
3,2.4|3|10,85983.27512556953,85623.27512556953,360.0,0.0,0.5073521352577108,family_four:10;family_three:10;single_average:10;single_low:10;two_person_average:10;two_person_low:10,360.0,continuous_no_spoilage,False,53.239266466143576,25.458690446811335,0.9387979524606939,23.61868027122843,27.29870062239424,False,0.0,0.95
3,2.4|4.5|10,85983.27512556953,85623.27512556953,360.0,0.0,0.5073521352577108,family_four:10;family_three:10;single_average:10;single_low:10;two_person_average:10;two_person_low:10,360.0,continuous_no_spoilage,False,53.239266466143576,25.458690446811335,0.9387979524606939,23.61868027122843,27.29870062239424,False,0.0,0.95
3,3|4.5|10,85983.27512556953,85623.27512556953,360.0,0.0,0.5073521352577108,family_four:10;family_three:10;single_average:10;single_low:10;two_person_average:10;two_person_low:10,360.0,continuous_no_spoilage,False,53.239266466143576,25.458690446811335,0.9387979524606939,23.61868027122843,27.29870062239424,False,0.0,0.95
3,1.8|5|9,86117.88419009854,85757.88419009854,360.0,0.0,0.5432530763482272,family_four:9;family_three:9;single_average:9;single_low:5;two_person_average:9;two_person_low:9,494.60906452900963,continuous_no_spoilage,False,53.22215703444211,160.0677549758299,0.754589670040305,158.58878639944493,161.54672355221487,False,0.0,0.95
3,2|5|9,86117.88419009854,85757.88419009854,360.0,0.0,0.5432530763482272,family_four:9;family_three:9;single_average:9;single_low:5;two_person_average:9;two_person_low:9,494.60906452900963,continuous_no_spoilage,False,53.22215703444211,160.0677549758299,0.754589670040305,158.58878639944493,161.54672355221487,False,0.0,0.95
3,2.1|5|9,86117.88419009854,85757.88419009854,360.0,0.0,0.5432530763482272,family_four:9;family_three:9;single_average:9;single_low:5;two_person_average:9;two_person_low:9,494.60906452900963,continuous_no_spoilage,False,53.22215703444211,160.0677549758299,0.754589670040305,158.58878639944493,161.54672355221487,False,0.0,0.95
3,2.25|5|9,86117.88419009854,85757.88419009854,360.0,0.0,0.5432530763482272,family_four:9;family_three:9;single_average:9;single_low:5;two_person_average:9;two_person_low:9,494.60906452900963,continuous_no_spoilage,False,53.22215703444211,160.0677549758299,0.754589670040305,158.58878639944493,161.54672355221487,False,0.0,0.95
3,2.4|5|9,86117.88419009854,85757.88419009854,360.0,0.0,0.5432530763482272,family_four:9;family_three:9;single_average:9;single_low:5;two_person_average:9;two_person_low:9,494.60906452900963,continuous_no_spoilage,False,53.22215703444211,160.0677549758299,0.754589670040305,158.58878639944493,161.54672355221487,False,0.0,0.95
3,3|5|9,86117.88419009854,85757.88419009854,360.0,0.0,0.5432530763482272,family_four:9;family_three:9;single_average:9;single_low:5;two_person_average:9;two_person_low:9,494.60906452900963,continuous_no_spoilage,False,53.22215703444211,160.0677549758299,0.754589670040305,158.58878639944493,161.54672355221487,False,0.0,0.95
3,4.5|5|9,86117.88419009854,85757.88419009854,360.0,0.0,0.5432530763482272,family_four:9;family_three:9;single_average:9;single_low:5;two_person_average:9;two_person_low:9,494.60906452900963,continuous_no_spoilage,False,53.22215703444211,160.0677549758299,0.754589670040305,158.58878639944493,161.54672355221487,False,0.0,0.95
3,1.8|2|9,86119.24843854256,85759.24843854256,360.0,0.0,0.5335428978799838,family_four:9;family_three:9;single_average:9;single_low:9;two_person_average:9;two_person_low:9,495.97331297303026,continuous_no_spoilage,False,53.152232387217516,161.43200341985343,0.9017848080019712,159.6645376743642,163.19946916534266,False,0.0,0.95
3,1.8|2.1|9,86119.24843854256,85759.24843854256,360.0,0.0,0.5335428978799838,family_four:9;family_three:9;single_average:9;single_low:9;two_person_average:9;two_person_low:9,495.97331297303026,continuous_no_spoilage,False,53.152232387217516,161.43200341985343,0.9017848080019712,159.6645376743642,163.19946916534266,False,0.0,0.95
3,1.8|2.25|9,86119.24843854256,85759.24843854256,360.0,0.0,0.5335428978799838,family_four:9;family_three:9;single_average:9;single_low:9;two_person_average:9;two_person_low:9,495.97331297303026,continuous_no_spoilage,False,53.152232387217516,161.43200341985343,0.9017848080019712,159.6645376743642,163.19946916534266,False,0.0,0.95
3,1.8|2.4|9,86119.24843854256,85759.24843854256,360.0,0.0,0.5335428978799838,family_four:9;family_three:9;single_average:9;single_low:9;two_person_average:9;two_person_low:9,495.97331297303026,continuous_no_spoilage,False,53.152232387217516,161.43200341985343,0.9017848080019712,159.6645376743642,163.19946916534266,False,0.0,0.95
3,1.8|3|9,86119.24843854256,85759.24843854256,360.0,0.0,0.5335428978799838,family_four:9;family_three:9;single_average:9;single_low:9;two_person_average:9;two_person_low:9,495.97331297303026,continuous_no_spoilage,False,53.152232387217516,161.43200341985343,0.9017848080019712,159.6645376743642,163.19946916534266,False,0.0,0.95
3,1.8|4.5|9,86119.24843854256,85759.24843854256,360.0,0.0,0.5335428978799838,family_four:9;family_three:9;single_average:9;single_low:9;two_person_average:9;two_person_low:9,495.97331297303026,continuous_no_spoilage,False,53.152232387217516,161.43200341985343,0.9017848080019712,159.6645376743642,163.19946916534266,False,0.0,0.95
3,2|2.1|9,86119.24843854256,85759.24843854256,360.0,0.0,0.5335428978799838,family_four:9;family_three:9;single_average:9;single_low:9;two_person_average:9;two_person_low:9,495.97331297303026,continuous_no_spoilage,False,53.152232387217516,161.43200341985343,0.9017848080019712,159.6645376743642,163.19946916534266,False,0.0,0.95
3,2|2.25|9,86119.24843854256,85759.24843854256,360.0,0.0,0.5335428978799838,family_four:9;family_three:9;single_average:9;single_low:9;two_person_average:9;two_person_low:9,495.97331297303026,continuous_no_spoilage,False,53.152232387217516,161.43200341985343,0.9017848080019712,159.6645376743642,163.19946916534266,False,0.0,0.95
3,2|2.4|9,86119.24843854256,85759.24843854256,360.0,0.0,0.5335428978799838,family_four:9;family_three:9;single_average:9;single_low:9;two_person_average:9;two_person_low:9,495.97331297303026,continuous_no_spoilage,False,53.152232387217516,161.43200341985343,0.9017848080019712,159.6645376743642,163.19946916534266,False,0.0,0.95
3,2|3|9,86119.24843854256,85759.24843854256,360.0,0.0,0.5335428978799838,family_four:9;family_three:9;single_average:9;single_low:9;two_person_average:9;two_person_low:9,495.97331297303026,continuous_no_spoilage,False,53.152232387217516,161.43200341985343,0.9017848080019712,159.6645376743642,163.19946916534266,False,0.0,0.95
3,2|4.5|9,86119.24843854256,85759.24843854256,360.0,0.0,0.5335428978799838,family_four:9;family_three:9;single_average:9;single_low:9;two_person_average:9;two_person_low:9,495.97331297303026,continuous_no_spoilage,False,53.152232387217516,161.43200341985343,0.9017848080019712,159.6645376743642,163.19946916534266,False,0.0,0.95
3,2.1|2.25|9,86119.24843854256,85759.24843854256,360.0,0.0,0.5335428978799838,family_four:9;family_three:9;single_average:9;single_low:9;two_person_average:9;two_person_low:9,495.97331297303026,continuous_no_spoilage,False,53.152232387217516,161.43200341985343,0.9017848080019712,159.6645376743642,163.19946916534266,False,0.0,0.95
3,2.1|2.4|9,86119.24843854256,85759.24843854256,360.0,0.0,0.5335428978799838,family_four:9;family_three:9;single_average:9;single_low:9;two_person_average:9;two_person_low:9,495.97331297303026,continuous_no_spoilage,False,53.152232387217516,161.43200341985343,0.9017848080019712,159.6645376743642,163.19946916534266,False,0.0,0.95
3,2.1|3|9,86119.24843854256,85759.24843854256,360.0,0.0,0.5335428978799838,family_four:9;family_three:9;single_average:9;single_low:9;two_person_average:9;two_person_low:9,495.97331297303026,continuous_no_spoilage,False,53.152232387217516,161.43200341985343,0.9017848080019712,159.6645376743642,163.19946916534266,False,0.0,0.95
3,2.1|4.5|9,86119.24843854256,85759.24843854256,360.0,0.0,0.5335428978799838,family_four:9;family_three:9;single_average:9;single_low:9;two_person_average:9;two_person_low:9,495.97331297303026,continuous_no_spoilage,False,53.152232387217516,161.43200341985343,0.9017848080019712,159.6645376743642,163.19946916534266,False,0.0,0.95
3,2.25|2.4|9,86119.24843854256,85759.24843854256,360.0,0.0,0.5335428978799838,family_four:9;family_three:9;single_average:9;single_low:9;two_person_average:9;two_person_low:9,495.97331297303026,continuous_no_spoilage,False,53.152232387217516,161.43200341985343,0.9017848080019712,159.6645376743642,163.19946916534266,False,0.0,0.95
3,2.25|3|9,86119.24843854256,85759.24843854256,360.0,0.0,0.5335428978799838,family_four:9;family_three:9;single_average:9;single_low:9;two_person_average:9;two_person_low:9,495.97331297303026,continuous_no_spoilage,False,53.152232387217516,161.43200341985343,0.9017848080019712,159.6645376743642,163.19946916534266,False,0.0,0.95
3,2.25|4.5|9,86119.24843854256,85759.24843854256,360.0,0.0,0.5335428978799838,family_four:9;family_three:9;single_average:9;single_low:9;two_person_average:9;two_person_low:9,495.97331297303026,continuous_no_spoilage,False,53.152232387217516,161.43200341985343,0.9017848080019712,159.6645376743642,163.19946916534266,False,0.0,0.95
3,2.4|3|9,86119.24843854256,85759.24843854256,360.0,0.0,0.5335428978799838,family_four:9;family_three:9;single_average:9;single_low:9;two_person_average:9;two_person_low:9,495.97331297303026,continuous_no_spoilage,False,53.152232387217516,161.43200341985343,0.9017848080019712,159.6645376743642,163.19946916534266,False,0.0,0.95
3,2.4|4.5|9,86119.24843854256,85759.24843854256,360.0,0.0,0.5335428978799838,family_four:9;family_three:9;single_average:9;single_low:9;two_person_average:9;two_person_low:9,495.97331297303026,continuous_no_spoilage,False,53.152232387217516,161.43200341985343,0.9017848080019712,159.6645376743642,163.19946916534266,False,0.0,0.95
3,3|4.5|9,86119.24843854256,85759.24843854256,360.0,0.0,0.5335428978799838,family_four:9;family_three:9;single_average:9;single_low:9;two_person_average:9;two_person_low:9,495.97331297303026,continuous_no_spoilage,False,53.152232387217516,161.43200341985343,0.9017848080019712,159.6645376743642,163.19946916534266,False,0.0,0.95
3,1.8|2|5,88051.84163748112,87691.84163748112,360.0,0.0,0.7012916365988281,family_four:5;family_three:5;single_average:5;single_low:5;two_person_average:5;two_person_low:5,2428.5665119115874,continuous_no_spoilage,False,54.74886631931935,2094.025202358383,1.8290507190711827,2090.4403288231065,2097.6100758936595,False,0.0,0.95
3,1.8|2.1|5,88051.84163748112,87691.84163748112,360.0,0.0,0.7012916365988281,family_four:5;family_three:5;single_average:5;single_low:5;two_person_average:5;two_person_low:5,2428.5665119115874,continuous_no_spoilage,False,54.74886631931935,2094.025202358383,1.8290507190711827,2090.4403288231065,2097.6100758936595,False,0.0,0.95
3,1.8|2.25|5,88051.84163748112,87691.84163748112,360.0,0.0,0.7012916365988281,family_four:5;family_three:5;single_average:5;single_low:5;two_person_average:5;two_person_low:5,2428.5665119115874,continuous_no_spoilage,False,54.74886631931935,2094.025202358383,1.8290507190711827,2090.4403288231065,2097.6100758936595,False,0.0,0.95
3,1.8|2.4|5,88051.84163748112,87691.84163748112,360.0,0.0,0.7012916365988281,family_four:5;family_three:5;single_average:5;single_low:5;two_person_average:5;two_person_low:5,2428.5665119115874,continuous_no_spoilage,False,54.74886631931935,2094.025202358383,1.8290507190711827,2090.4403288231065,2097.6100758936595,False,0.0,0.95
3,1.8|3|5,88051.84163748112,87691.84163748112,360.0,0.0,0.7012916365988281,family_four:5;family_three:5;single_average:5;single_low:5;two_person_average:5;two_person_low:5,2428.5665119115874,continuous_no_spoilage,False,54.74886631931935,2094.025202358383,1.8290507190711827,2090.4403288231065,2097.6100758936595,False,0.0,0.95
3,1.8|4.5|5,88051.84163748112,87691.84163748112,360.0,0.0,0.7012916365988281,family_four:5;family_three:5;single_average:5;single_low:5;two_person_average:5;two_person_low:5,2428.5665119115874,continuous_no_spoilage,False,54.74886631931935,2094.025202358383,1.8290507190711827,2090.4403288231065,2097.6100758936595,False,0.0,0.95
3,2|2.1|5,88051.84163748112,87691.84163748112,360.0,0.0,0.7012916365988281,family_four:5;family_three:5;single_average:5;single_low:5;two_person_average:5;two_person_low:5,2428.5665119115874,continuous_no_spoilage,False,54.74886631931935,2094.025202358383,1.8290507190711827,2090.4403288231065,2097.6100758936595,False,0.0,0.95
3,2|2.25|5,88051.84163748112,87691.84163748112,360.0,0.0,0.7012916365988281,family_four:5;family_three:5;single_average:5;single_low:5;two_person_average:5;two_person_low:5,2428.5665119115874,continuous_no_spoilage,False,54.74886631931935,2094.025202358383,1.8290507190711827,2090.4403288231065,2097.6100758936595,False,0.0,0.95
3,2|2.4|5,88051.84163748112,87691.84163748112,360.0,0.0,0.7012916365988281,family_four:5;family_three:5;single_average:5;single_low:5;two_person_average:5;two_person_low:5,2428.5665119115874,continuous_no_spoilage,False,54.74886631931935,2094.025202358383,1.8290507190711827,2090.4403288231065,2097.6100758936595,False,0.0,0.95
3,2|3|5,88051.84163748112,87691.84163748112,360.0,0.0,0.7012916365988281,family_four:5;family_three:5;single_average:5;single_low:5;two_person_average:5;two_person_low:5,2428.5665119115874,continuous_no_spoilage,False,54.74886631931935,2094.025202358383,1.8290507190711827,2090.4403288231065,2097.6100758936595,False,0.0,0.95
3,2|4.5|5,88051.84163748112,87691.84163748112,360.0,0.0,0.7012916365988281,family_four:5;family_three:5;single_average:5;single_low:5;two_person_average:5;two_person_low:5,2428.5665119115874,continuous_no_spoilage,False,54.74886631931935,2094.025202358383,1.8290507190711827,2090.4403288231065,2097.6100758936595,False,0.0,0.95
3,2.1|2.25|5,88051.84163748112,87691.84163748112,360.0,0.0,0.7012916365988281,family_four:5;family_three:5;single_average:5;single_low:5;two_person_average:5;two_person_low:5,2428.5665119115874,continuous_no_spoilage,False,54.74886631931935,2094.025202358383,1.8290507190711827,2090.4403288231065,2097.6100758936595,False,0.0,0.95
3,2.1|2.4|5,88051.84163748112,87691.84163748112,360.0,0.0,0.7012916365988281,family_four:5;family_three:5;single_average:5;single_low:5;two_person_average:5;two_person_low:5,2428.5665119115874,continuous_no_spoilage,False,54.74886631931935,2094.025202358383,1.8290507190711827,2090.4403288231065,2097.6100758936595,False,0.0,0.95
3,2.1|3|5,88051.84163748112,87691.84163748112,360.0,0.0,0.7012916365988281,family_four:5;family_three:5;single_average:5;single_low:5;two_person_average:5;two_person_low:5,2428.5665119115874,continuous_no_spoilage,False,54.74886631931935,2094.025202358383,1.8290507190711827,2090.4403288231065,2097.6100758936595,False,0.0,0.95
3,2.1|4.5|5,88051.84163748112,87691.84163748112,360.0,0.0,0.7012916365988281,family_four:5;family_three:5;single_average:5;single_low:5;two_person_average:5;two_person_low:5,2428.5665119115874,continuous_no_spoilage,False,54.74886631931935,2094.025202358383,1.8290507190711827,2090.4403288231065,2097.6100758936595,False,0.0,0.95
3,2.25|2.4|5,88051.84163748112,87691.84163748112,360.0,0.0,0.7012916365988281,family_four:5;family_three:5;single_average:5;single_low:5;two_person_average:5;two_person_low:5,2428.5665119115874,continuous_no_spoilage,False,54.74886631931935,2094.025202358383,1.8290507190711827,2090.4403288231065,2097.6100758936595,False,0.0,0.95
3,2.25|3|5,88051.84163748112,87691.84163748112,360.0,0.0,0.7012916365988281,family_four:5;family_three:5;single_average:5;single_low:5;two_person_average:5;two_person_low:5,2428.5665119115874,continuous_no_spoilage,False,54.74886631931935,2094.025202358383,1.8290507190711827,2090.4403288231065,2097.6100758936595,False,0.0,0.95
3,2.25|4.5|5,88051.84163748112,87691.84163748112,360.0,0.0,0.7012916365988281,family_four:5;family_three:5;single_average:5;single_low:5;two_person_average:5;two_person_low:5,2428.5665119115874,continuous_no_spoilage,False,54.74886631931935,2094.025202358383,1.8290507190711827,2090.4403288231065,2097.6100758936595,False,0.0,0.95
3,2.4|3|5,88051.84163748112,87691.84163748112,360.0,0.0,0.7012916365988281,family_four:5;family_three:5;single_average:5;single_low:5;two_person_average:5;two_person_low:5,2428.5665119115874,continuous_no_spoilage,False,54.74886631931935,2094.025202358383,1.8290507190711827,2090.4403288231065,2097.6100758936595,False,0.0,0.95
3,2.4|4.5|5,88051.84163748112,87691.84163748112,360.0,0.0,0.7012916365988281,family_four:5;family_three:5;single_average:5;single_low:5;two_person_average:5;two_person_low:5,2428.5665119115874,continuous_no_spoilage,False,54.74886631931935,2094.025202358383,1.8290507190711827,2090.4403288231065,2097.6100758936595,False,0.0,0.95
3,3|4.5|5,88051.84163748112,87691.84163748112,360.0,0.0,0.7012916365988281,family_four:5;family_three:5;single_average:5;single_low:5;two_person_average:5;two_person_low:5,2428.5665119115874,continuous_no_spoilage,False,54.74886631931935,2094.025202358383,1.8290507190711827,2090.4403288231065,2097.6100758936595,False,0.0,0.95
3,1.8|2|4.5,88543.37123922922,88183.37123922922,360.0,0.0,0.7386630173749194,family_four:4.5;family_three:4.5;single_average:4.5;single_low:4.5;two_person_average:4.5;two_person_low:4.5,2920.096113659689,continuous_no_spoilage,False,55.05761649171839,2585.5548041064985,2.1720796199011274,2581.297606279939,2589.812001933058,False,0.0,0.95
3,1.8|2.1|4.5,88543.37123922922,88183.37123922922,360.0,0.0,0.7386630173749194,family_four:4.5;family_three:4.5;single_average:4.5;single_low:4.5;two_person_average:4.5;two_person_low:4.5,2920.096113659689,continuous_no_spoilage,False,55.05761649171839,2585.5548041064985,2.1720796199011274,2581.297606279939,2589.812001933058,False,0.0,0.95
3,1.8|2.25|4.5,88543.37123922922,88183.37123922922,360.0,0.0,0.7386630173749194,family_four:4.5;family_three:4.5;single_average:4.5;single_low:4.5;two_person_average:4.5;two_person_low:4.5,2920.096113659689,continuous_no_spoilage,False,55.05761649171839,2585.5548041064985,2.1720796199011274,2581.297606279939,2589.812001933058,False,0.0,0.95
3,1.8|2.4|4.5,88543.37123922922,88183.37123922922,360.0,0.0,0.7386630173749194,family_four:4.5;family_three:4.5;single_average:4.5;single_low:4.5;two_person_average:4.5;two_person_low:4.5,2920.096113659689,continuous_no_spoilage,False,55.05761649171839,2585.5548041064985,2.1720796199011274,2581.297606279939,2589.812001933058,False,0.0,0.95
3,1.8|3|4.5,88543.37123922922,88183.37123922922,360.0,0.0,0.7386630173749194,family_four:4.5;family_three:4.5;single_average:4.5;single_low:4.5;two_person_average:4.5;two_person_low:4.5,2920.096113659689,continuous_no_spoilage,False,55.05761649171839,2585.5548041064985,2.1720796199011274,2581.297606279939,2589.812001933058,False,0.0,0.95
3,2|2.1|4.5,88543.37123922922,88183.37123922922,360.0,0.0,0.7386630173749194,family_four:4.5;family_three:4.5;single_average:4.5;single_low:4.5;two_person_average:4.5;two_person_low:4.5,2920.096113659689,continuous_no_spoilage,False,55.05761649171839,2585.5548041064985,2.1720796199011274,2581.297606279939,2589.812001933058,False,0.0,0.95
3,2|2.25|4.5,88543.37123922922,88183.37123922922,360.0,0.0,0.7386630173749194,family_four:4.5;family_three:4.5;single_average:4.5;single_low:4.5;two_person_average:4.5;two_person_low:4.5,2920.096113659689,continuous_no_spoilage,False,55.05761649171839,2585.5548041064985,2.1720796199011274,2581.297606279939,2589.812001933058,False,0.0,0.95
3,2|2.4|4.5,88543.37123922922,88183.37123922922,360.0,0.0,0.7386630173749194,family_four:4.5;family_three:4.5;single_average:4.5;single_low:4.5;two_person_average:4.5;two_person_low:4.5,2920.096113659689,continuous_no_spoilage,False,55.05761649171839,2585.5548041064985,2.1720796199011274,2581.297606279939,2589.812001933058,False,0.0,0.95
3,2|3|4.5,88543.37123922922,88183.37123922922,360.0,0.0,0.7386630173749194,family_four:4.5;family_three:4.5;single_average:4.5;single_low:4.5;two_person_average:4.5;two_person_low:4.5,2920.096113659689,continuous_no_spoilage,False,55.05761649171839,2585.5548041064985,2.1720796199011274,2581.297606279939,2589.812001933058,False,0.0,0.95
3,2.1|2.25|4.5,88543.37123922922,88183.37123922922,360.0,0.0,0.7386630173749194,family_four:4.5;family_three:4.5;single_average:4.5;single_low:4.5;two_person_average:4.5;two_person_low:4.5,2920.096113659689,continuous_no_spoilage,False,55.05761649171839,2585.5548041064985,2.1720796199011274,2581.297606279939,2589.812001933058,False,0.0,0.95
3,2.1|2.4|4.5,88543.37123922922,88183.37123922922,360.0,0.0,0.7386630173749194,family_four:4.5;family_three:4.5;single_average:4.5;single_low:4.5;two_person_average:4.5;two_person_low:4.5,2920.096113659689,continuous_no_spoilage,False,55.05761649171839,2585.5548041064985,2.1720796199011274,2581.297606279939,2589.812001933058,False,0.0,0.95
3,2.1|3|4.5,88543.37123922922,88183.37123922922,360.0,0.0,0.7386630173749194,family_four:4.5;family_three:4.5;single_average:4.5;single_low:4.5;two_person_average:4.5;two_person_low:4.5,2920.096113659689,continuous_no_spoilage,False,55.05761649171839,2585.5548041064985,2.1720796199011274,2581.297606279939,2589.812001933058,False,0.0,0.95
3,2.25|2.4|4.5,88543.37123922922,88183.37123922922,360.0,0.0,0.7386630173749194,family_four:4.5;family_three:4.5;single_average:4.5;single_low:4.5;two_person_average:4.5;two_person_low:4.5,2920.096113659689,continuous_no_spoilage,False,55.05761649171839,2585.5548041064985,2.1720796199011274,2581.297606279939,2589.812001933058,False,0.0,0.95
3,2.25|3|4.5,88543.37123922922,88183.37123922922,360.0,0.0,0.7386630173749194,family_four:4.5;family_three:4.5;single_average:4.5;single_low:4.5;two_person_average:4.5;two_person_low:4.5,2920.096113659689,continuous_no_spoilage,False,55.05761649171839,2585.5548041064985,2.1720796199011274,2581.297606279939,2589.812001933058,False,0.0,0.95
3,2.4|3|4.5,88543.37123922922,88183.37123922922,360.0,0.0,0.7386630173749194,family_four:4.5;family_three:4.5;single_average:4.5;single_low:4.5;two_person_average:4.5;two_person_low:4.5,2920.096113659689,continuous_no_spoilage,False,55.05761649171839,2585.5548041064985,2.1720796199011274,2581.297606279939,2589.812001933058,False,0.0,0.95
3,1.8|2|3,90817.31612271159,90457.31612271159,360.0,0.0,0.9100880079314002,family_four:3;family_three:3;single_average:3;single_low:3;two_person_average:3;two_person_low:3,5194.0409971420595,continuous_no_spoilage,False,56.44224613665985,4859.49968758887,3.4640613820899304,4852.7102520397375,4866.289123138003,False,0.0,0.95
3,1.8|2.1|3,90817.31612271159,90457.31612271159,360.0,0.0,0.9100880079314002,family_four:3;family_three:3;single_average:3;single_low:3;two_person_average:3;two_person_low:3,5194.0409971420595,continuous_no_spoilage,False,56.44224613665985,4859.49968758887,3.4640613820899304,4852.7102520397375,4866.289123138003,False,0.0,0.95
3,1.8|2.25|3,90817.31612271159,90457.31612271159,360.0,0.0,0.9100880079314002,family_four:3;family_three:3;single_average:3;single_low:3;two_person_average:3;two_person_low:3,5194.0409971420595,continuous_no_spoilage,False,56.44224613665985,4859.49968758887,3.4640613820899304,4852.7102520397375,4866.289123138003,False,0.0,0.95
3,1.8|2.4|3,90817.31612271159,90457.31612271159,360.0,0.0,0.9100880079314002,family_four:3;family_three:3;single_average:3;single_low:3;two_person_average:3;two_person_low:3,5194.0409971420595,continuous_no_spoilage,False,56.44224613665985,4859.49968758887,3.4640613820899304,4852.7102520397375,4866.289123138003,False,0.0,0.95
3,2|2.1|3,90817.31612271159,90457.31612271159,360.0,0.0,0.9100880079314002,family_four:3;family_three:3;single_average:3;single_low:3;two_person_average:3;two_person_low:3,5194.0409971420595,continuous_no_spoilage,False,56.44224613665985,4859.49968758887,3.4640613820899304,4852.7102520397375,4866.289123138003,False,0.0,0.95
3,2|2.25|3,90817.31612271159,90457.31612271159,360.0,0.0,0.9100880079314002,family_four:3;family_three:3;single_average:3;single_low:3;two_person_average:3;two_person_low:3,5194.0409971420595,continuous_no_spoilage,False,56.44224613665985,4859.49968758887,3.4640613820899304,4852.7102520397375,4866.289123138003,False,0.0,0.95
3,2|2.4|3,90817.31612271159,90457.31612271159,360.0,0.0,0.9100880079314002,family_four:3;family_three:3;single_average:3;single_low:3;two_person_average:3;two_person_low:3,5194.0409971420595,continuous_no_spoilage,False,56.44224613665985,4859.49968758887,3.4640613820899304,4852.7102520397375,4866.289123138003,False,0.0,0.95
3,2.1|2.25|3,90817.31612271159,90457.31612271159,360.0,0.0,0.9100880079314002,family_four:3;family_three:3;single_average:3;single_low:3;two_person_average:3;two_person_low:3,5194.0409971420595,continuous_no_spoilage,False,56.44224613665985,4859.49968758887,3.4640613820899304,4852.7102520397375,4866.289123138003,False,0.0,0.95
3,2.1|2.4|3,90817.31612271159,90457.31612271159,360.0,0.0,0.9100880079314002,family_four:3;family_three:3;single_average:3;single_low:3;two_person_average:3;two_person_low:3,5194.0409971420595,continuous_no_spoilage,False,56.44224613665985,4859.49968758887,3.4640613820899304,4852.7102520397375,4866.289123138003,False,0.0,0.95
3,2.25|2.4|3,90817.31612271159,90457.31612271159,360.0,0.0,0.9100880079314002,family_four:3;family_three:3;single_average:3;single_low:3;two_person_average:3;two_person_low:3,5194.0409971420595,continuous_no_spoilage,False,56.44224613665985,4859.49968758887,3.4640613820899304,4852.7102520397375,4866.289123138003,False,0.0,0.95
3,1.8|2|2.4,92364.07210417188,92004.07210417188,360.0,0.0,1.0275227557106736,family_four:2.4;family_three:2.4;single_average:2.4;single_low:2.4;two_person_average:2.4;two_person_low:2.4,6740.796978602346,continuous_no_spoilage,False,57.567217559711786,6406.255669049176,4.580170627517033,6397.278699576194,6415.232638522157,False,0.0,0.95
3,1.8|2.1|2.4,92364.07210417188,92004.07210417188,360.0,0.0,1.0275227557106736,family_four:2.4;family_three:2.4;single_average:2.4;single_low:2.4;two_person_average:2.4;two_person_low:2.4,6740.796978602346,continuous_no_spoilage,False,57.567217559711786,6406.255669049176,4.580170627517033,6397.278699576194,6415.232638522157,False,0.0,0.95
3,1.8|2.25|2.4,92364.07210417188,92004.07210417188,360.0,0.0,1.0275227557106736,family_four:2.4;family_three:2.4;single_average:2.4;single_low:2.4;two_person_average:2.4;two_person_low:2.4,6740.796978602346,continuous_no_spoilage,False,57.567217559711786,6406.255669049176,4.580170627517033,6397.278699576194,6415.232638522157,False,0.0,0.95
3,2|2.1|2.4,92364.07210417188,92004.07210417188,360.0,0.0,1.0275227557106736,family_four:2.4;family_three:2.4;single_average:2.4;single_low:2.4;two_person_average:2.4;two_person_low:2.4,6740.796978602346,continuous_no_spoilage,False,57.567217559711786,6406.255669049176,4.580170627517033,6397.278699576194,6415.232638522157,False,0.0,0.95
3,2|2.25|2.4,92364.07210417188,92004.07210417188,360.0,0.0,1.0275227557106736,family_four:2.4;family_three:2.4;single_average:2.4;single_low:2.4;two_person_average:2.4;two_person_low:2.4,6740.796978602346,continuous_no_spoilage,False,57.567217559711786,6406.255669049176,4.580170627517033,6397.278699576194,6415.232638522157,False,0.0,0.95
3,2.1|2.25|2.4,92364.07210417188,92004.07210417188,360.0,0.0,1.0275227557106736,family_four:2.4;family_three:2.4;single_average:2.4;single_low:2.4;two_person_average:2.4;two_person_low:2.4,6740.796978602346,continuous_no_spoilage,False,57.567217559711786,6406.255669049176,4.580170627517033,6397.278699576194,6415.232638522157,False,0.0,0.95
3,1.8|2|2.25,92858.60616327322,92498.60616327322,360.0,0.0,1.0651501973956607,family_four:2.25;family_three:2.25;single_average:2.25;single_low:2.25;two_person_average:2.25;two_person_low:2.25,7235.331037703683,continuous_no_spoilage,False,57.815779875389126,6900.789728150492,4.834320810888112,6891.314633471439,6910.264822829545,False,0.0,0.95
3,1.8|2.1|2.25,92858.60616327322,92498.60616327322,360.0,0.0,1.0651501973956607,family_four:2.25;family_three:2.25;single_average:2.25;single_low:2.25;two_person_average:2.25;two_person_low:2.25,7235.331037703683,continuous_no_spoilage,False,57.815779875389126,6900.789728150492,4.834320810888112,6891.314633471439,6910.264822829545,False,0.0,0.95
3,2|2.1|2.25,92858.60616327322,92498.60616327322,360.0,0.0,1.0651501973956607,family_four:2.25;family_three:2.25;single_average:2.25;single_low:2.25;two_person_average:2.25;two_person_low:2.25,7235.331037703683,continuous_no_spoilage,False,57.815779875389126,6900.789728150492,4.834320810888112,6891.314633471439,6910.264822829545,False,0.0,0.95
3,1.8|2|2.1,93412.61548586303,93052.61548586303,360.0,0.0,1.1072726249293854,family_four:2.1;family_three:2.1;single_average:2.1;single_low:2.1;two_person_average:2.1;two_person_low:2.1,7789.3403602934995,continuous_no_spoilage,False,58.130109049928166,7454.799050740334,5.15113197320754,7444.703017593234,7464.895083887433,False,0.0,0.95
