regime,household,package_kg,scenario_weight,generalized_cost_jpy,generalized_cost_jpy_se,generalized_cost_jpy_ci_low,generalized_cost_jpy_ci_high,product_cost_jpy,product_cost_jpy_se,product_cost_jpy_ci_low,product_cost_jpy_ci_high,unmet_demand_cost_jpy,unmet_demand_cost_jpy_se,unmet_demand_cost_jpy_ci_low,unmet_demand_cost_jpy_ci_high,purchase_event_cost_jpy,purchase_event_cost_jpy_se,purchase_event_cost_jpy_ci_low,purchase_event_cost_jpy_ci_high,packaging_cost_jpy,packaging_cost_jpy_se,packaging_cost_jpy_ci_low,packaging_cost_jpy_ci_high,storage_cost_jpy,storage_cost_jpy_se,storage_cost_jpy_ci_low,storage_cost_jpy_ci_high,freshness_cost_jpy,freshness_cost_jpy_se,freshness_cost_jpy_ci_low,freshness_cost_jpy_ci_high,handling_cost_jpy,handling_cost_jpy_se,handling_cost_jpy_ci_low,handling_cost_jpy_ci_high,adaptation_cost_jpy,adaptation_cost_jpy_se,adaptation_cost_jpy_ci_low,adaptation_cost_jpy_ci_high,physical_discard_kg,physical_discard_kg_se,physical_discard_kg_ci_low,physical_discard_kg_ci_high,purchases,purchases_se,purchases_ci_low,purchases_ci_high,openings,openings_se,openings_ci_low,openings_ci_high,packaging_mass_kg,packaging_mass_kg_se,packaging_mass_kg_ci_low,packaging_mass_kg_ci_high,storage_kg_days,storage_kg_days_se,storage_kg_days_ci_low,storage_kg_days_ci_high,mean_age_at_consumption_days,mean_age_at_consumption_days_se,mean_age_at_consumption_days_ci_low,mean_age_at_consumption_days_ci_high,freshness_penalty_jpy,freshness_penalty_jpy_se,freshness_penalty_jpy_ci_low,freshness_penalty_jpy_ci_high,adaptation_events,adaptation_events_se,adaptation_events_ci_low,adaptation_events_ci_high,purchased_kg,purchased_kg_se,purchased_kg_ci_low,purchased_kg_ci_high,ending_inventory_kg,ending_inventory_kg_se,ending_inventory_kg_ci_low,ending_inventory_kg_ci_high,consumed_kg,consumed_kg_se,consumed_kg_ci_low,consumed_kg_ci_high,demanded_kg,demanded_kg_se,demanded_kg_ci_low,demanded_kg_ci_high,unmet_demand_kg,unmet_demand_kg_se,unmet_demand_kg_ci_low,unmet_demand_kg_ci_high,opening_demand_backlog_kg,opening_demand_backlog_kg_se,opening_demand_backlog_kg_ci_low,opening_demand_backlog_kg_ci_high,service_level_fraction,service_level_fraction_se,service_level_fraction_ci_low,service_level_fraction_ci_high
baseline,single_low,1.8,0.1905,29591.560634231882,59.02565861795112,29475.872469176942,29707.248799286823,27276.139952575657,54.519279976616126,27169.284127358434,27382.99577779288,0.2310907855442836,0.22183861513582387,0.0,0.6658864815907405,2133.5416666666665,4.5714933139880145,2124.5817044156843,2142.5016289176488,132.6554568447616,0.28423796146306973,132.0983606772549,133.2125530122683,25.27202833758903,0.047763512101670874,25.178413574094613,25.36564310108345,0.039883466108846334,0.006619065159591565,0.026910336784723002,0.052856595432969666,0.0,0.0,0.0,0.0,23.680555555555554,1.234992892519515,21.26001396505436,26.10109714605675,0.00020171261725381137,3.3389364901757466e-05,0.00013627066457970097,0.0002671545699279218,17.779513888888886,0.03809577761656679,17.704847536797367,17.854180240980405,17.779513888888886,0.03809577761656679,17.704847536797367,17.854180240980405,0.37901559098503307,0.0008121084613230568,0.3774238876492996,0.3806072943207665,315.9003542198629,0.5970439012708858,314.73016967618264,317.07053876354314,9.885514650558472,0.02950192317517315,9.827691943660465,9.943337357456478,0.039883466108846334,0.006619065159591565,0.026910336784723002,0.052856595432969666,2.3680555555555554,0.12349928925195153,2.1260013965054356,2.610109714605675,32.003125000000004,0.0685723997098202,31.868725566235273,32.13752443376474,0.8539321180996219,0.03914010417519589,0.7772189235650921,0.9306453126341516,32.00507239757713,0.06397978643500471,31.879674320425956,32.130470474728305,32.005208333333336,0.06396990774180503,31.87982961806505,32.130587048601626,0.00013593575620251977,0.00013049330302107294,0.0,0.00039169793034749456,0.0,0.0,0.0,0.0,0.9999956327499642,4.199225441614692e-06,0.9999874024193356,1.0000038630805927
baseline,single_low,2.0,0.1905,29308.03264214877,58.37297497274457,29193.62371353173,29422.441570765808,27205.252705768915,54.34149622717516,27098.745330297632,27311.760081240198,0.0022280928625392784,0.0022280928625392784,0.0,0.006595074627327018,1921.25,4.060045069772796,1913.292457887636,1929.207542112364,124.88626628288164,0.2639135300997503,124.3690052688533,125.40352729690997,28.35146216836672,0.03620976216532608,28.28049233863392,28.42243199809952,0.18234094685183364,0.01566554666939908,0.15163703958168004,0.21304485412198723,0.0,0.0,0.0,0.0,28.107638888888886,0.6676294203727756,26.799109269938892,29.41616850783888,0.0009183275942613038,7.912065690285529e-05,0.000763253956298557,0.0010734012322240506,16.010416666666668,0.03383370891477328,15.944103815730301,16.076729517603034,16.010416666666668,0.03383370891477328,15.944103815730301,16.076729517603034,0.356817903665376,0.000754038657427858,0.3553400150538665,0.35829579227688557,354.393277104584,0.4526220270665758,353.506154232924,355.280399976244,11.079417963852984,0.0260476912233296,11.028365427174839,11.13047050053113,0.18234094685183364,0.01566554666939908,0.15163703958168004,0.21304485412198723,2.810763888888889,0.06676294203727758,2.6799109269938897,2.941616850783888,32.020833333333336,0.06766741782954656,31.888207631460602,32.15345903520607,0.9654780681449462,0.0425081072974711,0.8821637087909386,1.0487924274989537,32.00526132625152,0.0639659383707491,31.879890390807542,32.130632261695496,32.005208333333336,0.06396990774180503,31.87982961806505,32.130587048601626,1.3106428603172223e-06,1.3106428603172228e-06,0.0,3.8794556631335395e-06,5.430356105277115e-05,4.4185487943916464e-05,0.0,0.00014090552606217617,0.9999999601325366,3.986746343181204e-08,0.9999998819937441,1.000000038271329
baseline,single_low,2.1,0.1905,29188.27179866089,58.17671105348445,29074.247540257067,29302.296057064716,27172.51237742181,54.27050681586706,27066.144138639975,27278.88061620364,0.052580928243068176,0.050082159607855885,0.0,0.15074015734245233,1828.9583333333333,3.85361388187149,1821.4053889145416,1836.511277752125,121.40673340054411,0.25580389922406205,120.90536697096003,121.9080998301282,30.125942205960694,0.04296870939369566,30.04172508308688,30.210159328834507,0.30263692655797936,0.022056432424754253,0.2594071133780196,0.34586673973793913,0.0,0.0,0.0,0.0,34.91319444444444,0.9034408992839353,33.14248281968745,36.683906069201434,0.0015228653738091676,0.0001111396383339987,0.0013050356854197231,0.0017406950621986121,15.241319444444443,0.03211344901559575,15.178378240954512,15.304260647934374,15.241319444444443,0.03211344901559575,15.178378240954512,15.304260647934374,0.34687638114441177,0.0007308682834973187,0.34544390563131444,0.3483088566575091,376.5742775745087,0.5371088674211959,375.52156353858607,377.62699161043133,11.773910630802343,0.030485748185038596,11.71415966231791,11.833661599286776,0.30263692655797936,0.022056432424754253,0.2594071133780196,0.34586673973793913,3.491319444444444,0.09034408992839355,3.314248281968745,3.6683906069201435,32.00677083333333,0.06743824293275097,31.87459430600447,32.13894736066218,1.0486930999527226,0.043738425239113636,0.9629673617435622,1.1344188381618832,32.00517906116038,0.06397387881017447,31.879792562741113,32.13056555957966,32.005208333333336,0.06396990774180503,31.87982961806505,32.130587048601626,3.0929957790040104e-05,2.946009388697406e-05,0.0,8.867068078967788e-05,1.6577848371240755e-06,1.657784837124075e-06,0.0,4.906983412003862e-06,0.9999989831127148,9.698174264736353e-07,0.9999970823054873,1.0000008839199424
baseline,single_low,2.25,0.1905,29018.890859329607,57.759674324738995,28905.683977894358,29132.097740764857,27127.31577303479,54.14502076304613,27021.193482397044,27233.438063672533,0.1551486403165917,0.08340443877934983,0.0,0.31861833647489324,1707.2916666666667,3.5547315742350074,1700.3245208064588,1714.2588125268746,116.78977335720226,0.24316659127795848,116.3131755960541,117.26637111835043,32.21088415808971,0.043105081382878274,32.1263997510286,32.295368565150824,0.7178912503223503,0.03482627560636413,0.6496330044182108,0.7861494962264899,0.0,0.0,0.0,0.0,34.40972222222222,0.6901362510194899,33.05708002579853,35.762364418645916,0.0036215202899697574,0.00017573969520908527,0.003277076816705904,0.003965963763233611,14.227430555555555,0.029622763118625058,14.169371006720489,14.285490104390622,14.227430555555555,0.029622763118625058,14.169371006720489,14.285490104390622,0.3336850667348636,0.0006947616893655957,0.33232335884586883,0.33504677462385835,402.63605197612134,0.5388135172859787,401.5799968878575,403.6921070643852,12.584869418620862,0.028164490387971898,12.529668031817513,12.64007080542421,0.7178912503223503,0.03482627560636413,0.6496330044182108,0.7861494962264899,3.440972222222222,0.069013625101949,3.3057080025798524,3.5762364418645913,32.01171875,0.06665121701690639,31.881084765121102,32.1423527348789,1.1220321825543875,0.04667926904661855,1.0305424963983598,1.2135218687104152,32.005119792440674,0.0639740771923278,31.879732905199525,32.13050667968182,32.005208333333336,0.06396990774180503,31.87982961806505,32.130587048601626,9.126390606858336e-05,4.906143457608813e-05,0.0,0.0001874225508675842,2.7230134132894234e-06,2.723013413289424e-06,0.0,8.060021632756175e-06,0.9999970927931244,1.5743082105092335e-06,0.9999940072057313,1.0000001783805177
baseline,single_low,2.4,0.1905,28864.387711183484,57.40314213433439,28751.879620000756,28976.895802366213,27086.65393845117,53.9855313829066,26980.844241254417,27192.463635647924,0.0961463053511374,0.07230416800291664,0.0,0.23785987056898739,1598.9583333333333,3.373685457051101,1592.3460313423466,1605.57063532432,112.54761215552266,0.2374672525476989,112.08218489302149,113.01303941802382,34.29732687567901,0.04757810028914401,34.20407551265946,34.390578238698566,1.4697707290882367,0.05912704964683147,1.3538838412683354,1.585657616908138,0.0,0.0,0.0,0.0,30.364583333333332,0.6850078282791117,29.021992660778274,31.70717400588839,0.007389558224029484,0.00029911351328401067,0.00680330651070358,0.007975809937355388,13.324652777777777,0.028114045475425835,13.269550261186222,13.379755294369332,13.324652777777777,0.028114045475425835,13.269550261186222,13.379755294369332,0.3215646061586362,0.0006784778644219971,0.32023481398006143,0.32289439833721095,428.7165859459876,0.5947262536142999,427.55094390824314,429.8822279837321,13.401054916220232,0.03088018621551152,13.34053086340194,13.461578969038525,1.4697707290882367,0.05912704964683147,1.3538838412683354,1.585657616908138,3.0364583333333335,0.06850078282791117,2.9021992660778277,3.170717400588839,31.979166666666668,0.06747370914102199,31.846920626846934,32.111412706486405,1.09485913987123,0.0494405029874582,0.997957534638267,1.191760745104193,32.005176656803805,0.06396658424435106,31.87980445547083,32.13054885813678,32.005208333333336,0.06396990774180503,31.87982961806505,32.130587048601626,5.6556650206551413e-05,4.253186353112744e-05,0.0,0.00013991757092293378,2.4880120679632078e-05,1.6609475223382218e-05,0.0,5.7434093919571596e-05,0.9999982841036853,1.289700528867669e-06,0.9999957563370979,1.0000008118702728
baseline,single_low,3.0,0.1905,28422.88153750372,55.84983089097497,28313.417880414756,28532.345194592683,26971.498017681446,53.2808244768167,26867.069520640285,27075.926514722607,0.298235968814017,0.2107374222522295,0.0,0.7112737266231965,1281.0416666666667,2.7621680003659255,1275.6279168667006,1286.4554164666329,99.83866596880277,0.2152710372456654,99.41674248888668,100.26058944871886,42.89343879654282,0.05287434064249244,42.78980699317723,42.997070599908405,10.106651310328937,0.16674865316244492,9.779829955659984,10.43347266499789,0.0,0.0,0.0,0.0,17.20486111111111,0.4984447135212712,16.227927424325035,18.181794797897187,0.051070833064888445,0.0008418023308126421,0.0494209308143938,0.05272073531538309,10.675347222222221,0.023018066669716057,10.630232640555835,10.720461803888607,10.675347222222221,0.023018066669716057,10.630232640555835,10.720461803888607,0.2852533313394365,0.000615060106416187,0.2840478356825334,0.28645882699633957,536.1679849567852,0.6609292580311558,534.8725874147153,537.463382498855,16.718541751031548,0.03669482621867821,16.646621213223984,16.790462288839112,10.106651310328937,0.16674865316244492,9.779829955659984,10.43347266499789,1.720486111111111,0.049844471352127113,1.6227927424325033,1.8181794797897186,32.026041666666664,0.06905420000914812,31.89069792166751,32.16138541166582,1.4053540253803145,0.061238891187973356,1.2853280041987194,1.5253800465619096,32.00504420916198,0.0639857743931837,31.879634395828436,32.13045402249553,32.005208333333336,0.06396990774180503,31.87982961806505,32.130587048601626,0.00017543292283177467,0.00012396318956013505,0.0,0.000418396309778351,1.130875147861035e-05,1.1308751478610348e-05,0.0,3.347349708680071e-05,0.9999943295792376,4.001365505200761e-06,0.9999864870469585,1.0000021721115169
baseline,single_low,4.5,0.1905,28114.058413178613,52.97369718051953,28010.231874576864,28217.88495178036,27002.35128557785,51.529461603207544,26901.355396692823,27103.347174462877,0.12297580764221065,0.12297580764221068,0.0,0.3640039615906691,863.9583333333334,2.026437305468869,859.986589197686,867.9300774689807,81.97448913245456,0.19227334984298028,81.59764029157546,82.35133797333367,65.06740995433334,0.0875867734006283,64.89574303294604,65.23907687572064,82.03009992855726,0.5077237120243188,81.03497973889262,83.02522011822191,7.199652777777776,0.016886977545573893,7.166554909980714,7.232750645574837,11.354166666666666,0.40833455764321214,10.553845640042876,12.154487693290456,0.4195208412573539,0.002622480730797479,0.41438087347484054,0.42466080903986725,7.199652777777776,0.016886977545573893,7.166554909980714,7.232750645574837,7.199652777777776,0.016886977545573893,7.166554909980714,7.232750645574837,0.23421282609272734,0.0005493524281228008,0.233136115118787,0.23528953706666766,813.3426244291668,1.0948346675078542,811.1967879118255,815.4884609465081,24.94200094640306,0.05946886707966456,24.825444108725517,25.0585577840806,82.03009992855726,0.5077237120243188,81.03497973889262,83.02522011822191,1.1354166666666667,0.04083345576432121,1.0553845640042878,1.2154487693290457,32.3984375,0.07599139895508257,32.249497094913224,32.547377905086776,2.2204551567076045,0.09693717099852965,2.030461792787286,2.410448520627923,32.00530809798439,0.0639663979128861,31.879936261854375,32.130679934114404,32.005208333333336,0.06396990774180503,31.87982961806505,32.130587048601626,7.233871037777097e-05,7.233871037777098e-05,0.0,0.00021411997740627595,0.00017210336143151268,0.00012589026638548217,0.0,0.00041884374955121115,0.9999977429419539,2.2570580461081517e-06,0.9999933191894724,1.0000021666944352
baseline,single_low,5.0,0.1905,28166.821537744563,52.29197817520464,28064.33114384081,28269.311931648317,27078.832282050465,50.971070288085755,26978.930820032358,27178.733744068573,0.10669926343070076,0.09232085302956422,0.0,0.28764481039066214,783.75,1.9850279471922758,779.8594167151977,787.6405832848023,78.44459618601377,0.19867906313932995,78.05519237777852,78.83399999424901,72.45424461512273,0.09004715216340643,72.27775543997205,72.63073379027341,116.55316007396944,0.6267733133114556,115.32470695340814,117.78161319453073,26.125,0.06616759823974251,25.995313890506587,26.254686109493413,10.555555555555555,0.4084659332057195,9.754977037560803,11.356134073550308,0.5991161158500217,0.003189617609004586,0.5928645802119179,0.6053676514881254,6.53125,0.016541899559935628,6.498828472626647,6.563671527373353,6.53125,0.016541899559935628,6.498828472626647,6.563671527373353,0.2241274176743251,0.0005676544661123715,0.22301483536508154,0.22523999998356864,905.6780576890343,1.12558940204258,903.4719429996509,907.8841723784177,27.647055389852543,0.06432304752654561,27.520984533324654,27.773126246380432,116.55316007396944,0.6267733133114556,115.32470695340814,117.78161319453073,1.0555555555555556,0.040846593320571944,0.9754977037560802,1.135613407355031,32.65625,0.08270949779967812,32.494142363133236,32.818357636866764,2.579569480818804,0.10803603117571232,2.3678227506817615,2.7913162109558467,32.005209666063074,0.06396261431260014,31.87984524565335,32.1305740864728,32.005208333333336,0.06396990774180503,31.87982961806505,32.130587048601626,6.276427260629456e-05,5.430638413503778e-05,0.0,0.00016920282964156597,6.40970023477756e-05,6.409700234777557e-05,0.0,0.00018972481846639503,0.9999980276380431,1.7075256837328468e-06,0.9999946809492003,1.0000013743268859
baseline,single_low,9.0,0.1905,29532.230440497533,50.981413791840424,29432.308705584594,29632.152175410472,28044.806587956653,50.00994012793594,27946.788906436894,28142.824269476412,0.0,0.0,0.0,0.0,466.4583333333333,1.3696216670168706,463.7739241935345,469.1427424731321,63.86303757956217,0.1875155694302409,63.49551381693838,64.23056134218596,131.21327840409882,0.18066335753811055,130.85918472999805,131.56737207819958,431.0801754461059,1.1304864244785109,428.8644627691166,433.2958881230952,388.71527777777777,1.141351389180727,386.4782701612788,390.95228539427677,6.09375,0.3071288583062785,5.4917884991067885,6.6957115008932115,2.277606290339724,0.005564013094428285,2.266701025065135,2.2885115556143125,3.8871527777777772,0.011413513891807258,3.8647827016127874,3.909522853942767,3.8871527777777772,0.011413513891807258,3.8647827016127874,3.909522853942767,0.18246582165589195,0.0005357587698006874,0.18141575376268113,0.18351588954910278,1640.1659800512352,2.258291969226382,1635.7398091249754,1644.592150977495,47.41482572036728,0.10342909703336067,47.2121084152284,47.617543025506166,431.0801754461059,1.1304864244785109,428.8644627691166,433.2958881230952,0.6093749999999999,0.030712885830627857,0.5491788499106788,0.669571150089321,34.984375,0.10272162502626528,34.783044314515095,35.185705685484905,4.892310975394757,0.19364111932619538,4.512781355589391,5.271840595200123,32.00539084007891,0.06397637669271794,31.879999445899816,32.13078223425801,32.005208333333336,0.06396990774180503,31.87982961806505,32.130587048601626,0.0,0.0,0.0,0.0,0.00018250674557363617,0.0001154049832823701,0.0,0.0004086963564435286,1.0,5.797529028300176e-19,1.0,1.0
baseline,single_low,10.0,0.1905,30014.256937830283,50.32103986512679,29915.62951203003,30112.884363630536,28377.139553838886,48.54931289515571,28281.984649090216,28472.294458587556,0.1897098188314658,0.11431326308131075,0.0,0.4137596974260871,412.9166666666667,1.3533483565909321,410.264152629212,415.5691807041214,59.94519368905322,0.19647240209389796,59.56011485699311,60.33027252111333,144.58835423503078,0.1838013940033036,144.22811012247604,144.94859834758552,517.9010706929289,1.0254275550686116,515.8912696162395,519.9108717696183,495.5,1.6240180279091183,492.31698315505434,498.68301684494566,6.076388888888888,0.2707699318698129,5.545689574327691,6.607088203450086,2.7793588643144553,0.00726796909115271,2.7651139066550456,2.793603821973865,3.440972222222222,0.011277902971591106,3.418867938576766,3.4630765058676776,3.440972222222222,0.011277902971591106,3.418867938576766,3.4630765058676776,0.1712719819687235,0.0005613497202682793,0.17017175673426604,0.17237220720318097,1807.354427937885,2.297517425041295,1802.8513765309508,1811.8574793448192,52.59894717001102,0.10363842962656877,52.39581958052866,52.80207475949339,517.9010706929289,1.0254275550686116,515.8912696162395,519.9108717696183,0.6076388888888888,0.027076993186981296,0.5545689574327691,0.6607088203450086,34.409722222222214,0.11277902971591108,34.18867938576766,34.63076505867677,4.150917895438341,0.22553131757822587,3.708884635599153,4.592951155277529,32.005096739322255,0.06396020550368617,31.87973704009125,32.13045643855326,32.005208333333336,0.06396990774180503,31.87982961806505,32.130587048601626,0.00011159401107733282,6.724309593018279e-05,0.0,0.00024338805730946298,0.0,0.0,0.0,0.0,0.9999966227921799,2.0270371890880643e-06,0.999992649872294,1.000000595712066
baseline,single_average,1.8,0.1905,49318.22190639891,74.3718778764146,49172.455704298525,49463.988108499296,45494.90998886063,68.58820522912033,45360.47957684731,45629.340400873945,0.4427083333333333,0.31222150730598025,0.0,1.054651242851864,3559.1666666666665,5.422452943812886,3548.53885418893,3569.794479144403,221.29536419645615,0.33714737505199277,220.63456748387202,221.95616090904028,24.820372786264528,0.027549073918803606,24.76637759357624,24.874367978952815,0.0,0.0,0.0,0.0,0.0,0.0,0.0,0.0,17.586805555555557,0.5768803384198274,16.456140868863418,18.717470242247696,0.0,0.0,0.0,0.0,29.659722222222225,0.04518710786510738,29.57115711824109,29.74828732620336,29.659722222222225,0.04518710786510738,29.57115711824109,29.74828732620336,0.6322724691327317,0.0009632782144342651,0.6303844785253485,0.6341604597401149,310.25465982830656,0.3443634239850451,309.579719919703,310.9295997369101,5.817286619484464,0.011193471749027066,5.795347817994404,5.839225420974524,0.0,0.0,0.0,0.0,1.7586805555555554,0.05768803384198274,1.6456140868863414,1.8717470242247694,53.387499999999996,0.08133679415719332,53.22808281283395,53.546917187166045,0.8523437500000001,0.03791184020083021,0.7780379086187351,0.926649591381265,53.3828125,0.08048002073977388,53.225074557875004,53.540550442124996,53.38268229166666,0.08045519996936418,53.22499299735774,53.540371585975585,0.00026041666666666666,0.00018365971017998836,0.0,0.0006203830840305082,0.00039062499999999997,0.00022434356960220333,0.0,0.0008303303165834734,0.9999950630569762,3.4818431079557814e-06,0.9999882387698847,1.0000018873440675
baseline,single_average,2.0,0.1905,48846.833703126315,73.71045604985866,48702.36386398457,48991.30354226806,45375.132378472226,68.3831715994367,45241.103824988706,45509.16093195575,0.5164930555555556,0.28406628895811475,0.0,1.0732527511354086,3204.1666666666665,4.9865292652160695,3194.393248898988,3213.940084434345,208.27919924427667,0.32413742180515587,207.64390157149688,208.91449691705645,28.07924346536977,0.031944548003225395,28.016633301781038,28.141853628958504,0.0,0.0,0.0,0.0,0.0,0.0,0.0,0.0,30.659722222222218,0.709724100615791,29.268688546055184,32.05075589838925,0.0,0.0,0.0,0.0,26.70138888888889,0.04155441054346724,26.6199437408249,26.782834036952877,26.70138888888889,0.04155441054346724,26.6199437408249,26.782834036952877,0.5950834264122188,0.0009261069194433014,0.5932682902042766,0.5968985626201609,350.9905433171221,0.39930685004031713,350.20791627226293,351.7731703619813,6.579039353933268,0.012518916367983648,6.554502728726551,6.603575979139985,0.0,0.0,0.0,0.0,3.065972222222222,0.07097241006157912,2.9268688546055186,3.205075589838925,53.40277777777778,0.08310882108693449,53.2398874816498,53.565668073905755,1.0139322916666667,0.042174998913708135,0.9312708127477828,1.0965937705855504,53.38250868055556,0.08045079011698433,53.22482802939848,53.54018933171264,53.38268229166666,0.08045519996936418,53.22499299735774,53.540371585975585,0.00030381944444444445,0.00016709781703418513,0.0,0.0006313251477267109,0.00013020833333333333,9.68480989065059e-05,0.0,0.00032002711916125786,0.9999943063379119,3.132748813754614e-06,0.9999881662630643,1.0000004464127594
baseline,single_average,2.1,0.1905,48616.4996993109,73.39661564204333,48472.64497606537,48760.35442255643,45319.71217980034,68.31332391677905,45185.82052525924,45453.60383434145,0.4427083333333333,0.3122215073059803,0.0,1.0546512428518642,3049.5833333333335,4.840290323217279,3040.09653862511,3059.070128041557,202.43214073552397,0.321299739935067,201.80240481700915,203.0618766540388,29.24253155281836,0.03044742093742952,29.182855704358868,29.30220740127785,0.0,0.0,0.0,0.0,0.0,0.0,0.0,0.0,15.086805555555557,0.48982205407036034,14.126771970744219,16.046839140366895,0.0,0.0,0.0,0.0,25.413194444444446,0.04033575269347732,25.334137821875917,25.492251067012976,25.413194444444446,0.04033575269347732,25.334137821875917,25.492251067012976,0.5783775449586397,0.0009179992569573328,0.5765782994771688,0.5801767904401106,365.5316444102295,0.3805927617178691,364.78569630448584,366.27759251597314,6.852061286818302,0.012632148496450602,6.827302730717897,6.8768198429187075,0.0,0.0,0.0,0.0,1.5086805555555554,0.048982205407036024,1.4126771970744216,1.604683914036689,53.36770833333333,0.08470508065630236,53.20168942593942,53.533727240727245,0.98203125,0.045434867888197915,0.8929805452967967,1.0710819547032033,53.382421875,0.08046676604081408,53.22470991160759,53.54013383839241,53.38268229166666,0.08045519996936418,53.22499299735774,53.540371585975585,0.00026041666666666666,0.0001836597101799884,0.0,0.0006203830840305082,0.0,0.0,0.0,0.0,0.9999950595787853,3.4842840388183462e-06,0.9999882305075574,1.0000018886500133
baseline,single_average,2.25,0.1905,48330.98206859429,72.83733023191267,48188.22352460969,48473.74061257889,45241.66899251606,68.18554949811649,45108.02777123368,45375.31021379844,0.0,0.0,0.0,0.0,2848.75,4.415250522085341,2840.096267993991,2857.403732006009,194.87289333573935,0.3020316433667063,194.28092219254916,195.46486447892954,31.384627186943153,0.034465205452367004,31.31707662553674,31.452177748349566,0.0,0.0,0.0,0.0,0.0,0.0,0.0,0.0,14.305555555555555,0.5001656050486283,13.325248983354559,15.285862127756552,0.0,0.0,0.0,0.0,23.739583333333332,0.03679375435071117,23.667468899949924,23.81169776671674,23.739583333333332,0.03679375435071117,23.667468899949924,23.81169776671674,0.5567796952449695,0.0008629475524763022,0.555088349121569,0.55847104136837,392.30783983678936,0.4308150681545878,391.46345781920917,393.15222185436954,7.353950882824086,0.014318129183797958,7.32588786529785,7.382013900350322,0.0,0.0,0.0,0.0,1.4305555555555554,0.050016560504862834,1.3325248983354556,1.528586212775655,53.4140625,0.08278594728910013,53.25180502488733,53.57631997511267,1.12109375,0.04751280606987111,1.0279703612986166,1.2142171387013834,53.38268229166666,0.08045519996936418,53.22499299735774,53.540371585975585,53.38268229166666,0.08045519996936418,53.22499299735774,53.540371585975585,0.0,0.0,0.0,0.0,0.0,0.0,0.0,0.0,1.0,0.0,1.0,1.0
baseline,single_average,2.4,0.1905,48072.94139453569,72.57301874019726,47930.70089155555,48215.181897515824,45168.45765591502,68.0752097311097,45035.03269660204,45301.88261522801,0.0,0.0,0.0,0.0,2670.2083333333335,4.2883359379072346,2661.8033493414264,2678.6133173252406,187.9508462537243,0.3018477466676782,187.35923554144108,188.54245696600753,33.61622570027048,0.0336947872372838,33.55018513081867,33.6822662697223,0.0,0.0,0.0,0.0,0.0,0.0,0.0,0.0,12.708333333333334,0.4920993255129029,11.743836378511592,13.672830288155076,0.0,0.0,0.0,0.0,22.25173611111111,0.03573613281589361,22.18169457784522,22.321777644377,22.25173611111111,0.03573613281589361,22.18169457784522,22.321777644377,0.5370024178677838,0.0008624221333362221,0.5353121015469746,0.538692734188593,420.202821253381,0.4211848404660475,419.3773141352333,421.0283283715287,7.876091090888235,0.014417426939439506,7.847833453337197,7.904348728439274,0.0,0.0,0.0,0.0,1.2708333333333333,0.04920993255129029,1.174383637851159,1.3672830288155076,53.40416666666666,0.08576671875814462,53.23606698682852,53.572266346504804,1.2734375,0.049839068357906045,1.1757547209954744,1.3711202790045256,53.38268229166666,0.08045519996936418,53.22499299735774,53.540371585975585,53.38268229166666,0.08045519996936418,53.22499299735774,53.540371585975585,0.0,0.0,0.0,0.0,0.0,0.0,0.0,0.0,1.0,0.0,1.0,1.0
baseline,single_average,3.0,0.1905,47275.068619811536,71.32865279385847,47135.26702926981,47414.87021035326,44915.13423049592,67.69741958284851,44782.44972626724,45047.8187347246,0.4427083333333333,0.31222150730598025,0.0,1.054651242851864,2136.875,3.5003622662182265,2130.0144160253694,2143.7355839746306,166.5384935504976,0.2728026013206152,166.00381027702036,167.07317682397485,42.49585581510344,0.04864370204075532,42.40051591102886,42.59119571917802,0.005942727796570627,0.003034774435703362,0.0,0.011890776391752083,0.0,0.0,0.0,0.0,13.576388888888888,0.7747318335941983,12.057942397367581,15.094835380410194,3.056000973222852e-05,1.530278233205261e-05,5.671074981495453e-07,6.055291196630749e-05,17.807291666666668,0.029169685551818564,17.750120133544744,17.86446319978859,17.807291666666668,0.029169685551818564,17.750120133544744,17.86446319978859,0.47582426728713617,0.0007794360037731855,0.4742966007914869,0.47735193378278545,531.1981976887929,0.6080462755094417,530.0064488878606,532.3899464897252,9.95592942078943,0.019355172669523028,9.91799397944261,9.993864862136249,0.005942727796570627,0.003034774435703362,0.0,0.011890776391752083,1.3576388888888886,0.07747318335941983,1.205794239736758,1.5094835380410192,53.421875,0.08750905665545566,53.25036040063423,53.59338959936577,1.6334931790335123,0.06257558615523927,1.51084728385776,1.7561390742092646,53.382421875,0.08046231808799252,53.224718629434925,53.54012512056507,53.38268229166666,0.08045519996936418,53.22499299735774,53.540371585975585,0.00026041666666666666,0.00018365971017998836,0.0,0.0006203830840305082,0.0,0.0,0.0,0.0,0.9999950841580998,3.466914049067151e-06,0.9999882891314261,1.0000018791847736
baseline,single_average,4.5,0.1905,46134.789405057614,69.05554350873635,45999.44302684765,46270.13578326758,44475.34970184725,66.70463946185531,44344.611010900284,44606.08839279421,0.0,0.0,0.0,0.0,1426.0416666666667,2.46811951636509,1421.2042413050508,1430.8790920282827,135.3063366558118,0.23418124308294425,134.8473498535144,135.7653234581092,64.74946805551325,0.06245187334708269,64.6270646329859,64.87187147804059,4.757162387914794,0.11002884856528093,4.541509807466431,4.972814968363156,11.883680555555557,0.020567662636375755,11.84336867754209,11.923992433569024,16.701388888888886,0.5163541151339442,15.689353419957307,17.713424357820465,0.02395713788433483,0.0005555774383679806,0.022868226114510566,0.025046049654159096,11.883680555555557,0.020567662636375755,11.84336867754209,11.923992433569024,11.883680555555557,0.020567662636375755,11.84336867754209,11.923992433569024,0.3865895333023193,0.0006690892659512697,0.38527814243861247,0.3879009241660262,809.3683506939155,0.7806484168385341,807.8383079123238,810.8983934755073,15.16980264775672,0.02767380097009631,15.115562994540001,15.224042300973439,4.757162387914794,0.11002884856528093,4.541509807466431,4.972814968363156,1.6701388888888886,0.051635411513394416,1.5689353419957308,1.7713424357820464,53.4765625,0.09255448186369088,53.295159048939404,53.657965951060596,2.3502270153958382,0.10106906654221846,2.1521352850220077,2.5483187457696688,53.38271070535614,0.0804571322232625,53.22501762389917,53.54040378681311,53.38268229166666,0.08045519996936418,53.22499299735774,53.540371585975585,0.0,0.0,0.0,0.0,2.8413689472608256e-05,2.841368947260826e-05,0.0,8.410349750682532e-05,1.0,0.0,1.0,1.0
baseline,single_average,5.0,0.1905,45949.64719413357,68.04579443334269,45816.2798877448,46083.01450052234,44393.453207987186,66.21020651623009,44263.683587806416,44523.222828167956,0.18333954092838547,0.1833395409283855,0.0,0.5426784380901283,1282.9166666666667,2.1604404432124094,1278.6822812072267,1287.1510521261068,128.40558833425644,0.21623588918881065,127.98177377928137,128.8294028892315,72.21064426129803,0.0691173117528272,72.07517681955426,72.3461117030418,13.758997343237363,0.1913647608582588,13.383929304045056,14.13406538242967,42.76388888888889,0.07201468144041372,42.62274270690756,42.90503507087023,15.954861111111109,0.47677441493224676,15.02040042909375,16.889321793128467,0.0694576036668402,0.0009661843338856786,0.06756391716999745,0.07135129016368295,10.690972222222223,0.01800367036010343,10.65568567672689,10.726258767717557,10.690972222222223,0.01800367036010343,10.65568567672689,10.726258767717557,0.366873109526447,0.0006178168262537446,0.36566221079794686,0.3680840082549472,902.6330532662254,0.8639663969103406,900.9397102444283,904.3263962880225,16.860215275085412,0.03060958841229215,16.800221584215727,16.920208965955098,13.758997343237363,0.1913647608582588,13.383929304045056,14.13406538242967,1.595486111111111,0.04767744149322467,1.502040042909375,1.688932179312847,53.45486111111111,0.0900183518005171,53.278428383634434,53.63129383858778,2.5070646711463023,0.09422624510320511,2.3223846243455766,2.691744717947028,53.38257444487789,0.08045883513583768,53.2248780257736,53.54027086398218,53.38268229166666,0.08045519996936418,53.22499299735774,53.540371585975585,0.00010784678878140324,0.00010784678878140325,0.0,0.00031922261064125195,0.0,0.0,0.0,0.0,0.9999979603444201,2.0396555797900827e-06,0.9999939626929428,1.0000019579958974
baseline,single_average,9.0,0.1905,46496.98434250103,64.81530192176774,46369.94868508728,46624.01999991479,44684.253469814,63.541302136456444,44559.71480609577,44808.79213353223,0.0,0.0,0.0,0.0,726.875,1.6088775991805133,723.7216578500729,730.0283421499271,99.51681023452096,0.2202722156192174,99.08508462511246,99.94853584392946,131.59002716367002,0.124965625674463,131.34509903804255,131.83495528929748,239.87056306662123,0.7744866616900332,238.3525971032021,241.38852903004036,605.7291666666666,1.340731332650426,603.1013815417274,608.3569517916059,9.149305555555555,0.3395359823921304,8.483827258611553,9.814783852499557,1.2408909901329601,0.0038811298413127773,1.2332841154246634,1.2484978648412568,6.057291666666667,0.013407313326504276,6.031013815417275,6.083569517916059,6.057291666666667,0.013407313326504276,6.031013815417275,6.083569517916059,0.2843337435272028,0.0006293491874834784,0.28310024178603566,0.28556724526836996,1644.8753395458752,1.5620703209307871,1641.813737975532,1647.9369411162186,29.75971722199354,0.048369874450199954,29.664914010134424,29.854520433852656,239.87056306662123,0.7744866616900332,238.3525971032021,241.38852903004036,0.9149305555555555,0.03395359823921304,0.8483827258611554,0.9814783852499556,54.515625,0.12066581993853849,54.27912433875547,54.75212566124453,4.597954075996646,0.18911948480773275,4.2272866969987195,4.968621454994572,53.38277448875053,0.08044980679141087,53.22509576487616,53.5404532126249,53.38268229166666,0.08045519996936418,53.22499299735774,53.540371585975585,0.0,0.0,0.0,0.0,9.2197083860486e-05,9.219708386048602e-05,0.0,0.0002729000477066577,1.0,0.0,1.0,1.0
baseline,single_average,10.0,0.1905,46919.99617373208,64.35426856717253,46793.864125089,47046.128222375155,44898.83552669109,62.540132176615025,44776.25912003655,45021.411933345626,0.0,0.0,0.0,0.0,660.4166666666666,1.4766827397594355,657.5224216801462,663.3109116531871,95.87601614243124,0.21437747613035987,95.45584401011914,96.29618827474334,145.67856167440402,0.15029900626161483,145.3839810352191,145.97314231358894,318.772735890826,0.97803555193644,316.85582143343083,320.6896503482212,792.5,1.7720192877113226,789.0269060161755,795.9730939838245,7.916666666666667,0.31859125509401126,7.292239280892992,8.541094052440343,1.653927302829733,0.005368358637762932,1.6434055132436232,1.6644490924158428,5.503472222222221,0.012305689497995285,5.479353514001218,5.527590930443225,5.503472222222221,0.012305689497995285,5.479353514001218,5.527590930443225,0.27393147469266066,0.0006125070746581712,0.2727309828860547,0.27513196649926663,1820.9820209300499,1.8787375782701852,1817.2997629402382,1824.6642789198615,33.003634500669875,0.057449576456779713,32.89103539988751,33.116233601452244,318.772735890826,0.97803555193644,316.85582143343083,320.6896503482212,0.7916666666666666,0.03185912550940113,0.7292239280892991,0.8541094052440341,55.03472222222222,0.12305689497995304,54.79353514001219,55.275909304432254,5.021878616945162,0.20872876695725215,4.612777751171493,5.43097948271883,53.38268229166666,0.08045519996936418,53.22499299735774,53.540371585975585,53.38268229166666,0.08045519996936418,53.22499299735774,53.540371585975585,0.0,0.0,0.0,0.0,0.0,0.0,0.0,0.0,1.0,0.0,1.0,1.0
baseline,two_person_low,1.8,0.15475,68977.96259369771,107.90771263736653,68766.46736327438,69189.45782412104,63633.17287319456,99.74991229024351,63437.66663764466,63828.679108744465,0.4427083333333333,0.31222150730598025,0.0,1.054651242851864,4979.166666666667,7.781698297196957,4963.9148182656045,4994.4185150677295,309.5855305721904,0.4838362234825968,308.63722899974863,310.5338321446322,24.518426042058877,0.028396893842783225,24.462769152854214,24.57408293126354,0.0,0.0,0.0,0.0,0.0,0.0,0.0,0.0,31.076388888888886,0.7023213466642962,29.699864343853196,32.45291343392458,0.0,0.0,0.0,0.0,41.49305555555555,0.06484748580997467,41.36595681888003,41.62015429223107,41.49305555555555,0.06484748580997467,41.36595681888003,41.62015429223107,0.8845300873491154,0.0013823892099502765,0.8818206542849961,0.8872395204132347,306.4803255257359,0.35496117303479013,305.78461441067765,307.17603664079417,4.107967097640496,0.007895100952156531,4.0924929841199615,4.123441211161031,0.0,0.0,0.0,0.0,3.107638888888888,0.0702321346664296,2.969986434385319,3.245291343392457,74.68749999999999,0.11672547445795432,74.45872227398405,74.91627772601592,0.8898437500000002,0.038553746861320674,0.8142797946827375,0.9654077053172628,74.66588541666665,0.11704454115823759,74.4364823314095,74.89528850192382,74.66562499999999,0.11708534305287652,74.43614194449884,74.89510805550114,0.00026041666666666666,0.0001836597101799884,0.0,0.0006203830840305082,0.0005208333333333333,0.00025836341518262293,1.4450344652623334e-05,0.0010272163220140433,0.9999965253960864,2.4504991118212894e-06,0.9999917225060831,1.0000013282860898
baseline,two_person_low,2.0,0.15475,68305.24814172479,106.85591707726054,68095.81439271836,68514.68189073123,63465.965711805555,99.51338625549727,63270.923058765155,63661.008364845955,0.14756944444444445,0.14756944444444445,0.0,0.4368002407741399,4477.291666666667,6.965759536413747,4463.63902885033,4490.944304483004,291.0356483068108,0.4527925570993301,290.14819120242834,291.92310541119326,27.838795501319265,0.02988648424326098,27.78021906857795,27.89737193406058,0.0,0.0,0.0,0.0,0.0,0.0,0.0,0.0,42.96875,0.8173094231661233,41.366852966369194,44.570647033630806,0.0,0.0,0.0,0.0,37.310763888888886,0.058047996136781216,37.19699190708607,37.4245358706917,37.310763888888886,0.058047996136781216,37.19699190708607,37.4245358706917,0.8315304237337449,0.0012936930202838007,0.8289948320069378,0.8340660154605519,347.9849437664907,0.37358105304076245,347.25273835722425,348.71714917575713,4.663872456735761,0.009289924060719728,4.645664540157638,4.682080373313884,0.0,0.0,0.0,0.0,4.296875,0.08173094231661233,4.136685296636919,4.457064703363081,74.62152777777777,0.11609599227356243,74.39398381417215,74.8490717413834,0.8914062499999998,0.04117179518576002,0.8107110142570506,0.9721014857429491,74.66584201388888,0.1170745720652909,74.43638006913547,74.89530395864229,74.66562499999999,0.11708534305287652,74.43614194449884,74.89510805550114,8.680555555555556e-05,8.680555555555556e-05,0.0,0.00025694131810243524,0.00030381944444444445,0.00016709781703418513,0.0,0.0006313251477267109,0.9999988464377999,1.153562200073797e-06,0.9999965854974339,1.000001107378166
baseline,two_person_low,2.1,0.15475,67994.72092186754,106.54541041152845,67785.8957547429,68203.54608899218,63388.7002290953,99.37724641798071,63193.9244052333,63583.4760529573,0.22135416666666666,0.22135416666666669,0.0,0.6552003611612099,4265.625,6.743244065899308,4252.408484491874,4278.841515508126,283.15330520288654,0.4476183079968679,282.2759894403919,284.03062096538116,28.87867229157153,0.034609853085541174,28.810838226013647,28.94650635712941,0.0,0.0,0.0,0.0,0.0,0.0,0.0,0.0,28.14236111111111,0.6969928063973865,26.776280313088733,29.508441909133488,0.0,0.0,0.0,0.0,35.546875,0.05619370054916088,35.43673737076561,35.65701262923439,35.546875,0.05619370054916088,35.43673737076561,35.65701262923439,0.8090094434368188,0.0012789094514196215,0.8065028269725485,0.8115160599010891,360.9834036446441,0.4326231635692647,360.1354778251706,361.83132946411763,4.8371825203162295,0.009447380381074897,4.818665995021073,4.855699045611386,0.0,0.0,0.0,0.0,2.8142361111111107,0.06969928063973864,2.677628031308873,2.9508441909133483,74.6484375,0.11800677115323789,74.4171484786078,74.8797265213922,0.9269531250000002,0.04075794382968479,0.8470690230099114,1.006837226990089,74.66601562499999,0.11705718853671349,74.43658775133652,74.89544349866345,74.66562499999999,0.11708534305287652,74.43614194449884,74.89510805550114,0.00013020833333333333,0.00013020833333333333,0.0,0.0003854119771536529,0.0005208333333333333,0.00025836341518262293,1.4450344652623334e-05,0.0010272163220140433,0.9999982114239927,1.788576007326001e-06,0.9999947058794347,1.0000017169685507
baseline,two_person_low,2.25,0.15475,67591.41998352985,105.93242672169464,67383.7962423604,67799.0437246993,63278.90144060177,99.22517215722604,63084.423676813814,63473.37920438972,0.4427083333333333,0.31222150730598025,0.0,1.054651242851864,3982.5,6.305382891081347,3970.1416766247457,3994.8583233752543,272.4287135443903,0.4313289012987063,271.5833244323536,273.274102656427,31.03600993924567,0.034068678287021745,30.969236556802226,31.102783321689113,0.0,0.0,0.0,0.0,0.0,0.0,0.0,0.0,26.11111111111111,0.6565427732905952,24.824310921151497,27.397911301070724,0.0,0.0,0.0,0.0,33.1875,0.052544857425677875,33.08451397187288,33.29048602812712,33.1875,0.052544857425677875,33.08451397187288,33.29048602812712,0.7783677529839723,0.0012323682894248764,0.7759523555210103,0.7807831504469344,387.9501242405709,0.42585847858777165,387.11545696002787,388.78479152111396,5.19826278754148,0.009734237149811753,5.179184033310877,5.2173415417720825,0.0,0.0,0.0,0.0,2.6111111111111107,0.06565427732905953,2.4824310921151493,2.739791130107072,74.671875,0.11822592920777526,74.44015643671398,74.90359356328602,1.09375,0.046168874300642,1.0032606691639847,1.1842393308360153,74.66562499999999,0.11708024833215923,74.43615192996795,74.89509807003203,74.66562499999999,0.11708534305287652,74.43614194449884,74.89510805550114,0.00026041666666666666,0.00018365971017998836,0.0,0.0006203830840305082,0.00026041666666666666,0.0001836597101799884,0.0,0.0006203830840305082,0.99999657341152,2.416631814523083e-06,0.9999918369001997,1.0000013099228404
baseline,two_person_low,2.4,0.15475,67229.34045124515,105.30814459097014,67022.94028056812,67435.74062192219,63176.391576371,99.04527907237933,62982.26639655042,63370.51675619159,0.4427083333333333,0.31222150730598025,0.0,1.054651242851864,3733.3333333333335,5.92516841192847,3721.720216643619,3744.946450023048,262.78217717615195,0.41706124698801544,261.96475215270806,263.59960219959584,33.33510047578645,0.03507944061153342,33.26634603559003,33.40385491598286,0.0,0.0,0.0,0.0,0.0,0.0,0.0,0.0,23.055555555555554,0.6425490169798485,21.796182623973436,24.31492848713767,0.0,0.0,0.0,0.0,31.11111111111111,0.04937640343273724,31.014335138696826,31.207887083525396,31.11111111111111,0.04937640343273724,31.014335138696826,31.207887083525396,0.7508062205032914,0.0011916035628229025,0.7484707204363089,0.7531417205702738,416.68875594733055,0.438493007644168,415.82932544487534,417.54818644978576,5.58445212037973,0.010284015045303959,5.564295821274466,5.604608419484994,0.0,0.0,0.0,0.0,2.3055555555555554,0.06425490169798485,2.1796182623973435,2.4314928487137673,74.66666666666666,0.11850336823856941,74.43440433287238,74.89892900046094,1.13984375,0.05059741947747708,1.0406746301134795,1.2390128698865206,74.66549479166666,0.11705740996267759,74.43606648401627,74.89492309931705,74.66562499999999,0.11708534305287652,74.43614194449884,74.89510805550114,0.00026041666666666666,0.00018365971017998836,0.0,0.0006203830840305082,0.00013020833333333333,0.00013020833333333328,0.0,0.0003854119771536528,0.9999965951920847,2.4018863804215733e-06,0.9999918875812841,1.0000013028028854
baseline,two_person_low,3.0,0.15475,66103.03349185112,103.5800566731091,65900.02031125521,66306.04667244703,62822.671363989386,98.50303109891794,62629.608970667476,63015.733757311296,0.0,0.0,0.0,0.0,2986.25,4.79652515657548,2976.8489834421716,2995.6510165578284,232.73498747712128,0.3738197479277664,232.002314234473,233.46766071976955,42.03686260683866,0.04558283594443821,41.94752189007436,42.12620332360296,0.0,0.0,0.0,0.0,0.0,0.0,0.0,0.0,19.340277777777775,0.6005820488048644,18.163158592358965,20.517396963196585,0.0,0.0,0.0,0.0,24.885416666666668,0.03997104297146233,24.807074862018098,24.963758471315238,24.885416666666668,0.03997104297146233,24.807074862018098,24.963758471315238,0.6649571070774895,0.0010680564226507594,0.6628637549556373,0.6670504591993416,525.4607825854832,0.5697854493054776,524.3440236259295,526.577541545037,7.042745153030577,0.014127463821100703,7.015055832748327,7.070434473312827,0.0,0.0,0.0,0.0,1.9340277777777777,0.06005820488048644,1.8163158592358966,2.051739696319659,74.65625,0.119913128914387,74.4212245860543,74.8912754139457,1.4484375,0.0621981215770699,1.3265314218028994,1.5703435781971007,74.66588541666665,0.11707264071298344,74.43642725729421,74.8953435760391,74.66562499999999,0.11708534305287652,74.43614194449884,74.89510805550114,0.0,0.0,0.0,0.0,0.00026041666666666666,0.00018365971017998836,0.0,0.0006203830840305082,1.0,0.0,1.0,1.0
baseline,two_person_low,4.5,0.15475,64441.33017699702,100.8962402960429,64243.577179841275,64639.083174152765,62179.3664352242,97.49756728937551,61988.27471475675,62370.458155691646,0.00595667298152765,0.005956672981527649,0.0,0.017631537493004664,1990.625,3.358022387399427,1984.0433970614179,1997.2066029385821,188.87539032085928,0.31861741368979624,188.25091166517998,189.49986897653858,64.24747078407133,0.08557358815955847,64.07974963325073,64.41519193489192,0.03284066156457733,0.0050407487304447865,0.02296097559778955,0.04272034753136511,0.0,0.0,0.0,0.0,18.177083333333332,0.7453515464072801,16.716221146553828,19.637945520112837,0.00016470854781159224,2.5298428762313035e-05,0.00011512453857200647,0.000214292557051178,16.588541666666668,0.027983519894995215,16.533694975511818,16.643388357821518,16.588541666666668,0.027983519894995215,16.533694975511818,16.643388357821518,0.5396439723453121,0.0009103354676851315,0.5378597476147998,0.5414281970758245,803.0933848008916,1.0696698519944818,800.9968704156341,805.1898991861491,10.759001942998102,0.022837338265709425,10.714241582494553,10.803762303501651,0.03284066156457733,0.0050407487304447865,0.02296097559778955,0.04272034753136511,1.817708333333333,0.07453515464072802,1.6716221146553827,1.9637945520112834,74.6484375,0.1259258395274785,74.40162738980317,74.89524761019683,2.205632284287647,0.08928934251240798,2.030628388760066,2.3806361798152276,74.66575230325765,0.11707859725883853,74.43628246926986,74.89522213724544,74.66562499999999,0.11708534305287652,74.43614194449884,74.89510805550114,3.5039252832515586e-06,3.5039252832515586e-06,0.0,1.0371492642943922e-05,0.00013080718294184772,0.00013020657508727569,0.0,0.00038600738066321835,0.9999999542269721,4.577302786743418e-08,0.999999864513486,1.0000000439404582
baseline,two_person_low,5.0,0.15475,64080.18514909763,100.2445148777176,63883.70951028962,64276.66078790565,62013.032891613526,97.21549983582923,61822.49401319624,62203.57177003081,0.0,0.0,0.0,0.0,1793.75,2.9340667713089164,1787.999334799999,1799.500665200001,179.53428313704907,0.29366721921292327,178.9587059639517,180.10986031014644,71.76951213340142,0.07855298018567776,71.6155511213592,71.92347314544364,0.2234622136484369,0.01712951622473196,0.18988897877536776,0.25703544852150606,0.0,0.0,0.0,0.0,21.875,0.5266005593594675,20.842881869416797,22.907118130583203,0.0011257748466910306,8.647085428266914e-05,0.000956295086584588,0.0012952546067974732,14.947916666666666,0.0244505564275743,14.899994456666656,14.995838876666676,14.947916666666666,0.0244505564275743,14.899994456666656,14.995838876666676,0.5129550946772828,0.0008390491977512102,0.5113105884684332,0.5145996008861324,897.1189016675179,0.981912252320972,895.1943890169902,899.0434143180456,12.027865387271655,0.023473319830175247,11.981858525806922,12.073872248736388,0.2234622136484369,0.01712951622473196,0.18988897877536776,0.25703544852150606,2.1875,0.052660055935946755,2.08428818694168,2.29071181305832,74.73958333333333,0.12225278213787152,74.49997228333328,74.97919438333338,2.5532765450597936,0.10627303988950362,2.344985214348778,2.761567875770809,74.66579878315562,0.11707689921768667,74.43633227726733,74.89526528904392,74.66562499999999,0.11708534305287652,74.43614194449884,74.89510805550114,0.0,0.0,0.0,0.0,0.00017378315562412974,0.00013711440908374258,0.0,0.00044252245918975685,1.0,0.0,1.0,1.0
baseline,two_person_low,9.0,0.15475,63176.37177673681,95.06387463071317,62990.05000622978,63362.693547243834,61497.79346959388,93.46130189689654,61314.61268392774,61680.97425526002,0.0,0.0,0.0,0.0,1000.0,1.7968364676420938,996.4782652373133,1003.5217347626867,136.91048699504174,0.24600575583532935,136.42832457361493,137.39264941646854,130.62734739617008,0.13488139276382385,130.36298472416837,130.8917100681718,100.51963941839028,0.6509528484097455,99.24379527987342,101.79548355690714,300.0,0.5390509402926281,298.943479571194,301.056520428806,10.520833333333334,0.38503889517169027,9.766170966149728,11.27549570051694,0.511526621025942,0.0033193947247118255,0.5050207269150346,0.5180325151368494,8.33333333333333,0.014973637230350771,8.303985543644275,8.362681123022385,8.33333333333333,0.014973637230350771,8.303985543644275,8.362681123022385,0.39117281998583353,0.0007028735881009416,0.3897952130674712,0.39255042690419584,1632.8418424521262,1.6860174095477987,1629.537309052105,1636.1463758521475,21.66782490805637,0.038310975904922356,21.59273677507014,21.742913041042602,100.51963941839028,0.6509528484097455,99.24379527987342,101.79548355690714,1.0520833333333333,0.03850388951716903,0.9766170966149726,1.127549570051694,75.0,0.13476273507315703,74.7358698927985,75.2641301072015,4.577830188654539,0.18718827424308798,4.210947912809879,4.944712464499198,74.66562499999999,0.11708534305287652,74.43614194449884,74.89510805550114,74.66562499999999,0.11708534305287652,74.43614194449884,74.89510805550114,0.0,0.0,0.0,0.0,0.0,0.0,0.0,0.0,1.0,0.0,1.0,1.0
baseline,two_person_low,10.0,0.15475,63413.93374302448,94.16719375120992,63229.3694347469,63598.49805130206,61576.08830914237,92.49449433898364,61394.80243146972,61757.37418681502,0.18085675834404344,0.1808567583440435,0.0,0.5353294910590326,907.2916666666666,1.7428461565559243,903.875750969223,910.7075823641103,131.71610419567446,0.25301776086773003,131.22019849692475,132.21200989442417,145.37688614489772,0.1545380676891724,145.07399709798653,145.67977519180891,159.40839233874945,0.8317639198147011,157.77816501227278,161.03861966522612,483.8888888888889,0.9295179501631593,482.0670671835856,485.7107105941922,9.982638888888888,0.4026115450781372,9.193534760775714,10.771743017002061,0.8139251819670678,0.004377234136026137,0.8053459607085572,0.8225044032255783,7.560763888888889,0.014523717971299364,7.532297924743525,7.5892298530342535,7.560763888888889,0.014523717971299364,7.532297924743525,7.5892298530342535,0.37633172627335565,0.0007229078881935149,0.37491485284835646,0.37774859969835484,1817.2110768112213,1.9317258461146547,1813.4249637248315,1820.9971898976112,24.02212600657889,0.043463997601033685,23.936938136656728,24.107313876501053,159.40839233874945,0.8317639198147011,157.77816501227278,161.03861966522612,0.998263888888889,0.04026115450781372,0.9193534760775716,1.0771743017002062,75.60763888888887,0.1452371797129936,75.32297924743523,75.89229853034252,5.0436901123586635,0.20995159293245766,4.632192551714232,5.455187673003095,74.66551861367155,0.11708891462005501,74.43602855802736,74.89500866931574,74.66562499999999,0.11708534305287652,74.43614194449884,74.89510805550114,0.0001063863284376726,0.0001063863284376726,0.0,0.00031489970062296025,0.0,0.0,0.0,0.0,0.9999985608883538,1.4391116460963737e-06,0.9999957402813577,1.00000138149535
baseline,two_person_average,1.8,0.15475,98495.082612917,140.0840903735446,98220.5228409778,98769.6423848562,90868.19838313667,129.00930657493242,90615.34478857931,91121.05197769402,0.6640625,0.38138406832374566,0.0,1.4115615381919047,7110.0,10.262692732862309,7089.885491859189,7130.114508140811,442.0725936137119,0.63809496397708,440.8219504656004,443.32323676182335,24.39062922217545,0.026261785642192437,24.33915706814704,24.44210137620386,0.0,0.0,0.0,0.0,0.0,0.0,0.0,0.0,49.756944444444436,0.9156181477976686,47.962365851169736,51.551523037719136,0.0,0.0,0.0,0.0,59.25,0.08552243944051922,59.08237909882657,59.41762090117343,59.25,0.08552243944051922,59.08237909882657,59.41762090117343,1.263064553182034,0.0018231284685059422,1.2594912870445727,1.2666378193194952,304.8828652771931,0.3282723205274057,304.239463351838,305.5262672025482,2.859974887205522,0.0049760510735838235,2.850222006316066,2.8697277680949784,0.0,0.0,0.0,0.0,4.975694444444444,0.09156181477976685,4.796236585116974,5.155152303771914,106.64999999999999,0.15394039099293463,106.34828237788783,106.95171762211216,0.85703125,0.03671248345212001,0.7850761046508221,0.9289863953491779,106.62291666666665,0.15137692601943548,106.32622334357818,106.91960998975513,106.62265624999999,0.15137499210196678,106.3259667173201,106.91934578267988,0.00039062499999999997,0.00022434356960220333,0.0,0.0008303303165834734,0.0006510416666666666,0.00028808981306583287,8.63960087447575e-05,0.0012156873245885757,0.9999964012532555,2.0670412392319816e-06,0.999992349926872,1.0000004525796389
baseline,two_person_average,2.0,0.15475,97534.99180836191,138.58533728640018,97263.36953849523,97806.6140782286,90629.40538194444,128.6652670396247,90377.22609248555,90881.58467140333,0.22135416666666666,0.16464176814106,0.0,0.5440461025741383,6399.166666666667,9.218874018106655,6381.098005613166,6417.235327720168,415.9625412215346,0.5992508811729893,414.78803107673167,417.1370513663375,27.649058807035885,0.02679042169907488,27.59655054537506,27.70156706869671,0.0,0.0,0.0,0.0,0.0,0.0,0.0,0.0,62.58680555555554,0.978698892459696,60.668590974625296,64.50502013648578,0.0,0.0,0.0,0.0,53.326388888888886,0.07682395015088879,53.17581671344304,53.47696106433473,53.326388888888886,0.07682395015088879,53.17581671344304,53.47696106433473,1.1884644034900986,0.0017121453747799683,1.1851086602192331,1.1918201467609641,345.61323508794857,0.33488027123843606,344.9568818171882,346.2695883587089,3.2421997530152034,0.005703420679207306,3.231021253895276,3.2533782521351307,0.0,0.0,0.0,0.0,6.2586805555555545,0.09786988924596962,6.0668590974625305,6.4505020136485784,106.65277777777777,0.15364790030177758,106.35163342688608,106.95392212866946,0.9864583333333332,0.039028544724359605,0.9099637913045777,1.0629528753620887,106.6228298611111,0.15137090239955833,106.32614834410064,106.91951137812156,106.62265624999999,0.15137499210196678,106.3259667173201,106.91934578267988,0.00013020833333333333,9.684809890650587e-05,0.0,0.00032002711916125786,0.00030381944444444445,0.00017807023434984875,0.0,0.0006528306904887552,0.999998776045011,9.105712937025954e-07,0.99999699135807,1.000000560731952
baseline,two_person_average,2.1,0.15475,97089.62548178349,137.88756236935419,96819.37082562353,97359.88013794344,90519.15457165737,128.50858106137204,90267.28238107274,90771.026762242,0.4427083333333333,0.31222150730598025,0.0,1.054651242851864,6094.583333333333,8.709183450910725,6077.5136474347955,6111.6530192318705,404.56003860343066,0.5781178795003435,403.4269483807913,405.69312882607,28.732052078218327,0.027293039208501926,28.678558704341025,28.78554545209563,0.0,0.0,0.0,0.0,0.0,0.0,0.0,0.0,42.15277777777778,0.7919319743639022,40.60061962981883,43.70493592573673,0.0,0.0,0.0,0.0,50.788194444444436,0.07257652875758935,50.645947061956626,50.930441826932245,50.788194444444436,0.07257652875758935,50.645947061956626,50.930441826932245,1.1558858245812302,0.0016517653700009786,1.1526484239451178,1.1591232252173427,359.1506509777291,0.34116299010627427,358.48198380426277,359.8193181511954,3.3699112945669825,0.005984429227867011,3.358182028812334,3.381640560321631,0.0,0.0,0.0,0.0,4.215277777777778,0.07919319743639021,4.060061962981883,4.3704935925736725,106.6552083333333,0.15241071039093762,106.3564888301089,106.95392783655771,1.069140625,0.04363033160084908,0.983626746428796,1.154654503571204,106.62317708333335,0.15137120159896877,106.32649497990282,106.91985918676387,106.62265624999999,0.15137499210196678,106.3259667173201,106.91934578267988,0.00026041666666666666,0.0001836597101799884,0.0,0.0006203830840305082,0.0007812499999999999,0.0003147416329059332,0.00016436773506904416,0.0013981322649309557,0.9999975940548738,1.6968892339624965e-06,0.9999942682130895,1.0000009198966582
baseline,two_person_average,2.25,0.15475,96509.84054359904,137.2318687870737,96240.87102324526,96778.81006395283,90362.50343607522,128.31253683493094,90111.01548511378,90613.99138703666,0.4427083333333333,0.31222150730598025,0.0,1.054651242851864,5686.875,8.36380499982177,5670.482243426633,5703.267756573367,389.0189680697438,0.5721382640144602,387.8975976780982,390.1403384613894,30.94834778742158,0.031060649165053796,30.887470033721637,31.00922554112152,0.0,0.0,0.0,0.0,0.0,0.0,0.0,0.0,40.052083333333336,0.8269375573972372,38.43131550337122,41.67285116329545,0.0,0.0,0.0,0.0,47.390625,0.06969837499851475,47.254018695221944,47.527231304778056,47.390625,0.06969837499851475,47.254018695221944,47.527231304778056,1.1114827659135538,0.0016346807543270265,1.108278850508852,1.1146866813182554,386.8543473427697,0.3882581145631726,386.0933754215205,387.6153192640189,3.6289188427647416,0.0065200221798222225,3.6161398341138877,3.6416978514155955,0.0,0.0,0.0,0.0,4.005208333333333,0.08269375573972372,3.843131550337122,4.167285116329544,106.62890625,0.1568213437466582,106.32154206424937,106.93627043575063,1.091015625,0.04357947224564208,1.0056014289332786,1.1764298210667214,106.62278645833334,0.1514017396004991,106.32604450151965,106.91952841514703,106.62265624999999,0.15137499210196678,106.3259667173201,106.91934578267988,0.00026041666666666666,0.0001836597101799884,0.0,0.0006203830840305082,0.00039062499999999997,0.00022434356960220327,0.0,0.0008303303165834732,0.9999975376890435,1.7365646742174893e-06,0.9999941340848253,1.0000009412932618
baseline,two_person_average,2.4,0.15475,95992.93721864496,136.51289262761597,95725.37686566944,96260.49757162048,90216.16612811359,128.09179213450798,89965.11082881477,90467.22142741241,0.4427083333333333,0.31222150730598025,0.0,1.054651242851864,5331.25,7.867834145184154,5315.829328439105,5346.670671560895,375.25646841170357,0.5538017641961678,374.17103689930434,376.3418999241028,33.137886008535666,0.03478437017524471,33.069709895767275,33.20606212130406,0.0,0.0,0.0,0.0,0.0,0.0,0.0,0.0,36.68402777777778,0.7917556040767892,35.132215309229515,38.23584024632604,0.0,0.0,0.0,0.0,44.427083333333336,0.06556528454320128,44.29857773699254,44.55558892967413,44.427083333333336,0.06556528454320128,44.29857773699254,44.55558892967413,1.0721613383191533,0.0015822907548461937,1.069060105426584,1.0752625712117225,414.2235751066958,0.43480462719055907,413.371373697091,415.07577651630066,3.8864385365669776,0.0072544561631682596,3.8722200637597433,3.900657009374212,0.0,0.0,0.0,0.0,3.6684027777777772,0.07917556040767892,3.513221530922951,3.8235840246326034,106.625,0.15735668290368318,106.31658656878209,106.93341343121791,1.1597656250000001,0.04913520909962287,1.0634623847918945,1.2560688652081058,106.62265624999999,0.15138625046213391,106.32594465133965,106.91936784866033,106.62265624999999,0.15137499210196678,106.3259667173201,106.91934578267988,0.00026041666666666666,0.00018365971017998836,0.0,0.0006203830840305082,0.00026041666666666666,0.00018365971017998836,0.0,0.0006203830840305082,0.9999975667677563,1.7160450853972901e-06,0.999994203381193,1.0000009301543196
baseline,two_person_average,3.0,0.15475,94380.18051914603,133.9582637967924,94117.6271466728,94642.73389161925,89710.80187746418,127.35445118733176,89461.19173986615,89960.41201506222,0.22135416666666666,0.22135416666666666,0.0,0.6552003611612098,4265.625,6.126228640527625,4253.6178125035085,4277.6321874964915,332.44376088977657,0.4774508985969621,331.50797432414026,333.3795474554129,41.86977662539551,0.036653684731074,41.79793672342192,41.9416165273691,0.0,0.0,0.0,0.0,0.0,0.0,0.0,0.0,29.218749999999996,0.722412335627489,27.802847840182658,30.634652159817335,0.0,0.0,0.0,0.0,35.546875,0.051051905337730207,35.4468151041959,35.6469348958041,35.546875,0.051051905337730207,35.4468151041959,35.6469348958041,0.9498393168279332,0.0013641454245627497,0.9471656409261151,0.9525129927297513,523.3722078174438,0.4581710591384249,522.474209042774,524.2702065921137,4.909920934738452,0.008517552512551995,4.893226838577421,4.926615030899482,0.0,0.0,0.0,0.0,2.921875,0.07224123356274888,2.780284784018266,3.063465215981734,106.640625,0.1531557160131906,106.3404453125877,106.9408046874123,1.434375,0.059942350003589946,1.3168901528442694,1.5518598471557306,106.62291666666665,0.15136307726491327,106.32625048663827,106.91958284669504,106.62265624999999,0.15137499210196678,106.3259667173201,106.91934578267988,0.00013020833333333333,0.0001302083333333333,0.0,0.0003854119771536528,0.00039062499999999997,0.00022434356960220327,0.0,0.0008303303165834732,0.999998814941221,1.1850587789153746e-06,0.9999964922686948,1.0000011376137472
baseline,two_person_average,4.5,0.15475,91989.1452687935,130.62327395223483,91733.1283563044,92245.16218128259,88791.9077216646,126.06574067911589,88544.82341024917,89038.99203308002,0.22135416666666666,0.22135416666666666,0.0,0.6552003611612098,2843.3333333333335,4.304441203913965,2834.896783600092,2851.769883066575,269.7824518157077,0.408415956045181,268.9819712511476,270.5829323802678,63.77888003541051,0.05864629494751168,63.663935409486676,63.89382466133434,0.0,0.0,0.0,0.0,0.0,0.0,0.0,0.0,20.121527777777775,0.5884181667096418,18.96824936317779,21.27480619237776,0.0,0.0,0.0,0.0,23.694444444444443,0.03587034336594971,23.624139863334097,23.76474902555479,23.694444444444443,0.03587034336594971,23.624139863334097,23.76474902555479,0.7708070051877364,0.0011669027315576608,0.768519917860422,0.7730940925150508,797.2360004426313,0.7330786868438963,795.7991926185833,798.6728082666792,7.478390609593062,0.012867213747220677,7.4531713340671315,7.503609885118993,0.0,0.0,0.0,0.0,2.012152777777778,0.05884181667096418,1.8968249363177798,2.1274806192377764,106.625,0.16141654514677367,106.30862938500344,106.94137061499656,2.2624999999999997,0.09128522593400308,2.083584244848752,2.4414157551512474,106.62265624999999,0.1513816346357359,106.32595369819315,106.91935880180684,106.62265624999999,0.15137499210196678,106.3259667173201,106.91934578267988,0.00013020833333333333,0.0001302083333333333,0.0,0.0003854119771536528,0.00013020833333333333,0.0001302083333333333,0.0,0.0003854119771536528,0.9999987643337288,1.2356662712533402e-06,0.9999963424723403,1.0000011861951175
baseline,two_person_average,5.0,0.15475,91464.76930854264,129.68343139896643,91210.5944536091,91718.94416347619,88553.26122635056,125.71093667561826,88306.87231800354,88799.65013469757,0.2951388888888889,0.2329610070557905,0.0,0.7517340725204197,2557.9166666666665,3.8029517255210328,2550.463018249701,2565.3703150836322,256.0188070100683,0.38063287071566443,255.27278029213352,256.7648337280031,71.44412580247793,0.06242420315924024,71.3217766125222,71.56647499243365,1.0490677252028118e-05,1.0490677252028121e-05,0.0,3.1052026839436855e-05,0.0,0.0,0.0,0.0,25.833333333333332,0.6395556376208136,24.579827317486988,27.086839349179677,5.248513307893393e-08,5.2485133078933924e-08,0.0,1.5535410363743626e-07,21.31597222222222,0.03169126437934193,21.253858485414174,21.37808595903027,21.31597222222222,0.03169126437934193,21.253858485414174,21.37808595903027,0.7314823057430523,0.001087522487759041,0.7293508008346672,0.7336138106514374,893.0515725309742,0.7803025394905033,891.5222076565277,894.5809374054207,8.379091810430246,0.013583029588248636,8.352469561636337,8.405714059224156,1.0490677252028118e-05,1.0490677252028121e-05,0.0,3.1052026839436855e-05,2.5833333333333335,0.06395556376208136,2.457982731748699,2.708683934917968,106.57986111111113,0.15845632189670966,106.2692924270709,106.89042979515136,2.231380050877934,0.10596350624920745,2.0236953949539025,2.4390647068019655,106.62274305555555,0.1513625262701142,106.32607795545712,106.91940815565397,106.62265624999999,0.15137499210196678,106.3259667173201,106.91934578267988,0.00017361111111111112,0.00013703588650340614,0.0,0.0004421965132473056,0.00026041666666666666,0.00018365971017998836,0.0,0.0006203830840305082,0.999998406828595,1.2513416633800396e-06,0.9999959542440024,1.0000008594131875
baseline,two_person_average,9.0,0.15475,89450.90194433043,126.1867997684674,89203.58036145987,89698.22352720099,87252.92586375195,123.26275776454892,87011.33529789835,87494.51642960556,0.15214117076376427,0.1521411707637643,0.0,0.4503323860265005,1422.5,2.4111615096214383,1417.7742102802329,1427.2257897197671,194.75516775044684,0.33011329650597104,194.10815757847735,195.40217792241634,130.16105601052283,0.10933533236118251,129.9467626968572,130.37534932418845,7.650771202304057,0.18584304025136977,7.2865255366339445,8.01501686797417,426.75,0.7233484528864312,425.33226308406984,428.16773691593016,16.006944444444443,0.4955441746913377,15.035695709300796,16.97819317958809,0.03857314302864446,0.0009406640015513796,0.03672947546405043,0.04041681059323849,11.854166666666666,0.020093012580178655,11.814785085668605,11.893548247664727,11.854166666666666,0.020093012580178655,11.814785085668605,11.893548247664727,0.5564433364298482,0.0009431808471599189,0.5545947359385068,0.5582919369211896,1627.0132001315353,1.3666916545147814,1624.3345337107148,1629.6918665523558,15.261212908393304,0.024783923305868136,15.2126373113182,15.309788505468408,7.650771202304057,0.18584304025136977,7.2865255366339445,8.01501686797417,1.6006944444444444,0.04955441746913378,1.5035695709300798,1.697819317958809,106.6875,0.1808371132216078,106.33306577101746,107.04193422898254,4.451874223696223,0.1963913563533795,4.066954238368628,4.836794209023819,106.62259414390121,0.15137978577886765,106.32589521578724,106.91929307201518,106.62265624999999,0.15137499210196678,106.3259667173201,106.91934578267988,8.949480633162604e-05,8.949480633162602e-05,0.0,0.0002649014035450002,2.7388707552439144e-05,2.7388707552439147e-05,0.0,8.106958793832005e-05,0.9999991446135595,8.55386440446031e-07,0.9999974680869435,1.0000008211401756
baseline,two_person_average,10.0,0.15475,89421.23179910968,125.02080096928526,89176.19553189153,89666.26806632783,87085.01178108288,122.16789884461666,86845.5670992805,87324.45646288527,0.2754765340910971,0.2754765340910971,0.0,0.8154006194955679,1281.875,2.1964802579491147,1277.5699778016665,1286.1800221983335,186.09625467646038,0.3188741097806851,185.47127290568795,186.7212364472328,144.88865754418742,0.12704174139434662,144.63966030652125,145.1376547818536,24.921434827631515,0.37405355778976407,24.188303326074507,25.654566329188523,683.6666666666666,1.1714561375728623,681.3706548275554,685.9626785057778,14.496527777777777,0.47274585302372335,13.569962932010613,15.42309262354494,0.12555143824625314,0.001899051422862523,0.12182936585265305,0.12927351063985323,10.682291666666666,0.018304002149575973,10.646416481680554,10.718166851652779,10.682291666666666,0.018304002149575973,10.646416481680554,10.718166851652779,0.5317035847898869,0.0009110688850876719,0.52991792258768,0.5334892469920938,1811.1082193023428,1.588021767429332,1807.9957538315157,1814.22068477317,16.957014654949294,0.0283733707092267,16.901403870239207,17.01262543965938,24.921434827631515,0.37405355778976407,24.188303326074507,25.654566329188523,1.4496527777777777,0.04727458530237234,1.3569962932010613,1.542309262354494,106.82291666666667,0.18304002149575965,106.46416481680555,107.1816685165278,5.040134890916172,0.2047719802227593,4.638789184636615,5.441480597195729,106.62251315417188,0.15137253906964174,106.325828429347,106.91919787899677,106.62265624999999,0.15137499210196678,106.3259667173201,106.91934578267988,0.00016204502005358654,0.00016204502005358657,0.0,0.00047964742323268705,1.894919194537022e-05,1.894919194537022e-05,0.0,5.608892569443234e-05,0.9999984862679118,1.5137320883099744e-06,0.9999955194075364,1.000001453128287
baseline,family_three,1.8,0.15475,147524.84197400627,192.27199271150627,147147.99579305598,147901.68815495656,136139.6175950873,177.29792161080633,135792.1200541963,136487.1151359783,3.0989583333333335,1.1527520350682157,0.8396058614943773,5.358310805172289,10650.208333333334,13.91901092951517,10622.927573211065,10677.489093455602,662.1892011874872,0.8654308385581403,660.492987912803,663.8854144621715,23.33899717593094,0.027779249068323273,23.28455084823946,23.393443503622418,0.0,0.0,0.0,0.0,0.0,0.0,0.0,0.0,46.388888888888886,0.9639283059805429,44.49962412548832,48.278153652289454,0.0,0.0,0.0,0.0,88.75173611111113,0.11599175774595977,88.52439644342556,88.9790757787967,88.75173611111113,0.11599175774595977,88.52439644342556,88.9790757787967,1.891969146249964,0.002472659538737542,1.887122822608009,1.8968154698919188,291.73746469913675,0.34724061335404094,291.05688560299325,292.41804379528025,1.8271625613353175,0.003176582660396248,1.8209365737270264,1.8333885489436086,0.0,0.0,0.0,0.0,4.638888888888888,0.09639283059805427,4.449962412548832,4.827815365228945,159.75312499999998,0.20878516394272756,159.34391359816595,160.162336401834,0.77734375,0.03913813848355321,0.7006344081502947,0.8540530918497053,159.74348958333331,0.20803781584152556,159.33574295686154,160.1512362098051,159.74453125,0.20809301744816222,159.33667643036733,160.15238606963266,0.0018229166666666665,0.0006780894323930677,0.0004938858008790459,0.003151947532454287,0.0007812499999999999,0.00044868713920440654,0.0,0.0016606606331669464,0.9999886523102459,4.222406671940164e-06,0.9999803765452409,0.999996928075251
baseline,family_three,2.0,0.15475,146077.66562881958,190.18633800784178,145704.90725597265,146450.4240016665,135782.8515625,176.85864306338948,135436.21499174114,136129.48813325886,0.7378472222222222,0.4406432103139354,0.0,1.6014920444696439,9581.458333333334,12.507841853767571,9556.943413775627,9605.97325289104,622.8198083513346,0.8130423778132938,621.2262745729157,624.4133421297535,27.315438523786543,0.0307869332464128,27.255097243429134,27.375779804143953,0.0,0.0,0.0,0.0,0.0,0.0,0.0,0.0,62.482638888888886,1.020990966754426,60.48153336550948,64.4837444122683,0.0,0.0,0.0,0.0,79.8454861111111,0.10423201544806307,79.64119511479687,80.04977710742533,79.8454861111111,0.10423201544806307,79.64119511479687,80.04977710742533,1.779485166718099,0.0023229782223236945,1.7749322130654737,1.7840381203707245,341.4429815473318,0.38483666558015994,340.6887155428642,342.19724755179936,2.138322883153341,0.0037991051223617354,2.1308767739400305,2.145768992366652,0.0,0.0,0.0,0.0,6.248263888888888,0.10209909667544259,6.048153336550948,6.448374441226829,159.6909722222222,0.20846403089612614,159.28239022959374,160.09955421485066,0.8231770833333334,0.03937792136423249,0.7459977756733873,0.9003563909932795,159.74453125,0.2080689918392817,159.33672351969545,160.15233898030453,159.74453125,0.20809301744816222,159.33667643036733,160.15238606963266,0.0004340277777777778,0.00025920188841996203,0.0,0.000942054143805673,0.00043402777777777775,0.0002592018884199621,0.0,0.0009420541438056731,0.9999972898710604,1.6192835729716584e-06,0.9999941161335766,1.0000004636085442
baseline,family_three,2.1,0.15475,145421.4482140275,189.5580625495191,145049.92123845126,145792.97518960375,135616.78770368377,176.6910622419103,135270.4795852995,135963.09582206805,1.328125,0.7627681366474913,0.0,2.8231230763838093,9129.166666666666,12.078706161039092,9105.492837611187,9152.840495722145,605.9964754085707,0.8017876798998241,604.4250004327191,607.5679503844224,27.683132157374775,0.03100555830254578,27.62236237978123,27.74390193496832,0.0,0.0,0.0,0.0,0.0,0.0,0.0,0.0,40.486111111111114,0.8260143741482517,38.86715268706815,42.10506953515408,0.0,0.0,0.0,0.0,76.07638888888889,0.10065588467532573,75.87910698009323,76.27367079768455,76.07638888888889,0.10065588467532573,75.87910698009323,76.27367079768455,1.7314185011673455,0.0022908219425709316,1.7269285726649124,1.7359084296697787,346.03915196718475,0.3875694787818222,345.2795297472654,346.7987741871041,2.1673041336221264,0.0038133145015047313,2.159830174537453,2.1747780927068,0.0,0.0,0.0,0.0,4.048611111111111,0.08260143741482519,3.886715268706814,4.210506953515408,159.76041666666666,0.2113773578181841,159.34612465819578,160.17470867513754,0.9445312499999999,0.04436560712615627,0.8575762578804801,1.0314862421195197,159.74401041666667,0.2081257001085635,159.3360915401967,160.15192929313665,159.74453125,0.20809301744816222,159.33667643036733,160.15238606963266,0.0007812499999999999,0.00044868713920440665,0.0,0.0016606606331669468,0.00026041666666666666,0.0002604166666666666,0.0,0.0007708239543073056,0.9999950678203442,2.8332653206040866e-06,0.9999895147223572,1.0000006209183312
baseline,family_three,2.25,0.15475,144553.55437637478,188.45861684193235,144184.18227478836,144922.9264779612,135383.0286513222,176.33240834695363,135037.42348165496,135728.63382098946,0.8854166666666666,0.6244430146119605,0.0,2.109302485703728,8520.208333333334,11.234830361379828,8498.188470452613,8542.228196214055,582.837261865711,0.7685349359046241,581.3309610704771,584.3435626609448,29.910685409104474,0.03508844762776388,29.841913315480635,29.979457502728312,0.0,0.0,0.0,0.0,0.0,0.0,0.0,0.0,36.68402777777777,0.8121572813661199,35.09222875651821,38.27582679903733,0.0,0.0,0.0,0.0,71.0017361111111,0.09362358634483188,70.81823725377176,71.18523496845044,71.0017361111111,0.09362358634483188,70.81823725377176,71.18523496845044,1.665249319616317,0.0021958141025846417,1.660945603058506,1.669553036174128,373.883567613806,0.43860559534704846,373.023916443508,374.743218784104,2.341621034484826,0.004011068879813882,2.3337594839408813,2.349482585028771,0.0,0.0,0.0,0.0,3.6684027777777772,0.08121572813661197,3.5092228756518216,3.827582679903733,159.75390625,0.21065306927587177,159.34103382098647,160.16677867901353,1.01484375,0.04652818774008543,0.9236501777635145,1.1060373222364857,159.74453125,0.20806254813603325,159.33673614912175,160.15232635087824,159.74453125,0.20809301744816222,159.33667643036733,160.15238606963266,0.0005208333333333333,0.0003673194203599768,0.0,0.0012407661680610164,0.0005208333333333333,0.0003673194203599768,0.0,0.0012407661680610164,0.9999967972454448,2.259486433132649e-06,0.9999923687334122,1.0000012257574773
baseline,family_three,2.4,0.15475,143779.54598888799,187.1149201339398,143412.80748445538,144146.2844933206,135163.7276952043,176.0954019406417,134818.58704955754,135508.86834085104,1.328125,0.7627681366474913,0.0,2.8231230763838093,7986.25,10.366984487532859,7965.93108377615,8006.56891622385,562.1368292338509,0.7297121663531996,560.706619668718,563.5670387989838,32.12764500537666,0.03223888614204892,32.064457949636555,32.19083206111676,0.0,0.0,0.0,0.0,0.0,0.0,0.0,0.0,33.97569444444444,0.7293862986074726,32.54612356835682,35.40526532053207,0.0,0.0,0.0,0.0,66.55208333333333,0.08639153739610714,66.38275903146791,66.72140763519874,66.55208333333333,0.08639153739610714,66.38275903146791,66.72140763519874,1.6061052263824314,0.0020848919038662828,1.6020189133391942,1.6101915394256685,401.5955625672082,0.4029860767756118,400.8057243704569,402.3854007639595,2.514779583566856,0.0040296640417151,2.5068815871752985,2.5226775799584136,0.0,0.0,0.0,0.0,3.397569444444444,0.07293862986074727,3.2546123568356817,3.5405265320532067,159.725,0.2073396897506571,159.318621675523,160.131378324477,1.07421875,0.04763290937735152,0.9808599631415308,1.167577536858469,159.74427083333333,0.2081196787021481,159.33636375860308,160.15217790806358,159.74453125,0.20809301744816222,159.33667643036733,160.15238606963266,0.0007812499999999999,0.00044868713920440654,0.0,0.0016606606331669464,0.0005208333333333333,0.0003673194203599768,0.0,0.0012407661680610164,0.9999950919658822,2.8194387333883128e-06,0.9999895659675081,1.0000006179642562
baseline,family_three,3.0,0.15475,141364.4949601467,183.89647660977786,141004.06448910772,141724.92543118566,134406.03312703563,175.0317349317163,134062.9772304179,134749.08902365336,0.8854166666666666,0.6244430146119605,0.0,2.109302485703728,6390.416666666667,8.18359137727036,6374.377122303024,6406.4562110303095,498.04053340820565,0.6377925614757298,496.79048295810566,499.29058385830564,40.85532748064739,0.041295099083347164,40.774390573706015,40.936264387588764,0.0,0.0,0.0,0.0,0.0,0.0,0.0,0.0,28.263888888888886,0.6914383744959135,26.908694577347976,29.619083200429795,0.0,0.0,0.0,0.0,53.25347222222222,0.06819659481058633,53.1198093525252,53.38713509191924,53.25347222222222,0.06819659481058633,53.1198093525252,53.38713509191924,1.422972952594873,0.0018222644613592259,1.4194013798803018,1.4265445253094444,510.69159350809235,0.5161887385418391,509.6798821713252,511.70330484485953,3.1981052986529312,0.005331284772127292,3.187656172508235,3.2085544247976276,0.0,0.0,0.0,0.0,2.826388888888889,0.06914383744959134,2.690869457734798,2.96190832004298,159.76041666666666,0.20458978443175901,159.3594280575756,160.16140527575772,1.4796875,0.06304642922007427,1.3561187693748007,1.6032562306251994,159.74401041666667,0.20802839454202415,159.3362822556026,160.15173857773073,159.74453125,0.20809301744816222,159.33667643036733,160.15238606963266,0.0005208333333333333,0.0003673194203599768,0.0,0.0012407661680610164,0.0,0.0,0.0,0.0,0.9999968371457039,2.230805438346771e-06,0.9999924648473882,1.0000012094440196
baseline,family_three,4.5,0.15475,137775.08264633038,179.46227186454965,137423.34305689213,138126.82223576863,133029.8742665017,173.266790956507,132690.2775965101,133369.47093649328,0.8854166666666666,0.6244430146119605,0.0,2.109302485703728,4258.75,5.665996136285735,4247.644851636337,4269.855148363663,404.0806623693359,0.5376036329280752,403.026978610839,405.1343461278328,62.77702301491562,0.06177000330148118,62.6559560331198,62.89808999671144,0.0,0.0,0.0,0.0,0.0,0.0,0.0,0.0,18.715277777777775,0.6088491956246089,17.52195528233736,19.90860027321819,0.0,0.0,0.0,0.0,35.489583333333336,0.0472166344690478,35.39704043030281,35.58212623636386,35.489583333333336,0.0472166344690478,35.39704043030281,35.58212623636386,1.1545161781981026,0.0015360103797944992,1.1515056531738257,1.1575267032223795,784.7127876864452,0.7721250412685149,783.1994504139974,786.2261249588929,4.914867545398343,0.008120814975097564,4.898951040522038,4.930784050274648,0.0,0.0,0.0,0.0,1.871527777777778,0.060884919562460914,1.7521955282337363,1.9908600273218195,159.703125,0.2124748551107151,159.28668193636264,160.11956806363736,2.0578125000000003,0.09375593076790269,1.8740542523578803,2.24157074764212,159.74427083333333,0.20806136466407615,159.3364780520175,160.15206361464917,159.74453125,0.20809301744816222,159.33667643036733,160.15238606963266,0.0005208333333333333,0.0003673194203599768,0.0,0.0012407661680610164,0.00026041666666666666,0.0002604166666666666,0.0,0.0007708239543073056,0.9999967972454448,2.259486433132649e-06,0.9999923687334122,1.0000012257574773
baseline,family_three,5.0,0.15475,136987.94558718332,178.34087088720662,136638.40390327288,137337.48727109376,132672.36525713012,172.82534915734846,132333.63379716617,133011.09671709407,0.14756944444444445,0.14756944444444445,0.0,0.4368002407741399,3834.5833333333335,5.143996172815966,3824.5012860980023,3844.6653805686647,383.79884035081585,0.5148563987992977,382.7897403519592,384.8079403496725,71.14780914682939,0.06531786766922759,71.01978847865075,71.27582981500802,0.0,0.0,0.0,0.0,0.0,0.0,0.0,0.0,25.902777777777782,0.6554458242728032,24.61812756838592,27.187427987169645,0.0,0.0,0.0,0.0,31.954861111111104,0.04286663477346637,31.87084405081668,32.03887817140553,31.954861111111104,0.04286663477346637,31.87084405081668,32.03887817140553,1.0965681152880453,0.0014710182822837065,1.0936849724341693,1.0994512581419214,889.3476143353673,0.8164733458653449,887.7473559831343,890.9478726876004,5.569683968470869,0.008293373830591673,5.553429254452583,5.5859386824891555,0.0,0.0,0.0,0.0,2.590277777777778,0.06554458242728033,2.461812756838592,2.7187427987169643,159.77430555555554,0.21433317386733194,159.3542202540834,160.19439085702768,2.3742187500000003,0.10292672353187741,2.172486078830809,2.5759514211691914,159.74444444444444,0.2080907303759252,159.336594107391,160.1522947814979,159.74453125,0.20809301744816222,159.33667643036733,160.15238606963266,8.680555555555556e-05,8.680555555555556e-05,0.0,0.00025694131810243524,0.0,0.0,0.0,0.0,0.9999994601644554,5.398355444995405e-07,0.9999984021062306,1.00000051822268
baseline,family_three,9.0,0.15475,133308.06482434206,173.42797036517663,132968.15224851444,133647.97740016968,130676.95483658077,170.1895057450283,130343.38953477384,131010.5201383877,0.4427083333333333,0.4427083333333333,0.0,1.3104007223224197,2129.1666666666665,2.953365479518871,2123.378176693626,2134.955156639707,291.5052452269429,0.4043467060752722,290.712740245768,292.29775020811786,128.60300087319902,0.11870204095804579,128.37034914802985,128.8356525983682,0.0034777722352697022,0.0015487772937459565,0.0004422245194542155,0.006513319951085189,70.97222222222221,0.09844551598396242,70.77927255645419,71.16517188799024,10.416666666666666,0.43376773769124427,9.56649752313641,11.266835810196921,1.742281030963058e-05,7.763273068061046e-06,2.207074694081162e-06,3.2638545925179996e-05,17.743055555555554,0.024611378995990606,17.694818139113547,17.79129297199756,17.743055555555554,0.024611378995990606,17.694818139113547,17.79129297199756,0.8328721292198372,0.001155276303072207,0.8306078292736231,0.8351364291660514,1607.5375109149875,1.4837755119755724,1604.629364350373,1610.445657479602,10.066143449486558,0.016697612972709955,10.033416729432258,10.09887016954086,0.0034777722352697022,0.0015487772937459565,0.0004422245194542155,0.006513319951085189,1.0416666666666667,0.04337677376912443,0.9566497523136411,1.1266835810196925,159.6875,0.22150241096391532,159.25336325202193,160.12163674797807,4.447579030470595,0.1890315698709875,4.077083961582392,4.818074099358798,159.74427083333333,0.2080466197626712,159.3365069514932,160.15203471517347,159.74453125,0.20809301744816222,159.33667643036733,160.15238606963266,0.00026041666666666666,0.0002604166666666666,0.0,0.0007708239543073056,0.0,0.0,0.0,0.0,0.9999984392168614,1.5607831385476326e-06,0.9999953801381222,1.0000014982956007
baseline,family_three,10.0,0.15475,132928.42654344175,172.8962393249365,132589.55614130246,133267.29694558104,130319.76073083623,169.74901449047456,129987.05877602374,130652.46268564873,0.14756944444444445,0.14756944444444445,0.0,0.4368002407741399,1916.0416666666667,2.7163761635488655,1910.7176672176479,1921.3656661156856,278.16142601323037,0.3943500187840927,277.38851417911087,278.93433784734987,144.5605150287649,0.13648801066833044,144.29300344353345,144.82802661399637,0.08102434130531978,0.013935692240681481,0.05371088641394979,0.10833779619668978,255.47222222222226,0.36218348847318177,254.76235562901974,256.1820888154248,14.201388888888888,0.4712564016189432,13.277743314231815,15.12503446354596,0.0004066113798108805,7.002426154145872e-05,0.0002693663491456082,0.0005438564104761527,15.967013888888891,0.02263646802957386,15.922647226813734,16.01138055096405,15.967013888888891,0.02263646802957386,15.922647226813734,16.01138055096405,0.7947469314663724,0.001126714339383119,0.7925386119403167,0.7969552509924281,1807.0064378595616,1.7061001333541312,1803.6625430441686,1810.3503326749546,11.319494173614194,0.018007132660336975,11.284200842135098,11.35478750509329,0.08102434130531978,0.013935692240681481,0.05371088641394979,0.10833779619668978,1.4201388888888886,0.04712564016189433,1.3277743314231814,1.5125034463545959,159.67013888888889,0.2263646802957387,159.22647226813731,160.11380550964046,4.664422913367436,0.2058361526192743,4.260991467517369,5.067854359217503,159.74444444444444,0.2080907303759252,159.336594107391,160.1522947814979,159.74453125,0.20809301744816222,159.33667643036733,160.15238606963266,8.680555555555556e-05,8.680555555555556e-05,0.0,0.00025694131810243524,0.0,0.0,0.0,0.0,0.9999994601644554,5.398355444995405e-07,0.9999984021062306,1.00000051822268
baseline,family_four,1.8,0.15475,196987.44399287063,259.48967936925226,196478.85356694704,197496.0344187942,181792.10300758854,239.4090592205408,181322.86987394365,182261.33614123342,0.4427083333333333,0.4427083333333333,0.0,1.3104007223224197,14218.958333333334,18.84059821230932,14182.031439390017,14255.88522727665,884.0804203800238,1.1714363033684172,881.784447415239,886.3763933448087,23.040078790915004,0.03075047233656525,22.97980897262774,23.100348609202268,0.0,0.0,0.0,0.0,0.0,0.0,0.0,0.0,68.81944444444444,1.0475642627343706,66.76625621799383,70.87263267089506,0.0,0.0,0.0,0.0,118.49131944444446,0.15700498510257765,118.18359532825016,118.79904356063875,118.49131944444446,0.15700498510257765,118.18359532825016,118.79904356063875,2.525944058228639,0.0033469608667669047,2.519384135472111,2.5325039809851675,288.0009848864375,0.3843809042070655,287.24761215784673,288.75435761502825,1.3506836965832771,0.002359592789546547,1.3460589796975855,1.3553084134689688,0.0,0.0,0.0,0.0,6.881944444444444,0.10475642627343708,6.676625621799381,7.087263267089506,213.28437499999998,0.2826089731846397,212.73047159085024,213.83827840914972,0.7679687500000001,0.03550177427344301,0.6983865510367812,0.837550948963219,213.31119791666666,0.2809177756874509,212.76060919370215,213.86178663963116,213.31041666666667,0.2809168410054839,212.75982977564516,213.86100355768818,0.00026041666666666666,0.00026041666666666655,0.0,0.0007708239543073056,0.0010416666666666667,0.0005167268303652458,2.8900689305246885e-05,0.002054432644028086,0.9999987988161131,1.201183886839069e-06,0.9999964445389561,1.0000011530932702
baseline,family_four,2.0,0.15475,195044.45689171366,257.03700055485683,194540.67362793194,195548.24015549538,181313.7803819444,238.80219016796488,180845.7366897859,181781.82407410291,1.9184027777777777,0.8385263854826686,0.2749212621451973,3.5618842934103583,12797.916666666666,17.004617952323404,12764.58822790925,12831.245105424083,831.897998021841,1.105344565065727,829.7315624838051,834.0644335598769,27.15524785851458,0.03148898834729242,27.093530575444287,27.216965141584875,0.0,0.0,0.0,0.0,0.0,0.0,0.0,0.0,71.78819444444444,1.0644675590226267,69.70187636604884,73.87451252284005,0.0,0.0,0.0,0.0,106.64930555555556,0.14170514960269504,106.37156856591041,106.9270425452007,106.64930555555556,0.14170514960269504,106.37156856591041,106.9270425452007,2.3768514229195454,0.003158127328759218,2.3706616070965856,2.3830412387425053,339.4405982314322,0.3936123543411552,338.66913219305354,340.21206426981087,1.5920398574843964,0.0028883852294674574,1.5863787264611626,1.59770098850763,0.0,0.0,0.0,0.0,7.178819444444444,0.10644675590226267,6.970187636604883,7.387451252284005,213.29861111111111,0.28341029920539007,212.74313713182082,213.8540850904014,0.9330729166666666,0.03892979841040579,0.8567719138568666,1.0093739194764666,213.3103298611111,0.2809437531387822,212.75969022327757,213.8609694989446,213.31041666666667,0.2809168410054839,212.75982977564516,213.86100355768818,0.0011284722222222223,0.0004932508149898049,0.00016171838949717533,0.0020952260549472693,0.0010416666666666667,0.0005167268303652459,2.890068930524667e-05,0.0020544326440280866,0.9999947008570084,2.3201195839845157e-06,0.9999901535061839,0.9999992482078328
baseline,family_four,2.1,0.15475,194178.23962831017,255.8249237375656,193676.83199143683,194679.6472651835,181093.1380172301,238.42966304951972,180625.82446480702,181560.4515696532,2.65625,1.0701215518801728,0.5588502992347504,4.75364970076525,12189.583333333334,16.143146697039608,12157.94334720999,12221.223319456678,809.1477356493721,1.0715863076669478,807.0474650800186,811.2480062187255,27.37748654177771,0.030849432777819933,27.317022764589694,27.437950318965726,0.0,0.0,0.0,0.0,0.0,0.0,0.0,0.0,56.33680555555555,0.9903548501415971,54.395745717363454,58.277865393747646,0.0,0.0,0.0,0.0,101.5798611111111,0.13452622247533008,101.31619456008323,101.84352766213897,101.5798611111111,0.13452622247533008,101.31619456008323,101.84352766213897,2.3118506732839195,0.0030616751647627016,2.305849900228624,2.317851446339215,342.21858177222134,0.3856179097227492,341.46278455737115,342.97437898707153,1.6051813689835575,0.0028374618141644528,1.5996200460202874,1.6107426919468275,0.0,0.0,0.0,0.0,5.6336805555555545,0.09903548501415971,5.439574571736345,5.827786539374764,213.31770833333334,0.282505067198193,212.7640085761748,213.87140809049188,0.9296875,0.04582414469907575,0.8398738267674595,1.0195011732325405,213.3109375,0.28084805150410014,212.76048543392372,213.86138956607627,213.31041666666667,0.2809168410054839,212.75982977564516,213.86100355768818,0.0015624999999999999,0.0006294832658118664,0.0003287354701380883,0.0027962645298619114,0.0020833333333333333,0.0007229462294854069,0.0006663847607829068,0.0035002819058837596,0.9999927074294179,2.9381821123527515e-06,0.9999869486982977,0.9999984661605381
baseline,family_four,2.25,0.15475,193020.91846805965,254.06199488255922,192522.96610824944,193518.87082786986,180779.96176290893,238.14571654086473,180313.20473541637,181246.7187904015,1.328125,0.7627681366474913,0.0,2.8231230763838093,11376.875,15.10410084537623,11347.271506324201,11406.478493675799,778.2517063164686,1.033218019472841,776.226636210124,780.2767764228132,29.55395716760297,0.036524486138746655,29.482370490217193,29.625543844988748,0.0,0.0,0.0,0.0,0.0,0.0,0.0,0.0,54.947916666666664,0.9108029982236029,53.162775593137304,56.733057740196024,0.0,0.0,0.0,0.0,94.80729166666667,0.12586750704480193,94.56059588603502,95.05398744729833,94.80729166666667,0.12586750704480193,94.56059588603502,95.05398744729833,2.2235763037613387,0.002952051484208113,2.2177903891717827,2.2293622183508948,369.42446459503714,0.45655607673433346,368.52963112771494,370.31929806235934,1.7329224235505236,0.002872739583356319,1.7272919574301826,1.7385528896708646,0.0,0.0,0.0,0.0,5.494791666666667,0.09108029982236031,5.316277559313731,5.673305774019603,213.31640625,0.2832018908508043,212.76134074357878,213.87147175642122,1.0414062499999999,0.0482496078686796,0.9468387563092074,1.1359737436907922,213.31041666666667,0.28099885367459065,212.75966903376744,213.8611642995659,213.31041666666667,0.2809168410054839,212.75982977564516,213.86100355768818,0.0007812499999999999,0.00044868713920440654,0.0,0.0016606606331669464,0.0007812499999999999,0.00044868713920440654,0.0,0.0016606606331669464,0.9999962905634566,2.1304284365662053e-06,0.9999921150004493,1.0000004661264639
baseline,family_four,2.4,0.15475,191989.45167460397,252.80422197869595,191493.96450438607,192484.93884482188,180488.07959834448,237.7026227604332,180022.19101870334,180953.96817798563,0.8854166666666666,0.6244430146119605,0.0,2.109302485703728,10666.875,14.018698752142294,10639.398855335685,10694.351144664315,750.8208846872855,0.986749333731579,748.8868915314026,752.7548778431683,31.766469349995663,0.03775998664212764,31.69246113612038,31.840477563870948,0.0,0.0,0.0,0.0,0.0,0.0,0.0,0.0,51.02430555555554,0.9445925062203663,49.1729382632972,52.87567284781389,0.0,0.0,0.0,0.0,88.890625,0.11682248960118576,88.66165712779737,89.11959287220263,88.890625,0.11682248960118576,88.66165712779737,89.11959287220263,2.145202527677959,0.0028192838106616495,2.1396768329468654,2.1507282224090525,397.0808668749458,0.471999833026596,396.1557642015047,398.0059695483869,1.8623825682771953,0.0034469258818493687,1.8556267176913916,1.869138418862999,0.0,0.0,0.0,0.0,5.1024305555555545,0.09445925062203661,4.91729382632972,5.287567284781389,213.3375,0.28037397504284584,212.7879771067137,213.88702289328631,1.125,0.049774524329734275,1.0274437249661081,1.2225562750338919,213.31119791666666,0.28093063720218464,212.7605839855965,213.86181184773682,213.31041666666667,0.2809168410054839,212.75982977564516,213.86100355768818,0.0005208333333333333,0.0003673194203599767,0.0,0.0012407661680610164,0.0013020833333333333,0.0005761796261316658,0.00017279201748951478,0.0024313746491771517,0.9999975640835865,1.7179822087979446e-06,0.9999941969003312,1.0000009312668419
baseline,family_four,3.0,0.15475,188754.6048052252,248.78854614292484,188266.98821501897,189242.2213954314,179475.9431296368,236.45790636494894,179012.49414930178,179939.39210997184,1.7708333333333333,0.878435611620918,0.04913117181891935,3.492535494847747,8531.25,11.552317635756781,8508.60787349595,8553.89212650405,664.8875217795531,0.9003360402811489,663.1228955666187,666.6521479924876,40.54498714216665,0.04303660533077755,40.46063694570146,40.629337338631835,0.0,0.0,0.0,0.0,0.0,0.0,0.0,0.0,40.208333333333336,0.8313767752632732,38.57886479623427,41.8378018704324,0.0,0.0,0.0,0.0,71.09375,0.09626931363130649,70.90506561246625,71.28243438753375,71.09375,0.09626931363130649,70.90506561246625,71.28243438753375,1.8996786336558669,0.002572388686517569,1.8946368444760542,1.9047204228356795,506.8123392770831,0.5379575666347186,505.7579618212682,507.86671673289794,2.3770626250739313,0.003959171372123262,2.3693027917759477,2.384822458371915,0.0,0.0,0.0,0.0,4.020833333333333,0.08313767752632734,3.8578864796234265,4.18378018704324,213.28125,0.2888079408939195,212.71519683739874,213.84730316260126,1.2453125,0.061649045858008865,1.1244825904370446,1.3661424095629555,213.31041666666667,0.2810345144385312,212.75959913995445,213.8612341933789,213.31041666666667,0.2809168410054839,212.75982977564516,213.86100355768818,0.0010416666666666667,0.0005167268303652459,2.890068930524667e-05,0.0020544326440280866,0.0010416666666666667,0.0005167268303652459,2.890068930524667e-05,0.0020544326440280866,0.9999950712868921,2.4451684626224625e-06,0.9999902788447692,0.9999998637290151
baseline,family_four,4.5,0.15475,183957.68541535342,242.3001282599509,183482.7858905145,184432.58494019235,177638.24895920398,234.00077562304082,177179.6158666284,178096.88205177957,0.8854166666666666,0.6244430146119605,0.0,2.109302485703728,5688.958333333333,7.718232170572469,5673.830876254692,5704.085790411974,539.7823425946316,0.7323248295404144,538.347012303748,541.2176728855152,62.39716911035155,0.06442752825053454,62.270893475367565,62.52344474533553,0.0,0.0,0.0,0.0,0.0,0.0,0.0,0.0,27.413194444444443,0.6873627702663696,26.06598817040868,28.760400718480206,0.0,0.0,0.0,0.0,47.407986111111114,0.06431860142143725,47.28192396878911,47.53404825343312,47.407986111111114,0.06431860142143725,47.28192396878911,47.53404825343312,1.54223526455609,0.0020923566558297556,1.5381343208678508,1.546336208244329,779.9646138793945,0.8053441031316814,778.3861684420947,781.5430593166943,3.6581086913961074,0.005667111431265978,3.647001357094451,3.669216025697764,0.0,0.0,0.0,0.0,2.741319444444444,0.06873627702663695,2.606598817040868,2.8760400718480206,213.3359375,0.2894337063964676,212.76865785955098,213.90321714044902,2.165625,0.0911089039497606,1.98705482958755,2.34419517041245,213.3106770833333,0.2809916455416048,212.7599435781151,213.8614105885515,213.31041666666667,0.2809168410054839,212.75982977564516,213.86100355768818,0.0005208333333333333,0.0003673194203599767,0.0,0.0012407661680610164,0.0007812499999999999,0.00044868713920440654,0.0,0.0016606606331669464,0.9999975198137122,1.749169351873582e-06,0.9999940915047797,1.0000009481226448
baseline,family_four,5.0,0.15475,182891.26869989885,240.7635442645929,182419.38082435002,183363.15657544768,177160.3769688184,233.33367570308747,176703.05136806,177617.7025695768,0.5902777777777778,0.465922014111581,0.0,1.5034681450408394,5118.75,6.819194818713364,5105.38462375176,5132.11537624824,512.329539683774,0.6825250192889661,510.9918152274201,513.6672641401278,70.95802473001451,0.05988699734573658,70.84064837207463,71.0754010879544,0.0,0.0,0.0,0.0,0.0,0.0,0.0,0.0,28.263888888888886,0.6918764327466013,26.907835998953498,29.619941778824273,0.0,0.0,0.0,0.0,42.65625,0.05682662348927804,42.544871864597994,42.767628135402006,42.65625,0.05682662348927804,42.544871864597994,42.767628135402006,1.463798684810783,0.0019500714836827616,1.459976614935486,1.4676207546860798,886.9753091251814,0.7485874668217074,885.5081046509328,888.4425135994301,4.159579825779548,0.00651476888413782,4.1468111133990355,4.17234853816006,0.0,0.0,0.0,0.0,2.826388888888889,0.06918764327466012,2.69078359989535,2.9619941778824277,213.28125,0.28413311744639025,212.72435932298998,213.83814067701002,2.3369791666666666,0.1004451870415992,2.1401102176447426,2.5338481156885906,213.3103298611111,0.2809459100478849,212.7596859958134,213.86097372640876,213.31041666666667,0.2809168410054839,212.75982977564516,213.86100355768818,0.00034722222222222224,0.00027407177300681234,0.0,0.0008843930264946114,0.00026041666666666666,0.0002604166666666666,0.0,0.0007708239543073056,0.9999983609773787,1.2920588142155976e-06,0.9999958285886369,1.0000008933661204
baseline,family_four,9.0,0.15475,177967.14371230322,234.36681224237458,177507.7932011367,178426.49422346975,174496.52848394823,229.83619791704137,174046.05781368722,174946.99915420925,0.0,0.0,0.0,0.0,2844.375,4.075547078342194,2836.3870745091517,2852.3629254908483,389.4247664465218,0.5579851352670488,388.33113567748967,390.51839721555393,128.2182396862532,0.11152519172257118,127.99965432710805,128.43682504539836,0.0,0.0,0.0,0.0,94.8125,0.1358515692780732,94.54623581697173,95.07876418302827,13.784722222222221,0.4573900755305548,12.88825414729628,14.681190297148163,0.0,0.0,0.0,0.0,23.703125,0.0339628923195183,23.636558954242933,23.769691045757067,23.703125,0.0339628923195183,23.636558954242933,23.769691045757067,1.112642189847205,0.001594243243620142,1.1095175305071132,1.1157668491872967,1602.7279960781652,1.3940648965321407,1599.9956790888507,1605.4603130674798,7.514398194132741,0.011826092046530342,7.491219479643686,7.537576908621796,0.0,0.0,0.0,0.0,1.378472222222222,0.045739007553055475,1.2888254147296279,1.4681190297148163,213.328125,0.3056660308756646,212.7290305881864,213.9272194118136,4.3671875,0.18542946952068112,4.003752418067097,4.730622581932903,213.3109375,0.2809601731052749,212.76026567962353,213.86160932037646,213.31041666666667,0.2809168410054839,212.75982977564516,213.86100355768818,0.0,0.0,0.0,0.0,0.0005208333333333333,0.0003673194203599767,0.0,0.0012407661680610164,1.0,0.0,1.0,1.0
baseline,family_four,10.0,0.15475,177450.6535154678,233.54058483195155,176992.92238026875,177908.38465066685,174018.44857710815,229.1955173124968,173569.23361775762,174467.66353645868,0.5902777777777778,0.465922014111581,0.0,1.5034681450408394,2560.8333333333335,3.5442642665848645,2553.886703019135,2567.779963647532,371.7690821522917,0.5145387074364158,370.7606048170645,372.77755948751883,143.81780065178168,0.11983865083963682,143.5829212121801,144.05268009138325,0.0,0.0,0.0,0.0,341.4444444444444,0.4725685688779817,340.5182270692179,342.3706618196709,13.75,0.5305414308156396,12.710157903294997,14.789842096705003,0.0,0.0,0.0,0.0,21.340277777777775,0.029535535554873857,21.28238919182612,21.39816636372943,21.340277777777775,0.029535535554873857,21.28238919182612,21.39816636372943,1.0621973775779765,0.0014701105926754722,1.0593160137630417,1.0650787413929113,1797.7225081472714,1.49798313549546,1794.786515152252,1800.6585011422908,8.434612970711397,0.013247339579491086,8.408648662244623,8.460577279178171,0.0,0.0,0.0,0.0,1.375,0.05305414308156396,1.2710157903294999,1.4789842096705001,213.40277777777774,0.2953553555487387,212.82389191826118,213.9816636372943,4.8890625000000005,0.21405103487086125,4.469530180799585,5.308594819200416,213.3103298611111,0.2809459100478849,212.7596859958134,213.86097372640876,213.31041666666667,0.2809168410054839,212.75982977564516,213.86100355768818,0.00034722222222222224,0.00027407177300681234,0.0,0.0008843930264946114,0.00026041666666666666,0.0002604166666666666,0.0,0.0007708239543073056,0.9999983609773787,1.2920588142155976e-06,0.9999958285886369,1.0000008933661204
full_carry_no_spoilage,single_low,1.8,0.1905,29576.102618726232,59.235001885632585,29460.00414840623,29692.201089046233,27275.97292636703,54.52620510989211,27169.103528138,27382.842324596062,0.22135416666666666,0.22135416666666666,0.0,0.6552003611612098,2133.3333333333335,4.588981923059699,2124.339094038431,2142.327572628236,132.6425034752816,0.2853253362550552,132.0832760923449,133.20173085821827,24.888087828133127,0.034098882193195706,24.82125524712139,24.954920409144865,0.03399688911903648,0.005246718809419855,0.023713509215564692,0.04428026902250826,0.0,0.0,0.0,0.0,9.010416666666666,0.38138833530417365,8.2629092653468,9.757924067986533,0.0,0.0,0.0,0.0,17.777777777777775,0.0382415160254975,17.702825783653587,17.852729771901963,17.777777777777775,0.0382415160254975,17.702825783653587,17.852729771901963,0.3789785813579474,0.0008152152464430152,0.3773807888352711,0.38057637388062365,311.10109785166406,0.4262360274149464,310.26569058901737,311.93650511431076,9.736044375667474,0.024529283877149814,9.6879678627017,9.784120888633247,0.03399688911903648,0.005246718809419855,0.023713509215564692,0.04428026902250826,0.9010416666666666,0.03813883353041737,0.82629092653468,0.9757924067986533,32.0,0.06883472884589549,31.865086410576463,32.13491358942353,0.8265625,0.03890117209392814,0.7503176037395062,0.9028073962604938,32.005078125000004,0.06397995257998328,31.879679722210657,32.130476527789355,32.005208333333336,0.06396990774180503,31.87982961806505,32.130587048601626,0.00013020833333333333,0.00013020833333333328,0.0,0.0003854119771536528,0.0,0.0,0.0,0.0,0.9999958098685976,4.19013140252079e-06,0.9999875973619582,1.0000040223752371
full_carry_no_spoilage,single_low,2.0,0.1905,29298.128751886386,58.46546496862888,29183.538546208485,29412.718957564288,27204.46397569444,54.37079491283548,27097.89917585447,27311.028775534414,0.0,0.0,0.0,0.0,1921.0416666666667,4.065722029659051,1913.0729979173839,1929.0103354159496,124.87272407226756,0.2642825473146011,124.35473979778844,125.39070834674668,28.166502398469447,0.03519018290001403,28.097530907376044,28.23547388956285,0.17416083232134408,0.015043166892048343,0.144676766999504,0.20364489764318416,0.0,0.0,0.0,0.0,19.409722222222218,0.5302498574883614,18.37045159873753,20.448992845706904,0.0,0.0,0.0,0.0,16.008680555555557,0.03388101691382541,15.942274982644866,16.075086128466246,16.008680555555557,0.03388101691382541,15.942274982644866,16.075086128466246,0.35677921163505016,0.0007550929923274318,0.3552992565651098,0.35825916670499053,352.08127998086803,0.4398772862501752,351.2191363422005,352.94342361953557,11.007954374965829,0.02563532385759629,10.95771006347292,11.058198686458738,0.17416083232134408,0.015043166892048343,0.144676766999504,0.20364489764318416,1.9409722222222223,0.05302498574883613,1.8370451598737538,2.0448992845706906,32.017361111111114,0.06776203382765082,31.884549965289732,32.15017225693249,0.9584635416666666,0.042450830601797364,0.8752614425733329,1.0416656407600002,32.00525173611111,0.06396564107392402,31.879881383358207,32.13062208886402,32.005208333333336,0.06396990774180503,31.87982961806505,32.130587048601626,0.0,0.0,0.0,0.0,4.340277777777778e-05,4.340277777777778e-05,0.0,0.00012847065905121762,1.0,0.0,1.0,1.0
full_carry_no_spoilage,single_low,2.1,0.1905,29157.602626605647,58.23016976501881,29043.473591052556,29271.731662158738,27171.244371745055,54.30809815664602,27064.802455289162,27277.68628820095,0.0,0.0,0.0,0.0,1828.125,3.8292420214694953,1820.6198235498325,1835.6301764501675,121.35141651552279,0.2541860887445267,120.85322093621241,121.84961209483316,29.318833689143446,0.039032382173325046,29.242331625852927,29.395335752433965,0.25397687814678643,0.01993617663509786,0.2149026899525657,0.29305106634100714,0.0,0.0,0.0,0.0,7.309027777777776,0.3480733278921414,6.6268165911301775,7.991238964425374,0.0,0.0,0.0,0.0,15.234375,0.03191035017891246,15.17183186291527,15.29691813708473,15.234375,0.03191035017891246,15.17183186291527,15.29691813708473,0.34671833290149373,0.0007262459678415035,0.34529491696060693,0.3481417488423805,366.48542111429305,0.48790477716656305,365.5291453231615,367.4416969054246,11.460454920363183,0.028574524899317125,11.40444988068518,11.516459960041187,0.25397687814678643,0.01993617663509786,0.2149026899525657,0.29305106634100714,0.7309027777777777,0.034807332789214135,0.6626816591130179,0.7991238964425375,31.9921875,0.06701173537571606,31.860846912122067,32.12352808787793,1.010546875,0.04368544775810172,0.9249249707456145,1.0961687792543855,32.005208333333336,0.06396990774180503,31.87982961806505,32.130587048601626,32.005208333333336,0.06396990774180503,31.87982961806505,32.130587048601626,0.0,0.0,0.0,0.0,0.0,0.0,0.0,0.0,1.0,0.0,1.0,1.0
full_carry_no_spoilage,single_low,2.25,0.1905,28987.46649520531,57.809167693706776,28874.16260854941,29100.77038186121,27124.321583204135,54.214311969638935,27018.063484297025,27230.579682111245,0.0,0.0,0.0,0.0,1707.2916666666667,3.5669842443957207,1700.3005060142293,1714.2828273191042,116.78977335720226,0.2440047530279564,116.31153282921088,117.26801388519365,31.466561410925067,0.041330551072716756,31.385555019361348,31.547567802488786,0.6177438997104004,0.03201656715030747,0.5549925811871896,0.6804952182336113,0.0,0.0,0.0,0.0,6.979166666666667,0.3313241604414386,6.329783244993477,7.628550088339857,0.0,0.0,0.0,0.0,14.227430555555555,0.02972486870329766,14.16917088345191,14.2856902276592,14.227430555555555,0.02972486870329766,14.16917088345191,14.2856902276592,0.33368506673486364,0.0006971564372227324,0.3323186652263168,0.3350514682434105,393.3320176365633,0.5166318884089597,392.3194377420168,394.3445975311098,12.297689527001912,0.02738435903631761,12.244017169551016,12.351361884452809,0.6177438997104004,0.03201656715030747,0.5549925811871896,0.6804952182336113,0.6979166666666666,0.03313241604414387,0.6329783244993477,0.7628550088339856,32.01171875,0.06688095458241976,31.880634487766798,32.1428030122332,1.123828125,0.04672415704135335,1.0322504599909539,1.215405790009046,32.005208333333336,0.06396990774180503,31.87982961806505,32.130587048601626,32.005208333333336,0.06396990774180503,31.87982961806505,32.130587048601626,0.0,0.0,0.0,0.0,0.0,0.0,0.0,0.0,1.0,0.0,1.0,1.0
full_carry_no_spoilage,single_low,2.4,0.1905,28834.507941418797,57.54813626649972,28721.715666959055,28947.30021587854,27080.42824589531,54.12658085072598,26974.34209682159,27186.51439496903,0.0,0.0,0.0,0.0,1599.7916666666667,3.413061297429572,1593.1021894466771,1606.4811438866564,112.60626889149948,0.24023884247523336,112.13540941256043,113.07712837043853,33.62223904097582,0.046732585964599054,33.53064485558078,33.71383322637086,1.306048702124775,0.05633979494784187,1.1956247331306333,1.4164726711189168,0.0,0.0,0.0,0.0,6.753472222222221,0.3098502611077567,6.146176869850686,7.360767574593757,0.0,0.0,0.0,0.0,13.331597222222221,0.02844217747857977,13.275851578722309,13.387342865722134,13.331597222222221,0.02844217747857977,13.275851578722309,13.387342865722134,0.3217321968328557,0.0006863966927863814,0.320386884035887,0.3230775096298244,420.2779880121978,0.584157324557488,419.1330606947598,421.42291532963577,13.141603884544844,0.031052388720571714,13.080742321018587,13.202465448071102,1.306048702124775,0.05633979494784187,1.1956247331306333,1.4164726711189168,0.6753472222222222,0.030985026110775676,0.6146176869850687,0.7360767574593757,31.995833333333334,0.06826122594859142,31.862043788933544,32.12962287773313,1.123046875,0.049354994505175866,1.026312863312683,1.219780886687317,32.005208333333336,0.06396990774180503,31.87982961806505,32.130587048601626,32.005208333333336,0.06396990774180503,31.87982961806505,32.130587048601626,0.0,0.0,0.0,0.0,0.0,0.0,0.0,0.0,1.0,0.0,1.0,1.0
full_carry_no_spoilage,single_low,3.0,0.1905,28365.959795137594,56.388636157697896,28255.440099131174,28476.479491144015,26928.665934124223,53.82324831242258,26823.174305900917,27034.15756234753,0.0,0.0,0.0,0.0,1279.5833333333333,2.786616971842439,1274.121664429814,1285.0450022368525,99.72500998217379,0.21717648088582112,99.29935190134843,100.15066806299915,42.5118645568379,0.05494379817266418,42.40417669124564,42.61955242243016,9.95281980768839,0.1726886592420864,9.614356255035391,10.29128336034139,0.0,0.0,0.0,0.0,5.520833333333333,0.2981101294205507,4.936548216242479,6.105118450424187,0.0,0.0,0.0,0.0,10.663194444444445,0.023221808098687003,10.617680536915117,10.708708351973772,10.663194444444445,0.023221808098687003,10.617680536915117,10.708708351973772,0.284928599949068,0.0006205042311023463,0.28371243400385265,0.28614476589428334,531.3983069604736,0.6867974771583024,530.0522086405704,532.7444052803769,16.617245171860763,0.03835267093810777,16.542075318111156,16.69241502561037,9.95281980768839,0.1726886592420864,9.614356255035391,10.29128336034139,0.5520833333333334,0.029811012942055067,0.493654821624248,0.6105118450424187,31.989583333333332,0.06966542429606098,31.85304161074535,32.126125055921314,1.4167968750000002,0.06073258074936111,1.2977632040430818,1.5358305459569186,32.005208333333336,0.06396990774180503,31.87982961806505,32.130587048601626,32.005208333333336,0.06396990774180503,31.87982961806505,32.130587048601626,0.0,0.0,0.0,0.0,0.0,0.0,0.0,0.0,1.0,0.0,1.0,1.0
full_carry_no_spoilage,single_low,4.5,0.1905,27748.30062255727,54.614453335845674,27641.25826098367,27855.34298413087,26652.904784915114,53.272075044310796,26548.493436446548,26757.31613338368,0.0,0.0,0.0,0.0,853.5416666666666,1.9925120698400816,849.6364147710187,857.4469185623145,80.9861302087452,0.1890544401432055,80.61559031494713,81.35667010254326,64.3158719861404,0.08443194754263271,64.15038840981227,64.48135556246852,85.8629326694991,0.527761598524602,84.8285389439676,86.8973263950306,7.112847222222221,0.016604267248667346,7.080303456425155,7.145390988019288,3.576388888888888,0.24180577044770574,3.102458287557425,4.0503194902203505,0.0,0.0,0.0,0.0,7.112847222222221,0.016604267248667346,7.080303456425155,7.145390988019288,7.112847222222221,0.016604267248667346,7.080303456425155,7.145390988019288,0.23138894345355773,0.0005401555432663018,0.23033025804270613,0.23244762886440934,803.9483998267548,1.0553993442829093,801.8798551226531,806.0169445308564,25.131021578772252,0.05684655127061081,25.019604385636544,25.24243877190796,85.8629326694991,0.527761598524602,84.8285389439676,86.8973263950306,0.35763888888888884,0.02418057704477057,0.3102458287557425,0.40503194902203515,32.0078125,0.07471920261900306,31.861365553913203,32.1542594460868,2.2839843749999997,0.0924679834326953,2.1027504577488707,2.4652182922511288,32.005208333333336,0.06396990774180503,31.87982961806505,32.130587048601626,32.005208333333336,0.06396990774180503,31.87982961806505,32.130587048601626,0.0,0.0,0.0,0.0,0.0,0.0,0.0,0.0,1.0,0.0,1.0,1.0
full_carry_no_spoilage,single_low,5.0,0.1905,27653.817694497793,54.26646061136639,27547.457386131053,27760.178002864533,26581.24797327322,53.128852116902756,26477.117336584135,26685.378609962307,0.0,0.0,0.0,0.0,766.6666666666666,1.8289253688037324,763.0820388133997,770.2512945199336,76.73474587042283,0.18305494355363972,76.37596477386568,77.09352696697998,71.93047039921824,0.09682809086538376,71.74069082843032,72.12024997000616,123.80033828826538,0.6677155326400435,122.49163989237292,125.10903668415784,25.555555555555554,0.06096417896012436,25.436067960446657,25.67504315066445,7.881944444444444,0.329566764204745,7.236005456101739,8.527883432787148,0.0,0.0,0.0,0.0,6.388888888888888,0.01524104474003109,6.359016990111664,6.418760787666113,6.388888888888888,0.01524104474003109,6.359016990111664,6.418760787666113,0.21924213105835091,0.0005230141244389708,0.2182170422110448,0.22026721990565704,899.1308799902281,1.2103511358172978,896.758635355379,901.5031246250771,28.13165933114791,0.06733188513177625,27.999691261278443,28.26362740101738,123.80033828826538,0.6677155326400435,122.49163989237292,125.10903668415784,0.7881944444444445,0.0329566764204745,0.7236005456101741,0.852788343278715,31.944444444444443,0.07620522370015544,31.79508495055832,32.093803938330566,2.3647135416666667,0.10016454193734475,2.168394646941519,2.561032436391814,32.005208333333336,0.06396990774180503,31.87982961806505,32.130587048601626,32.005208333333336,0.06396990774180503,31.87982961806505,32.130587048601626,0.0,0.0,0.0,0.0,0.0,0.0,0.0,0.0,1.0,0.0,1.0,1.0
full_carry_no_spoilage,single_low,9.0,0.1905,27654.647378690745,52.97238848253851,27550.823405089905,27758.471352291584,26181.487986626085,52.329838118982686,26078.923388596068,26284.052584656103,0.0,0.0,0.0,0.0,430.2083333333333,1.244442999848534,427.7692698728172,432.64739679384945,58.9000324259919,0.17037729714683328,58.566099059800834,59.23396579218297,129.2248731509127,0.16068972709167864,128.90992707312745,129.53981922869798,494.2705975988674,1.4857133512616565,491.35865293904425,497.1825422586906,358.50694444444434,1.037035833207111,356.47439156068094,360.53949732820774,2.0486111111111107,0.17877006263652814,1.698228226829546,2.3989939953926753,0.0,0.0,0.0,0.0,3.585069444444444,0.01037035833207112,3.56474391560681,3.6053949732820785,3.585069444444444,0.01037035833207112,3.56474391560681,3.6053949732820785,0.16828580693140546,0.0004867922775623821,0.16733171159943097,0.16923990226337995,1615.3109143864094,2.0086215886459846,1611.3740884140936,1619.2477403587252,51.102303145291664,0.13066888768038393,50.8461968315382,51.35840945904513,494.2705975988674,1.4857133512616565,491.35865293904425,497.1825422586906,0.20486111111111108,0.017877006263652816,0.1698228226829546,0.23989939953926756,32.265625,0.09333322498864007,32.08269524046129,32.44855475953871,4.791796875,0.19330696229590205,4.41292219093919,5.1706715590608106,32.005208333333336,0.06396990774180503,31.87982961806505,32.130587048601626,32.005208333333336,0.06396990774180503,31.87982961806505,32.130587048601626,0.0,0.0,0.0,0.0,0.0,0.0,0.0,0.0,1.0,0.0,1.0,1.0
full_carry_no_spoilage,single_low,10.0,0.1905,27724.816006219433,53.59472925123467,27619.772267125838,27829.859745313028,26109.831174984192,52.186615191574674,26007.547288733655,26212.11506123473,0.0,0.0,0.0,0.0,373.5416666666667,1.431916052207705,370.7351627754548,376.3481705578786,54.22892648056128,0.20787847046471494,53.821492165289165,54.63636079583339,145.47438000747647,0.22051538659690506,145.0421777917096,145.90658222324333,589.4794414138705,1.5513512975281325,586.4388487433459,592.5200340843951,448.25,1.7182992626492462,444.88219533054576,451.61780466945424,4.010416666666667,0.22091730172306812,3.577426711727685,4.443406621605649,0.0,0.0,0.0,0.0,3.1128472222222214,0.011932633768397533,3.0894596897954556,3.1362347546489873,3.1128472222222214,0.011932633768397533,3.0894596897954556,3.1362347546489873,0.15493978994446075,0.0005939384870420433,0.15377569190082613,0.15610388798809538,1818.429750093456,2.756442332461314,1813.0272223963702,1823.8322777905419,56.62876791214698,0.13436732262164927,56.36541279910947,56.89212302518448,589.4794414138705,1.5513512975281325,586.4388487433459,592.5200340843951,0.4010416666666667,0.022091730172306815,0.3577426711727685,0.4443406621605649,31.128472222222218,0.11932633768397526,30.89459689795456,31.362347546489875,4.291796875,0.20278512847349028,3.8943453265916315,4.689248423408369,32.005208333333336,0.06396990774180503,31.87982961806505,32.130587048601626,32.005208333333336,0.06396990774180503,31.87982961806505,32.130587048601626,0.0,0.0,0.0,0.0,0.0,0.0,0.0,0.0,1.0,0.0,1.0,1.0
full_carry_no_spoilage,single_average,1.8,0.1905,49318.22190639891,74.3718778764146,49172.455704298525,49463.988108499296,45494.90998886063,68.58820522912033,45360.47957684731,45629.340400873945,0.4427083333333333,0.31222150730598025,0.0,1.054651242851864,3559.1666666666665,5.422452943812886,3548.53885418893,3569.794479144403,221.29536419645615,0.33714737505199277,220.63456748387202,221.95616090904028,24.820372786264528,0.027549073918803606,24.76637759357624,24.874367978952815,0.0,0.0,0.0,0.0,0.0,0.0,0.0,0.0,17.586805555555557,0.5768803384198274,16.456140868863418,18.717470242247696,0.0,0.0,0.0,0.0,29.659722222222225,0.04518710786510738,29.57115711824109,29.74828732620336,29.659722222222225,0.04518710786510738,29.57115711824109,29.74828732620336,0.6322724691327317,0.0009632782144342651,0.6303844785253485,0.6341604597401149,310.25465982830656,0.3443634239850451,309.579719919703,310.9295997369101,5.817286619484464,0.011193471749027066,5.795347817994404,5.839225420974524,0.0,0.0,0.0,0.0,1.7586805555555554,0.05768803384198274,1.6456140868863414,1.8717470242247694,53.387499999999996,0.08133679415719332,53.22808281283395,53.546917187166045,0.8523437500000001,0.03791184020083021,0.7780379086187351,0.926649591381265,53.3828125,0.08048002073977388,53.225074557875004,53.540550442124996,53.38268229166666,0.08045519996936418,53.22499299735774,53.540371585975585,0.00026041666666666666,0.00018365971017998836,0.0,0.0006203830840305082,0.00039062499999999997,0.00022434356960220333,0.0,0.0008303303165834734,0.9999950630569762,3.4818431079557814e-06,0.9999882387698847,1.0000018873440675
full_carry_no_spoilage,single_average,2.0,0.1905,48846.833703126315,73.71045604985866,48702.36386398457,48991.30354226806,45375.132378472226,68.3831715994367,45241.103824988706,45509.16093195575,0.5164930555555556,0.28406628895811475,0.0,1.0732527511354086,3204.1666666666665,4.9865292652160695,3194.393248898988,3213.940084434345,208.27919924427667,0.32413742180515587,207.64390157149688,208.91449691705645,28.07924346536977,0.031944548003225395,28.016633301781038,28.141853628958504,0.0,0.0,0.0,0.0,0.0,0.0,0.0,0.0,30.659722222222218,0.709724100615791,29.268688546055184,32.05075589838925,0.0,0.0,0.0,0.0,26.70138888888889,0.04155441054346724,26.6199437408249,26.782834036952877,26.70138888888889,0.04155441054346724,26.6199437408249,26.782834036952877,0.5950834264122188,0.0009261069194433014,0.5932682902042766,0.5968985626201609,350.9905433171221,0.39930685004031713,350.20791627226293,351.7731703619813,6.579039353933268,0.012518916367983648,6.554502728726551,6.603575979139985,0.0,0.0,0.0,0.0,3.065972222222222,0.07097241006157912,2.9268688546055186,3.205075589838925,53.40277777777778,0.08310882108693449,53.2398874816498,53.565668073905755,1.0139322916666667,0.042174998913708135,0.9312708127477828,1.0965937705855504,53.38250868055556,0.08045079011698433,53.22482802939848,53.54018933171264,53.38268229166666,0.08045519996936418,53.22499299735774,53.540371585975585,0.00030381944444444445,0.00016709781703418513,0.0,0.0006313251477267109,0.00013020833333333333,9.68480989065059e-05,0.0,0.00032002711916125786,0.9999943063379119,3.132748813754614e-06,0.9999881662630643,1.0000004464127594
full_carry_no_spoilage,single_average,2.1,0.1905,48616.4996993109,73.39661564204333,48472.64497606537,48760.35442255643,45319.71217980034,68.31332391677905,45185.82052525924,45453.60383434145,0.4427083333333333,0.3122215073059803,0.0,1.0546512428518642,3049.5833333333335,4.840290323217279,3040.09653862511,3059.070128041557,202.43214073552397,0.321299739935067,201.80240481700915,203.0618766540388,29.24253155281836,0.03044742093742952,29.182855704358868,29.30220740127785,0.0,0.0,0.0,0.0,0.0,0.0,0.0,0.0,15.086805555555557,0.48982205407036034,14.126771970744219,16.046839140366895,0.0,0.0,0.0,0.0,25.413194444444446,0.04033575269347732,25.334137821875917,25.492251067012976,25.413194444444446,0.04033575269347732,25.334137821875917,25.492251067012976,0.5783775449586397,0.0009179992569573328,0.5765782994771688,0.5801767904401106,365.5316444102295,0.3805927617178691,364.78569630448584,366.27759251597314,6.852061286818302,0.012632148496450602,6.827302730717897,6.8768198429187075,0.0,0.0,0.0,0.0,1.5086805555555554,0.048982205407036024,1.4126771970744216,1.604683914036689,53.36770833333333,0.08470508065630236,53.20168942593942,53.533727240727245,0.98203125,0.045434867888197915,0.8929805452967967,1.0710819547032033,53.382421875,0.08046676604081408,53.22470991160759,53.54013383839241,53.38268229166666,0.08045519996936418,53.22499299735774,53.540371585975585,0.00026041666666666666,0.0001836597101799884,0.0,0.0006203830840305082,0.0,0.0,0.0,0.0,0.9999950595787853,3.4842840388183462e-06,0.9999882305075574,1.0000018886500133
full_carry_no_spoilage,single_average,2.25,0.1905,48330.98206859429,72.83733023191267,48188.22352460969,48473.74061257889,45241.66899251606,68.18554949811649,45108.02777123368,45375.31021379844,0.0,0.0,0.0,0.0,2848.75,4.415250522085341,2840.096267993991,2857.403732006009,194.87289333573935,0.3020316433667063,194.28092219254916,195.46486447892954,31.384627186943153,0.034465205452367004,31.31707662553674,31.452177748349566,0.0,0.0,0.0,0.0,0.0,0.0,0.0,0.0,14.305555555555555,0.5001656050486283,13.325248983354559,15.285862127756552,0.0,0.0,0.0,0.0,23.739583333333332,0.03679375435071117,23.667468899949924,23.81169776671674,23.739583333333332,0.03679375435071117,23.667468899949924,23.81169776671674,0.5567796952449695,0.0008629475524763022,0.555088349121569,0.55847104136837,392.30783983678936,0.4308150681545878,391.46345781920917,393.15222185436954,7.353950882824086,0.014318129183797958,7.32588786529785,7.382013900350322,0.0,0.0,0.0,0.0,1.4305555555555554,0.050016560504862834,1.3325248983354556,1.528586212775655,53.4140625,0.08278594728910013,53.25180502488733,53.57631997511267,1.12109375,0.04751280606987111,1.0279703612986166,1.2142171387013834,53.38268229166666,0.08045519996936418,53.22499299735774,53.540371585975585,53.38268229166666,0.08045519996936418,53.22499299735774,53.540371585975585,0.0,0.0,0.0,0.0,0.0,0.0,0.0,0.0,1.0,0.0,1.0,1.0
full_carry_no_spoilage,single_average,2.4,0.1905,48072.94139453569,72.57301874019726,47930.70089155555,48215.181897515824,45168.45765591502,68.0752097311097,45035.03269660204,45301.88261522801,0.0,0.0,0.0,0.0,2670.2083333333335,4.2883359379072346,2661.8033493414264,2678.6133173252406,187.9508462537243,0.3018477466676782,187.35923554144108,188.54245696600753,33.61622570027048,0.0336947872372838,33.55018513081867,33.6822662697223,0.0,0.0,0.0,0.0,0.0,0.0,0.0,0.0,12.708333333333334,0.4920993255129029,11.743836378511592,13.672830288155076,0.0,0.0,0.0,0.0,22.25173611111111,0.03573613281589361,22.18169457784522,22.321777644377,22.25173611111111,0.03573613281589361,22.18169457784522,22.321777644377,0.5370024178677838,0.0008624221333362221,0.5353121015469746,0.538692734188593,420.202821253381,0.4211848404660475,419.3773141352333,421.0283283715287,7.876091090888235,0.014417426939439506,7.847833453337197,7.904348728439274,0.0,0.0,0.0,0.0,1.2708333333333333,0.04920993255129029,1.174383637851159,1.3672830288155076,53.40416666666666,0.08576671875814462,53.23606698682852,53.572266346504804,1.2734375,0.049839068357906045,1.1757547209954744,1.3711202790045256,53.38268229166666,0.08045519996936418,53.22499299735774,53.540371585975585,53.38268229166666,0.08045519996936418,53.22499299735774,53.540371585975585,0.0,0.0,0.0,0.0,0.0,0.0,0.0,0.0,1.0,0.0,1.0,1.0
full_carry_no_spoilage,single_average,3.0,0.1905,47272.105996474565,71.31094275388034,47132.339116973366,47411.872875975765,44915.10851779677,67.6996962966223,44782.41955129109,45047.79748430245,0.4427083333333333,0.31222150730598025,0.0,1.054651242851864,2136.875,3.5003622662182265,2130.0144160253694,2143.7355839746306,166.5384935504976,0.2728026013206152,166.00381027702036,167.07317682397485,42.40636797830874,0.04631188567210934,42.315598350335264,42.49713760628221,0.005742148984342913,0.0030639724402045238,0.0,0.011747424616767085,0.0,0.0,0.0,0.0,10.729166666666666,0.422376704979623,9.901323536997905,11.557009796335427,0.0,0.0,0.0,0.0,17.807291666666668,0.029169685551818564,17.750120133544744,17.86446319978859,17.807291666666668,0.029169685551818564,17.750120133544744,17.86446319978859,0.47582426728713617,0.0007794360037731855,0.4742966007914869,0.47735193378278545,530.0795997288592,0.5788985709013666,528.9449793791908,531.2142200785275,9.935182223516845,0.019073926025483398,9.897798015463117,9.972566431570574,0.005742148984342913,0.0030639724402045238,0.0,0.011747424616767085,1.0729166666666665,0.0422376704979623,0.9901323536997905,1.1557009796335427,53.421875,0.08750905665545566,53.25036040063423,53.59338959936577,1.63359375,0.06257376108011821,1.5109514319057542,1.7562360680942457,53.382421875,0.08046231808799252,53.224718629434925,53.54012512056507,53.38268229166666,0.08045519996936418,53.22499299735774,53.540371585975585,0.00026041666666666666,0.00018365971017998836,0.0,0.0006203830840305082,0.0,0.0,0.0,0.0,0.9999950841580998,3.466914049067151e-06,0.9999882891314261,1.0000018791847736
full_carry_no_spoilage,single_average,4.5,0.1905,46103.499608506005,69.42841468300077,45967.42241622361,46239.576800788396,44455.37530844065,67.00049447893826,44324.056752315555,44586.69386456574,0.0,0.0,0.0,0.0,1424.7916666666667,2.499954551652044,1419.8918457824418,1429.6914875508917,135.18773358496665,0.23720182943934073,134.72282654219853,135.65264062773477,64.22885800957134,0.06272596010609034,64.1059173868677,64.35179863227498,4.5948612485891305,0.10888114198837512,4.3814581316963235,4.8082643654819375,11.873263888888891,0.02083295459710037,11.832432048187016,11.914095729590766,7.447916666666667,0.34395046334566703,6.773786146043296,8.122047187290038,0.0,0.0,0.0,0.0,11.873263888888891,0.02083295459710037,11.832432048187016,11.914095729590766,11.873263888888891,0.02083295459710037,11.832432048187016,11.914095729590766,0.38625066738561903,0.0006777195126838312,0.38492236154913867,0.3875789732220994,802.8607251196418,0.78407450132613,801.3239673358463,804.3974829034372,15.064267446253936,0.027877942796835017,15.009627682409072,15.1189072100988,4.5948612485891305,0.10888114198837512,4.3814581316963235,4.8082643654819375,0.7447916666666666,0.034395046334566706,0.6773786146043295,0.8122047187290038,53.4296875,0.09374829568695164,53.245944216841565,53.613430783158435,2.3046875,0.10164402185323694,2.1054688779238533,2.5039061220761467,53.38268229166666,0.08045519996936418,53.22499299735774,53.540371585975585,53.38268229166666,0.08045519996936418,53.22499299735774,53.540371585975585,0.0,0.0,0.0,0.0,0.0,0.0,0.0,0.0,1.0,0.0,1.0,1.0
full_carry_no_spoilage,single_average,5.0,0.1905,45888.03878941879,68.79462487513365,45753.203802333584,46022.87377650399,44335.71204707329,66.82156749525512,44204.74418139208,44466.6799127545,0.3689236111111111,0.2653909662799822,0.0,0.8890803468421602,1282.7083333333333,2.191923454919911,1278.4122423048216,1287.004424361845,128.38473650113949,0.21938698601830295,127.95474590986682,128.81472709241214,72.06944826716183,0.06716421338473459,71.93780882787779,72.20108770644588,14.007106188295603,0.19903493891070018,13.6170048763655,14.397207500225706,42.75694444444445,0.07306411516399713,42.61374141016073,42.90014747872817,12.03125,0.4847962120638249,11.081066884513461,12.981433115486539,0.0,0.0,0.0,0.0,10.689236111111112,0.018266028790999284,10.653435352540182,10.725036869682043,10.689236111111112,0.018266028790999284,10.653435352540182,10.725036869682043,0.36681353286039853,0.0006268199600522939,0.3655849883139052,0.3680420774068919,900.8681033395229,0.8395526673091822,899.2226103484724,902.5135963305735,16.8706574634346,0.03127620890950011,16.80935722039903,16.931957706470172,14.007106188295603,0.19903493891070018,13.6170048763655,14.397207500225706,1.203125,0.04847962120638248,1.1081066884513462,1.2981433115486538,53.44618055555555,0.09133014395499636,53.2671767627009,53.6251843484102,2.6751302083333335,0.09537807846044566,2.4881926096362244,2.8620678070304426,53.38250868055555,0.08045665090652926,53.224816542462044,53.54020081864906,53.38268229166666,0.08045519996936418,53.22499299735774,53.540371585975585,0.00021701388888888888,0.00015611233310587193,0.0,0.0005229884393189179,4.340277777777778e-05,4.340277777777778e-05,0.0,0.00012847065905121762,0.9999959481566189,2.922833947600072e-06,0.9999902195073488,1.000001676805889
full_carry_no_spoilage,single_average,9.0,0.1905,45469.73711085243,67.39166121074696,45337.65188202104,45601.82233968382,43669.08162436524,65.81543945976004,43540.085733397435,43798.07751533304,0.0,0.0,0.0,0.0,715.4166666666666,1.6902240042105485,712.1038884926089,718.7294448407243,97.94804423770277,0.23140939154717544,97.49449016458598,98.40159831081957,130.18583736220998,0.132372223101214,129.9263925723781,130.44528215204187,257.10493822061454,0.99986046419141,255.1452477212339,259.0646287199952,596.1805555555555,1.4085200035087901,593.4199070771741,598.941204033937,3.819444444444444,0.2509898154644397,3.327513445647788,4.311375443241101,0.0,0.0,0.0,0.0,5.9618055555555545,0.014085200035087916,5.93419907077174,5.989412040339369,5.9618055555555545,0.014085200035087916,5.93419907077174,5.989412040339369,0.2798515549648651,0.0006611696901347878,0.2785556861845314,0.28114742374519874,1627.3229670276244,1.6546527887651752,1624.0799071547258,1630.566026900523,30.403806836968723,0.05828277128561922,30.289574704329723,30.518038969607723,257.10493822061454,0.99986046419141,255.1452477212339,259.0646287199952,0.3819444444444445,0.025098981546443973,0.33275134456477884,0.4311375443241101,53.65625,0.12676680031579116,53.40779163694567,53.90470836305433,4.7890625,0.19241190395742735,4.411942098046662,5.166182901953338,53.38268229166666,0.08045519996936418,53.22499299735774,53.540371585975585,53.38268229166666,0.08045519996936418,53.22499299735774,53.540371585975585,0.0,0.0,0.0,0.0,0.0,0.0,0.0,0.0,1.0,0.0,1.0,1.0
full_carry_no_spoilage,single_average,10.0,0.1905,45539.068854098696,66.70423741066979,45408.33095115757,45669.80675703982,43549.42092018149,65.63649110467547,43420.77576154474,43678.066078818236,0.3689236111111111,0.2653909662799822,0.0,0.8890803468421602,636.4583333333334,1.2444429998485342,634.0192698728173,638.8973967938495,92.39786413726416,0.18066206254911807,92.04377300129516,92.75195527323316,145.0175637943515,0.14267974485851725,144.73791663310544,145.29721095559756,345.35316570781015,1.1136879596875837,343.1703774168066,347.5359539988137,763.75,1.493331599818241,760.8231238473807,766.6768761526193,6.302083333333333,0.30384346597465856,5.706561083085181,6.897605583581485,0.0,0.0,0.0,0.0,5.3038194444444455,0.01037035833207111,5.283493915606812,5.324144973282079,5.3038194444444455,0.01037035833207111,5.283493915606812,5.324144973282079,0.2639938975350405,0.0005161773215689097,0.26298220857512905,0.26500558649495193,1812.719547429394,1.7834968107314657,1809.2239579138181,1816.2151369449698,34.051294170179915,0.06229905652525577,33.92919026311959,34.17339807724024,345.35316570781015,1.1136879596875837,343.1703774168066,347.5359539988137,0.6302083333333334,0.030384346597465858,0.5706561083085182,0.6897605583581485,53.038194444444436,0.10370358332071108,52.834939156068096,53.241449732820776,5.097005208333333,0.20282159700720806,4.699482182912308,5.494528233754358,53.38250868055555,0.08045665090652926,53.224816542462044,53.54020081864906,53.38268229166666,0.08045519996936418,53.22499299735774,53.540371585975585,0.00021701388888888888,0.00015611233310587193,0.0,0.0005229884393189179,4.340277777777778e-05,4.340277777777778e-05,0.0,0.00012847065905121762,0.9999959481566189,2.922833947600072e-06,0.9999902195073488,1.000001676805889
full_carry_no_spoilage,two_person_low,1.8,0.15475,68977.96259369771,107.90771263736653,68766.46736327438,69189.45782412104,63633.17287319456,99.74991229024351,63437.66663764466,63828.679108744465,0.4427083333333333,0.31222150730598025,0.0,1.054651242851864,4979.166666666667,7.781698297196957,4963.9148182656045,4994.4185150677295,309.5855305721904,0.4838362234825968,308.63722899974863,310.5338321446322,24.518426042058877,0.028396893842783225,24.462769152854214,24.57408293126354,0.0,0.0,0.0,0.0,0.0,0.0,0.0,0.0,31.076388888888886,0.7023213466642962,29.699864343853196,32.45291343392458,0.0,0.0,0.0,0.0,41.49305555555555,0.06484748580997467,41.36595681888003,41.62015429223107,41.49305555555555,0.06484748580997467,41.36595681888003,41.62015429223107,0.8845300873491154,0.0013823892099502765,0.8818206542849961,0.8872395204132347,306.4803255257359,0.35496117303479013,305.78461441067765,307.17603664079417,4.107967097640496,0.007895100952156531,4.0924929841199615,4.123441211161031,0.0,0.0,0.0,0.0,3.107638888888888,0.0702321346664296,2.969986434385319,3.245291343392457,74.68749999999999,0.11672547445795432,74.45872227398405,74.91627772601592,0.8898437500000002,0.038553746861320674,0.8142797946827375,0.9654077053172628,74.66588541666665,0.11704454115823759,74.4364823314095,74.89528850192382,74.66562499999999,0.11708534305287652,74.43614194449884,74.89510805550114,0.00026041666666666666,0.0001836597101799884,0.0,0.0006203830840305082,0.0005208333333333333,0.00025836341518262293,1.4450344652623334e-05,0.0010272163220140433,0.9999965253960864,2.4504991118212894e-06,0.9999917225060831,1.0000013282860898
full_carry_no_spoilage,two_person_low,2.0,0.15475,68305.24814172479,106.85591707726054,68095.81439271836,68514.68189073123,63465.965711805555,99.51338625549727,63270.923058765155,63661.008364845955,0.14756944444444445,0.14756944444444445,0.0,0.4368002407741399,4477.291666666667,6.965759536413747,4463.63902885033,4490.944304483004,291.0356483068108,0.4527925570993301,290.14819120242834,291.92310541119326,27.838795501319265,0.02988648424326098,27.78021906857795,27.89737193406058,0.0,0.0,0.0,0.0,0.0,0.0,0.0,0.0,42.96875,0.8173094231661233,41.366852966369194,44.570647033630806,0.0,0.0,0.0,0.0,37.310763888888886,0.058047996136781216,37.19699190708607,37.4245358706917,37.310763888888886,0.058047996136781216,37.19699190708607,37.4245358706917,0.8315304237337449,0.0012936930202838007,0.8289948320069378,0.8340660154605519,347.9849437664907,0.37358105304076245,347.25273835722425,348.71714917575713,4.663872456735761,0.009289924060719728,4.645664540157638,4.682080373313884,0.0,0.0,0.0,0.0,4.296875,0.08173094231661233,4.136685296636919,4.457064703363081,74.62152777777777,0.11609599227356243,74.39398381417215,74.8490717413834,0.8914062499999998,0.04117179518576002,0.8107110142570506,0.9721014857429491,74.66584201388888,0.1170745720652909,74.43638006913547,74.89530395864229,74.66562499999999,0.11708534305287652,74.43614194449884,74.89510805550114,8.680555555555556e-05,8.680555555555556e-05,0.0,0.00025694131810243524,0.00030381944444444445,0.00016709781703418513,0.0,0.0006313251477267109,0.9999988464377999,1.153562200073797e-06,0.9999965854974339,1.000001107378166
full_carry_no_spoilage,two_person_low,2.1,0.15475,67994.72092186754,106.54541041152845,67785.8957547429,68203.54608899218,63388.7002290953,99.37724641798071,63193.9244052333,63583.4760529573,0.22135416666666666,0.22135416666666669,0.0,0.6552003611612099,4265.625,6.743244065899308,4252.408484491874,4278.841515508126,283.15330520288654,0.4476183079968679,282.2759894403919,284.03062096538116,28.87867229157153,0.034609853085541174,28.810838226013647,28.94650635712941,0.0,0.0,0.0,0.0,0.0,0.0,0.0,0.0,28.14236111111111,0.6969928063973865,26.776280313088733,29.508441909133488,0.0,0.0,0.0,0.0,35.546875,0.05619370054916088,35.43673737076561,35.65701262923439,35.546875,0.05619370054916088,35.43673737076561,35.65701262923439,0.8090094434368188,0.0012789094514196215,0.8065028269725485,0.8115160599010891,360.9834036446441,0.4326231635692647,360.1354778251706,361.83132946411763,4.8371825203162295,0.009447380381074897,4.818665995021073,4.855699045611386,0.0,0.0,0.0,0.0,2.8142361111111107,0.06969928063973864,2.677628031308873,2.9508441909133483,74.6484375,0.11800677115323789,74.4171484786078,74.8797265213922,0.9269531250000002,0.04075794382968479,0.8470690230099114,1.006837226990089,74.66601562499999,0.11705718853671349,74.43658775133652,74.89544349866345,74.66562499999999,0.11708534305287652,74.43614194449884,74.89510805550114,0.00013020833333333333,0.00013020833333333333,0.0,0.0003854119771536529,0.0005208333333333333,0.00025836341518262293,1.4450344652623334e-05,0.0010272163220140433,0.9999982114239927,1.788576007326001e-06,0.9999947058794347,1.0000017169685507
full_carry_no_spoilage,two_person_low,2.25,0.15475,67591.41998352985,105.93242672169464,67383.7962423604,67799.0437246993,63278.90144060177,99.22517215722604,63084.423676813814,63473.37920438972,0.4427083333333333,0.31222150730598025,0.0,1.054651242851864,3982.5,6.305382891081347,3970.1416766247457,3994.8583233752543,272.4287135443903,0.4313289012987063,271.5833244323536,273.274102656427,31.03600993924567,0.034068678287021745,30.969236556802226,31.102783321689113,0.0,0.0,0.0,0.0,0.0,0.0,0.0,0.0,26.11111111111111,0.6565427732905952,24.824310921151497,27.397911301070724,0.0,0.0,0.0,0.0,33.1875,0.052544857425677875,33.08451397187288,33.29048602812712,33.1875,0.052544857425677875,33.08451397187288,33.29048602812712,0.7783677529839723,0.0012323682894248764,0.7759523555210103,0.7807831504469344,387.9501242405709,0.42585847858777165,387.11545696002787,388.78479152111396,5.19826278754148,0.009734237149811753,5.179184033310877,5.2173415417720825,0.0,0.0,0.0,0.0,2.6111111111111107,0.06565427732905953,2.4824310921151493,2.739791130107072,74.671875,0.11822592920777526,74.44015643671398,74.90359356328602,1.09375,0.046168874300642,1.0032606691639847,1.1842393308360153,74.66562499999999,0.11708024833215923,74.43615192996795,74.89509807003203,74.66562499999999,0.11708534305287652,74.43614194449884,74.89510805550114,0.00026041666666666666,0.00018365971017998836,0.0,0.0006203830840305082,0.00026041666666666666,0.0001836597101799884,0.0,0.0006203830840305082,0.99999657341152,2.416631814523083e-06,0.9999918369001997,1.0000013099228404
full_carry_no_spoilage,two_person_low,2.4,0.15475,67229.34045124515,105.30814459097014,67022.94028056812,67435.74062192219,63176.391576371,99.04527907237933,62982.26639655042,63370.51675619159,0.4427083333333333,0.31222150730598025,0.0,1.054651242851864,3733.3333333333335,5.92516841192847,3721.720216643619,3744.946450023048,262.78217717615195,0.41706124698801544,261.96475215270806,263.59960219959584,33.33510047578645,0.03507944061153342,33.26634603559003,33.40385491598286,0.0,0.0,0.0,0.0,0.0,0.0,0.0,0.0,23.055555555555554,0.6425490169798485,21.796182623973436,24.31492848713767,0.0,0.0,0.0,0.0,31.11111111111111,0.04937640343273724,31.014335138696826,31.207887083525396,31.11111111111111,0.04937640343273724,31.014335138696826,31.207887083525396,0.7508062205032914,0.0011916035628229025,0.7484707204363089,0.7531417205702738,416.68875594733055,0.438493007644168,415.82932544487534,417.54818644978576,5.58445212037973,0.010284015045303959,5.564295821274466,5.604608419484994,0.0,0.0,0.0,0.0,2.3055555555555554,0.06425490169798485,2.1796182623973435,2.4314928487137673,74.66666666666666,0.11850336823856941,74.43440433287238,74.89892900046094,1.13984375,0.05059741947747708,1.0406746301134795,1.2390128698865206,74.66549479166666,0.11705740996267759,74.43606648401627,74.89492309931705,74.66562499999999,0.11708534305287652,74.43614194449884,74.89510805550114,0.00026041666666666666,0.00018365971017998836,0.0,0.0006203830840305082,0.00013020833333333333,0.00013020833333333328,0.0,0.0003854119771536528,0.9999965951920847,2.4018863804215733e-06,0.9999918875812841,1.0000013028028854
full_carry_no_spoilage,two_person_low,3.0,0.15475,66103.03349185112,103.5800566731091,65900.02031125521,66306.04667244703,62822.671363989386,98.50303109891794,62629.608970667476,63015.733757311296,0.0,0.0,0.0,0.0,2986.25,4.79652515657548,2976.8489834421716,2995.6510165578284,232.73498747712128,0.3738197479277664,232.002314234473,233.46766071976955,42.03686260683866,0.04558283594443821,41.94752189007436,42.12620332360296,0.0,0.0,0.0,0.0,0.0,0.0,0.0,0.0,19.340277777777775,0.6005820488048644,18.163158592358965,20.517396963196585,0.0,0.0,0.0,0.0,24.885416666666668,0.03997104297146233,24.807074862018098,24.963758471315238,24.885416666666668,0.03997104297146233,24.807074862018098,24.963758471315238,0.6649571070774895,0.0010680564226507594,0.6628637549556373,0.6670504591993416,525.4607825854832,0.5697854493054776,524.3440236259295,526.577541545037,7.042745153030577,0.014127463821100703,7.015055832748327,7.070434473312827,0.0,0.0,0.0,0.0,1.9340277777777777,0.06005820488048644,1.8163158592358966,2.051739696319659,74.65625,0.119913128914387,74.4212245860543,74.8912754139457,1.4484375,0.0621981215770699,1.3265314218028994,1.5703435781971007,74.66588541666665,0.11707264071298344,74.43642725729421,74.8953435760391,74.66562499999999,0.11708534305287652,74.43614194449884,74.89510805550114,0.0,0.0,0.0,0.0,0.00026041666666666666,0.00018365971017998836,0.0,0.0006203830840305082,1.0,0.0,1.0,1.0
full_carry_no_spoilage,two_person_low,4.5,0.15475,64435.28904472524,100.9954714051776,64237.34155816945,64633.236531281036,62179.231690513545,97.49954648808419,61988.136090887914,62370.327290139176,0.0,0.0,0.0,0.0,1990.625,3.358022387399427,1984.0433970614179,1997.2066029385821,188.87539032085928,0.31861741368979624,188.25091166517998,189.49986897653858,63.87149524830733,0.0708549383739467,63.73262212096759,64.01036837564708,0.029218642528620577,0.0046036686948489275,0.020195617689962163,0.03824166736727899,0.0,0.0,0.0,0.0,12.65625,0.4833487932197821,11.70890377331833,13.60359622668167,0.0,0.0,0.0,0.0,16.588541666666668,0.027983519894995215,16.533694975511818,16.643388357821518,16.588541666666668,0.027983519894995215,16.533694975511818,16.643388357821518,0.5396439723453121,0.0009103354676851315,0.5378597476147998,0.5414281970758245,798.3936906038416,0.8856867296743351,796.6577765120949,800.1296046955883,10.696581235119345,0.020670796524059506,10.656067218400432,10.737095251838257,0.029218642528620577,0.0046036686948489275,0.020195617689962163,0.03824166736727899,1.265625,0.0483348793219782,1.1708903773318329,1.3603596226681671,74.6484375,0.1259258395274785,74.40162738980317,74.89524761019683,2.2062500000000003,0.08928045515550909,2.0312635233718592,2.3812364766281413,74.66575520833332,0.11707891965016792,74.43628474247014,74.89522567419651,74.66562499999999,0.11708534305287652,74.43614194449884,74.89510805550114,0.0,0.0,0.0,0.0,0.00013020833333333333,0.00013020833333333328,0.0,0.0003854119771536528,1.0,0.0,1.0,1.0
full_carry_no_spoilage,two_person_low,5.0,0.15475,64074.52895204127,100.26530542980083,63878.01256449995,64271.04533958259,62012.0977602684,97.23574620065676,61821.51919970523,62202.67632083157,0.0,0.0,0.0,0.0,1793.5416666666667,2.9242530979583727,1787.8102359129887,1799.2730974203448,179.51343130393207,0.2926849804338677,178.93977928346587,180.08708332439826,71.51670963874484,0.07776413113161142,71.36429474243783,71.66912453505185,0.22049527464029653,0.01742910013804778,0.1863348660867808,0.25465568319381227,0.0,0.0,0.0,0.0,17.638888888888886,0.48975922714663567,16.678978442585308,18.598799335192464,0.0,0.0,0.0,0.0,14.946180555555555,0.024368775816319774,14.898418632608237,14.993942478502873,14.946180555555555,0.024368775816319774,14.898418632608237,14.993942478502873,0.5128955180112343,0.0008362428012396229,0.5112565122384738,0.5145345237839949,893.9588704843108,0.9720516391451429,892.0536842804731,895.8640566881484,11.986255079027478,0.023276899351671806,11.940633194626438,12.031876963428518,0.22049527464029653,0.01742910013804778,0.1863348660867808,0.25465568319381227,1.7638888888888886,0.04897592271466356,1.6678978442585308,1.8598799335192464,74.73090277777777,0.12184387908159887,74.49209316304119,74.96971239251435,2.5317708333333333,0.10631974637147838,2.3233879595998026,2.740153707066864,74.6657986111111,0.11707690766544272,74.43633208866551,74.89526513355669,74.66562499999999,0.11708534305287652,74.43614194449884,74.89510805550114,0.0,0.0,0.0,0.0,0.00017361111111111112,0.00013703588650340617,0.0,0.0004421965132473057,1.0,0.0,1.0,1.0
full_carry_no_spoilage,two_person_low,9.0,0.15475,62744.81539711792,97.40317781053542,62553.90867662952,62935.72211760632,61079.45158923903,95.77504687309064,60891.73594675014,61267.16723172793,0.0,0.0,0.0,0.0,992.9166666666666,1.9368202142108293,989.1205688022842,996.7127645310491,135.94070437882684,0.2651709987494453,135.4209787715334,136.46042998612026,129.57541495200215,0.13903517484708688,129.30291101671762,129.84791888728668,103.18796632582705,0.720651316072268,101.77551570091401,104.60041695074008,297.875,0.5810460642632488,296.73617064068526,299.01382935931474,5.8680555555555545,0.29177528864642005,5.296186498229792,6.439924612881317,0.0,0.0,0.0,0.0,8.274305555555555,0.016140168451756892,8.242671406685702,8.305939704425409,8.274305555555555,0.016140168451756892,8.242671406685702,8.305939704425409,0.3884020125109339,0.0007576314249984165,0.38691708220438126,0.3898869428174866,1619.6926869000272,1.7379396855885862,1616.2863877089708,1623.0989860910836,21.715067182988133,0.041913511705568396,21.63291820957962,21.797216156396644,103.18796632582705,0.720651316072268,101.77551570091401,104.60041695074008,0.5868055555555555,0.029177528864641998,0.5296186498229793,0.6439924612881316,74.46875,0.1452615160658122,74.18404266017131,74.75345733982869,4.620312500000001,0.1885515004895964,4.250758349809406,4.989866650190596,74.66575520833332,0.11707891965016792,74.43628474247014,74.89522567419651,74.66562499999999,0.11708534305287652,74.43614194449884,74.89510805550114,0.0,0.0,0.0,0.0,0.00013020833333333333,0.00013020833333333328,0.0,0.0003854119771536528,1.0,0.0,1.0,1.0
full_carry_no_spoilage,two_person_low,10.0,0.15475,62733.265455366345,96.97331524140306,62543.20125003174,62923.32966070095,60912.21079581202,95.51639797540736,60725.00209584722,61099.41949577681,0.0,0.0,0.0,0.0,894.7916666666666,1.7568712232418358,891.3482623436378,898.2350709896955,129.9014161929786,0.2550538504878847,129.40151983190407,130.4013125540531,144.10307624256686,0.1462172832223794,143.8164956335337,144.38965685160002,166.06058378545674,0.9495082700194271,164.19958177319575,167.92158579771774,477.22222222222223,0.9369979857289786,475.38573991660684,479.0587045278376,8.975694444444443,0.36215133198152827,8.26589087680744,9.685498012081446,0.0,0.0,0.0,0.0,7.456597222222222,0.014640593527015291,7.427902186196982,7.485292258247463,7.456597222222222,0.014640593527015291,7.427902186196982,7.485292258247463,0.37114690340851036,0.000728725287108242,0.3697186280911546,0.37257517872586615,1801.2884530320862,1.8277160402797419,1797.7061954191718,1804.8707106450006,24.220210999873416,0.04669535060381861,24.128689794444462,24.31173220530237,166.06058378545674,0.9495082700194271,164.19958177319575,167.92158579771774,0.8975694444444443,0.036215133198152824,0.8265890876807439,0.9685498012081447,74.56597222222221,0.14640593527015283,74.27902186196981,74.85292258247462,4.797395833333334,0.21370785830131417,4.378536127849569,5.216255538817099,74.66566840277777,0.11708318586837212,74.43618957528055,74.89514723027499,74.66562499999999,0.11708534305287652,74.43614194449884,74.89510805550114,0.0,0.0,0.0,0.0,4.340277777777778e-05,4.340277777777778e-05,0.0,0.00012847065905121762,1.0,0.0,1.0,1.0
full_carry_no_spoilage,two_person_average,1.8,0.15475,98495.082612917,140.0840903735446,98220.5228409778,98769.6423848562,90868.19838313667,129.00930657493242,90615.34478857931,91121.05197769402,0.6640625,0.38138406832374566,0.0,1.4115615381919047,7110.0,10.262692732862309,7089.885491859189,7130.114508140811,442.0725936137119,0.63809496397708,440.8219504656004,443.32323676182335,24.39062922217545,0.026261785642192437,24.33915706814704,24.44210137620386,0.0,0.0,0.0,0.0,0.0,0.0,0.0,0.0,49.756944444444436,0.9156181477976686,47.962365851169736,51.551523037719136,0.0,0.0,0.0,0.0,59.25,0.08552243944051922,59.08237909882657,59.41762090117343,59.25,0.08552243944051922,59.08237909882657,59.41762090117343,1.263064553182034,0.0018231284685059422,1.2594912870445727,1.2666378193194952,304.8828652771931,0.3282723205274057,304.239463351838,305.5262672025482,2.859974887205522,0.0049760510735838235,2.850222006316066,2.8697277680949784,0.0,0.0,0.0,0.0,4.975694444444444,0.09156181477976685,4.796236585116974,5.155152303771914,106.64999999999999,0.15394039099293463,106.34828237788783,106.95171762211216,0.85703125,0.03671248345212001,0.7850761046508221,0.9289863953491779,106.62291666666665,0.15137692601943548,106.32622334357818,106.91960998975513,106.62265624999999,0.15137499210196678,106.3259667173201,106.91934578267988,0.00039062499999999997,0.00022434356960220333,0.0,0.0008303303165834734,0.0006510416666666666,0.00028808981306583287,8.63960087447575e-05,0.0012156873245885757,0.9999964012532555,2.0670412392319816e-06,0.999992349926872,1.0000004525796389
full_carry_no_spoilage,two_person_average,2.0,0.15475,97534.99180836191,138.58533728640018,97263.36953849523,97806.6140782286,90629.40538194444,128.6652670396247,90377.22609248555,90881.58467140333,0.22135416666666666,0.16464176814106,0.0,0.5440461025741383,6399.166666666667,9.218874018106655,6381.098005613166,6417.235327720168,415.9625412215346,0.5992508811729893,414.78803107673167,417.1370513663375,27.649058807035885,0.02679042169907488,27.59655054537506,27.70156706869671,0.0,0.0,0.0,0.0,0.0,0.0,0.0,0.0,62.58680555555554,0.978698892459696,60.668590974625296,64.50502013648578,0.0,0.0,0.0,0.0,53.326388888888886,0.07682395015088879,53.17581671344304,53.47696106433473,53.326388888888886,0.07682395015088879,53.17581671344304,53.47696106433473,1.1884644034900986,0.0017121453747799683,1.1851086602192331,1.1918201467609641,345.61323508794857,0.33488027123843606,344.9568818171882,346.2695883587089,3.2421997530152034,0.005703420679207306,3.231021253895276,3.2533782521351307,0.0,0.0,0.0,0.0,6.2586805555555545,0.09786988924596962,6.0668590974625305,6.4505020136485784,106.65277777777777,0.15364790030177758,106.35163342688608,106.95392212866946,0.9864583333333332,0.039028544724359605,0.9099637913045777,1.0629528753620887,106.6228298611111,0.15137090239955833,106.32614834410064,106.91951137812156,106.62265624999999,0.15137499210196678,106.3259667173201,106.91934578267988,0.00013020833333333333,9.684809890650587e-05,0.0,0.00032002711916125786,0.00030381944444444445,0.00017807023434984875,0.0,0.0006528306904887552,0.999998776045011,9.105712937025954e-07,0.99999699135807,1.000000560731952
full_carry_no_spoilage,two_person_average,2.1,0.15475,97089.62548178349,137.88756236935419,96819.37082562353,97359.88013794344,90519.15457165737,128.50858106137204,90267.28238107274,90771.026762242,0.4427083333333333,0.31222150730598025,0.0,1.054651242851864,6094.583333333333,8.709183450910725,6077.5136474347955,6111.6530192318705,404.56003860343066,0.5781178795003435,403.4269483807913,405.69312882607,28.732052078218327,0.027293039208501926,28.678558704341025,28.78554545209563,0.0,0.0,0.0,0.0,0.0,0.0,0.0,0.0,42.15277777777778,0.7919319743639022,40.60061962981883,43.70493592573673,0.0,0.0,0.0,0.0,50.788194444444436,0.07257652875758935,50.645947061956626,50.930441826932245,50.788194444444436,0.07257652875758935,50.645947061956626,50.930441826932245,1.1558858245812302,0.0016517653700009786,1.1526484239451178,1.1591232252173427,359.1506509777291,0.34116299010627427,358.48198380426277,359.8193181511954,3.3699112945669825,0.005984429227867011,3.358182028812334,3.381640560321631,0.0,0.0,0.0,0.0,4.215277777777778,0.07919319743639021,4.060061962981883,4.3704935925736725,106.6552083333333,0.15241071039093762,106.3564888301089,106.95392783655771,1.069140625,0.04363033160084908,0.983626746428796,1.154654503571204,106.62317708333335,0.15137120159896877,106.32649497990282,106.91985918676387,106.62265624999999,0.15137499210196678,106.3259667173201,106.91934578267988,0.00026041666666666666,0.0001836597101799884,0.0,0.0006203830840305082,0.0007812499999999999,0.0003147416329059332,0.00016436773506904416,0.0013981322649309557,0.9999975940548738,1.6968892339624965e-06,0.9999942682130895,1.0000009198966582
full_carry_no_spoilage,two_person_average,2.25,0.15475,96509.84054359904,137.2318687870737,96240.87102324526,96778.81006395283,90362.50343607522,128.31253683493094,90111.01548511378,90613.99138703666,0.4427083333333333,0.31222150730598025,0.0,1.054651242851864,5686.875,8.36380499982177,5670.482243426633,5703.267756573367,389.0189680697438,0.5721382640144602,387.8975976780982,390.1403384613894,30.94834778742158,0.031060649165053796,30.887470033721637,31.00922554112152,0.0,0.0,0.0,0.0,0.0,0.0,0.0,0.0,40.052083333333336,0.8269375573972372,38.43131550337122,41.67285116329545,0.0,0.0,0.0,0.0,47.390625,0.06969837499851475,47.254018695221944,47.527231304778056,47.390625,0.06969837499851475,47.254018695221944,47.527231304778056,1.1114827659135538,0.0016346807543270265,1.108278850508852,1.1146866813182554,386.8543473427697,0.3882581145631726,386.0933754215205,387.6153192640189,3.6289188427647416,0.0065200221798222225,3.6161398341138877,3.6416978514155955,0.0,0.0,0.0,0.0,4.005208333333333,0.08269375573972372,3.843131550337122,4.167285116329544,106.62890625,0.1568213437466582,106.32154206424937,106.93627043575063,1.091015625,0.04357947224564208,1.0056014289332786,1.1764298210667214,106.62278645833334,0.1514017396004991,106.32604450151965,106.91952841514703,106.62265624999999,0.15137499210196678,106.3259667173201,106.91934578267988,0.00026041666666666666,0.0001836597101799884,0.0,0.0006203830840305082,0.00039062499999999997,0.00022434356960220327,0.0,0.0008303303165834732,0.9999975376890435,1.7365646742174893e-06,0.9999941340848253,1.0000009412932618
full_carry_no_spoilage,two_person_average,2.4,0.15475,95992.93721864496,136.51289262761597,95725.37686566944,96260.49757162048,90216.16612811359,128.09179213450798,89965.11082881477,90467.22142741241,0.4427083333333333,0.31222150730598025,0.0,1.054651242851864,5331.25,7.867834145184154,5315.829328439105,5346.670671560895,375.25646841170357,0.5538017641961678,374.17103689930434,376.3418999241028,33.137886008535666,0.03478437017524471,33.069709895767275,33.20606212130406,0.0,0.0,0.0,0.0,0.0,0.0,0.0,0.0,36.68402777777778,0.7917556040767892,35.132215309229515,38.23584024632604,0.0,0.0,0.0,0.0,44.427083333333336,0.06556528454320128,44.29857773699254,44.55558892967413,44.427083333333336,0.06556528454320128,44.29857773699254,44.55558892967413,1.0721613383191533,0.0015822907548461937,1.069060105426584,1.0752625712117225,414.2235751066958,0.43480462719055907,413.371373697091,415.07577651630066,3.8864385365669776,0.0072544561631682596,3.8722200637597433,3.900657009374212,0.0,0.0,0.0,0.0,3.6684027777777772,0.07917556040767892,3.513221530922951,3.8235840246326034,106.625,0.15735668290368318,106.31658656878209,106.93341343121791,1.1597656250000001,0.04913520909962287,1.0634623847918945,1.2560688652081058,106.62265624999999,0.15138625046213391,106.32594465133965,106.91936784866033,106.62265624999999,0.15137499210196678,106.3259667173201,106.91934578267988,0.00026041666666666666,0.00018365971017998836,0.0,0.0006203830840305082,0.00026041666666666666,0.00018365971017998836,0.0,0.0006203830840305082,0.9999975667677563,1.7160450853972901e-06,0.999994203381193,1.0000009301543196
full_carry_no_spoilage,two_person_average,3.0,0.15475,94380.18051914603,133.9582637967924,94117.6271466728,94642.73389161925,89710.80187746418,127.35445118733176,89461.19173986615,89960.41201506222,0.22135416666666666,0.22135416666666666,0.0,0.6552003611612098,4265.625,6.126228640527625,4253.6178125035085,4277.6321874964915,332.44376088977657,0.4774508985969621,331.50797432414026,333.3795474554129,41.86977662539551,0.036653684731074,41.79793672342192,41.9416165273691,0.0,0.0,0.0,0.0,0.0,0.0,0.0,0.0,29.218749999999996,0.722412335627489,27.802847840182658,30.634652159817335,0.0,0.0,0.0,0.0,35.546875,0.051051905337730207,35.4468151041959,35.6469348958041,35.546875,0.051051905337730207,35.4468151041959,35.6469348958041,0.9498393168279332,0.0013641454245627497,0.9471656409261151,0.9525129927297513,523.3722078174438,0.4581710591384249,522.474209042774,524.2702065921137,4.909920934738452,0.008517552512551995,4.893226838577421,4.926615030899482,0.0,0.0,0.0,0.0,2.921875,0.07224123356274888,2.780284784018266,3.063465215981734,106.640625,0.1531557160131906,106.3404453125877,106.9408046874123,1.434375,0.059942350003589946,1.3168901528442694,1.5518598471557306,106.62291666666665,0.15136307726491327,106.32625048663827,106.91958284669504,106.62265624999999,0.15137499210196678,106.3259667173201,106.91934578267988,0.00013020833333333333,0.0001302083333333333,0.0,0.0003854119771536528,0.00039062499999999997,0.00022434356960220327,0.0,0.0008303303165834732,0.999998814941221,1.1850587789153746e-06,0.9999964922686948,1.0000011376137472
full_carry_no_spoilage,two_person_average,4.5,0.15475,91989.1452687935,130.62327395223483,91733.1283563044,92245.16218128259,88791.9077216646,126.06574067911589,88544.82341024917,89038.99203308002,0.22135416666666666,0.22135416666666666,0.0,0.6552003611612098,2843.3333333333335,4.304441203913965,2834.896783600092,2851.769883066575,269.7824518157077,0.408415956045181,268.9819712511476,270.5829323802678,63.77888003541051,0.05864629494751168,63.663935409486676,63.89382466133434,0.0,0.0,0.0,0.0,0.0,0.0,0.0,0.0,20.121527777777775,0.5884181667096418,18.96824936317779,21.27480619237776,0.0,0.0,0.0,0.0,23.694444444444443,0.03587034336594971,23.624139863334097,23.76474902555479,23.694444444444443,0.03587034336594971,23.624139863334097,23.76474902555479,0.7708070051877364,0.0011669027315576608,0.768519917860422,0.7730940925150508,797.2360004426313,0.7330786868438963,795.7991926185833,798.6728082666792,7.478390609593062,0.012867213747220677,7.4531713340671315,7.503609885118993,0.0,0.0,0.0,0.0,2.012152777777778,0.05884181667096418,1.8968249363177798,2.1274806192377764,106.625,0.16141654514677367,106.30862938500344,106.94137061499656,2.2624999999999997,0.09128522593400308,2.083584244848752,2.4414157551512474,106.62265624999999,0.1513816346357359,106.32595369819315,106.91935880180684,106.62265624999999,0.15137499210196678,106.3259667173201,106.91934578267988,0.00013020833333333333,0.0001302083333333333,0.0,0.0003854119771536528,0.00013020833333333333,0.0001302083333333333,0.0,0.0003854119771536528,0.9999987643337288,1.2356662712533402e-06,0.9999963424723403,1.0000011861951175
full_carry_no_spoilage,two_person_average,5.0,0.15475,91464.76926502085,129.68343538298672,91210.59440227877,91718.94412776292,88553.26118276014,125.71094063014212,88306.87226666241,88799.65009885786,0.2951388888888889,0.2329610070557905,0.0,0.7517340725204197,2557.9166666666665,3.8029517255210328,2550.463018249701,2565.3703150836322,256.0188070100683,0.38063287071566443,255.27278029213352,256.7648337280031,71.44412585839939,0.06242420008476689,71.32177667446952,71.56647504232926,1.050337854094844e-05,1.0503378540948442e-05,0.0,3.108962219719825e-05,0.0,0.0,0.0,0.0,25.833333333333332,0.6395556376208136,24.579827317486988,27.086839349179677,0.0,0.0,0.0,0.0,21.31597222222222,0.03169126437934193,21.253858485414174,21.37808595903027,21.31597222222222,0.03169126437934193,21.253858485414174,21.37808595903027,0.7314823057430523,0.001087522487759041,0.7293508008346672,0.7336138106514374,893.0515732299923,0.7803025010595865,891.522208430869,894.5809380291156,8.379091825773735,0.013583030715845146,8.352469574769776,8.405714076777693,1.050337854094844e-05,1.0503378540948442e-05,0.0,3.108962219719825e-05,2.5833333333333335,0.06395556376208136,2.457982731748699,2.708683934917968,106.57986111111113,0.15845632189670966,106.2692924270709,106.89042979515136,2.2313802083333334,0.10596349180684143,2.023695580715819,2.4390648359508478,106.62274305555555,0.1513625262701142,106.32607795545712,106.91940815565397,106.62265624999999,0.15137499210196678,106.3259667173201,106.91934578267988,0.00017361111111111112,0.00013703588650340614,0.0,0.0004421965132473056,0.00026041666666666666,0.00018365971017998836,0.0,0.0006203830840305082,0.999998406828595,1.2513416633800396e-06,0.9999959542440024,1.0000008594131875
full_carry_no_spoilage,two_person_average,9.0,0.15475,89412.68875916126,126.79001927985837,89164.1848877736,89661.19263054892,87221.52887385107,123.83134082714875,86978.82390567256,87464.23384202959,0.0,0.0,0.0,0.0,1422.5,2.429189136395918,1417.738876781028,1427.261123218972,194.75516775044687,0.33258146766702995,194.10332005189403,195.40701544899972,129.5671875773971,0.10380364700676342,129.36373616779994,129.77063898699427,7.500724426781775,0.19123268962428094,7.125915242451458,7.875533611112092,426.75,0.7287567409187753,425.3216630343084,428.1783369656916,10.086805555555555,0.4107601247223129,9.281730504814641,10.89188060629647,0.0,0.0,0.0,0.0,11.854166666666666,0.020243242803299324,11.8144906398419,11.893842693491433,11.854166666666666,0.020243242803299324,11.8144906398419,11.893842693491433,0.5564433364298481,0.0009502327647629443,0.5545809144339828,0.5583057584257134,1619.5898447174634,1.2975455875845434,1617.0467020974988,1622.132987337428,15.203857446827678,0.024298169334773037,15.156233910041268,15.251480983614089,7.500724426781775,0.19123268962428094,7.125915242451458,7.875533611112092,1.0086805555555556,0.041076012472231284,0.9281730504814643,1.089188060629647,106.6875,0.18218918522969382,106.3304157585771,107.0445842414229,4.5121093750000005,0.19635816087566055,4.127254451613184,4.896964298386817,106.62278645833334,0.151375959356985,106.32609502986844,106.91947788679823,106.62265624999999,0.15137499210196678,106.3259667173201,106.91934578267988,0.0,0.0,0.0,0.0,0.00013020833333333333,0.0001302083333333333,0.0,0.0003854119771536528,1.0,0.0,1.0,1.0
full_carry_no_spoilage,two_person_average,10.0,0.15475,89315.5523979218,126.36025619802467,89067.89084669642,89563.21394914718,86982.70372501995,123.49163444690129,86740.66456911204,87224.74288092786,0.0,0.0,0.0,0.0,1281.0416666666667,2.2386985092068725,1276.6538982163777,1285.4294351169558,185.97527547628064,0.32500314610486525,185.3382810150529,186.6122699375084,144.55818678994885,0.12146935117394661,144.32011123642246,144.79626234347523,25.186738413383534,0.37267419885494085,24.45631040566053,25.917166421106536,683.2222222222223,1.1939725382436668,680.8820790487348,685.5623653957098,12.864583333333334,0.4331397255801019,12.015645070922773,13.713521595743895,0.0,0.0,0.0,0.0,10.675347222222223,0.018655820910057293,10.638782485136481,10.711911959307965,10.675347222222223,0.018655820910057293,10.638782485136481,10.711911959307965,0.5313579299322305,0.0009285804174424725,0.5295379457572941,0.533177914107167,1806.9773348743608,1.5183668896743332,1804.0013904552811,1809.9532792934406,16.957783194192558,0.027929815832512115,16.903041761065996,17.01252462731912,25.186738413383534,0.37267419885494085,24.45631040566053,25.917166421106536,1.2864583333333333,0.043313972558010186,1.2015645070922771,1.3713521595743894,106.75347222222221,0.18655820910057277,106.3878248513648,107.11911959307963,5.173567708333334,0.20568544031544983,4.770431653170789,5.576703763495878,106.62265624999999,0.15137499210196678,106.3259667173201,106.91934578267988,106.62265624999999,0.15137499210196678,106.3259667173201,106.91934578267988,0.0,0.0,0.0,0.0,0.0,0.0,0.0,0.0,1.0,0.0,1.0,1.0
full_carry_no_spoilage,family_three,1.8,0.15475,147524.84197400627,192.27199271150627,147147.99579305598,147901.68815495656,136139.6175950873,177.29792161080633,135792.1200541963,136487.1151359783,3.0989583333333335,1.1527520350682157,0.8396058614943773,5.358310805172289,10650.208333333334,13.91901092951517,10622.927573211065,10677.489093455602,662.1892011874872,0.8654308385581403,660.492987912803,663.8854144621715,23.33899717593094,0.027779249068323273,23.28455084823946,23.393443503622418,0.0,0.0,0.0,0.0,0.0,0.0,0.0,0.0,46.388888888888886,0.9639283059805429,44.49962412548832,48.278153652289454,0.0,0.0,0.0,0.0,88.75173611111113,0.11599175774595977,88.52439644342556,88.9790757787967,88.75173611111113,0.11599175774595977,88.52439644342556,88.9790757787967,1.891969146249964,0.002472659538737542,1.887122822608009,1.8968154698919188,291.73746469913675,0.34724061335404094,291.05688560299325,292.41804379528025,1.8271625613353175,0.003176582660396248,1.8209365737270264,1.8333885489436086,0.0,0.0,0.0,0.0,4.638888888888888,0.09639283059805427,4.449962412548832,4.827815365228945,159.75312499999998,0.20878516394272756,159.34391359816595,160.162336401834,0.77734375,0.03913813848355321,0.7006344081502947,0.8540530918497053,159.74348958333331,0.20803781584152556,159.33574295686154,160.1512362098051,159.74453125,0.20809301744816222,159.33667643036733,160.15238606963266,0.0018229166666666665,0.0006780894323930677,0.0004938858008790459,0.003151947532454287,0.0007812499999999999,0.00044868713920440654,0.0,0.0016606606331669464,0.9999886523102459,4.222406671940164e-06,0.9999803765452409,0.999996928075251
full_carry_no_spoilage,family_three,2.0,0.15475,146077.66562881958,190.18633800784178,145704.90725597265,146450.4240016665,135782.8515625,176.85864306338948,135436.21499174114,136129.48813325886,0.7378472222222222,0.4406432103139354,0.0,1.6014920444696439,9581.458333333334,12.507841853767571,9556.943413775627,9605.97325289104,622.8198083513346,0.8130423778132938,621.2262745729157,624.4133421297535,27.315438523786543,0.0307869332464128,27.255097243429134,27.375779804143953,0.0,0.0,0.0,0.0,0.0,0.0,0.0,0.0,62.482638888888886,1.020990966754426,60.48153336550948,64.4837444122683,0.0,0.0,0.0,0.0,79.8454861111111,0.10423201544806307,79.64119511479687,80.04977710742533,79.8454861111111,0.10423201544806307,79.64119511479687,80.04977710742533,1.779485166718099,0.0023229782223236945,1.7749322130654737,1.7840381203707245,341.4429815473318,0.38483666558015994,340.6887155428642,342.19724755179936,2.138322883153341,0.0037991051223617354,2.1308767739400305,2.145768992366652,0.0,0.0,0.0,0.0,6.248263888888888,0.10209909667544259,6.048153336550948,6.448374441226829,159.6909722222222,0.20846403089612614,159.28239022959374,160.09955421485066,0.8231770833333334,0.03937792136423249,0.7459977756733873,0.9003563909932795,159.74453125,0.2080689918392817,159.33672351969545,160.15233898030453,159.74453125,0.20809301744816222,159.33667643036733,160.15238606963266,0.0004340277777777778,0.00025920188841996203,0.0,0.000942054143805673,0.00043402777777777775,0.0002592018884199621,0.0,0.0009420541438056731,0.9999972898710604,1.6192835729716584e-06,0.9999941161335766,1.0000004636085442
full_carry_no_spoilage,family_three,2.1,0.15475,145421.4482140275,189.5580625495191,145049.92123845126,145792.97518960375,135616.78770368377,176.6910622419103,135270.4795852995,135963.09582206805,1.328125,0.7627681366474913,0.0,2.8231230763838093,9129.166666666666,12.078706161039092,9105.492837611187,9152.840495722145,605.9964754085707,0.8017876798998241,604.4250004327191,607.5679503844224,27.683132157374775,0.03100555830254578,27.62236237978123,27.74390193496832,0.0,0.0,0.0,0.0,0.0,0.0,0.0,0.0,40.486111111111114,0.8260143741482517,38.86715268706815,42.10506953515408,0.0,0.0,0.0,0.0,76.07638888888889,0.10065588467532573,75.87910698009323,76.27367079768455,76.07638888888889,0.10065588467532573,75.87910698009323,76.27367079768455,1.7314185011673455,0.0022908219425709316,1.7269285726649124,1.7359084296697787,346.03915196718475,0.3875694787818222,345.2795297472654,346.7987741871041,2.1673041336221264,0.0038133145015047313,2.159830174537453,2.1747780927068,0.0,0.0,0.0,0.0,4.048611111111111,0.08260143741482519,3.886715268706814,4.210506953515408,159.76041666666666,0.2113773578181841,159.34612465819578,160.17470867513754,0.9445312499999999,0.04436560712615627,0.8575762578804801,1.0314862421195197,159.74401041666667,0.2081257001085635,159.3360915401967,160.15192929313665,159.74453125,0.20809301744816222,159.33667643036733,160.15238606963266,0.0007812499999999999,0.00044868713920440665,0.0,0.0016606606331669468,0.00026041666666666666,0.0002604166666666666,0.0,0.0007708239543073056,0.9999950678203442,2.8332653206040866e-06,0.9999895147223572,1.0000006209183312
full_carry_no_spoilage,family_three,2.25,0.15475,144553.55437637478,188.45861684193235,144184.18227478836,144922.9264779612,135383.0286513222,176.33240834695363,135037.42348165496,135728.63382098946,0.8854166666666666,0.6244430146119605,0.0,2.109302485703728,8520.208333333334,11.234830361379828,8498.188470452613,8542.228196214055,582.837261865711,0.7685349359046241,581.3309610704771,584.3435626609448,29.910685409104474,0.03508844762776388,29.841913315480635,29.979457502728312,0.0,0.0,0.0,0.0,0.0,0.0,0.0,0.0,36.68402777777777,0.8121572813661199,35.09222875651821,38.27582679903733,0.0,0.0,0.0,0.0,71.0017361111111,0.09362358634483188,70.81823725377176,71.18523496845044,71.0017361111111,0.09362358634483188,70.81823725377176,71.18523496845044,1.665249319616317,0.0021958141025846417,1.660945603058506,1.669553036174128,373.883567613806,0.43860559534704846,373.023916443508,374.743218784104,2.341621034484826,0.004011068879813882,2.3337594839408813,2.349482585028771,0.0,0.0,0.0,0.0,3.6684027777777772,0.08121572813661197,3.5092228756518216,3.827582679903733,159.75390625,0.21065306927587177,159.34103382098647,160.16677867901353,1.01484375,0.04652818774008543,0.9236501777635145,1.1060373222364857,159.74453125,0.20806254813603325,159.33673614912175,160.15232635087824,159.74453125,0.20809301744816222,159.33667643036733,160.15238606963266,0.0005208333333333333,0.0003673194203599768,0.0,0.0012407661680610164,0.0005208333333333333,0.0003673194203599768,0.0,0.0012407661680610164,0.9999967972454448,2.259486433132649e-06,0.9999923687334122,1.0000012257574773
full_carry_no_spoilage,family_three,2.4,0.15475,143779.54598888799,187.1149201339398,143412.80748445538,144146.2844933206,135163.7276952043,176.0954019406417,134818.58704955754,135508.86834085104,1.328125,0.7627681366474913,0.0,2.8231230763838093,7986.25,10.366984487532859,7965.93108377615,8006.56891622385,562.1368292338509,0.7297121663531996,560.706619668718,563.5670387989838,32.12764500537666,0.03223888614204892,32.064457949636555,32.19083206111676,0.0,0.0,0.0,0.0,0.0,0.0,0.0,0.0,33.97569444444444,0.7293862986074726,32.54612356835682,35.40526532053207,0.0,0.0,0.0,0.0,66.55208333333333,0.08639153739610714,66.38275903146791,66.72140763519874,66.55208333333333,0.08639153739610714,66.38275903146791,66.72140763519874,1.6061052263824314,0.0020848919038662828,1.6020189133391942,1.6101915394256685,401.5955625672082,0.4029860767756118,400.8057243704569,402.3854007639595,2.514779583566856,0.0040296640417151,2.5068815871752985,2.5226775799584136,0.0,0.0,0.0,0.0,3.397569444444444,0.07293862986074727,3.2546123568356817,3.5405265320532067,159.725,0.2073396897506571,159.318621675523,160.131378324477,1.07421875,0.04763290937735152,0.9808599631415308,1.167577536858469,159.74427083333333,0.2081196787021481,159.33636375860308,160.15217790806358,159.74453125,0.20809301744816222,159.33667643036733,160.15238606963266,0.0007812499999999999,0.00044868713920440654,0.0,0.0016606606331669464,0.0005208333333333333,0.0003673194203599768,0.0,0.0012407661680610164,0.9999950919658822,2.8194387333883128e-06,0.9999895659675081,1.0000006179642562
full_carry_no_spoilage,family_three,3.0,0.15475,141364.4949601467,183.89647660977786,141004.06448910772,141724.92543118566,134406.03312703563,175.0317349317163,134062.9772304179,134749.08902365336,0.8854166666666666,0.6244430146119605,0.0,2.109302485703728,6390.416666666667,8.18359137727036,6374.377122303024,6406.4562110303095,498.04053340820565,0.6377925614757298,496.79048295810566,499.29058385830564,40.85532748064739,0.041295099083347164,40.774390573706015,40.936264387588764,0.0,0.0,0.0,0.0,0.0,0.0,0.0,0.0,28.263888888888886,0.6914383744959135,26.908694577347976,29.619083200429795,0.0,0.0,0.0,0.0,53.25347222222222,0.06819659481058633,53.1198093525252,53.38713509191924,53.25347222222222,0.06819659481058633,53.1198093525252,53.38713509191924,1.422972952594873,0.0018222644613592259,1.4194013798803018,1.4265445253094444,510.69159350809235,0.5161887385418391,509.6798821713252,511.70330484485953,3.1981052986529312,0.005331284772127292,3.187656172508235,3.2085544247976276,0.0,0.0,0.0,0.0,2.826388888888889,0.06914383744959134,2.690869457734798,2.96190832004298,159.76041666666666,0.20458978443175901,159.3594280575756,160.16140527575772,1.4796875,0.06304642922007427,1.3561187693748007,1.6032562306251994,159.74401041666667,0.20802839454202415,159.3362822556026,160.15173857773073,159.74453125,0.20809301744816222,159.33667643036733,160.15238606963266,0.0005208333333333333,0.0003673194203599768,0.0,0.0012407661680610164,0.0,0.0,0.0,0.0,0.9999968371457039,2.230805438346771e-06,0.9999924648473882,1.0000012094440196
full_carry_no_spoilage,family_three,4.5,0.15475,137775.08264633038,179.46227186454965,137423.34305689213,138126.82223576863,133029.8742665017,173.266790956507,132690.2775965101,133369.47093649328,0.8854166666666666,0.6244430146119605,0.0,2.109302485703728,4258.75,5.665996136285735,4247.644851636337,4269.855148363663,404.0806623693359,0.5376036329280752,403.026978610839,405.1343461278328,62.77702301491562,0.06177000330148118,62.6559560331198,62.89808999671144,0.0,0.0,0.0,0.0,0.0,0.0,0.0,0.0,18.715277777777775,0.6088491956246089,17.52195528233736,19.90860027321819,0.0,0.0,0.0,0.0,35.489583333333336,0.0472166344690478,35.39704043030281,35.58212623636386,35.489583333333336,0.0472166344690478,35.39704043030281,35.58212623636386,1.1545161781981026,0.0015360103797944992,1.1515056531738257,1.1575267032223795,784.7127876864452,0.7721250412685149,783.1994504139974,786.2261249588929,4.914867545398343,0.008120814975097564,4.898951040522038,4.930784050274648,0.0,0.0,0.0,0.0,1.871527777777778,0.060884919562460914,1.7521955282337363,1.9908600273218195,159.703125,0.2124748551107151,159.28668193636264,160.11956806363736,2.0578125000000003,0.09375593076790269,1.8740542523578803,2.24157074764212,159.74427083333333,0.20806136466407615,159.3364780520175,160.15206361464917,159.74453125,0.20809301744816222,159.33667643036733,160.15238606963266,0.0005208333333333333,0.0003673194203599768,0.0,0.0012407661680610164,0.00026041666666666666,0.0002604166666666666,0.0,0.0007708239543073056,0.9999967972454448,2.259486433132649e-06,0.9999923687334122,1.0000012257574773
full_carry_no_spoilage,family_three,5.0,0.15475,136987.94558718332,178.34087088720662,136638.40390327288,137337.48727109376,132672.36525713012,172.82534915734846,132333.63379716617,133011.09671709407,0.14756944444444445,0.14756944444444445,0.0,0.4368002407741399,3834.5833333333335,5.143996172815966,3824.5012860980023,3844.6653805686647,383.79884035081585,0.5148563987992977,382.7897403519592,384.8079403496725,71.14780914682939,0.06531786766922759,71.01978847865075,71.27582981500802,0.0,0.0,0.0,0.0,0.0,0.0,0.0,0.0,25.902777777777782,0.6554458242728032,24.61812756838592,27.187427987169645,0.0,0.0,0.0,0.0,31.954861111111104,0.04286663477346637,31.87084405081668,32.03887817140553,31.954861111111104,0.04286663477346637,31.87084405081668,32.03887817140553,1.0965681152880453,0.0014710182822837065,1.0936849724341693,1.0994512581419214,889.3476143353673,0.8164733458653449,887.7473559831343,890.9478726876004,5.569683968470869,0.008293373830591673,5.553429254452583,5.5859386824891555,0.0,0.0,0.0,0.0,2.590277777777778,0.06554458242728033,2.461812756838592,2.7187427987169643,159.77430555555554,0.21433317386733194,159.3542202540834,160.19439085702768,2.3742187500000003,0.10292672353187741,2.172486078830809,2.5759514211691914,159.74444444444444,0.2080907303759252,159.336594107391,160.1522947814979,159.74453125,0.20809301744816222,159.33667643036733,160.15238606963266,8.680555555555556e-05,8.680555555555556e-05,0.0,0.00025694131810243524,0.0,0.0,0.0,0.0,0.9999994601644554,5.398355444995405e-07,0.9999984021062306,1.00000051822268
full_carry_no_spoilage,family_three,9.0,0.15475,133307.43802658538,173.42243490488508,132967.53630006057,133647.3397531102,130676.9405840537,170.19011466022963,130343.3740887949,131010.50707931249,0.4427083333333333,0.4427083333333333,0.0,1.3104007223224197,2129.1666666666665,2.953365479518871,2123.378176693626,2134.955156639707,291.5052452269429,0.4043467060752722,290.712740245768,292.29775020811786,128.47662322950038,0.10957259062370804,128.26186489818517,128.69138156081559,0.0034212974755639795,0.001556548372797972,0.00037051872468552884,0.00647207622644243,70.97222222222221,0.09844551598396242,70.77927255645419,71.16517188799024,9.930555555555555,0.3999393476574502,9.14668883814651,10.714422272964601,0.0,0.0,0.0,0.0,17.743055555555554,0.024611378995990606,17.694818139113547,17.79129297199756,17.743055555555554,0.024611378995990606,17.694818139113547,17.79129297199756,0.8328721292198372,0.001155276303072207,0.8306078292736231,0.8351364291660514,1605.9577903687548,1.3696573827963503,1603.2733112273145,1608.642269510195,10.056289331696666,0.01612691285199439,10.02468116332494,10.087897500068392,0.0034212974755639795,0.001556548372797972,0.00037051872468552884,0.00647207622644243,0.9930555555555555,0.039993934765745025,0.9146688838146508,1.07144222729646,159.6875,0.22150241096391532,159.25336325202193,160.12163674797807,4.4476562500000005,0.18903108479153805,4.077162131850049,4.8181503681499525,159.74427083333333,0.2080466197626712,159.3365069514932,160.15203471517347,159.74453125,0.20809301744816222,159.33667643036733,160.15238606963266,0.00026041666666666666,0.0002604166666666666,0.0,0.0007708239543073056,0.0,0.0,0.0,0.0,0.9999984392168614,1.5607831385476326e-06,0.9999953801381222,1.0000014982956007
full_carry_no_spoilage,family_three,10.0,0.15475,132926.41749940434,172.9486913215194,132587.44429324084,133265.39070556784,130319.42901749852,169.76030221730753,129986.70493914797,130652.15309584908,0.14756944444444445,0.14756944444444445,0.0,0.4368002407741399,1915.8333333333333,2.722768284678944,1910.4968055571146,1921.169861109552,278.13118121318547,0.39527799522621526,277.3564505786609,278.90591184771006,144.17519230013073,0.12842846845821942,143.923477127363,144.42690747289848,0.0796778369555896,0.013942437085661886,0.052351162410976704,0.10700451150020249,255.44444444444446,0.3630357712905256,254.7329074076153,256.1559814812736,13.177083333333334,0.45742285055123605,12.280551020547264,14.073615646119404,0.0,0.0,0.0,0.0,15.965277777777779,0.02268973570565785,15.920806712975956,16.0097488425796,15.965277777777779,0.02268973570565785,15.920806712975956,16.0097488425796,0.7946605177519585,0.0011293657006463263,0.7924470016533168,0.7968740338506001,1802.1899037516343,1.6053558557277432,1799.0434640920375,1805.3363434112312,11.289224454145382,0.017280268001937615,11.255355751218383,11.32309315707238,0.0796778369555896,0.013942437085661886,0.052351162410976704,0.10700451150020249,1.3177083333333333,0.0457422850551236,1.2280551020547263,1.4073615646119402,159.65277777777777,0.22689735705657857,159.20806712975954,160.097488425796,4.613802083333333,0.20536614683777116,4.211291831887537,5.016312334779129,159.74444444444444,0.2080907303759252,159.336594107391,160.1522947814979,159.74453125,0.20809301744816222,159.33667643036733,160.15238606963266,8.680555555555556e-05,8.680555555555556e-05,0.0,0.00025694131810243524,0.0,0.0,0.0,0.0,0.9999994601644554,5.398355444995405e-07,0.9999984021062306,1.00000051822268
full_carry_no_spoilage,family_four,1.8,0.15475,196987.44399287063,259.48967936925226,196478.85356694704,197496.0344187942,181792.10300758854,239.4090592205408,181322.86987394365,182261.33614123342,0.4427083333333333,0.4427083333333333,0.0,1.3104007223224197,14218.958333333334,18.84059821230932,14182.031439390017,14255.88522727665,884.0804203800238,1.1714363033684172,881.784447415239,886.3763933448087,23.040078790915004,0.03075047233656525,22.97980897262774,23.100348609202268,0.0,0.0,0.0,0.0,0.0,0.0,0.0,0.0,68.81944444444444,1.0475642627343706,66.76625621799383,70.87263267089506,0.0,0.0,0.0,0.0,118.49131944444446,0.15700498510257765,118.18359532825016,118.79904356063875,118.49131944444446,0.15700498510257765,118.18359532825016,118.79904356063875,2.525944058228639,0.0033469608667669047,2.519384135472111,2.5325039809851675,288.0009848864375,0.3843809042070655,287.24761215784673,288.75435761502825,1.3506836965832771,0.002359592789546547,1.3460589796975855,1.3553084134689688,0.0,0.0,0.0,0.0,6.881944444444444,0.10475642627343708,6.676625621799381,7.087263267089506,213.28437499999998,0.2826089731846397,212.73047159085024,213.83827840914972,0.7679687500000001,0.03550177427344301,0.6983865510367812,0.837550948963219,213.31119791666666,0.2809177756874509,212.76060919370215,213.86178663963116,213.31041666666667,0.2809168410054839,212.75982977564516,213.86100355768818,0.00026041666666666666,0.00026041666666666655,0.0,0.0007708239543073056,0.0010416666666666667,0.0005167268303652458,2.8900689305246885e-05,0.002054432644028086,0.9999987988161131,1.201183886839069e-06,0.9999964445389561,1.0000011530932702
full_carry_no_spoilage,family_four,2.0,0.15475,195044.45689171366,257.03700055485683,194540.67362793194,195548.24015549538,181313.7803819444,238.80219016796488,180845.7366897859,181781.82407410291,1.9184027777777777,0.8385263854826686,0.2749212621451973,3.5618842934103583,12797.916666666666,17.004617952323404,12764.58822790925,12831.245105424083,831.897998021841,1.105344565065727,829.7315624838051,834.0644335598769,27.15524785851458,0.03148898834729242,27.093530575444287,27.216965141584875,0.0,0.0,0.0,0.0,0.0,0.0,0.0,0.0,71.78819444444444,1.0644675590226267,69.70187636604884,73.87451252284005,0.0,0.0,0.0,0.0,106.64930555555556,0.14170514960269504,106.37156856591041,106.9270425452007,106.64930555555556,0.14170514960269504,106.37156856591041,106.9270425452007,2.3768514229195454,0.003158127328759218,2.3706616070965856,2.3830412387425053,339.4405982314322,0.3936123543411552,338.66913219305354,340.21206426981087,1.5920398574843964,0.0028883852294674574,1.5863787264611626,1.59770098850763,0.0,0.0,0.0,0.0,7.178819444444444,0.10644675590226267,6.970187636604883,7.387451252284005,213.29861111111111,0.28341029920539007,212.74313713182082,213.8540850904014,0.9330729166666666,0.03892979841040579,0.8567719138568666,1.0093739194764666,213.3103298611111,0.2809437531387822,212.75969022327757,213.8609694989446,213.31041666666667,0.2809168410054839,212.75982977564516,213.86100355768818,0.0011284722222222223,0.0004932508149898049,0.00016171838949717533,0.0020952260549472693,0.0010416666666666667,0.0005167268303652459,2.890068930524667e-05,0.0020544326440280866,0.9999947008570084,2.3201195839845157e-06,0.9999901535061839,0.9999992482078328
full_carry_no_spoilage,family_four,2.1,0.15475,194178.23962831017,255.8249237375656,193676.83199143683,194679.6472651835,181093.1380172301,238.42966304951972,180625.82446480702,181560.4515696532,2.65625,1.0701215518801728,0.5588502992347504,4.75364970076525,12189.583333333334,16.143146697039608,12157.94334720999,12221.223319456678,809.1477356493721,1.0715863076669478,807.0474650800186,811.2480062187255,27.37748654177771,0.030849432777819933,27.317022764589694,27.437950318965726,0.0,0.0,0.0,0.0,0.0,0.0,0.0,0.0,56.33680555555555,0.9903548501415971,54.395745717363454,58.277865393747646,0.0,0.0,0.0,0.0,101.5798611111111,0.13452622247533008,101.31619456008323,101.84352766213897,101.5798611111111,0.13452622247533008,101.31619456008323,101.84352766213897,2.3118506732839195,0.0030616751647627016,2.305849900228624,2.317851446339215,342.21858177222134,0.3856179097227492,341.46278455737115,342.97437898707153,1.6051813689835575,0.0028374618141644528,1.5996200460202874,1.6107426919468275,0.0,0.0,0.0,0.0,5.6336805555555545,0.09903548501415971,5.439574571736345,5.827786539374764,213.31770833333334,0.282505067198193,212.7640085761748,213.87140809049188,0.9296875,0.04582414469907575,0.8398738267674595,1.0195011732325405,213.3109375,0.28084805150410014,212.76048543392372,213.86138956607627,213.31041666666667,0.2809168410054839,212.75982977564516,213.86100355768818,0.0015624999999999999,0.0006294832658118664,0.0003287354701380883,0.0027962645298619114,0.0020833333333333333,0.0007229462294854069,0.0006663847607829068,0.0035002819058837596,0.9999927074294179,2.9381821123527515e-06,0.9999869486982977,0.9999984661605381
full_carry_no_spoilage,family_four,2.25,0.15475,193020.91846805965,254.06199488255922,192522.96610824944,193518.87082786986,180779.96176290893,238.14571654086473,180313.20473541637,181246.7187904015,1.328125,0.7627681366474913,0.0,2.8231230763838093,11376.875,15.10410084537623,11347.271506324201,11406.478493675799,778.2517063164686,1.033218019472841,776.226636210124,780.2767764228132,29.55395716760297,0.036524486138746655,29.482370490217193,29.625543844988748,0.0,0.0,0.0,0.0,0.0,0.0,0.0,0.0,54.947916666666664,0.9108029982236029,53.162775593137304,56.733057740196024,0.0,0.0,0.0,0.0,94.80729166666667,0.12586750704480193,94.56059588603502,95.05398744729833,94.80729166666667,0.12586750704480193,94.56059588603502,95.05398744729833,2.2235763037613387,0.002952051484208113,2.2177903891717827,2.2293622183508948,369.42446459503714,0.45655607673433346,368.52963112771494,370.31929806235934,1.7329224235505236,0.002872739583356319,1.7272919574301826,1.7385528896708646,0.0,0.0,0.0,0.0,5.494791666666667,0.09108029982236031,5.316277559313731,5.673305774019603,213.31640625,0.2832018908508043,212.76134074357878,213.87147175642122,1.0414062499999999,0.0482496078686796,0.9468387563092074,1.1359737436907922,213.31041666666667,0.28099885367459065,212.75966903376744,213.8611642995659,213.31041666666667,0.2809168410054839,212.75982977564516,213.86100355768818,0.0007812499999999999,0.00044868713920440654,0.0,0.0016606606331669464,0.0007812499999999999,0.00044868713920440654,0.0,0.0016606606331669464,0.9999962905634566,2.1304284365662053e-06,0.9999921150004493,1.0000004661264639
full_carry_no_spoilage,family_four,2.4,0.15475,191989.45167460397,252.80422197869595,191493.96450438607,192484.93884482188,180488.07959834448,237.7026227604332,180022.19101870334,180953.96817798563,0.8854166666666666,0.6244430146119605,0.0,2.109302485703728,10666.875,14.018698752142294,10639.398855335685,10694.351144664315,750.8208846872855,0.986749333731579,748.8868915314026,752.7548778431683,31.766469349995663,0.03775998664212764,31.69246113612038,31.840477563870948,0.0,0.0,0.0,0.0,0.0,0.0,0.0,0.0,51.02430555555554,0.9445925062203663,49.1729382632972,52.87567284781389,0.0,0.0,0.0,0.0,88.890625,0.11682248960118576,88.66165712779737,89.11959287220263,88.890625,0.11682248960118576,88.66165712779737,89.11959287220263,2.145202527677959,0.0028192838106616495,2.1396768329468654,2.1507282224090525,397.0808668749458,0.471999833026596,396.1557642015047,398.0059695483869,1.8623825682771953,0.0034469258818493687,1.8556267176913916,1.869138418862999,0.0,0.0,0.0,0.0,5.1024305555555545,0.09445925062203661,4.91729382632972,5.287567284781389,213.3375,0.28037397504284584,212.7879771067137,213.88702289328631,1.125,0.049774524329734275,1.0274437249661081,1.2225562750338919,213.31119791666666,0.28093063720218464,212.7605839855965,213.86181184773682,213.31041666666667,0.2809168410054839,212.75982977564516,213.86100355768818,0.0005208333333333333,0.0003673194203599767,0.0,0.0012407661680610164,0.0013020833333333333,0.0005761796261316658,0.00017279201748951478,0.0024313746491771517,0.9999975640835865,1.7179822087979446e-06,0.9999941969003312,1.0000009312668419
full_carry_no_spoilage,family_four,3.0,0.15475,188754.6048052252,248.78854614292484,188266.98821501897,189242.2213954314,179475.9431296368,236.45790636494894,179012.49414930178,179939.39210997184,1.7708333333333333,0.878435611620918,0.04913117181891935,3.492535494847747,8531.25,11.552317635756781,8508.60787349595,8553.89212650405,664.8875217795531,0.9003360402811489,663.1228955666187,666.6521479924876,40.54498714216665,0.04303660533077755,40.46063694570146,40.629337338631835,0.0,0.0,0.0,0.0,0.0,0.0,0.0,0.0,40.208333333333336,0.8313767752632732,38.57886479623427,41.8378018704324,0.0,0.0,0.0,0.0,71.09375,0.09626931363130649,70.90506561246625,71.28243438753375,71.09375,0.09626931363130649,70.90506561246625,71.28243438753375,1.8996786336558669,0.002572388686517569,1.8946368444760542,1.9047204228356795,506.8123392770831,0.5379575666347186,505.7579618212682,507.86671673289794,2.3770626250739313,0.003959171372123262,2.3693027917759477,2.384822458371915,0.0,0.0,0.0,0.0,4.020833333333333,0.08313767752632734,3.8578864796234265,4.18378018704324,213.28125,0.2888079408939195,212.71519683739874,213.84730316260126,1.2453125,0.061649045858008865,1.1244825904370446,1.3661424095629555,213.31041666666667,0.2810345144385312,212.75959913995445,213.8612341933789,213.31041666666667,0.2809168410054839,212.75982977564516,213.86100355768818,0.0010416666666666667,0.0005167268303652459,2.890068930524667e-05,0.0020544326440280866,0.0010416666666666667,0.0005167268303652459,2.890068930524667e-05,0.0020544326440280866,0.9999950712868921,2.4451684626224625e-06,0.9999902788447692,0.9999998637290151
full_carry_no_spoilage,family_four,4.5,0.15475,183957.68541535342,242.3001282599509,183482.7858905145,184432.58494019235,177638.24895920398,234.00077562304082,177179.6158666284,178096.88205177957,0.8854166666666666,0.6244430146119605,0.0,2.109302485703728,5688.958333333333,7.718232170572469,5673.830876254692,5704.085790411974,539.7823425946316,0.7323248295404144,538.347012303748,541.2176728855152,62.39716911035155,0.06442752825053454,62.270893475367565,62.52344474533553,0.0,0.0,0.0,0.0,0.0,0.0,0.0,0.0,27.413194444444443,0.6873627702663696,26.06598817040868,28.760400718480206,0.0,0.0,0.0,0.0,47.407986111111114,0.06431860142143725,47.28192396878911,47.53404825343312,47.407986111111114,0.06431860142143725,47.28192396878911,47.53404825343312,1.54223526455609,0.0020923566558297556,1.5381343208678508,1.546336208244329,779.9646138793945,0.8053441031316814,778.3861684420947,781.5430593166943,3.6581086913961074,0.005667111431265978,3.647001357094451,3.669216025697764,0.0,0.0,0.0,0.0,2.741319444444444,0.06873627702663695,2.606598817040868,2.8760400718480206,213.3359375,0.2894337063964676,212.76865785955098,213.90321714044902,2.165625,0.0911089039497606,1.98705482958755,2.34419517041245,213.3106770833333,0.2809916455416048,212.7599435781151,213.8614105885515,213.31041666666667,0.2809168410054839,212.75982977564516,213.86100355768818,0.0005208333333333333,0.0003673194203599767,0.0,0.0012407661680610164,0.0007812499999999999,0.00044868713920440654,0.0,0.0016606606331669464,0.9999975198137122,1.749169351873582e-06,0.9999940915047797,1.0000009481226448
full_carry_no_spoilage,family_four,5.0,0.15475,182891.26869989885,240.7635442645929,182419.38082435002,183363.15657544768,177160.3769688184,233.33367570308747,176703.05136806,177617.7025695768,0.5902777777777778,0.465922014111581,0.0,1.5034681450408394,5118.75,6.819194818713364,5105.38462375176,5132.11537624824,512.329539683774,0.6825250192889661,510.9918152274201,513.6672641401278,70.95802473001451,0.05988699734573658,70.84064837207463,71.0754010879544,0.0,0.0,0.0,0.0,0.0,0.0,0.0,0.0,28.263888888888886,0.6918764327466013,26.907835998953498,29.619941778824273,0.0,0.0,0.0,0.0,42.65625,0.05682662348927804,42.544871864597994,42.767628135402006,42.65625,0.05682662348927804,42.544871864597994,42.767628135402006,1.463798684810783,0.0019500714836827616,1.459976614935486,1.4676207546860798,886.9753091251814,0.7485874668217074,885.5081046509328,888.4425135994301,4.159579825779548,0.00651476888413782,4.1468111133990355,4.17234853816006,0.0,0.0,0.0,0.0,2.826388888888889,0.06918764327466012,2.69078359989535,2.9619941778824277,213.28125,0.28413311744639025,212.72435932298998,213.83814067701002,2.3369791666666666,0.1004451870415992,2.1401102176447426,2.5338481156885906,213.3103298611111,0.2809459100478849,212.7596859958134,213.86097372640876,213.31041666666667,0.2809168410054839,212.75982977564516,213.86100355768818,0.00034722222222222224,0.00027407177300681234,0.0,0.0008843930264946114,0.00026041666666666666,0.0002604166666666666,0.0,0.0007708239543073056,0.9999983609773787,1.2920588142155976e-06,0.9999958285886369,1.0000008933661204
full_carry_no_spoilage,family_four,9.0,0.15475,177967.14371230322,234.36681224237458,177507.7932011367,178426.49422346975,174496.52848394823,229.83619791704137,174046.05781368722,174946.99915420925,0.0,0.0,0.0,0.0,2844.375,4.075547078342194,2836.3870745091517,2852.3629254908483,389.4247664465218,0.5579851352670488,388.33113567748967,390.51839721555393,128.2182396862532,0.11152519172257118,127.99965432710805,128.43682504539836,0.0,0.0,0.0,0.0,94.8125,0.1358515692780732,94.54623581697173,95.07876418302827,13.784722222222221,0.4573900755305548,12.88825414729628,14.681190297148163,0.0,0.0,0.0,0.0,23.703125,0.0339628923195183,23.636558954242933,23.769691045757067,23.703125,0.0339628923195183,23.636558954242933,23.769691045757067,1.112642189847205,0.001594243243620142,1.1095175305071132,1.1157668491872967,1602.7279960781652,1.3940648965321407,1599.9956790888507,1605.4603130674798,7.514398194132741,0.011826092046530342,7.491219479643686,7.537576908621796,0.0,0.0,0.0,0.0,1.378472222222222,0.045739007553055475,1.2888254147296279,1.4681190297148163,213.328125,0.3056660308756646,212.7290305881864,213.9272194118136,4.3671875,0.18542946952068112,4.003752418067097,4.730622581932903,213.3109375,0.2809601731052749,212.76026567962353,213.86160932037646,213.31041666666667,0.2809168410054839,212.75982977564516,213.86100355768818,0.0,0.0,0.0,0.0,0.0005208333333333333,0.0003673194203599767,0.0,0.0012407661680610164,1.0,0.0,1.0,1.0
full_carry_no_spoilage,family_four,10.0,0.15475,177450.6535154678,233.54058483195155,176992.92238026875,177908.38465066685,174018.44857710815,229.1955173124968,173569.23361775762,174467.66353645868,0.5902777777777778,0.465922014111581,0.0,1.5034681450408394,2560.8333333333335,3.5442642665848645,2553.886703019135,2567.779963647532,371.7690821522917,0.5145387074364158,370.7606048170645,372.77755948751883,143.81780065178168,0.11983865083963682,143.5829212121801,144.05268009138325,0.0,0.0,0.0,0.0,341.4444444444444,0.4725685688779817,340.5182270692179,342.3706618196709,13.75,0.5305414308156396,12.710157903294997,14.789842096705003,0.0,0.0,0.0,0.0,21.340277777777775,0.029535535554873857,21.28238919182612,21.39816636372943,21.340277777777775,0.029535535554873857,21.28238919182612,21.39816636372943,1.0621973775779765,0.0014701105926754722,1.0593160137630417,1.0650787413929113,1797.7225081472714,1.49798313549546,1794.786515152252,1800.6585011422908,8.434612970711397,0.013247339579491086,8.408648662244623,8.460577279178171,0.0,0.0,0.0,0.0,1.375,0.05305414308156396,1.2710157903294999,1.4789842096705001,213.40277777777774,0.2953553555487387,212.82389191826118,213.9816636372943,4.8890625000000005,0.21405103487086125,4.469530180799585,5.308594819200416,213.3103298611111,0.2809459100478849,212.7596859958134,213.86097372640876,213.31041666666667,0.2809168410054839,212.75982977564516,213.86100355768818,0.00034722222222222224,0.00027407177300681234,0.0,0.0008843930264946114,0.00026041666666666666,0.0002604166666666666,0.0,0.0007708239543073056,0.9999983609773787,1.2920588142155976e-06,0.9999958285886369,1.0000008933661204
perfect_final_batch_adaptation,single_low,1.8,0.1905,29696.333283008007,59.0738171182117,29580.550729027007,29812.115836989007,27275.14723117556,54.5227324387778,27168.284639256843,27382.00982309428,5.5362402403896525,1.5338988108090885,2.529853815275021,8.542626665504283,2133.125,4.520305771407031,2124.265363488934,2141.984636511066,132.6295501058016,0.2810553159343092,132.07869180890683,133.18040840269637,21.58255009322973,0.0332513601338075,21.517378624930497,21.647721561528964,0.014100281916693864,0.003563676484869371,0.007115604353797597,0.021084959479590132,0.0,0.0,0.0,0.0,128.29861111111111,1.851316814493894,124.67009683072966,131.92712539149258,7.208405920923624e-05,1.8071029768207343e-05,3.6665491699998645e-05,0.00010750262671847383,17.776041666666664,0.03766921476172526,17.702211362407777,17.849871970925552,17.776041666666664,0.03766921476172526,17.702211362407777,17.849871970925552,0.3789415717308617,0.0008030151883837409,0.3773676908825909,0.38051545257913244,269.7818761653716,0.41564200167259385,268.9672328116312,270.596519519112,8.44178543281096,0.023077469045580657,8.396554424627285,8.487016440994635,0.014100281916693864,0.003563676484869371,0.007115604353797597,0.021084959479590132,12.829861111111109,0.1851316814493894,12.467009683072964,13.192712539149253,31.996875,0.06780458657110545,31.863980452334005,32.129769547665994,0.7044126778875371,0.03771684922733028,0.6304890117916424,0.7783363439834319,32.00403718680746,0.06397834138751524,31.87864194189732,32.129432431717596,32.005208333333336,0.06396990774180503,31.87982961806505,32.130587048601626,0.003256611906111559,0.0009022934181229931,0.0014881493031029525,0.005025074509120165,0.002085465380233093,0.0006215012578529308,0.0008673452984950072,0.003303585461971179,0.9998980078872336,2.8248123094319163e-05,0.9998426425833379,0.9999533731911293
perfect_final_batch_adaptation,single_low,2.0,0.1905,29428.488900976034,58.645340061629916,29313.546146594133,29543.431655357934,27204.223301665206,54.34924515076832,27097.700738582764,27310.74586474765,5.070048218722656,1.3330388614279944,2.4573400603315068,7.6827563771138045,1919.375,4.076885023169846,1911.3844521854764,1927.3655478145236,124.76438638735506,0.2650081710387928,124.24497991651019,125.28379285819993,23.902727506152576,0.03505991959010873,23.834011326455094,23.97144368585006,0.05968719859273603,0.00784720505729243,0.0443069593011423,0.07506743788432976,0.0,0.0,0.0,0.0,151.09374999999997,0.6844823829010788,149.75218918146172,152.43531081853823,0.0003039851207784961,3.994980378876972e-05,0.00022568494416306563,0.00038228529739392655,15.994791666666666,0.0339740418597487,15.928203768212303,16.06137956512103,15.994791666666666,0.0339740418597487,15.928203768212303,16.06137956512103,0.356469675392443,0.0007571662029679794,0.35498565690431483,0.3579536938805712,298.7840938269073,0.43824899487635915,297.9251415806887,299.64304607312584,9.344933951990848,0.02506704769692258,9.295803441306132,9.394064462675564,0.05968719859273603,0.00784720505729243,0.0443069593011423,0.07506743788432976,15.109375,0.06844823829010788,14.975218918146172,15.243531081853828,31.989583333333332,0.0679480837194974,31.856407536424605,32.12275913024206,0.7787607687028428,0.040542315955969244,0.6992992895792995,0.8582222478263861,32.00466460507358,0.06395719470214901,31.87931080690515,32.130018403242005,32.005208333333336,0.06396990774180503,31.87982961806505,32.130587048601626,0.002982381305130974,0.0007841405067223495,0.0014454941531361807,0.004519268457125768,0.002438653045383422,0.0008048541363221854,0.0008611679253838476,0.004016138165382996,0.9999066783894061,2.4453742927012283e-05,0.9998587499339819,0.9999546068448302
perfect_final_batch_adaptation,single_low,2.1,0.1905,29286.846729665773,58.113496381937665,29172.946369741476,29400.74708959007,27172.905784731207,54.241453967319195,27066.594488486175,27279.21708097624,2.105350931920626,0.7435327933279982,0.6480534356732863,3.562648428167966,1828.9583333333333,3.703506378663397,1821.6995942146386,1836.2170724520279,121.40673340054411,0.2458397238291025,120.9248963958698,121.88857040521843,25.975287435112985,0.03748563914371064,25.901816932453848,26.048757937772123,0.1132953892175536,0.011822929129910039,0.09012287393116045,0.13646790450394675,0.0,0.0,0.0,0.0,135.38194444444443,1.5548865966588672,132.334422714949,138.42946617393986,0.0005710872587882002,5.9830902369855705e-05,0.0004538208449807509,0.0006883536725956496,15.241319444444443,0.030862553155528303,15.180829951788654,15.301808937100231,15.241319444444443,0.030862553155528303,15.180829951788654,15.301808937100231,0.3468763811444118,0.0007023992109402914,0.3454997039881995,0.34825305830062414,324.6910929389123,0.4685704892963831,323.77271165567305,325.6094742221515,10.151987010488154,0.02750210195774291,10.09808388115183,10.20589013982448,0.1132953892175536,0.011822929129910039,0.09012287393116045,0.13646790450394675,13.538194444444443,0.1554886596658867,13.2334422714949,13.842946617393986,32.00677083333333,0.06481136162660935,31.87974289875617,32.133798767910484,0.9245477610931223,0.04326133955504657,0.839757093642273,1.0093384285439717,32.006594236634925,0.06390995221109219,31.881333032047507,32.13185544122234,32.005208333333336,0.06396990774180503,31.87982961806505,32.130587048601626,0.0012384417246591919,0.00043737223136941066,0.00038120790333722734,0.0020956755459811565,0.00262434502625331,0.0008091467724730804,0.0010384464939992468,0.004210243558507373,0.999961692088149,1.3564795091430299e-05,0.9999351055783121,0.9999882785979859
perfect_final_batch_adaptation,single_low,2.25,0.1905,29120.641738745737,57.984618072704265,29006.993975665926,29234.289501825548,27125.219366623485,54.16314758477424,27019.061548068,27231.37718517897,5.821399685859251,1.6127142203974913,2.6605378965245765,8.982261475193924,1706.875,3.522107473636548,1699.971796201993,1713.778203798007,116.76127066693816,0.24093489215515096,116.28904695569503,117.23349437818129,28.067240797477325,0.03914095471927432,27.990525935907034,28.143955659047617,0.31065541641765076,0.021808528559941746,0.26791148588435176,0.35339934695094977,0.0,0.0,0.0,0.0,137.58680555555554,0.7576067355631386,136.10192363940683,139.07168747170425,0.0015707032418367528,0.00010974400627718298,0.0013556089420143364,0.0017857975416591691,14.223958333333334,0.029350895613637896,14.16643163501661,14.281485031650059,14.223958333333334,0.029350895613637896,14.16643163501661,14.281485031650059,0.33360363047696623,0.0006883854061575738,0.3322544198734144,0.33495284108051804,350.8405099684665,0.48926193399092893,349.8815741988379,351.79944573809513,10.968961384581164,0.02695484025390675,10.916130868474475,11.021791900687852,0.31065541641765076,0.021808528559941746,0.26791148588435176,0.35339934695094977,13.758680555555557,0.07576067355631386,13.610192363940685,13.907168747170429,32.00390625,0.06603951513068526,31.87447117878737,32.13334132121263,0.9637908657662712,0.04642995718064935,0.8727898218884615,1.0547919096440808,32.00469696517151,0.0639559376803028,31.87934563072063,32.130048299622395,32.005208333333336,0.06396990774180503,31.87982961806505,32.130587048601626,0.0034243527563877943,0.0009486554237632303,0.00156502229207328,0.005283683220702309,0.0029129845945619556,0.0008692340177639387,0.0012093172256075861,0.004616651963516325,0.9998938738368729,2.9347898547667904e-05,0.9998363530126976,0.9999513946610482
perfect_final_batch_adaptation,single_low,2.4,0.1905,28962.615545577613,57.600972382219794,28849.719714233976,29075.51137692125,27082.643361148454,54.03552974362734,26976.7356689654,27188.551053331506,4.841969308877167,1.3933473688185107,2.1110586480392386,7.572879969715096,1599.375,3.361269010805554,1592.7870337964705,1605.9629662035295,112.57694052351106,0.2365932826966644,112.1132262104415,113.04065483658061,30.11239870581502,0.04461522485713019,30.02495447193289,30.199842939697152,0.7047647798435784,0.04088967457916111,0.6246224903288596,0.7849070693582972,0.0,0.0,0.0,0.0,132.3611111111111,0.3616476972763028,131.65229464935769,133.0699275728645,0.0035364318037093153,0.0002064337948069927,0.003131829000695678,0.003941034606722953,13.328125,0.028010575090046282,13.273225281637254,13.383024718362746,13.328125,0.028010575090046282,13.273225281637254,13.383024718362746,0.321648401495746,0.0006759808077047557,0.3203235034584044,0.32297329953308757,376.4049838226877,0.5576903107141273,375.3119308991611,377.4980367462143,11.765317323074704,0.029395013578392176,11.707704155135989,11.82293049101342,0.7047647798435784,0.04088967457916111,0.6246224903288596,0.7849070693582972,13.236111111111109,0.03616476972763028,13.16522946493577,13.306992757286448,31.9875,0.06722538021611105,31.85574067592941,32.11925932407059,0.9552364072021472,0.04766823832988688,0.8618083768690972,1.0486644375351972,32.00428985219553,0.06396470440855155,31.878921335273017,32.12965836911804,32.005208333333336,0.06396990774180503,31.87982961806505,32.130587048601626,0.0028482172405159805,0.0008196160993050064,0.0012417992047289636,0.004454635276302997,0.0019297361027121524,0.0005818670584395826,0.0007892976243803077,0.003070174581043997,0.9999104522443899,2.577483084391669e-05,0.9998599345042282,0.9999609699845516
perfect_final_batch_adaptation,single_low,3.0,0.1905,28488.8402698206,56.3142127014485,28378.466441108034,28599.214098533168,26953.902633694062,53.45746274128756,26849.127932016247,27058.677335371878,4.456672964303003,1.4715224389980095,1.5725419814243655,7.340803947181641,1279.7916666666667,2.825608952782223,1274.2535748848197,1285.3297584485138,99.74124655169221,0.22021534172993282,99.30963241305837,100.17286069032606,38.11488085352314,0.05751814243483845,38.00214736589321,38.22761434115307,6.114419090349968,0.13089252334098964,5.8578744587560605,6.370963721943876,0.0,0.0,0.0,0.0,106.71875,0.2315477502340557,106.26492474883997,107.17257525116003,0.03085577139987415,0.0006588342258717028,0.029564480045383285,0.03214706275436501,10.664930555555555,0.0235467412731852,10.61877979070683,10.711081320404281,10.664930555555555,0.0235467412731852,10.61877979070683,10.711081320404281,0.28497499014769206,0.000629186690656951,0.2837418068944525,0.28620817340093163,476.4360106690392,0.7189767804354807,475.0268420736651,477.84517926441333,14.873150177978909,0.038053325222902286,14.79856703105003,14.947733324907787,6.114419090349968,0.13089252334098964,5.8578744587560605,6.370963721943876,10.671875,0.023154775023405575,10.626492474883998,10.717257525116002,31.994791666666668,0.07064022381955556,31.85633937212049,32.13324396121285,1.2554879568176478,0.05963944336975031,1.138596795754921,1.3723791178803746,32.004346837526406,0.06403020422848581,31.878849943315828,32.12984373173698,32.005208333333336,0.06396990774180503,31.87982961806505,32.130587048601626,0.002621572331942943,0.0008656014347047114,0.0009250246949555096,0.0043181199689303765,0.001760076525015873,0.0007154150138953017,0.0003578888637818592,0.0031622641862498867,0.999917967186574,2.7112063633345813e-05,0.999864828518306,0.999971105854842
perfect_final_batch_adaptation,single_low,4.5,0.1905,28096.183667847374,53.489573872740046,27991.346029508408,28201.02130618634,26943.04713157935,51.66375178150839,26841.78803878138,27044.306224377324,2.198099121659127,1.0347109128440761,0.17010299807417484,4.226095245244078,862.0833333333334,2.1041715264402265,857.9592329242158,866.2074337424509,81.79658452618689,0.19964896369654547,81.40527974779091,82.18788930458287,59.96387932890087,0.08637677803746253,59.794583954846836,60.13317470295491,68.07033440238864,0.4609190019467967,67.16694975878276,68.97371904599451,7.184027777777778,0.017534762720335214,7.149660274368465,7.218395281187091,71.84027777777777,0.17185704942370944,71.50344415041798,72.17711140513757,0.3476773866747001,0.0023593858495095338,0.34305307538402796,0.35230169796537225,7.184027777777778,0.017534762720335214,7.149660274368465,7.218395281187091,7.184027777777778,0.017534762720335214,7.149660274368465,7.218395281187091,0.2337045272176768,0.0005704256105615584,0.23258651356511686,0.2348225408702367,749.5484916112609,1.0797097254682817,747.4322994355855,751.6646837869364,23.036290971894598,0.05550689742709114,22.92749945204394,23.145082491745256,68.07033440238864,0.4609190019467967,67.16694975878276,68.97371904599451,7.184027777777778,0.01718570494237095,7.150344415041799,7.217711140513757,32.328125,0.07890643224150849,32.173471234658095,32.482778765341905,1.981242759086981,0.09463084700205192,1.7957697071364391,2.166715811037523,32.00593823382858,0.06393497926756835,31.880627977111832,32.13124849054533,32.005208333333336,0.06396990774180503,31.87982961806505,32.130587048601626,0.0012929994833288984,0.0006086534781435742,0.00010006058710245597,0.0024859383795553408,0.0020228999785783675,0.0007223368611234142,0.000607145746070765,0.00343865421108597,0.9999602561719206,1.8437034302387025e-05,0.9999241202487062,0.999996392095135
perfect_final_batch_adaptation,single_low,5.0,0.1905,28129.252701436995,52.61904824183409,28026.121261982225,28232.384140891765,27009.222026652733,51.011209281185934,26909.241893653772,27109.202159651693,3.6471161323846353,1.2677835470343057,1.1623060400049545,6.131926224764316,779.375,1.8909300024053006,775.6688452979994,783.0811547020006,78.00670769055755,0.18926091286086347,77.63576311766909,78.37765226344601,67.3776772871981,0.09441137324136775,67.19263439591404,67.56272017848215,100.59292367412212,0.5735048301274936,99.46887486211247,101.71697248613177,25.979166666666668,0.06303100008017666,25.855628176599982,26.102705156733354,65.05208333333333,0.1705065272114198,64.71789668086994,65.38626998579672,0.5169294297489896,0.0029687315795388085,0.5111108227733269,0.5227480367246523,6.494791666666667,0.015757750020044165,6.4639070441499955,6.525676289183338,6.494791666666667,0.015757750020044165,6.4639070441499955,6.525676289183338,0.22287630768730735,0.000540745465316753,0.22181646605048316,0.22393614932413153,842.2209660899763,1.1801421655170972,839.9079299489257,844.5340022310269,25.77528373994588,0.06159381454559097,25.654562081766084,25.896005398125677,100.59292367412212,0.5735048301274936,99.46887486211247,101.71697248613177,6.505208333333333,0.017050652721141982,6.471789668086995,6.538626998579671,32.473958333333336,0.07878875010022081,32.31953522074998,32.628381445916695,2.2519192532637082,0.10790288164684975,2.0404334914077946,2.463405015119622,32.00358197563893,0.06384224735402635,31.87845347013294,32.12871048114492,32.005208333333336,0.06396990774180503,31.87982961806505,32.130587048601626,0.002145362430814491,0.0007457550276672387,0.0006837094352970315,0.0036070154263319505,0.0005190047364126287,0.0002972546044533707,0.0,0.0011016130553799348,0.9999344190568795,2.2744700863878697e-05,0.9998898402623472,0.9999789978514119
perfect_final_batch_adaptation,single_low,9.0,0.1905,29440.029710587016,50.79143595636726,29340.480325389464,29539.579095784567,27947.76792254941,49.58873873119119,27850.575780597508,28044.960064501312,0.8999781468835241,0.49487007117640036,0.0,1.8699056634160418,465.2083333333333,1.428102263917783,462.40930432981435,468.0073623368523,63.69189947081836,0.19552217643170555,63.30868304683334,64.07511589480339,126.02938635505507,0.1762013384378345,125.68403807768915,126.37473463242098,409.99121850929123,1.1176294958646178,407.80070494933693,412.1817320692455,387.6736111111111,1.1900852199314873,385.34108694151195,390.0061352807102,38.767361111111114,0.11900852199314868,38.5341086941512,39.00061352807103,2.1586734930681177,0.0057700215365521475,2.147364458666455,2.1699825274697804,3.8767361111111107,0.011900852199314865,3.8534108694151192,3.900061352807102,3.8767361111111107,0.011900852199314865,3.8534108694151192,3.900061352807102,0.18197685563090962,0.0005586347898048721,0.18088195156238096,0.18307175969943829,1575.3673294381886,2.2025167304729334,1571.0504759711148,1579.6841829052623,45.72990629228375,0.10428087733946448,45.52551952842216,45.93429305614534,409.99121850929123,1.1176294958646178,407.80070494933693,412.1817320692455,3.8767361111111107,0.011900852199314865,3.8534108694151192,3.900061352807102,34.890625,0.10710766979383374,34.68069782473608,35.10055217526392,4.738497085224129,0.19984569689097562,4.346806716852508,5.13018745359575,32.00570002419553,0.06397816183251012,31.880305131206732,32.13109491718432,32.005208333333336,0.06396990774180503,31.87982961806505,32.130587048601626,0.0005293989099314848,0.0002911000418684708,0.0,0.0010999445078917892,0.0010210897721236042,0.000598640979120808,0.0,0.0021944045308701825,0.9999831787376258,9.223458617160878e-06,0.9999651010909232,1.0000012563843284
perfect_final_batch_adaptation,single_low,10.0,0.1905,29902.873159109422,50.82672579364255,29803.25460710179,30002.491711117054,28272.853874408494,49.09835485912912,28176.622867184433,28369.084881632556,0.6695206286350742,0.5582574879908809,0.0,1.7636851991970026,410.4166666666667,1.2701974992210232,407.9271253149406,412.90620801839276,59.582256088514065,0.18440097303125413,59.22083682265866,59.94367535436947,139.46435941837663,0.18302509815991802,139.1056368177163,139.82308201903697,493.1503707876257,1.0971558701944166,490.999984796618,495.30075677863346,492.5,1.524236999065228,489.51255037792873,495.48744962207127,34.23611111111111,0.10718315154407822,34.02603599433522,34.446186227887,2.6518086096947298,0.006952406734868916,2.638182142888513,2.6654350765009465,3.420138888888889,0.0105849791601752,3.3993927109578386,3.440885066819939,3.420138888888889,0.0105849791601752,3.3993927109578386,3.440885066819939,0.17023501739575445,0.0005268599229464398,0.16920239092188188,0.171267643869627,1743.304492729708,2.2878137269989756,1738.8204602214537,1747.7885252379624,50.76819230704283,0.10217381816322832,50.56793530327996,50.9684493108057,493.1503707876257,1.0971558701944166,490.999984796618,495.30075677863346,3.4236111111111107,0.01071831515440782,3.4026035994335215,3.4446186227887,34.20138888888888,0.10584979160175201,33.99392710957837,34.408850668199385,4.023386236611252,0.21427415434061076,3.603416611285878,4.443355861936626,32.00481449766943,0.06396884831563443,31.87943785883828,32.13019113650058,32.005208333333336,0.06396990774180503,31.87982961806505,32.130587048601626,0.0003938356639029849,0.0003283867576416947,0.0,0.00103746188188059,0.0,0.0,0.0,0.0,0.9999877149444968,1.0293191093635086e-05,0.9999675406606673,1.0000078892283264
perfect_final_batch_adaptation,single_average,1.8,0.1905,49500.75032935371,74.82869219093314,49354.08878764925,49647.41187105817,45493.80030277866,68.65185916947053,45359.245131334785,45628.35547422254,7.747395833333333,1.8114371371967666,4.19704428416933,11.297747382497336,3557.5,5.451875767951775,3546.8145198466277,3568.1854801533723,221.19173724061605,0.33897677367063117,220.52735497262603,221.85611950860607,21.11853238998434,0.02488550446257521,21.06975769750058,21.167307082468096,0.0,0.0,0.0,0.0,0.0,0.0,0.0,0.0,199.3923611111111,1.2137985210947264,197.01335972527744,201.77136249694473,0.0,0.0,0.0,0.0,29.645833333333332,0.04543229806626478,29.556787665388566,29.7348790012781,29.645833333333332,0.04543229806626478,29.556787665388566,29.7348790012781,0.6319763921160458,0.0009685050676303746,0.6300781570646458,0.6338746271674459,263.9816548748042,0.3110688057821902,263.3719712187572,264.59133853085115,4.950240179798146,0.010417883224115132,4.929821503883736,4.970658855712556,0.0,0.0,0.0,0.0,19.93923611111111,0.12137985210947262,19.701335972527747,20.177136249694474,53.36249999999999,0.08177813651927664,53.20221779769941,53.52278220230057,0.6964843750000002,0.036646129503977644,0.6246592809994133,0.768309469000587,53.381510416666664,0.08055471099333042,53.223626084334704,53.539394748998625,53.38268229166666,0.08045519996936418,53.22499299735774,53.540371585975585,0.004557291666666666,0.0010655512571745684,0.002468849578923135,0.006645733754410197,0.0033854166666666663,0.0009983281067312715,0.001428729532719315,0.005342103800614018,0.9999146077743285,1.9966453114503893e-05,0.9998754742453251,0.9999537413033319
perfect_final_batch_adaptation,single_average,2.0,0.1905,49055.1088369629,74.08765595274285,48909.89969959653,49200.31797432927,45374.0993923611,68.44822860695498,45239.943329485905,45508.2554552363,9.149305555555555,2.009574157007148,5.210612583559106,13.087998527552005,3202.5,5.035866126494931,3192.629883761105,3212.370116238895,208.17086155936417,0.3273444466042364,207.52927823348068,208.81244488524766,23.324694153534903,0.02928413846479428,23.267298296825622,23.382090010244184,0.0,0.0,0.0,0.0,0.0,0.0,0.0,0.0,237.86458333333334,0.7315293776261712,236.43081209955304,239.29835456711365,0.0,0.0,0.0,0.0,26.6875,0.04196555105412442,26.605249031342538,26.769750968657462,26.6875,0.04196555105412442,26.605249031342538,26.769750968657462,0.5947738901696118,0.0009352698474406741,0.5929407949528018,0.5966069853864218,291.5586769191862,0.3660517308099285,290.8412287103202,292.27612512805223,5.466725005083544,0.010913498924534632,5.4453349402461395,5.488115069920948,0.0,0.0,0.0,0.0,23.786458333333332,0.07315293776261714,23.6430812099553,23.929835456711363,53.375,0.08393110210824883,53.210498062685076,53.539501937314924,0.7999999999999999,0.04142655510314353,0.7188054439942746,0.8811945560057253,53.38129340277778,0.08052732777288821,53.22346274057166,53.539124064983895,53.38268229166666,0.08045519996936418,53.22499299735774,53.540371585975585,0.0053819444444444435,0.0011821024452983223,0.0030650662256230025,0.007698822663265884,0.003993055555555555,0.0011144890071793667,0.0018086972403181948,0.006177413870792916,0.99989918057598,2.214227555937282e-05,0.999855782513348,0.9999425786386121
perfect_final_batch_adaptation,single_average,2.1,0.1905,48771.90246785778,73.69328166348254,48627.466289894786,48916.33864582077,45319.491095631325,68.377052393249,45185.47453557155,45453.5076556911,6.419270833333333,1.640199411457479,3.204539059412881,9.634002607253786,3049.375,4.909535567155594,3039.7524871075566,3058.9975128924434,202.41831151426865,0.32589625737171785,201.7795665871237,203.0570564414136,25.535595434405874,0.030274439205786433,25.476258623910386,25.59493224490136,0.0,0.0,0.0,0.0,0.0,0.0,0.0,0.0,168.66319444444443,0.9923414484031986,166.71824094520784,170.60814794368102,0.0,0.0,0.0,0.0,25.411458333333332,0.04091279639296328,25.331270725896303,25.49164594077036,25.411458333333332,0.04091279639296328,25.331270725896303,25.49164594077036,0.5783380328979102,0.0009311321639191923,0.5765130473917818,0.5801630184040386,319.1949429300734,0.37843049007233037,318.4532327988798,319.936653061267,5.983330638898185,0.011744686033149952,5.96031147726348,6.006349800532889,0.0,0.0,0.0,0.0,16.866319444444443,0.09923414484031984,16.671824094520783,17.060814794368103,53.36406250000001,0.08591687242522288,53.19566852438225,53.53245647561777,0.828515625,0.04403291470316051,0.7422126980474811,0.9148185519525188,53.382161458333336,0.08054183228136902,53.22430236781299,53.54002054885368,53.38268229166666,0.08045519996936418,53.22499299735774,53.540371585975585,0.003776041666666667,0.0009648231832102815,0.0018850229761252252,0.005667060357208109,0.0032552083333333335,0.0009207601582225245,0.0014505515848177838,0.005059865081848883,0.9999289147504014,1.8154690968463045e-05,0.9998933322099527,0.99996449729085
perfect_final_batch_adaptation,single_average,2.25,0.1905,48473.37621116886,73.06621253037538,48330.16906612258,48616.583356215146,45240.01372472214,68.12278016295306,45106.49552907601,45373.531920368274,5.3125,1.584917716743733,2.2061183567228286,8.418881643277171,2847.2916666666665,4.3445608593389835,2838.7764838537196,2855.8068494796134,194.7731339198149,0.2971960140175847,194.19064043599158,195.35562740363824,27.634491415805797,0.03438039411061278,27.567107081574704,27.70187575003689,0.0,0.0,0.0,0.0,0.0,0.0,0.0,0.0,158.35069444444443,0.997195686098621,156.3962268141524,160.30516207473644,0.0,0.0,0.0,0.0,23.727430555555554,0.036204673827824864,23.656470698780996,23.79839041233011,23.727430555555554,0.036204673827824864,23.656470698780996,23.79839041233011,0.5564946683423284,0.0008491314686216693,0.5548304012456904,0.5581589354389664,345.4311426975725,0.42975492638265966,344.58883851968386,346.27344687546116,6.476811204026876,0.013069491287424686,6.451195471807264,6.502426936246488,0.0,0.0,0.0,0.0,15.835069444444443,0.09971956860986207,15.639622681415242,16.030516207473642,53.38671875,0.08146051611260596,53.22705907225725,53.54637842774275,0.9781249999999999,0.047399983397118615,0.8852227396738509,1.071027260326149,53.38072916666667,0.08038113560455831,53.223185035845304,53.53827329748803,53.38268229166666,0.08045519996936418,53.22499299735774,53.540371585975585,0.0031249999999999997,0.0009323045392610192,0.0012977166804251934,0.004952283319574806,0.001171875,0.0005315454630836627,0.00013006503621035628,0.0022136849637896436,0.9999418235865066,1.737666429739397e-05,0.9999077659503123,0.999975881222701
perfect_final_batch_adaptation,single_average,2.4,0.1905,48211.17485871455,72.67691888533679,48068.73071519195,48353.619002237145,45168.78817375366,68.06312000369044,45035.386909871,45302.18943763632,4.869791666666667,1.394458585515776,2.136703061123079,7.602880272210255,2670.8333333333335,4.2496107339782565,2662.504249346421,2679.162417320246,187.99483880570696,0.29912195379266565,187.40857054928807,188.58110706212585,29.799832266293475,0.03500245640055005,29.731228712377963,29.868435820208987,0.0,0.0,0.0,0.0,0.0,0.0,0.0,0.0,148.88888888888889,0.9442391043928567,147.03821425148453,150.73956352629324,0.0,0.0,0.0,0.0,22.256944444444443,0.03541342278315215,22.187535411220175,22.32635347766871,22.256944444444443,0.03541342278315215,22.187535411220175,22.32635347766871,0.5371281108734484,0.0008546341536933292,0.5354530587122516,0.5388031630346451,372.4979033286684,0.4375307050068758,371.64035890472445,373.3554477526123,6.982104394381191,0.01371764476721056,6.9552183046847444,7.008990484077638,0.0,0.0,0.0,0.0,14.888888888888891,0.09442391043928565,14.703821425148455,15.073956352629327,53.416666666666664,0.08499221467956507,53.25008498692842,53.58324834640491,1.1070312500000001,0.0506799609046365,1.0077003518890146,1.2063621481109856,53.38307291666666,0.08044091163384624,53.22541162698076,53.54073420635257,53.38268229166666,0.08045519996936418,53.22499299735774,53.540371585975585,0.002864583333333333,0.0008202697561857506,0.0012568841536018107,0.0044722825130648555,0.0032552083333333335,0.0008434781944024673,0.0016020214505596234,0.004908395216107043,0.999946289561866,1.5373447297103717e-05,0.9999161581588455,0.9999764209648866
perfect_final_batch_adaptation,single_average,3.0,0.1905,47381.97240230088,71.3841960860353,47242.06194890691,47521.88285569486,44913.474461638114,67.5471786271513,44781.084424271605,45045.86449900462,7.3046875,1.821041705521765,3.7355113428319457,10.873863657168055,2135.4166666666665,3.338646507237756,2128.87303975537,2141.960293577963,166.42483756386864,0.26019919733864016,165.91485650827866,166.9348186194586,38.56830385914901,0.04345845047570259,38.48312686139272,38.653480856905304,0.0021950730683457853,0.0015857369563976004,0.0,0.005303060391839243,0.0,0.0,0.0,0.0,120.78125,1.1313492546050423,118.56384620703788,122.99865379296212,1.1019590327056461e-05,7.967011668780436e-06,0.0,2.6634646262276468e-05,17.795138888888886,0.027822054226981304,17.74060866462808,17.84966911314969,17.795138888888886,0.027822054226981304,17.74060866462808,17.84966911314969,0.4754995358967677,0.0007434262781103999,0.47404244716651067,0.4769566246270247,482.10379823936256,0.5432306309462827,481.0390857674089,483.16851071131623,9.036147345849171,0.017673599521739455,9.001507727309377,9.070786964388965,0.0021950730683457853,0.0015857369563976004,0.0,0.005303060391839243,12.078125,0.11313492546050423,11.856384620703787,12.299865379296213,53.385416666666664,0.08346616268094391,53.22182599388425,53.549007339449076,1.3956665251546951,0.06427611295292399,1.2696876587007357,1.5216453916086545,53.38046875,0.08028215299532174,53.22311862152783,53.537818878472166,53.38268229166666,0.08045519996936418,53.22499299735774,53.540371585975585,0.0042968749999999995,0.0010712010032480968,0.002197359613430556,0.006396390386569443,0.0020833333333333333,0.000722946229485407,0.0006663847607829066,0.00350028190588376,0.9999202628797456,1.9875364305874406e-05,0.9998813078815264,0.9999592178779647
perfect_final_batch_adaptation,single_average,4.5,0.1905,46221.631475092254,69.43207769262415,46085.54710344292,46357.71584674159,44465.04854339862,66.77342061677335,44334.175043865194,44595.92204293204,5.095955859369621,1.6695991609171876,1.823601635353639,8.368310083385602,1423.5416666666667,2.458155848889313,1418.7237697344572,1428.3595635988763,135.06913051412153,0.23323586583533878,134.61199661718123,135.52626441106182,59.43697727259161,0.06786127100416825,59.30397162547833,59.56998291970489,2.8089930475598304,0.07861280365930914,2.654914783663866,2.9630713114557947,11.862847222222223,0.02048463207407761,11.822698081120476,11.90299636332397,118.76736111111113,0.2065035935370631,118.36262150510039,119.17210071712186,0.014143502663027772,0.0003964218499859208,0.013366530114370627,0.014920475211684917,11.862847222222223,0.02048463207407761,11.822698081120476,11.90299636332397,11.862847222222223,0.02048463207407761,11.822698081120476,11.90299636332397,0.3859118014689187,0.0006663881881009684,0.38460570462051785,0.3872178983173195,742.9622159073951,0.8482658875521032,741.2996453184792,744.6247864963111,13.9354859793565,0.024908151785607853,13.886666898935252,13.984305059777748,2.8089930475598304,0.07861280365930914,2.654914783663866,2.9630713114557947,11.876736111111112,0.0206503593537063,11.836262150510038,11.917210071712187,53.3828125,0.09218084433334922,53.202141365042145,53.563483634957855,2.0686097560231618,0.1016605273106768,1.8693587838448846,2.267860728201439,53.380154554811725,0.08040923573855764,53.22255534873976,53.53775376088369,53.38268229166666,0.08045519996936418,53.22499299735774,53.540371585975585,0.002997621093746836,0.0009821171534806984,0.0010727068443256705,0.004922535343168001,0.00046988423880606135,0.00033310662886839524,0.0,0.0011227612343996662,0.9999442203092976,1.8255641262895246e-05,0.9999084399099076,0.9999800007086876
perfect_final_batch_adaptation,single_average,5.0,0.1905,46015.069776649354,68.53876766989164,45880.73626047161,46149.4032928271,44374.742126744335,66.35720041456695,44244.68440381688,44504.79984967179,2.598028540089032,1.2079246708955582,0.23053968909634026,4.965517391081724,1283.5416666666667,2.1656406988271444,1279.2970888935113,1287.7862444398222,128.46814383360731,0.2167563765275819,128.04330914219386,128.89297852502077,66.75438569104786,0.06617807949696711,66.62467903866778,66.88409234342794,9.253619618046075,0.1528333175639501,8.95407181998296,9.55316741610919,42.78472222222222,0.07218802329423823,42.643236296450375,42.92620814799407,106.92708333333333,0.1807496537488461,106.57282052176751,107.28134614489915,0.04665271934838531,0.00077355170794171,0.04513658586064011,0.04816885283613051,10.696180555555555,0.01804700582355956,10.660809074112594,10.731552036998517,10.696180555555555,0.01804700582355956,10.660809074112594,10.731552036998517,0.36705183952459236,0.0006193039329359481,0.3658380261205539,0.36826565292863084,834.4298211380983,0.8272259937120887,832.8084879833473,836.0511542928493,15.597647293600957,0.02984395843879406,15.53915420990481,15.656140377297104,9.253619618046075,0.1528333175639501,8.95407181998296,9.55316741610919,10.692708333333334,0.01807496537488462,10.657282052176752,10.728134614489916,53.48090277777778,0.09023502911779774,53.304045370562974,53.65776018499258,2.4682066859455265,0.09505794495106683,2.2818965373970443,2.6545168344940087,53.38285021190578,0.08045094436008066,53.22516925843779,53.54053116537378,53.38268229166666,0.08045519996936418,53.22499299735774,53.540371585975585,0.0015282520824053127,0.0007105439240562107,0.00013561158182137656,0.002920892582989249,0.0016961723215251727,0.000721510708630598,0.00028203731814922806,0.0031103073249011174,0.9999715132084844,1.3266012109520412e-05,0.9999455123025313,0.9999975141144376
perfect_final_batch_adaptation,single_average,9.0,0.1905,46441.86011084769,64.67805065631569,46315.09346097105,46568.62676072432,44601.577275695534,63.33582671789563,44477.44133639739,44725.71321499368,1.873700029523108,1.0887842179117733,0.0,4.007677883565794,726.4583333333334,1.5348595058617411,723.4500639805154,729.4666026861513,99.45976419827304,0.21013836241649986,99.04790057616647,99.8716278203796,125.90666265916597,0.13545145849419082,125.64118267886394,126.172142639468,220.7336804874108,0.7682504871978253,219.2279372013977,222.23942377342388,605.3819444444443,1.279049588218116,602.8750533170961,607.8888355717926,60.46875,0.13393181767028958,60.206248460982245,60.731251539017755,1.1392668325391846,0.003915230725896411,1.131593121325263,1.1469405437531062,6.053819444444444,0.012790495882181176,6.028750533170961,6.078888355717926,6.053819444444444,0.012790495882181176,6.028750533170961,6.078888355717926,0.28417075485220866,0.0006003953211899997,0.28299400164618993,0.2853475080582274,1573.8332832395745,1.6931432311773869,1570.514783485799,1577.15178299335,28.515949229655032,0.04887494230914396,28.420156102982638,28.611742356327426,220.7336804874108,0.7682504871978253,219.2279372013977,222.23942377342388,6.046875,0.013393181767028967,6.020624846098225,6.073125153901775,54.484375,0.11511446293963058,54.258754798538654,54.709995201461346,4.233479231297411,0.19003747007331626,3.8610126342406033,4.605945828354219,53.383332243307144,0.0803267178575215,53.225894769310095,53.540769717304194,53.38268229166666,0.08045519996936418,53.22499299735774,53.540371585975585,0.0011021764879547693,0.0006404613046539843,0.0,0.002357457578568114,0.0017521281284403768,0.0006709629613952881,0.0004370648891452733,0.0030671913677354804,0.9999796659757861,1.1758610694229049e-05,0.9999566195223172,1.000002712429255
perfect_final_batch_adaptation,single_average,10.0,0.1905,46847.56093038375,64.79434502064133,46720.56634774143,46974.55551302607,44809.015446039535,62.80642088506499,44685.91712310694,44932.11376897213,2.4506485545916634,1.1188379725133746,0.2577664239296342,4.643530685253692,658.125,1.470746225216228,655.242390368178,661.007609631822,95.54332334193698,0.21351564239280885,95.12484037271115,95.96180631116282,139.977369252428,0.13439628158787267,139.71395738085965,140.24078112399633,297.7512265285884,0.888344649478597,296.0101030097515,299.4923500474253,789.75,1.7648954702594737,786.2908684418136,793.2091315581864,54.947916666666664,0.12302483137822583,54.706792427961226,55.1890409053721,1.54526817211976,0.004862373173408634,1.5357380958204854,1.5547982484190348,5.484375,0.012256218543468556,5.46035325306815,5.50839674693185,5.484375,0.012256218543468556,5.46035325306815,5.50839674693185,0.2729809238341057,0.0006100446925508825,0.2717852582077462,0.27417658946046525,1749.7171156553497,1.679953519848409,1746.4244672607456,1753.009764049954,31.76744006257194,0.05292493851707848,31.66370908919447,31.87117103594941,297.7512265285884,0.888344649478597,296.0101030097515,299.4923500474253,5.494791666666667,0.012302483137822564,5.470679242796123,5.518904090537211,54.84375,0.12256218543468574,54.6035325306815,55.0839674693185,4.872461461449689,0.20958900661872393,4.461674556921463,5.283248365977914,53.38124073369338,0.08047257763966653,53.22351737977653,53.53896408761023,53.38268229166666,0.08045519996936418,53.22499299735774,53.540371585975585,0.0014415579732892138,0.0006581399838313969,0.00015162730819390235,0.002731488638384525,0.0,0.0,0.0,0.0,0.9999729104318654,1.2303154500842788e-05,0.9999487966921475,0.9999970241715833
perfect_final_batch_adaptation,two_person_low,1.8,0.15475,69268.60347378736,108.47923657970294,69055.98807702074,69481.21887055397,63631.39737546341,99.69759236593629,63435.99368508082,63826.801065846004,13.28125,2.7473998719501678,7.896445199847715,18.666054800152285,4977.708333333333,7.841608802200485,4962.3390625001675,4993.0776041664985,309.4948569858304,0.48756122943641045,308.5392545358769,310.45045943578384,18.73554689367922,0.025200472292870483,18.686154875591797,18.784938911766645,0.0,0.0,0.0,0.0,0.0,0.0,0.0,0.0,317.9861111111111,1.1978804395041471,315.63830859189795,320.3339136303242,0.0,0.0,0.0,0.0,41.48090277777778,0.06534674001833737,41.352825520834735,41.60898003472082,41.48090277777778,0.06534674001833737,41.352825520834735,41.60898003472082,0.8842710199595153,0.0013930320841040302,0.8815407272453626,0.887001312673668,234.19433617099025,0.31500590366088116,233.57693594489743,234.81173639708308,3.1388636233723086,0.006338986200846903,3.126439438720152,3.151287808024465,0.0,0.0,0.0,0.0,31.79861111111111,0.11978804395041467,31.563830859189796,32.03339136303242,74.66562499999999,0.11762413203300723,74.4350859375025,74.89616406249748,0.6687500000000001,0.037341506249818524,0.5955619926218785,0.7419380073781217,74.66380208333334,0.11698315001118423,74.43451932251337,74.89308484415331,74.66562499999999,0.11708534305287652,74.43614194449884,74.89510805550114,0.0078125,0.0016161175717353928,0.004644967764616302,0.010980032235383698,0.005989583333333333,0.0013247910859564272,0.0033930405178190285,0.008586126148847637,0.9998955347411056,2.1542701728626797e-05,0.9998533118215878,0.9999377576606234
perfect_final_batch_adaptation,two_person_low,2.0,0.15475,68615.35683044766,107.4775029799837,68404.7047954586,68826.00886543673,63466.888020833336,99.57605126709731,63271.72254662711,63662.05349503956,15.421006944444443,3.07474249892969,9.394622384807565,21.44739150408132,4477.5,6.988053880241538,4463.803666072701,4491.196333927299,291.04919051742485,0.45424174765749786,290.15889305174164,291.93948798310805,21.00902881911891,0.025946218043776764,20.958175166218084,21.059882472019737,0.0,0.0,0.0,0.0,0.0,0.0,0.0,0.0,343.4895833333333,0.8338018834379107,341.85536167155334,345.1238049951133,0.0,0.0,0.0,0.0,37.3125,0.05823378233534615,37.19836388393918,37.42663611606082,37.3125,0.05823378233534615,37.19836388393918,37.42663611606082,0.8315691157640709,0.0012978335647357087,0.8290254087192617,0.8341128228088801,262.61286023898634,0.3243277255472094,261.977189577726,263.2485309002467,3.5193635441906275,0.007931453347170731,3.503818181285113,3.534908907096142,0.0,0.0,0.0,0.0,34.348958333333336,0.08338018834379107,34.18553616715534,34.51238049951133,74.625,0.1164675646706923,74.39672776787836,74.85327223212164,0.637109375,0.03628173849154915,0.565998474260063,0.708220275739937,74.66692708333333,0.1171482956083498,74.43732064309071,74.89653352357595,74.66562499999999,0.11708534305287652,74.43614194449884,74.89510805550114,0.009071180555555556,0.0018086720581939352,0.0055262484616515105,0.012616112649459603,0.010373263888888888,0.002030626354712013,0.006393309367595486,0.014353218410182292,0.9998784598247233,2.4281950841697865e-05,0.9998308680755993,0.9999260515738474
perfect_final_batch_adaptation,two_person_low,2.1,0.15475,68243.87402504569,106.58542067938687,68034.97043923705,68452.77761085433,63387.04209782771,99.233701987917,63192.547615878815,63581.536579776606,13.723958333333334,2.993866757168191,7.856087314771956,19.591829351894713,4265.416666666667,6.6398210575704635,4252.402856530039,4278.430476803295,283.13947598163116,0.440753061604525,282.27561585481055,284.0033361084518,23.058770680803377,0.030172377013314013,22.99963390852932,23.117907453077436,0.0,0.0,0.0,0.0,0.0,0.0,0.0,0.0,271.49305555555554,1.1600461363981034,269.2194069078104,273.76670420330066,0.0,0.0,0.0,0.0,35.545138888888886,0.05533184214642051,35.436690471083644,35.65358730669413,35.545138888888886,0.05533184214642051,35.436690471083644,35.65358730669413,0.8089699313760893,0.001259294461727213,0.8065017595851732,0.8114381031670054,288.23463351004216,0.37715471266642475,287.4954238566164,288.9738431634679,3.8621916973565646,0.007984628091091434,3.8465421138680784,3.877841280845051,0.0,0.0,0.0,0.0,27.149305555555554,0.11600461363981035,26.921940690781042,27.376670420330065,74.64479166666666,0.11619686850748312,74.41704998927565,74.87253334405767,0.7101562499999999,0.03697234404621817,0.6376917872453884,0.7826207127546114,74.6640625,0.11688810649812802,74.43496602104258,74.89315897895742,74.66562499999999,0.11708534305287652,74.43614194449884,74.89510805550114,0.008072916666666667,0.0017610980924518769,0.0046212278322187985,0.011524605501114536,0.006510416666666667,0.0013752873248769264,0.0038149030415134547,0.009205930291819878,0.999891829072514,2.3555838727297576e-05,0.9998456604769829,0.999937997668045
perfect_final_batch_adaptation,two_person_low,2.25,0.15475,67825.0657344248,106.56295999758134,67616.20617074356,68033.92529810604,63278.46003585672,99.43990216860232,63083.56140898007,63473.358662733364,12.174479166666666,2.8355760469426867,6.616852239234542,17.73210609409879,3983.125,6.413704666414959,3970.5543698463503,3995.6956301536497,272.47146757978646,0.438738810125569,271.61155531332037,273.33137984625256,25.15419626607134,0.029572067456685256,25.09623607890785,25.212156453234833,0.0,0.0,0.0,0.0,0.0,0.0,0.0,0.0,253.68055555555557,1.101972581432119,251.520728983998,255.84038212711314,0.0,0.0,0.0,0.0,33.192708333333336,0.05344753888679132,33.08795308205292,33.29746358461375,33.192708333333336,0.05344753888679132,33.08795308205292,33.29746358461375,0.7784899073708186,0.0012535394575016268,0.7760330151809155,0.7809467995607217,314.4274533258917,0.36965084320856584,313.702950986348,315.15195566543537,4.213411263651913,0.008890003177320705,4.195987177601919,4.230835349701908,0.0,0.0,0.0,0.0,25.368055555555554,0.11019725814321195,25.152072898399794,25.584038212711313,74.68359375,0.12025696249528049,74.44789443461907,74.91929306538093,0.9152343749999999,0.046076440908250665,0.8249262102840407,1.0055425397159592,74.66510416666665,0.11733361794099664,74.43513450132652,74.89507383200679,74.66562499999999,0.11708534305287652,74.43614194449884,74.89510805550114,0.007161458333333333,0.0016679859099662858,0.0038922660230791438,0.010430650643587523,0.006640625,0.0014967806778569137,0.003706988778645,0.009574261221355,0.9999038638759797,2.241140717585394e-05,0.9998599383250723,0.9999477894268872
perfect_final_batch_adaptation,two_person_low,2.4,0.15475,67448.74039638981,105.79270005057795,67241.39051446343,67656.09027831619,63175.06950501644,99.14785232840711,62980.74328530827,63369.395724724614,12.174479166666666,2.9211356544821587,6.449158489925796,17.899799843407536,3732.9166666666665,6.017641192898499,3721.122306656701,3744.711026676632,262.7528488081635,0.423570228786097,261.92266641481933,263.58303120150765,27.3720356207679,0.033252654711343914,27.30686161514332,27.43720962639248,0.0,0.0,0.0,0.0,0.0,0.0,0.0,0.0,238.4548611111111,1.0853262857743833,236.32766067951866,240.5820615427035,0.0,0.0,0.0,0.0,31.107638888888886,0.05014700994082083,31.009352555472503,31.205925222305268,31.107638888888886,0.05014700994082083,31.009352555472503,31.205925222305268,0.7507224251661816,0.0012102006536745644,0.7483504754709126,0.7530943748614506,342.1504452595987,0.415658183891799,341.33577018929145,342.965120329906,4.58573496826195,0.00911009766799814,4.567879504937031,4.603590431586869,0.0,0.0,0.0,0.0,23.84548611111111,0.10853262857743837,23.63276606795187,24.05820615427035,74.65833333333332,0.12035282385796998,74.422446133134,74.89422053353263,0.910546875,0.04870165230717404,0.8150933904903468,1.0060003595096532,74.66393229166665,0.11717863693880919,74.4342663835091,74.89359819982421,74.66562499999999,0.11708534305287652,74.43614194449884,74.89510805550114,0.007161458333333333,0.001718315090871858,0.0037936226411328213,0.010529294025533844,0.005468749999999999,0.0012845127761523451,0.002951151221059842,0.007986348778940156,0.9999037785347665,2.3086461872735904e-05,0.9998585299009655,0.9999490271685676
perfect_final_batch_adaptation,two_person_low,3.0,0.15475,66274.85307651642,103.80984248663363,66071.38952400185,66478.31662903099,62823.32869513505,98.3576676853636,62630.55120886838,63016.10618140172,5.533854166666667,1.686467753156474,2.2284381093917918,8.839270223941542,2986.4583333333335,4.7124782910266365,2977.2220456049945,2995.6946210616725,232.75122404663975,0.36726951060637614,232.0313890332316,233.4710590600479,36.034442056952706,0.044149738456561956,35.94791015965098,36.12097395425443,0.0,0.0,0.0,0.0,0.0,0.0,0.0,0.0,190.7465277777778,0.9548809427312831,188.87499552050082,192.61806003505478,0.0,0.0,0.0,0.0,24.887152777777775,0.03927065242522197,24.81018371337495,24.9641218421806,24.887152777777775,0.03927065242522197,24.81018371337495,24.9641218421806,0.6650034972761135,0.0010493414588753586,0.6629468258092331,0.6670601687429939,450.43052571190884,0.5518717307070243,449.3488769956373,451.5121744281804,6.036683313657036,0.013038100554988222,6.011129106142448,6.062237521171625,0.0,0.0,0.0,0.0,19.074652777777775,0.09548809427312832,18.887499552050077,19.261806003505473,74.66145833333333,0.11781195727566592,74.43055114012485,74.89236552654181,1.2863281249999998,0.061542842331124385,1.165706370524769,1.4069498794752306,74.66666666666667,0.11689987365700552,74.43754712450166,74.89578620883168,74.66562499999999,0.11708534305287652,74.43614194449884,74.89510805550114,0.0032552083333333335,0.000992039854797926,0.0013108459467010539,0.005199570719965613,0.0042968749999999995,0.001301094465252165,0.0017467767076213554,0.006846973292378643,0.9999567087810123,1.3174367194929617e-05,0.9999308874957911,0.9999825300662335
perfect_final_batch_adaptation,two_person_low,4.5,0.15475,64556.44419374671,101.26251287108867,64357.97331553535,64754.91507195807,62178.72971507669,97.57404993663704,61987.48809137517,62369.97133877821,6.419426365988033,2.0655715208587453,2.3709805776132677,10.467872154362798,1990.4166666666667,3.361438019861871,1983.8283692114737,1997.0049641218598,188.8556231423851,0.31894149728893556,188.2305092945235,189.4807369902467,57.725744563195086,0.058274218334658665,57.61152919403193,57.83995993235824,0.008823487334315832,0.002511267603250429,0.0039014932764027694,0.013745481392228894,0.0,0.0,0.0,0.0,134.28819444444443,1.1835453182931317,131.9684882465189,136.60790064236997,4.424734147877486e-05,1.2600709629763788e-05,1.95504044247908e-05,6.894427853275892e-05,16.586805555555554,0.028011983498848914,16.53190307676228,16.641708034348827,16.586805555555554,0.028011983498848914,16.53190307676228,16.641708034348827,0.5395874946925288,0.0009112614208255294,0.5378014551272099,0.5413735342578476,721.5718070399383,0.7284277291832337,720.1441149253989,722.9994991544778,9.66720051672167,0.019283028544345344,9.629406475261895,9.704994558181443,0.008823487334315832,0.002511267603250429,0.0039014932764027694,0.013745481392228894,13.428819444444443,0.11835453182931319,13.19684882465189,13.660790064236997,74.640625,0.12605392574482013,74.39356384543026,74.88768615456974,1.9829933857932354,0.08866738289532575,1.809208508714974,2.1567782628714967,74.66510818134873,0.11716734240793478,74.43546441006491,74.89475195263255,74.66562499999999,0.11708534305287652,74.43614194449884,74.89510805550114,0.0037761331564635492,0.0012150420710933796,0.0013946944574195694,0.006157571855507529,0.0032593145051957634,0.0011076647894207503,0.00108833141098795,0.005430297599403577,0.9999493131086474,1.632065798297898e-05,0.9999173252067968,0.9999813010104981
perfect_final_batch_adaptation,two_person_low,5.0,0.15475,64198.941951615474,100.2920223666955,64002.37319984006,64395.510703390886,62012.37089542314,97.2290942705961,61821.80537240332,62202.93641844296,4.552975391186005,1.5584366047448996,1.4984957736971185,7.607455008674892,1793.125,2.88922990307275,1787.4622134469212,1798.7877865530788,179.47172763769814,0.28917955092197395,178.90494613282561,180.03850914257066,64.3647390618843,0.07602957236572852,64.21572383828749,64.5137542854811,0.07397521267920698,0.009935668034538188,0.05450166116916627,0.09344876418924769,0.0,0.0,0.0,0.0,144.98263888888889,0.44446084800571656,144.11151163425956,145.85376614351821,0.00037217398812657053,4.9968992458820956e-05,0.0002742365625635279,0.00047011141368961316,14.942708333333334,0.024076915858939587,14.89551844539101,14.989898221275658,14.942708333333334,0.024076915858939587,14.89551844539101,14.989898221275658,0.5127763646791376,0.0008262272883484978,0.5111569889509303,0.5143957404073448,804.5592382735537,0.9503696545716066,802.6965479785936,806.4219285685137,10.788932158794603,0.022486663933492235,10.744859107352502,10.833005210236704,0.07397521267920698,0.009935668034538188,0.05450166116916627,0.09344876418924769,14.498263888888891,0.04444608480057165,14.411151163425957,14.585376614351825,74.71354166666666,0.12038457929469794,74.47759222695504,74.94949110637828,2.277722304904326,0.10607212471992719,2.069824760689628,2.4856198491190242,74.66575530608877,0.11707513615079289,74.43629225574809,74.89521835642945,74.66562499999999,0.11708534305287652,74.43614194449884,74.89510805550114,0.0026782208183447095,0.0009167274145558234,0.0008814681021747761,0.004474973534514643,0.0028085269071232498,0.0010025007016595342,0.0008436616373944292,0.004773392176852071,0.9999641335949999,1.2338782939232223e-05,0.9999399500248259,0.9999883171651739
perfect_final_batch_adaptation,two_person_low,9.0,0.15475,63150.57070658806,95.26736519697758,62963.85010189996,63337.29131127617,61424.70175987896,93.58678273477065,61241.27503628984,61608.128483468085,3.6936508474200216,1.2890514258956416,1.1671564784445616,6.220145216395482,997.5,1.8119488991865984,993.9486454157673,1001.0513545842327,136.56821077755413,0.24807480619776665,136.08199309193475,137.0544284631735,122.52656908710674,0.1297190409060679,122.27232443882177,122.7808137353917,83.10134933034603,0.6102892103373758,81.90520445793138,84.29749420276067,299.25,0.5435846697559795,298.18459362473016,300.31540637526984,83.22916666666667,0.14750660597900742,82.94005903146608,83.51827430186727,0.4227057703583769,0.0031249075199782433,0.4165810641642012,0.42883047655255263,8.312499999999998,0.015099574159888305,8.282905378464726,8.34209462153527,8.312499999999998,0.015099574159888305,8.282905378464726,8.34209462153527,0.3901948879358688,0.0007087851605650483,0.3888056945483849,0.39158408132335276,1531.5821135888343,1.6214880113258494,1528.4040554852722,1534.7601716923964,20.349896079531174,0.03773738536873578,20.275932163337743,20.423859995724605,83.10134933034603,0.6102892103373758,81.90520445793138,84.29749420276067,8.322916666666664,0.014750660597900743,8.294005903146605,8.351827430186724,74.8125,0.13589616743899488,74.54614840618254,75.07885159381746,4.1282455236412225,0.1873637757342151,3.761019271194721,4.495471776087724,74.6650958718558,0.11705564784211073,74.43567101789826,74.89452072581334,74.66562499999999,0.11708534305287652,74.43614194449884,74.89510805550114,0.0021727357926000124,0.0007582655446444951,0.0006865626343791535,0.0036589089508208715,0.0016436076484104584,0.0008863913266262114,0.0,0.0033809027248065124,0.9999709147487682,1.0121113257990553e-05,0.9999510777312991,0.9999907517662373
perfect_final_batch_adaptation,two_person_low,10.0,0.15475,63362.75346860926,94.42229915053696,63177.689162936746,63547.81777428178,61487.153720064765,92.64619801580506,61305.57050864922,61668.73693148031,5.075888677764657,1.9600538377538737,1.23425374800755,8.917523607521764,905.0,1.709740088225245,901.6489710041542,908.3510289958458,131.38341139518022,0.24821158606644103,130.89692562594442,131.86989716441602,137.345089641365,0.14503478269912956,137.06082669076912,137.6293525919609,138.57313660795668,0.7764662010712313,137.05129081864445,140.09498239726892,482.6666666666667,0.9118613803867969,480.8794512022156,484.4538821311178,75.55555555555554,0.1442395736901566,75.27285118597743,75.83825992513366,0.7071963331850307,0.004076510320244964,0.6992065197747448,0.7151861465953167,7.541666666666667,0.014247834068543701,7.513741425034619,7.569591908298715,7.541666666666667,0.014247834068543701,7.513741425034619,7.569591908298715,0.37538117541480065,0.0007091759601898318,0.37399121607412694,0.37677113475547436,1716.8136205170629,1.8129347837391196,1713.2603336346142,1720.3669073995115,22.74297099548326,0.04228991692753971,22.66008428139609,22.825857709570432,138.57313660795668,0.7764662010712313,137.05129081864445,140.09498239726892,7.5555555555555545,0.014423957369015666,7.527285118597742,7.583825992513367,75.41666666666666,0.14247834068543697,75.13741425034617,75.69591908298715,4.729621273488751,0.21236048253154674,4.313402375987372,5.145840170990129,74.66323220178829,0.11701407821101596,74.43388882281054,74.89257558076604,74.66562499999999,0.11708534305287652,74.43614194449884,74.89510805550114,0.002985816869273328,0.001152972845737573,0.0007260316164750293,0.0052456021220716265,0.0005930186575696632,0.0005656288973276099,0.0,0.0017016309249468825,0.9999601944744744,1.5369244925322822e-05,0.9999300713079512,0.9999903176409976
perfect_final_batch_adaptation,two_person_average,1.8,0.15475,98919.44235444443,140.34337869092192,98644.37438674156,99194.5103221473,90866.08997958094,128.98752173047347,90613.27908253414,91118.90087662774,16.822916666666668,3.0423157246660035,10.860087416721425,22.78574591661191,7108.333333333333,10.278976550688801,7088.186909496051,7128.479757170615,441.9689666578718,0.6391074294595681,440.7163391138791,443.22159420186455,17.80701931674345,0.021252735994482744,17.765364719621324,17.848673913865575,0.0,0.0,0.0,0.0,0.0,0.0,0.0,0.0,468.42013888888886,1.4224284192902263,465.63223041649377,471.20804736128395,0.0,0.0,0.0,0.0,59.236111111111114,0.08565813792240667,59.06822424580043,59.4039979764218,59.236111111111114,0.08565813792240667,59.06822424580043,59.4039979764218,1.2627684761653482,0.0018260212270273365,1.259189540325369,1.2663474120053273,222.58774145929314,0.2656591999310342,222.0670589952666,223.1084239233197,2.088009765631296,0.003660332887066399,2.0808356450012186,2.0951838862613736,0.0,0.0,0.0,0.0,46.842013888888886,0.14224284192902267,46.56322304164938,47.12080473612839,106.625,0.154184648260332,106.32280364244077,106.92719635755923,0.623046875,0.034520166894099966,0.5553885911472521,0.6907051588527479,106.62044270833333,0.1513513641210302,106.3237994856451,106.91708593102156,106.62265624999999,0.15137499210196678,106.3259667173201,106.91934578267988,0.009895833333333333,0.0017895974850976489,0.0063882867157184844,0.013403379950948181,0.007682291666666666,0.0016350926660606182,0.004477568929802277,0.010887014403531056,0.9999068756076674,1.6865017427222492e-05,0.9998738207809115,0.9999399304344234
perfect_final_batch_adaptation,two_person_average,2.0,0.15475,97977.56246587327,138.9764809179189,97705.17356857604,98249.9513631705,90630.10633680555,128.54442887876877,90378.1638857899,90882.0487878212,15.9375,3.2558559928712585,9.556139515123434,22.318860484876566,6399.375,9.145310180547694,6381.450521418679,6417.299478581321,415.9760834321487,0.5944690396603393,414.8109455244903,417.1412213398071,19.98699008000943,0.022695067247131273,19.94250856557834,20.03147159444052,0.0,0.0,0.0,0.0,0.0,0.0,0.0,0.0,496.1805555555555,0.9831077419093922,494.25369978849056,498.1074113226204,0.0,0.0,0.0,0.0,53.328125,0.0762109181712308,53.17875434515566,53.47749565484434,53.328125,0.0762109181712308,53.17875434515566,53.47749565484434,1.1885030955204245,0.0016984829704581113,1.185174130069972,1.191832060970877,249.83737600011787,0.28368834058914083,249.2813570697292,250.39339493050653,2.343426863297561,0.004253717027014201,2.3350897311241883,2.3517639954709337,0.0,0.0,0.0,0.0,49.61805555555555,0.09831077419093925,49.42536997884906,49.81074113226204,106.65625,0.1524218363424616,106.35750869031132,106.95499130968868,0.7433593749999999,0.03785090986625046,0.6691729548800772,0.8175457951199226,106.6236545138889,0.15122873985737495,106.32725163034107,106.92005739743672,106.62265624999999,0.15137499210196678,106.3259667173201,106.91934578267988,0.009375,0.0019152094075713284,0.005621258538307902,0.013128741461692097,0.010373263888888888,0.002012829889056305,0.006428189799332778,0.014318337978444999,0.9999121533406461,1.7991069301227582e-05,0.9998768914927724,0.9999474151885198
perfect_final_batch_adaptation,two_person_average,2.1,0.15475,97455.20690708619,138.55038293747484,97183.6531464845,97726.76066768788,90518.60186123487,128.75820526954652,90266.24041619254,90770.9633062772,14.166666666666666,2.8822806300407877,8.517500438449307,19.815832894884025,6093.541666666667,8.854542005184816,6076.187083236908,6110.896250096426,404.490892497154,0.5877668184207179,403.3388907017417,405.64289429256627,21.975264465290284,0.02730514268161778,21.921747369041586,22.02878156153898,0.0,0.0,0.0,0.0,0.0,0.0,0.0,0.0,402.4305555555555,1.2636107768604385,399.95392394243237,404.9071871686786,0.0,0.0,0.0,0.0,50.779513888888886,0.07378785004320677,50.63489236030756,50.92413541747021,50.779513888888886,0.07378785004320677,50.63489236030756,50.92413541747021,1.1556882642775825,0.0016793337669163341,1.1523968305764045,1.1589796979787605,274.69080581612855,0.34131428352022236,274.02184211301983,275.35976951923726,2.5780090979604537,0.005238031460887755,2.567742744947226,2.5882754509736814,0.0,0.0,0.0,0.0,40.24305555555555,0.12636107768604388,39.99539239424324,40.49071871686786,106.63697916666666,0.15495448509073423,106.33327395664587,106.94068437668746,0.819921875,0.04319508267907067,0.7352610686397916,0.9045826813602085,106.62252604166666,0.1516652357874057,106.32526764181657,106.91978444151675,106.62265624999999,0.15137499210196678,106.3259667173201,106.91934578267988,0.008333333333333333,0.00169545919414164,0.005010294375558416,0.01165637229110825,0.008203124999999999,0.0017236791972548384,0.004824775852479604,0.011581474147520393,0.999921463607632,1.6011486797800766e-05,0.9998900816701694,0.9999528455450947
perfect_final_batch_adaptation,two_person_average,2.25,0.15475,96849.33295115118,137.3834263175449,96580.06638349609,97118.59951880628,90363.16554319281,128.31935186061565,90111.66423502647,90614.66685135914,12.838541666666666,2.8806781264005963,7.192516287869176,18.484567045464157,5687.708333333333,8.28134689786023,5671.477191670045,5703.939474996621,389.075973450272,0.5664975974385168,387.965658561964,390.18628833857997,24.200809508117434,0.029372039951131194,24.143241367660746,24.258377648574122,0.0,0.0,0.0,0.0,0.0,0.0,0.0,0.0,372.34375,1.392093248538345,369.6152973697435,375.0722026302565,0.0,0.0,0.0,0.0,47.397569444444436,0.06901122414883525,47.2623099305837,47.532828958305174,47.397569444444436,0.06901122414883525,47.2623099305837,47.532828958305174,1.1116456384293487,0.0016185645641100454,1.1084733101770403,1.1148179666816571,302.51011885146795,0.3671504993891399,301.79051709575936,303.22972060717655,2.837610485876516,0.005783813714858753,2.8262744193021043,2.848946552450928,0.0,0.0,0.0,0.0,37.234375,0.13920932485383453,36.96152973697435,37.50722026302565,106.64453125,0.1552752543348793,106.34019734381334,106.94886515618666,0.8785156249999999,0.042621557744710034,0.7949789068553741,0.9620523431446257,106.62356770833333,0.15140978095615726,106.32680999075215,106.9203254259145,106.62265624999999,0.15137499210196678,106.3259667173201,106.91934578267988,0.007552083333333333,0.001694516544941527,0.0042308919340406925,0.010873274732625974,0.008463541666666666,0.0016667082084018971,0.005196853605461669,0.011730229727871664,0.9999286417500947,1.6049960511854744e-05,0.9998971844055381,0.9999600990946512
perfect_final_batch_adaptation,two_person_average,2.4,0.15475,96315.68248109771,136.83364395489343,96047.49346707274,96583.87149512269,90215.17457459768,127.91005179731245,89964.4754798143,90465.87366938106,17.044270833333332,3.2323042111071896,10.709070992486089,23.379470674180574,5331.041666666667,7.721058078807062,5315.908670909663,5346.174662423671,375.24180422770934,0.5434704782283312,374.17662166372105,376.3069867916976,26.312109216771386,0.030732800277199886,26.25187403508401,26.37234439845876,0.0,0.0,0.0,0.0,0.0,0.0,0.0,0.0,350.8680555555555,1.0993660757244974,348.7133376413103,353.02277346980065,0.0,0.0,0.0,0.0,44.42534722222222,0.06434215065672552,44.29923892424719,44.55145552019725,44.42534722222222,0.06434215065672552,44.29923892424719,44.55145552019725,1.0721194406505983,0.0015527727949380889,1.069076061896346,1.0751628194048506,328.9013652096423,0.38416000346499846,328.1484254385501,329.6543049807345,3.0855832515172863,0.005721395087811476,3.0743695232038513,3.0967969798307213,0.0,0.0,0.0,0.0,35.08680555555555,0.10993660757244975,34.87133376413104,35.30227734698006,106.62083333333334,0.1544211615761413,106.31817341819325,106.92349324847342,0.8515625,0.046024544006588466,0.7613560513422079,0.9417689486577921,106.62148437500001,0.15117145927413284,106.32519375933235,106.91777499066767,106.62265624999999,0.15137499210196678,106.3259667173201,106.91934578267988,0.010026041666666666,0.0019013554182983469,0.0062994535249918165,0.013752629808341514,0.008854166666666665,0.0016916854457386648,0.005538524119848294,0.012169809213485035,0.9999065497728288,1.7707845433609183e-05,0.9998718430335352,0.9999412565121224
perfect_final_batch_adaptation,two_person_average,3.0,0.15475,94632.11306968803,134.2584141542057,94368.97141332433,94895.25472605173,89709.15854960003,127.37563868839982,89459.50688526298,89958.81021393709,10.625,2.6259451468919086,5.4782420867141175,15.771757913285882,4264.791666666667,6.115685180015299,4252.805143973052,4276.778189360282,332.37881461170286,0.47662918837501095,331.4446385685073,333.31299065489844,34.933344365182194,0.0378427354425007,34.859173966638416,35.00751476372597,0.0,0.0,0.0,0.0,0.0,0.0,0.0,0.0,280.2256944444444,1.0792197979135145,278.1104625091313,282.3409263797575,0.0,0.0,0.0,0.0,35.53993055555555,0.05096404316679416,35.44004286644209,35.63981824466901,35.53993055555555,0.05096404316679416,35.44004286644209,35.63981824466901,0.9496537560334369,0.0013617976810714606,0.9469846816243067,0.9523228304425672,436.66680456477746,0.4730341930312584,435.73967458298023,437.5939345465747,4.096502505826898,0.007489501779255216,4.081823352077409,4.111181659576387,0.0,0.0,0.0,0.0,28.022569444444443,0.10792197979135143,27.811046250913133,28.234092637975753,106.61979166666667,0.15289212950038247,106.32012859932628,106.91945473400706,1.2027343750000001,0.058465248216774054,1.0881445941479284,1.3173241558520719,106.62096354166665,0.15138825899457659,106.32424800635506,106.91767907697825,106.62265624999999,0.15137499210196678,106.3259667173201,106.91934578267988,0.0062499999999999995,0.0015446736158187693,0.003222495345125952,0.009277504654874046,0.004557291666666666,0.0012427513408879783,0.002121543796787369,0.006993039536545963,0.9999413584698935,1.4518717178694697e-05,0.9999129023071216,0.9999698146326654
perfect_final_batch_adaptation,two_person_average,4.5,0.15475,92156.03671399223,130.7470160010731,91899.77727154405,92412.29615644041,88792.01615496316,126.08998265507205,88544.88433014794,89039.14797977838,7.747395833333333,2.376027372042722,3.090467757848246,12.40432390881842,2843.75,4.3026459045690375,2835.316968988816,2852.183031011184,269.8219861726561,0.4082456136328655,269.02183947308924,270.622132872223,56.71159368975918,0.057099880321384654,56.599679980807714,56.82350739871064,0.0,0.0,0.0,0.0,0.0,0.0,0.0,0.0,185.98958333333334,0.9086589865467517,184.20864444547306,187.77052222119363,0.0,0.0,0.0,0.0,23.697916666666668,0.03585538253807532,23.627641408240134,23.768191925093202,23.697916666666668,0.03585538253807532,23.627641408240134,23.768191925093202,0.7709199604933031,0.0011664160389510446,0.7686338270659692,0.7732060939206371,708.8949211219897,0.7137485040173084,707.4959997600964,710.2938424838829,6.648784004395753,0.01206945837218209,6.625128300673371,6.6724397081181355,0.0,0.0,0.0,0.0,18.598958333333332,0.09086589865467518,18.420864444547302,18.777052222119362,106.640625,0.16134922142133892,106.3243863370806,106.9568636629194,2.01796875,0.09135883200866014,1.838908729593381,2.197028770406619,106.62278645833334,0.1514107447645249,106.32602685172249,106.91954606494419,106.62265624999999,0.15137499210196678,106.3259667173201,106.91934578267988,0.004557291666666667,0.0013976631600251305,0.001817922210498969,0.007296661122834365,0.0046875,0.0013005826867383827,0.00213840477507643,0.0072365952249235695,0.9999569284654818,1.3210316136893165e-05,0.9999310367216291,0.9999828202093345
perfect_final_batch_adaptation,two_person_average,5.0,0.15475,91633.29107787053,129.98164474066982,91378.53173552753,91888.05042021352,88554.19841146543,125.64994651699637,88307.92904163274,88800.46778129812,3.8368055555555554,1.4904548312284935,0.9155677657639836,6.758043345347128,2558.125,3.786273805220343,2550.7040397061605,2565.5459602938395,256.03965884318524,0.37896359770359417,255.29690384023448,256.782413846136,63.330785339664374,0.06192003724559327,63.20942429674163,63.45214638258712,0.0,0.0,0.0,0.0,0.0,0.0,0.0,0.0,197.76041666666666,0.5619707033466378,196.6589743277406,198.86185900559272,0.0,0.0,0.0,0.0,21.317708333333332,0.031552281710169515,21.255866997551337,21.379549669115328,21.317708333333332,0.031552281710169515,21.255866997551337,21.379549669115328,0.7315418824091008,0.0010827531362959828,0.7294197252578128,0.7336640395603887,791.6348167458045,0.7740004655699161,790.1178037092702,793.1518297823388,7.427474731276594,0.013000770586551903,7.401993689155685,7.452955773397504,0.0,0.0,0.0,0.0,19.776041666666664,0.05619707033466378,19.66589743277406,19.88618590055927,106.58854166666667,0.1577614085508476,106.2793349877567,106.89774834557664,2.0553385416666665,0.10357348377402559,1.8523382437162326,2.2583388396171005,106.62387152777778,0.1512890861780501,106.32735036761483,106.92039268794073,106.62265624999999,0.15137499210196678,106.3259667173201,106.91934578267988,0.0022569444444444442,0.000876738136016761,0.0005385692739788136,0.003975319614910075,0.003472222222222222,0.0011922711128628108,0.0011354137812036227,0.005809030663240821,0.9999789350849726,8.164330109733741e-06,0.9999629332919996,0.9999949368779456
perfect_final_batch_adaptation,two_person_average,9.0,0.15475,89533.27168088964,126.566408613582,89285.20607835443,89781.33728342484,87239.8042268561,123.5262746905088,86997.6971773183,87481.91127639389,4.829918672394264,2.1587614558184747,0.5988239677767986,9.06101337701173,1422.7083333333333,2.4280195362740007,1417.9495024884766,1427.46716417819,194.78369076857084,0.33242133714474886,194.1321569200745,195.43522461706718,121.221853986881,0.11172565405800255,121.00287572877814,121.44083224498387,4.586851716789941,0.13263221168258488,4.326897358702182,4.8468060748777,426.8125,0.7284058608822003,425.384850746543,428.240149253457,118.52430555555556,0.20102042354066102,118.13031276525888,118.91829834585224,0.02313203892896229,0.0006696230471247398,0.02181960187337983,0.024444475984544748,11.855902777777777,0.02023349613561668,11.816245854070639,11.895559701484915,11.855902777777777,0.02023349613561668,11.816245854070639,11.895559701484915,0.5565248307673452,0.0009497752489849985,0.554663305485927,0.5583863560487633,1515.2731748360127,1.3965706757250322,1512.5359466097268,1518.0104030622986,14.217793884183498,0.023332955430025767,14.172062131887769,14.263525636479228,4.586851716789941,0.13263221168258488,4.326897358702182,4.8468060748777,11.852430555555557,0.020102042354066093,11.813031276525889,11.891829834585225,106.703125,0.18210146522055007,106.34621268663575,107.06003731336425,4.19152685052394,0.19617139293370814,3.807037985576817,4.576015715471063,106.62199487922048,0.15147118260813897,106.32511681661283,106.91887294182813,106.62265624999999,0.15137499210196678,106.3259667173201,106.91934578267988,0.002841128630820155,0.0012698596798932206,0.00035224939280988077,0.005330007868830429,0.0021797578513018533,0.0008128470036343596,0.00058660699923721,0.0037729087033664963,0.9999731435320708,1.2032607842885337e-05,0.9999495600540587,0.9999967270100829
perfect_final_batch_adaptation,two_person_average,10.0,0.15475,89469.29341591208,125.54724649112677,89223.22533443129,89715.36149739286,87055.62584532975,122.48338569508972,86815.56282066285,87295.68886999665,2.047693482061557,0.9321317681881526,0.22074878756713967,3.8746381765559743,1281.6666666666667,2.2072649626798575,1277.340506835477,1285.9928264978564,186.06600987641545,0.32043977972368476,185.43795944894308,186.69406030388782,135.96021461670497,0.12336095670436134,135.71843158446603,136.20199764894392,17.56587482937482,0.30270549721044276,16.972582956920064,18.159166701829577,683.5555555555557,1.1772079800959254,681.2482703122545,685.8628407988568,106.80555555555556,0.18393874688998824,106.44504223628975,107.16606887482136,0.08843002920839516,0.0015322573453489749,0.08542685999646421,0.0914331984203261,10.680555555555557,0.018393874688998835,10.644504223628976,10.716606887482138,10.680555555555557,0.018393874688998835,10.644504223628976,10.716606887482138,0.5316171710754728,0.0009155422277819567,0.5298227412826946,0.533411600868251,1699.5026827088122,1.5420119588045165,1696.4803948058254,1702.524970611799,15.92241419091573,0.027040440930965904,15.869415900564954,15.975412481266504,17.56587482937482,0.30270549721044276,16.972582956920064,18.159166701829577,10.680555555555555,0.018393874688998835,10.644504223628974,10.716606887482136,106.80555555555554,0.18393874688998824,106.44504223628974,107.16606887482135,4.822471818784247,0.20513272177806893,4.420419072048556,5.224524565519937,106.62361353383021,0.15136400068097008,106.32694554393962,106.9202815237208,106.62265624999999,0.15137499210196678,106.3259667173201,106.91934578267988,0.0012045255776832688,0.0005483128048165603,0.00012985222798067033,0.0022791989273858674,0.0021618094078997762,0.0009555238353428729,0.0002890171042581645,0.004034601711541388,0.9999886905508161,5.123710575609924e-06,0.9999786482626206,0.9999987328390115
perfect_final_batch_adaptation,family_three,1.8,0.15475,148143.5502479967,193.2409731807382,147764.804900225,148522.2955957684,136138.9517834381,177.2250411276053,135791.59708566937,136486.30648120682,33.203125,5.01594066207779,23.372061953737536,43.034188046262464,10649.791666666666,13.857752147276068,10622.630971551322,10676.95236178201,662.1632944485273,0.8616220018849958,660.4745463565454,663.8520425405092,14.388295110053688,0.02343897761812296,14.342355558087727,14.43423466201965,0.0,0.0,0.0,0.0,0.0,0.0,0.0,0.0,645.0520833333334,2.0582369391343938,641.01801306098,649.0861536056867,0.0,0.0,0.0,0.0,88.74826388888887,0.11548126789396727,88.52192476292767,88.97460301485008,88.74826388888887,0.11548126789396727,88.52192476292767,88.97460301485008,1.8918951269957922,0.0024617771482428434,1.8870701324472725,1.896720121544312,179.85368887567108,0.29298722022653695,179.27944447609656,180.4279332752456,1.1264909028362173,0.0024795245056469877,1.1216311241063648,1.1313506815660699,0.0,0.0,0.0,0.0,64.50520833333333,0.20582369391343927,64.101801306098,64.90861536056866,159.74687500000002,0.207866282209141,159.33946457326985,160.15428542673018,0.4742187500000001,0.03271120576274364,0.41010596481414346,0.5383315351858566,159.74270833333333,0.20795229934812914,159.3351293161087,160.15028735055796,159.74453125,0.20809301744816222,159.33667643036733,160.15238606963266,0.019531249999999997,0.0029505533306339944,0.013748271737492665,0.02531422826250733,0.017708333333333333,0.0029064815309013444,0.012011734211035859,0.023404932455630807,0.9998780940256092,1.8400696307562363e-05,0.9998420293235559,0.9999141587276625
perfect_final_batch_adaptation,family_three,2.0,0.15475,146771.7884343357,190.98865321539697,146397.45755257772,147146.11931609368,135788.09027777778,176.73335865916897,135441.69925993902,136134.48129561654,32.90798611111111,6.1361213379680635,20.881409283925976,44.93456293829624,9585.625,12.414108263898122,9561.293794902578,9609.956205097422,623.0906525636159,0.8069494497382973,621.5090607047844,624.6722444224474,16.050212327627182,0.02509200234272533,16.001032906735446,16.09939174851892,0.0,0.0,0.0,0.0,0.0,0.0,0.0,0.0,726.0243055555553,1.337230455731301,723.4033820232919,728.6452290878187,0.0,0.0,0.0,0.0,79.88020833333333,0.10345090219915097,79.67744829085481,80.08296837581184,79.88020833333333,0.10345090219915097,79.67744829085481,80.08296837581184,1.7802590073246172,0.002305569856395134,1.7757401734422416,1.7847778412069928,200.62765409533984,0.31365002928406677,200.01291133419312,201.24239685648655,1.2562574392997956,0.002792196387327339,1.2507848349428712,1.26173004365672,0.0,0.0,0.0,0.0,72.60243055555556,0.13372304557313008,72.3403382023292,72.86452290878191,159.76041666666666,0.20690180439830194,159.35489658170962,160.1659367516237,0.5466145833333333,0.033139968496900096,0.48166143863061717,0.6115677280360495,159.75069444444443,0.20792159842255165,159.34317559992823,160.15821328896064,159.74453125,0.20809301744816222,159.33667643036733,160.15238606963266,0.019357638888888886,0.003609483139981214,0.012283181931721161,0.02643209584605661,0.025520833333333336,0.003509269168254107,0.018642792151498454,0.032398874515168215,0.9998789376191324,2.2585752152899603e-05,0.9998346703583489,0.9999232048799158
perfect_final_batch_adaptation,family_three,2.1,0.15475,145950.8719364128,190.02254211463406,145578.43459761736,146323.30927520822,135612.80818864153,176.575343383852,135266.7268750514,135958.88950223167,34.088541666666664,5.616608280770138,23.08019172108776,45.09689161224557,9126.666666666666,12.00760860203781,9103.132186266219,9150.201147067113,605.8305247535068,0.7970682053039397,604.2682997778891,607.3927497291245,18.491903573328486,0.026025660036672567,18.440894216982723,18.542912929674248,0.0,0.0,0.0,0.0,0.0,0.0,0.0,0.0,552.9861111111111,1.633608730784415,549.7842968339435,556.1879253882787,0.0,0.0,0.0,0.0,76.05555555555556,0.10006340501698172,75.85943488555183,76.25167622555928,76.05555555555556,0.10006340501698172,75.85943488555183,76.25167622555928,1.730944356438591,0.002277337729439833,1.7264808565082546,1.7354078563689272,231.14879466660605,0.3253207504584072,230.51117771228402,231.78641162092808,1.4477352519475553,0.002837435151243348,1.4421739812426504,1.4532965226524601,0.0,0.0,0.0,0.0,55.29861111111111,0.16336087307844155,54.978429683394346,55.61879253882787,159.71666666666667,0.21013315053566167,159.30481325965883,160.1285200736745,0.6085937499999999,0.03907341961249787,0.5320112548066831,0.6851762451933168,159.73932291666665,0.20798939401563749,159.3316711952297,160.14697463810361,159.74453125,0.20809301744816222,159.33667643036733,160.15238606963266,0.02005208333333333,0.0033038872239824347,0.01357658336534574,0.026527583301320923,0.014843749999999998,0.00297786386942111,0.009007244065071536,0.02068025593492846,0.9998744433987712,2.0687302323261406e-05,0.9998338970312803,0.999914989766262
perfect_final_batch_adaptation,family_three,2.25,0.15475,145044.06828729165,189.13007678526424,144673.38014839924,145414.75642618406,135382.80794894966,176.29252519154173,135037.28094883062,135728.3349490687,23.463541666666668,4.490942943382288,14.66145524101308,32.265628092320256,8519.375,11.21142431282324,8497.40101213147,8541.34898786853,582.7802564851828,0.7669338110590677,581.277093836981,584.2834191333847,20.589456856792484,0.02803339412038112,20.534512413952122,20.644401299632847,0.0,0.0,0.0,0.0,0.0,0.0,0.0,0.0,515.0520833333334,1.7489810744767185,511.6241434177168,518.4800232489499,0.0,0.0,0.0,0.0,70.99479166666667,0.09342853594019367,70.81167510109559,71.17790823223775,70.99479166666667,0.09342853594019367,70.81167510109559,71.17790823223775,1.6650864471005222,0.002191239460168766,1.6607916966770884,1.669381197523956,257.3682107099061,0.35041742650476365,256.68140517440156,258.0550162454107,1.6120215711116648,0.003277466227017301,1.6055978553461645,1.618445286877165,0.0,0.0,0.0,0.0,51.505208333333336,0.17489810744767192,51.16241434177168,51.84800232489499,159.73828125,0.21021420586543577,159.32626897746505,160.15029352253495,0.73828125,0.042944349926011635,0.6541118708055319,0.8224506291944681,159.74427083333333,0.20801548820518737,159.33656796822464,160.15197369844202,159.74453125,0.20809301744816222,159.33667643036733,160.15238606963266,0.013802083333333331,0.0026417311431660515,0.008624385435890045,0.018979781230776618,0.013541666666666665,0.0028591864717775186,0.00793776415689858,0.01914556917643475,0.9999136705505064,1.6541154051256882e-05,0.9998812504843032,0.9999460906167096
perfect_final_batch_adaptation,family_three,2.4,0.15475,144242.8081144901,187.9678450008555,143874.3979080368,144611.2183209434,135164.8294213331,176.50539754823612,134818.88519906162,135510.77364360457,23.90625,4.672464433171635,14.748387991939238,33.06411200806076,7987.083333333333,10.49802434389789,7966.507583710469,8007.659082956197,562.1954859698277,0.7389358106618926,560.7471983940435,563.6437735456119,22.727651631611838,0.029814509301681332,22.669216267163808,22.78608699605987,0.0,0.0,0.0,0.0,0.0,0.0,0.0,0.0,482.0659722222222,1.6128270126856112,478.90488936406507,485.2270550803793,0.0,0.0,0.0,0.0,66.55902777777777,0.08748353619914905,66.38756319758723,66.73049235796832,66.55902777777777,0.08748353619914905,66.38756319758723,66.73049235796832,1.6062728170566507,0.002111245173319691,1.6021348525544101,1.6104107815588913,284.095645395148,0.3726813662710164,283.36520333954763,284.82608745074833,1.779204842096565,0.003594706088553782,1.7721593476279927,1.7862503365651372,0.0,0.0,0.0,0.0,48.20659722222222,0.16128270126856117,47.890488936406506,48.52270550803794,159.74166666666665,0.2099604868779578,159.33015167420936,160.15318165912393,0.7890625,0.043506092495884656,0.7037921255999977,0.8743328744000023,159.74557291666665,0.20860423510272125,159.3367161288428,160.1544297044905,159.74453125,0.20809301744816222,159.33667643036733,160.15238606963266,0.0140625,0.0027485084901009618,0.00867552234819955,0.01944947765180045,0.015104166666666667,0.0027194174280894476,0.009774206448680808,0.020434126884652525,0.9999115751644015,1.7317815524574162e-05,0.9998776328696825,0.9999455174591206
perfect_final_batch_adaptation,family_three,3.0,0.15475,141741.28199931746,184.72663181731747,141379.22445397012,142103.3395446648,134406.9095685632,175.58711283901664,134062.76515124936,134751.05398587702,26.5625,5.046228401906312,16.672074074500514,36.452925925499486,6391.041666666667,8.431454942427768,6374.516318642236,6407.567014691098,498.089243116761,0.6571099407081931,496.80133129908967,499.3771549344323,31.161659859756057,0.03831140363420959,31.08657088843583,31.236748831076284,0.0,0.0,0.0,0.0,0.0,0.0,0.0,0.0,387.5173611111111,1.4079367339501168,384.7578558200579,390.2768664021643,0.0,0.0,0.0,0.0,53.25868055555555,0.0702621245202314,53.12096932201863,53.39639178909247,53.25868055555555,0.0702621245202314,53.12096932201863,53.39639178909247,1.4231121231907453,0.001877456973451978,1.4194323751402558,1.4267918712412349,389.5207482469507,0.47889254542761983,388.58213610544783,390.45936038845355,2.4392742226664654,0.004738583913028316,2.429986768859209,2.4485616764737217,0.0,0.0,0.0,0.0,38.75173611111111,0.14079367339501167,38.47578558200579,39.02768664021642,159.77604166666666,0.2107863735606942,159.3629079660559,160.18917536727741,1.0875000000000001,0.0608956385614891,0.968146741603913,1.2068532583960874,159.74505208333332,0.20868847126733836,159.3360301956606,160.15407397100603,159.74453125,0.20809301744816222,159.33667643036733,160.15238606963266,0.015625,0.002968369648180184,0.009807102396765008,0.021442897603234992,0.01614583333333333,0.003066969557254371,0.01013468345943401,0.022156983207232653,0.9999018113457464,1.8671980613417996e-05,0.999865214936224,0.9999384077552688
perfect_final_batch_adaptation,family_three,4.5,0.15475,138017.5262590029,179.8624906947577,137665.00225507148,138370.0502629343,133031.82606587568,173.2526891285568,132692.25703495898,133371.39509679237,11.067708333333334,3.1305845379565826,4.931875388380466,17.203541278286202,4259.583333333333,5.697352369793909,4248.416727881303,4270.749938785363,404.15973108323277,0.5405787893954401,403.10021612521143,405.2192460412541,52.67761482176045,0.05783191335124534,52.56426635443497,52.79096328908593,0.0,0.0,0.0,0.0,0.0,0.0,0.0,0.0,258.21180555555554,1.2469354512487765,255.76785698006174,260.6557541310493,0.0,0.0,0.0,0.0,35.49652777777778,0.047477936414949254,35.4034727323442,35.58958282321136,35.49652777777778,0.047477936414949254,35.4034727323442,35.58958282321136,1.1547420888092361,0.0015445108268441138,1.1517149032148895,1.1577692744035828,658.4701852720056,0.7228989168905666,657.053329430437,659.8870411135741,4.1238839827252605,0.007759008251487764,4.108676605996595,4.139091359453926,0.0,0.0,0.0,0.0,25.821180555555554,0.12469354512487765,25.576785698006173,26.065575413104934,159.734375,0.2136507138672716,159.31562729554886,160.15312270445114,1.7945312499999997,0.09104657358539658,1.6160832448568465,1.9729792551431529,159.74661458333333,0.20804443097729539,159.3388549914337,160.15437417523296,159.74453125,0.20809301744816222,159.33667643036733,160.15238606963266,0.006510416666666667,0.001841520316445049,0.0029011031696355677,0.010119730163697766,0.008593749999999999,0.0022358259706541303,0.004211611621818595,0.012975888378181403,0.9999592664605261,1.1515774154746577e-05,0.9999366959579288,0.9999818369631235
perfect_final_batch_adaptation,family_three,5.0,0.15475,137253.37905295662,178.64786290472455,136903.23567574832,137603.5224301649,132671.2838393932,172.90396174971772,132332.39830157947,133010.16937720694,15.494791666666666,4.045373875194515,7.5660045672861855,23.423578766047147,3834.1666666666665,5.183864862788057,3824.006478234879,3844.326855098454,383.7571366845819,0.5188468080947691,382.7402156272226,384.7740577419412,58.72870187882916,0.05958304297526146,58.611921260508346,58.84548249714998,0.0,0.0,0.0,0.0,0.0,0.0,0.0,0.0,289.94791666666663,0.7565228287009234,288.4651591689304,291.43067416440283,0.0,0.0,0.0,0.0,31.951388888888886,0.04319887385656711,31.866720651957326,32.03605712582045,31.951388888888886,0.04319887385656711,31.866720651957326,32.03605712582045,1.0964489619559483,0.0014824194516993398,1.093543473220636,1.0993544506912607,734.1087734853645,0.7447880371907684,732.6490157563543,735.5685312143747,4.597217705974919,0.007686959952429456,4.582151541317556,4.612283870632282,0.0,0.0,0.0,0.0,28.994791666666668,0.07565228287009233,28.84651591689305,29.143067416440285,159.75694444444443,0.21599436928283566,159.33360325978663,160.18028562910223,1.9846354166666667,0.09970125730884771,1.7892245431279643,2.180046290205369,159.7431423611111,0.20818538403548742,159.3351065062939,160.1511782159283,159.74453125,0.20809301744816222,159.33667643036733,160.15238606963266,0.009114583333333334,0.002379631691290891,0.0044505909219330515,0.013778575744733616,0.007725694444444444,0.002149094443568318,0.0035135467356753923,0.011937842153213495,0.9999426883290198,1.4949890686286395e-05,0.9999133870817019,0.9999719895763377
perfect_final_batch_adaptation,family_three,9.0,0.15475,133424.55669753384,173.84771045503246,133083.82144624722,133765.29194882046,130678.22721739253,170.31687392319006,130344.41227854363,131012.04215624143,5.755208333333333,1.9909638172691713,1.8529909569633722,9.657425709703293,2129.5833333333335,3.0050798082361356,2123.693485138522,2135.473181528145,291.5622912631909,0.41142694000457464,290.75590927851243,292.36867324786937,118.0758922751276,0.10516575962028823,117.86977117386503,118.28201337639017,0.002060491880424276,0.0014309124282676858,0.0,0.004865028704859694,70.9861111111111,0.10016932694120459,70.78978283795072,71.18243938427148,130.36458333333334,0.9945652816382047,128.41527120104854,132.31389546561815,1.0327643693113232e-05,7.173822660850996e-06,0.0,2.4388077739858483e-05,17.746527777777775,0.025042331735301147,17.69744570948768,17.79560984606787,17.746527777777775,0.025042331735301147,17.69744570948768,17.79560984606787,0.8330351178948313,0.001175505542870214,0.8307311693671785,0.8353390664224841,1475.948653439095,1.314571995253604,1473.372139673313,1478.525167204877,9.24132803146945,0.015955951470672004,9.210054941247865,9.272601121691036,0.002060491880424276,0.0014309124282676858,0.0,0.004865028704859694,13.036458333333334,0.09945652816382047,12.841527120104852,13.231389546561816,159.71875,0.22538098561771017,159.27701138538916,160.16048861461084,4.081977206385903,0.18778193712960106,3.7139313726647205,4.450023040107086,159.7458333333333,0.2082017472749777,159.33776540715604,160.15390125951058,159.74453125,0.20809301744816222,159.33667643036733,160.15238606963266,0.0033854166666666668,0.0011711551866289238,0.0010899946805666906,0.005680838652766643,0.0046875,0.0016577634964642647,0.0014383432520448476,0.007936656747955153,0.9999788495089623,7.312518358517245e-06,0.9999645172363434,0.9999931817815813
perfect_final_batch_adaptation,family_three,10.0,0.15475,133056.5430037619,172.89720058591493,132717.67071758572,133395.4152899381,130322.50885704781,169.6752735050052,129989.95143191102,130655.0662821846,3.5586029326785087,1.871054528942506,0.0,7.225802422516377,1917.0833333333333,2.6829170544174934,1911.8249125331668,1922.3417541334998,278.312650013455,0.38949259127036506,277.54925856231995,279.0760414645901,131.28101235144962,0.11797534503836772,131.04978492411072,131.5122397787885,0.02771474984101761,0.00608426643036135,0.015789806765163287,0.03963969291687193,255.61111111111111,0.3577222739223321,254.90998833775558,256.31223388446665,148.15972222222223,0.540297068854974,147.1007594263139,149.21868501813054,0.0001389986310319839,3.0539480234372065e-05,7.914234966604179e-05,0.000198854912397926,15.975694444444445,0.022357642120145755,15.931874271109724,16.019514617779166,15.975694444444445,0.022357642120145755,15.931874271109724,16.019514617779166,0.7951790000384428,0.001112835975058183,0.7929978816066282,0.7973601184702573,1641.01265439312,1.474691812979597,1638.122311551384,1643.9029972348562,10.278299361158611,0.016334383999412293,10.246284556810116,10.310314165507107,0.02771474984101761,0.00608426643036135,0.015789806765163287,0.03963969291687193,14.81597222222222,0.054029706885497394,14.71007594263139,14.92186850181305,159.75694444444443,0.2235764212014576,159.3187427110972,160.19514617779166,4.410930592113224,0.2035746716567946,4.01193156750134,4.809929616725108,159.74808068686139,0.2079923465183819,159.34042317862537,160.1557381950974,159.74453125,0.20809301744816222,159.33667643036733,160.15238606963266,0.002093295842752064,0.0011006203111426503,0.0,0.004250472013244928,0.005642732704165303,0.0019127877271261113,0.0018937376489278957,0.00939172775940271,0.9999868581905399,6.896205729715633e-06,0.9999733418756797,1.0000003745054
perfect_final_batch_adaptation,family_four,1.8,0.15475,197915.9470397857,260.34131750627046,197405.6874337857,198426.2066457857,181795.21012861808,238.30466084687967,181328.14157601018,182262.278681226,65.96354166666667,8.870318900415064,48.57803609046821,83.34904724286514,14221.666666666666,18.565090749352787,14185.279757428218,14258.053575905114,884.248814183264,1.1543063035499752,881.9864154011785,886.5112129653495,11.097471984341597,0.0209812272981009,11.056349534485872,11.138594434197323,0.0,0.0,0.0,0.0,0.0,0.0,0.0,0.0,937.7604166666666,2.283924340412956,933.2840072160428,942.2368261172904,0.0,0.0,0.0,0.0,118.5138888888889,0.1547090895779399,118.21066464523516,118.81711313254264,118.5138888888889,0.1547090895779399,118.21066464523516,118.81711313254264,2.526425183380754,0.0032980180101427853,2.5199611868605096,2.532889179900998,138.71839980426995,0.26226534122626116,138.20436918107336,139.23243042746654,0.6506297533950803,0.0016883545790772792,0.6473206392269556,0.6539388675632051,0.0,0.0,0.0,0.0,93.77604166666667,0.22839243404129556,93.3284007216043,94.22368261172905,213.32500000000002,0.2784763612402918,212.7791963614233,213.87080363857675,0.39609374999999997,0.028222487294044446,0.34077869134953354,0.4514088086504664,213.31484375,0.27962189684472116,212.76679490289555,213.86289259710443,213.31041666666667,0.2809168410054839,212.75982977564516,213.86100355768818,0.038802083333333334,0.005217834647302979,0.02857531534733424,0.04902885131933243,0.04322916666666667,0.004984700405139653,0.033459333398870736,0.05299899993446261,0.999818706206133,2.4374384687924867e-05,0.9997709332899993,0.9998664791222667
perfect_final_batch_adaptation,family_four,2.0,0.15475,196028.42452935255,257.18957337267,195524.3422283429,196532.5068303622,181312.1571180555,238.5009907698608,180844.70376586946,181779.61047024155,79.09722222222221,9.436328500916497,60.60235821413704,97.59208623030739,12799.583333333334,16.842846093052458,12766.5719615938,12832.594705072868,832.0063357067535,1.0948289718352842,829.8605103527253,834.1521610607816,12.69857559022112,0.024489051936376516,12.650577930410291,12.746573250031949,0.0,0.0,0.0,0.0,0.0,0.0,0.0,0.0,992.8819444444445,1.6951892543575562,989.5594345589243,996.2044543299646,0.0,0.0,0.0,0.0,106.66319444444444,0.14035705077543717,106.38809967994833,106.93828920894056,106.66319444444444,0.14035705077543717,106.38809967994833,106.93828920894056,2.3771609591621528,0.003128082776672238,2.3710300295792153,2.3832918887450902,158.73219487776404,0.30611314920470645,158.1322241301287,159.3321656253994,0.7445061888770192,0.0018756539791619346,0.7408299746304026,0.7481824031236359,0.0,0.0,0.0,0.0,99.28819444444444,0.1695189254357556,98.95594345589244,99.62044543299645,213.32638888888889,0.28071410155087434,212.77619935989665,213.87657841788112,0.44427083333333334,0.03116314190709386,0.3831921975503185,0.5053494691163481,213.30842013888886,0.2805894009057187,212.75847501867,213.85836525910773,213.31041666666667,0.2809168410054839,212.75982977564516,213.86100355768818,0.04652777777777778,0.005550781471127351,0.03564844600831591,0.05740710954723965,0.04453125,0.005075067997565474,0.03458429950567986,0.054478200494320145,0.9997814512912778,2.611413237369753e-05,0.9997302685323378,0.9998326340502178
perfect_final_batch_adaptation,family_four,2.1,0.15475,194965.3617247498,256.64375434817924,194462.3492093702,195468.37424012937,181086.72657632874,239.03406449180696,180618.2284188466,181555.2247338109,64.19270833333333,8.081462878767583,48.35333214855148,80.03208451811517,12188.333333333334,16.160282829473104,12156.659761007586,12220.006905659082,809.06476032184,1.0727238086279884,806.9622602915705,811.1672603521096,14.926290877006261,0.02455682638204,14.878160381722859,14.974421372289664,0.0,0.0,0.0,0.0,0.0,0.0,0.0,0.0,802.1180555555555,2.15857996407327,797.8873165682222,806.3487945428889,0.0,0.0,0.0,0.0,101.56944444444444,0.1346690235789425,101.30549800839654,101.83339088049235,101.56944444444444,0.1346690235789425,101.30549800839654,101.83339088049235,2.3116136009195425,0.0030649251675085314,2.3056064579759155,2.3176207438631695,186.57863596257826,0.30696032977550014,185.97700477153575,187.18026715362078,0.8752335680226523,0.00198638868850639,0.871340317733882,0.8791268183114226,0.0,0.0,0.0,0.0,80.21180555555556,0.21585799640732703,79.78873165682222,80.63487945428889,213.29583333333335,0.2828049495157793,212.74154581763275,213.85012084903394,0.4585937500000001,0.03565804983618835,0.3887052565621365,0.5284822434378637,213.30338541666666,0.281559980402634,212.7515379955897,213.8552328377436,213.31041666666667,0.2809168410054839,212.75982977564516,213.86100355768818,0.037760416666666664,0.004753801693392696,0.02844313655797146,0.04707769677536187,0.030729166666666665,0.004222029392995393,0.02245414111472619,0.03900419221860714,0.9998224195473662,2.2392389820532816e-05,0.9997785312697901,0.9998663078249422
perfect_final_batch_adaptation,family_four,2.25,0.15475,193758.3030370916,255.2503354465063,193258.02157257468,194258.5845016085,180773.3406917332,237.79405429159283,180307.27290958393,181239.40847388247,66.84895833333333,8.283119799928857,50.61434184584215,83.08357482082451,11373.958333333334,14.930934354002664,11344.694239743956,11403.222426922712,778.0521874846196,1.0213723133902555,776.0503345355684,780.0540404336708,16.95356065151793,0.027381429675231817,16.89989403550926,17.0072272675266,0.0,0.0,0.0,0.0,0.0,0.0,0.0,0.0,749.1493055555555,2.1103178806735796,745.0131585135044,753.2854525976066,0.0,0.0,0.0,0.0,94.7829861111111,0.12442445295002219,94.53911866453296,95.02685355768924,94.7829861111111,0.12442445295002219,94.53911866453296,95.02685355768924,2.223006249956056,0.0029182066096864407,2.217286670101624,2.228725829810488,211.91950814397413,0.3422678709403977,211.24867544386575,212.5903408440825,0.994245256965467,0.0023232608776212406,0.9896917493186383,0.9987987646122956,0.0,0.0,0.0,0.0,74.91493055555556,0.21103178806735792,74.50131585135044,75.32854525976067,213.26171875,0.27995501913754994,212.71301699519918,213.81042050480082,0.5125000000000001,0.038442561014872555,0.4371539649373663,0.5878460350626338,213.30260416666667,0.2805839115527612,212.75266980538188,213.85253852795145,213.31041666666667,0.2809168410054839,212.75982977564516,213.86100355768818,0.03932291666666667,0.004872423411722857,0.029773142262260098,0.04887269107107325,0.03151041666666666,0.004791297634985146,0.022119645862883834,0.040901187470449483,0.999815848148299,2.2850331862344544e-05,0.999771062320814,0.9998606339757841
perfect_final_batch_adaptation,family_four,2.4,0.15475,192669.7587706266,253.50013190531052,192172.90764201604,193166.60989923714,180478.82509886255,238.0985312106276,180012.16055291783,180945.48964480727,54.453125,7.535307341664226,39.684193997897864,69.22205600210214,10664.375,14.09222788561499,10636.754740882263,10691.995259117737,750.6449144793551,0.9919249084940334,748.7007773833386,752.5890515753715,18.960632284652526,0.02900338452262624,18.903786695558413,19.01747787374664,0.0,0.0,0.0,0.0,0.0,0.0,0.0,0.0,702.5,1.8797407909464416,698.8157757494741,706.1842242505259,0.0,0.0,0.0,0.0,88.86979166666667,0.11743523238012493,88.63962284068553,89.09996049264781,88.86979166666667,0.11743523238012493,88.63962284068553,89.09996049264781,2.1446997556553,0.002834071167125806,2.13914507823811,2.1502544330724898,237.00790355815653,0.36254230653282804,236.2973336944801,237.71847342183295,1.1118354686883707,0.002388627171956693,1.1071538454588419,1.1165170919178995,0.0,0.0,0.0,0.0,70.24999999999999,0.18797407909464417,69.8815775749474,70.61842242505257,213.2875,0.28184455771229977,212.73509481764526,213.83990518235473,0.63203125,0.04221245111242086,0.5492963661204974,0.7147661338795027,213.30026041666667,0.2813985445895547,212.74872940396915,213.8517914293642,213.31041666666667,0.2809168410054839,212.75982977564516,213.86100355768818,0.03203125,0.004432533730390721,0.02334364352817521,0.040718856471824785,0.021874999999999995,0.003553708611477306,0.014909859109954631,0.028840140890045357,0.9998493427266251,2.089997730421764e-05,0.9998083795238311,0.9998903059294191
perfect_final_batch_adaptation,family_four,3.0,0.15475,189304.65288141897,249.71474828728265,188815.22096836742,189794.08479447052,179482.51644109344,236.44104849887418,179019.10050156876,179945.93238061812,34.088541666666664,6.0879190953234446,22.156439499039045,46.02064383429428,8532.5,11.500151755581149,8509.960116742315,8555.039883257685,664.9849411966637,0.8962704645693335,663.2282833657008,666.7415990276266,27.264346351084086,0.040762897634525924,27.184452539814924,27.34424016235325,0.0,0.0,0.0,0.0,0.0,0.0,0.0,0.0,563.2986111111111,1.714339564132843,559.9385673081387,566.6586549140835,0.0,0.0,0.0,0.0,71.10416666666667,0.09583459796317623,70.91633430618597,71.29199902714737,71.10416666666667,0.09583459796317623,70.91633430618597,71.29199902714737,1.899956974847611,0.002560772755912383,1.8949379524734313,1.9049759972217908,340.804329388551,0.5095362204315742,339.8056567476865,341.80300202941555,1.5983911843632086,0.0034255468668564926,1.5916772358768159,1.6051051328496013,0.0,0.0,0.0,0.0,56.32986111111111,0.17143395641328432,55.99385673081386,56.665865491408354,213.3125,0.28750379388952874,212.7490029185579,213.8759970814421,0.83359375,0.05078351535422353,0.734059888897385,0.933127611102615,213.31822916666667,0.28101447855865885,212.7674509095574,213.86900742377594,213.31041666666667,0.2809168410054839,212.75982977564516,213.86100355768818,0.02005208333333333,0.0035811288796020256,0.013033199705317085,0.027070966961349578,0.02786458333333333,0.004532653966966466,0.018980744803696454,0.03674842186297021,0.9999059332796616,1.684229282341229e-05,0.9998729229923107,0.9999389435670125
perfect_final_batch_adaptation,family_four,4.5,0.15475,184315.71415104347,242.84675546225623,183839.74325657505,184791.6850455119,177638.46582580113,233.4830395621584,177180.84747725836,178096.0841743439,24.791666666666668,5.6086553952995555,13.79890409018328,35.78442924315006,5688.333333333333,7.52444146189964,5673.58569906423,5703.080967602436,539.7230410592089,0.7139374910205342,538.3237492895958,541.122332828822,48.41070084982686,0.052676324866826385,48.307457150249945,48.513944549403774,0.0,0.0,0.0,0.0,0.0,0.0,0.0,0.0,375.9895833333333,1.3468490054987792,373.34980778994213,378.6293588767245,0.0,0.0,0.0,0.0,47.40277777777777,0.06270367884916368,47.279880825535244,47.5256747300203,47.40277777777777,0.06270367884916368,47.279880825535244,47.5256747300203,1.5420658315977398,0.002039821402915812,1.5380678551131308,1.5460638080823488,605.1337606228357,0.6584540608353295,603.8432143781242,606.4243068675471,2.838385999292941,0.005213895132480372,2.8281669526141107,2.8486050459717713,0.0,0.0,0.0,0.0,37.59895833333333,0.13468490054987792,37.33498077899421,37.86293588767245,213.3125,0.28216655482123654,212.75946371490863,213.86553628509137,1.715625,0.087921746780516,1.5433015428523382,1.8879484571476617,213.3109375,0.2803699403044482,212.76142251465564,213.86045248534435,213.31041666666667,0.2809168410054839,212.75982977564516,213.86100355768818,0.014583333333333332,0.0032992090560585614,0.008117002405990163,0.0210496642606765,0.015104166666666669,0.0035076499414205247,0.00822929911110841,0.021979034222224927,0.9999319584562416,1.543205947624935e-05,0.9999017121754609,0.9999622047370224
perfect_final_batch_adaptation,family_four,5.0,0.15475,183280.58807673282,241.6284843700852,182807.00494972846,183754.17120373718,177161.8188591343,233.38001296028395,176704.40243902066,177619.23527924795,33.05555555555556,7.025407906105676,19.286009082885478,46.825102028225636,5120.625,6.771491946756732,5107.353119662754,5133.896880337246,512.5172061818267,0.6777504961278163,511.1888396189121,513.8455727447414,54.324928083320266,0.0642050631719757,54.19908847187808,54.450767694762455,0.0,0.0,0.0,0.0,0.0,0.0,0.0,0.0,398.24652777777777,0.8336731767165859,396.6125583765362,399.88049717901936,0.0,0.0,0.0,0.0,42.671875,0.056429099556306095,42.56127599718962,42.78247400281038,42.671875,0.056429099556306095,42.56127599718962,42.78247400281038,1.4643348748052194,0.001936429988936619,1.4605395417683202,1.4681302078421186,679.0616010415035,0.8025632896496961,677.4886058984762,680.6345961845309,3.1840815997872967,0.005793135166137214,3.172727263504095,3.1954359360704983,0.0,0.0,0.0,0.0,39.82465277777777,0.0833673176716586,39.66125583765361,39.98804971790193,213.359375,0.2821454977815305,212.80637998594807,213.91237001405193,1.7692708333333336,0.09360389981721451,1.5858105608790978,1.9527311057875694,213.3120659722222,0.28100170252127304,212.76131275568608,213.86281918875832,213.31041666666667,0.2809168410054839,212.75982977564516,213.86100355768818,0.01944444444444444,0.004132592885944516,0.011344711225226747,0.027544177663662135,0.021093749999999998,0.003889732627542685,0.013470014140525982,0.028717485859474014,0.9999090722547703,1.93085313474342e-05,0.999871228228735,0.9999469162808057
perfect_final_batch_adaptation,family_four,9.0,0.15475,178144.55942948433,234.5385725278011,177684.8722743444,178604.24658462426,174500.15000791708,229.29587954067847,174050.7383422139,174949.56167362025,12.395833333333334,4.066078322942309,4.426466262047384,20.365200404619284,2845.2083333333335,3.9174776832892393,2837.530218163847,2852.88644850282,389.53885851901777,0.5363437774113372,388.48764403195935,390.5900730060762,113.5198686038181,0.11061697111493697,113.30306332435391,113.73667388328228,0.0,0.0,0.0,0.0,94.84027777777777,0.13058258944297468,94.58434060546156,95.09621495009398,188.90625,0.8595230373402087,187.22161580293073,190.59088419706927,0.0,0.0,0.0,0.0,23.710069444444443,0.03264564736074367,23.64608515136539,23.774053737523495,23.710069444444443,0.03264564736074367,23.64608515136539,23.774053737523495,1.1129681671971934,0.0015324107926038232,1.1099646972341695,1.1159716371602173,1418.998357547726,1.3827121389367116,1416.2882915544237,1421.7084235410284,6.652900946486146,0.0117649907629489,6.62984198831232,6.6759599046599725,0.0,0.0,0.0,0.0,18.890625,0.08595230373402087,18.722161580293072,19.059088419706928,213.390625,0.29381082624669297,212.81476636228854,213.96648363771146,3.8734375,0.18275068035618336,3.5152527483516893,4.231622251648311,213.31536458333332,0.28029966816336116,212.7659873288546,213.86474183781203,213.31041666666667,0.2809168410054839,212.75982977564516,213.86100355768818,0.007291666666666666,0.0023918107782013582,0.0026038036835572846,0.011979529649776048,0.012239583333333333,0.0031923884987871973,0.005982616851050536,0.01849654981561613,0.9999661777078447,1.1103151678941456e-05,0.999944415930439,0.9999879394852503
perfect_final_batch_adaptation,family_four,10.0,0.15475,177631.27132040783,233.64028335499594,177173.3447796943,178089.19786112136,174017.17389047635,229.34275528606256,173567.6703500005,174466.6774309522,14.461805555555555,4.487654042364646,5.666165257445263,23.25744585366585,2561.0416666666665,3.550125920551874,2554.083547721803,2567.99978561153,371.79932695233657,0.5153896732868068,370.78918175469056,372.8094721499826,126.48560297914521,0.1221965878860767,126.24610206785482,126.7251038904356,0.0,0.0,0.0,0.0,341.4722222222222,0.4733501227402496,340.5444730295737,342.39997141487066,198.83680555555554,0.5043741044565031,197.84825047608615,199.82536063502494,0.0,0.0,0.0,0.0,21.342013888888886,0.0295843826712656,21.284029564348355,21.399998213429416,21.342013888888886,0.0295843826712656,21.284029564348355,21.399998213429416,1.0622837912923906,0.0014725419236765892,1.059397662156259,1.065169920428522,1581.0700372393155,1.5274573485759593,1578.0762758481856,1584.0637986304455,7.419370415742286,0.012118921992555182,7.395617765105428,7.443123066379144,0.0,0.0,0.0,0.0,19.883680555555554,0.05043741044565031,19.784825047608614,19.982536063502494,213.42013888888889,0.2958438267126562,212.84029564348356,213.9999821342942,4.392708333333334,0.21252661210960092,3.976163827842202,4.809252838824466,213.3087673611111,0.2811263930999187,212.75776975553163,213.8597649666906,213.31041666666667,0.2809168410054839,212.75982977564516,213.86100355768818,0.008506944444444444,0.0026397964955086157,0.0033330383867325062,0.01368085050215638,0.006857638888888888,0.0022163313921709166,0.002513709182428373,0.011201568595349404,0.9999599402199043,1.2462738649483726e-05,0.9999355137010025,0.9999843667388061
zero_sku_complexity,single_low,1.8,0.1905,29591.560634231882,59.02565861795112,29475.872469176942,29707.248799286823,27276.139952575657,54.519279976616126,27169.284127358434,27382.99577779288,0.2310907855442836,0.22183861513582387,0.0,0.6658864815907405,2133.5416666666665,4.5714933139880145,2124.5817044156843,2142.5016289176488,132.6554568447616,0.28423796146306973,132.0983606772549,133.2125530122683,25.27202833758903,0.047763512101670874,25.178413574094613,25.36564310108345,0.039883466108846334,0.006619065159591565,0.026910336784723002,0.052856595432969666,0.0,0.0,0.0,0.0,23.680555555555554,1.234992892519515,21.26001396505436,26.10109714605675,0.00020171261725381137,3.3389364901757466e-05,0.00013627066457970097,0.0002671545699279218,17.779513888888886,0.03809577761656679,17.704847536797367,17.854180240980405,17.779513888888886,0.03809577761656679,17.704847536797367,17.854180240980405,0.37901559098503307,0.0008121084613230568,0.3774238876492996,0.3806072943207665,315.9003542198629,0.5970439012708858,314.73016967618264,317.07053876354314,9.885514650558472,0.02950192317517315,9.827691943660465,9.943337357456478,0.039883466108846334,0.006619065159591565,0.026910336784723002,0.052856595432969666,2.3680555555555554,0.12349928925195153,2.1260013965054356,2.610109714605675,32.003125000000004,0.0685723997098202,31.868725566235273,32.13752443376474,0.8539321180996219,0.03914010417519589,0.7772189235650921,0.9306453126341516,32.00507239757713,0.06397978643500471,31.879674320425956,32.130470474728305,32.005208333333336,0.06396990774180503,31.87982961806505,32.130587048601626,0.00013593575620251977,0.00013049330302107294,0.0,0.00039169793034749456,0.0,0.0,0.0,0.0,0.9999956327499642,4.199225441614692e-06,0.9999874024193356,1.0000038630805927
zero_sku_complexity,single_low,2.0,0.1905,29308.03264214877,58.37297497274457,29193.62371353173,29422.441570765808,27205.252705768915,54.34149622717516,27098.745330297632,27311.760081240198,0.0022280928625392784,0.0022280928625392784,0.0,0.006595074627327018,1921.25,4.060045069772796,1913.292457887636,1929.207542112364,124.88626628288164,0.2639135300997503,124.3690052688533,125.40352729690997,28.35146216836672,0.03620976216532608,28.28049233863392,28.42243199809952,0.18234094685183364,0.01566554666939908,0.15163703958168004,0.21304485412198723,0.0,0.0,0.0,0.0,28.107638888888886,0.6676294203727756,26.799109269938892,29.41616850783888,0.0009183275942613038,7.912065690285529e-05,0.000763253956298557,0.0010734012322240506,16.010416666666668,0.03383370891477328,15.944103815730301,16.076729517603034,16.010416666666668,0.03383370891477328,15.944103815730301,16.076729517603034,0.356817903665376,0.000754038657427858,0.3553400150538665,0.35829579227688557,354.393277104584,0.4526220270665758,353.506154232924,355.280399976244,11.079417963852984,0.0260476912233296,11.028365427174839,11.13047050053113,0.18234094685183364,0.01566554666939908,0.15163703958168004,0.21304485412198723,2.810763888888889,0.06676294203727758,2.6799109269938897,2.941616850783888,32.020833333333336,0.06766741782954656,31.888207631460602,32.15345903520607,0.9654780681449462,0.0425081072974711,0.8821637087909386,1.0487924274989537,32.00526132625152,0.0639659383707491,31.879890390807542,32.130632261695496,32.005208333333336,0.06396990774180503,31.87982961806505,32.130587048601626,1.3106428603172223e-06,1.3106428603172228e-06,0.0,3.8794556631335395e-06,5.430356105277115e-05,4.4185487943916464e-05,0.0,0.00014090552606217617,0.9999999601325366,3.986746343181204e-08,0.9999998819937441,1.000000038271329
zero_sku_complexity,single_low,2.1,0.1905,29188.27179866089,58.17671105348445,29074.247540257067,29302.296057064716,27172.51237742181,54.27050681586706,27066.144138639975,27278.88061620364,0.052580928243068176,0.050082159607855885,0.0,0.15074015734245233,1828.9583333333333,3.85361388187149,1821.4053889145416,1836.511277752125,121.40673340054411,0.25580389922406205,120.90536697096003,121.9080998301282,30.125942205960694,0.04296870939369566,30.04172508308688,30.210159328834507,0.30263692655797936,0.022056432424754253,0.2594071133780196,0.34586673973793913,0.0,0.0,0.0,0.0,34.91319444444444,0.9034408992839353,33.14248281968745,36.683906069201434,0.0015228653738091676,0.0001111396383339987,0.0013050356854197231,0.0017406950621986121,15.241319444444443,0.03211344901559575,15.178378240954512,15.304260647934374,15.241319444444443,0.03211344901559575,15.178378240954512,15.304260647934374,0.34687638114441177,0.0007308682834973187,0.34544390563131444,0.3483088566575091,376.5742775745087,0.5371088674211959,375.52156353858607,377.62699161043133,11.773910630802343,0.030485748185038596,11.71415966231791,11.833661599286776,0.30263692655797936,0.022056432424754253,0.2594071133780196,0.34586673973793913,3.491319444444444,0.09034408992839355,3.314248281968745,3.6683906069201435,32.00677083333333,0.06743824293275097,31.87459430600447,32.13894736066218,1.0486930999527226,0.043738425239113636,0.9629673617435622,1.1344188381618832,32.00517906116038,0.06397387881017447,31.879792562741113,32.13056555957966,32.005208333333336,0.06396990774180503,31.87982961806505,32.130587048601626,3.0929957790040104e-05,2.946009388697406e-05,0.0,8.867068078967788e-05,1.6577848371240755e-06,1.657784837124075e-06,0.0,4.906983412003862e-06,0.9999989831127148,9.698174264736353e-07,0.9999970823054873,1.0000008839199424
zero_sku_complexity,single_low,2.25,0.1905,29018.890859329607,57.759674324738995,28905.683977894358,29132.097740764857,27127.31577303479,54.14502076304613,27021.193482397044,27233.438063672533,0.1551486403165917,0.08340443877934983,0.0,0.31861833647489324,1707.2916666666667,3.5547315742350074,1700.3245208064588,1714.2588125268746,116.78977335720226,0.24316659127795848,116.3131755960541,117.26637111835043,32.21088415808971,0.043105081382878274,32.1263997510286,32.295368565150824,0.7178912503223503,0.03482627560636413,0.6496330044182108,0.7861494962264899,0.0,0.0,0.0,0.0,34.40972222222222,0.6901362510194899,33.05708002579853,35.762364418645916,0.0036215202899697574,0.00017573969520908527,0.003277076816705904,0.003965963763233611,14.227430555555555,0.029622763118625058,14.169371006720489,14.285490104390622,14.227430555555555,0.029622763118625058,14.169371006720489,14.285490104390622,0.3336850667348636,0.0006947616893655957,0.33232335884586883,0.33504677462385835,402.63605197612134,0.5388135172859787,401.5799968878575,403.6921070643852,12.584869418620862,0.028164490387971898,12.529668031817513,12.64007080542421,0.7178912503223503,0.03482627560636413,0.6496330044182108,0.7861494962264899,3.440972222222222,0.069013625101949,3.3057080025798524,3.5762364418645913,32.01171875,0.06665121701690639,31.881084765121102,32.1423527348789,1.1220321825543875,0.04667926904661855,1.0305424963983598,1.2135218687104152,32.005119792440674,0.0639740771923278,31.879732905199525,32.13050667968182,32.005208333333336,0.06396990774180503,31.87982961806505,32.130587048601626,9.126390606858336e-05,4.906143457608813e-05,0.0,0.0001874225508675842,2.7230134132894234e-06,2.723013413289424e-06,0.0,8.060021632756175e-06,0.9999970927931244,1.5743082105092335e-06,0.9999940072057313,1.0000001783805177
zero_sku_complexity,single_low,2.4,0.1905,28864.387711183484,57.40314213433439,28751.879620000756,28976.895802366213,27086.65393845117,53.9855313829066,26980.844241254417,27192.463635647924,0.0961463053511374,0.07230416800291664,0.0,0.23785987056898739,1598.9583333333333,3.373685457051101,1592.3460313423466,1605.57063532432,112.54761215552266,0.2374672525476989,112.08218489302149,113.01303941802382,34.29732687567901,0.04757810028914401,34.20407551265946,34.390578238698566,1.4697707290882367,0.05912704964683147,1.3538838412683354,1.585657616908138,0.0,0.0,0.0,0.0,30.364583333333332,0.6850078282791117,29.021992660778274,31.70717400588839,0.007389558224029484,0.00029911351328401067,0.00680330651070358,0.007975809937355388,13.324652777777777,0.028114045475425835,13.269550261186222,13.379755294369332,13.324652777777777,0.028114045475425835,13.269550261186222,13.379755294369332,0.3215646061586362,0.0006784778644219971,0.32023481398006143,0.32289439833721095,428.7165859459876,0.5947262536142999,427.55094390824314,429.8822279837321,13.401054916220232,0.03088018621551152,13.34053086340194,13.461578969038525,1.4697707290882367,0.05912704964683147,1.3538838412683354,1.585657616908138,3.0364583333333335,0.06850078282791117,2.9021992660778277,3.170717400588839,31.979166666666668,0.06747370914102199,31.846920626846934,32.111412706486405,1.09485913987123,0.0494405029874582,0.997957534638267,1.191760745104193,32.005176656803805,0.06396658424435106,31.87980445547083,32.13054885813678,32.005208333333336,0.06396990774180503,31.87982961806505,32.130587048601626,5.6556650206551413e-05,4.253186353112744e-05,0.0,0.00013991757092293378,2.4880120679632078e-05,1.6609475223382218e-05,0.0,5.7434093919571596e-05,0.9999982841036853,1.289700528867669e-06,0.9999957563370979,1.0000008118702728
zero_sku_complexity,single_low,3.0,0.1905,28422.88153750372,55.84983089097497,28313.417880414756,28532.345194592683,26971.498017681446,53.2808244768167,26867.069520640285,27075.926514722607,0.298235968814017,0.2107374222522295,0.0,0.7112737266231965,1281.0416666666667,2.7621680003659255,1275.6279168667006,1286.4554164666329,99.83866596880277,0.2152710372456654,99.41674248888668,100.26058944871886,42.89343879654282,0.05287434064249244,42.78980699317723,42.997070599908405,10.106651310328937,0.16674865316244492,9.779829955659984,10.43347266499789,0.0,0.0,0.0,0.0,17.20486111111111,0.4984447135212712,16.227927424325035,18.181794797897187,0.051070833064888445,0.0008418023308126421,0.0494209308143938,0.05272073531538309,10.675347222222221,0.023018066669716057,10.630232640555835,10.720461803888607,10.675347222222221,0.023018066669716057,10.630232640555835,10.720461803888607,0.2852533313394365,0.000615060106416187,0.2840478356825334,0.28645882699633957,536.1679849567852,0.6609292580311558,534.8725874147153,537.463382498855,16.718541751031548,0.03669482621867821,16.646621213223984,16.790462288839112,10.106651310328937,0.16674865316244492,9.779829955659984,10.43347266499789,1.720486111111111,0.049844471352127113,1.6227927424325033,1.8181794797897186,32.026041666666664,0.06905420000914812,31.89069792166751,32.16138541166582,1.4053540253803145,0.061238891187973356,1.2853280041987194,1.5253800465619096,32.00504420916198,0.0639857743931837,31.879634395828436,32.13045402249553,32.005208333333336,0.06396990774180503,31.87982961806505,32.130587048601626,0.00017543292283177467,0.00012396318956013505,0.0,0.000418396309778351,1.130875147861035e-05,1.1308751478610348e-05,0.0,3.347349708680071e-05,0.9999943295792376,4.001365505200761e-06,0.9999864870469585,1.0000021721115169
zero_sku_complexity,single_low,4.5,0.1905,28114.058413178613,52.97369718051953,28010.231874576864,28217.88495178036,27002.35128557785,51.529461603207544,26901.355396692823,27103.347174462877,0.12297580764221065,0.12297580764221068,0.0,0.3640039615906691,863.9583333333334,2.026437305468869,859.986589197686,867.9300774689807,81.97448913245456,0.19227334984298028,81.59764029157546,82.35133797333367,65.06740995433334,0.0875867734006283,64.89574303294604,65.23907687572064,82.03009992855726,0.5077237120243188,81.03497973889262,83.02522011822191,7.199652777777776,0.016886977545573893,7.166554909980714,7.232750645574837,11.354166666666666,0.40833455764321214,10.553845640042876,12.154487693290456,0.4195208412573539,0.002622480730797479,0.41438087347484054,0.42466080903986725,7.199652777777776,0.016886977545573893,7.166554909980714,7.232750645574837,7.199652777777776,0.016886977545573893,7.166554909980714,7.232750645574837,0.23421282609272734,0.0005493524281228008,0.233136115118787,0.23528953706666766,813.3426244291668,1.0948346675078542,811.1967879118255,815.4884609465081,24.94200094640306,0.05946886707966456,24.825444108725517,25.0585577840806,82.03009992855726,0.5077237120243188,81.03497973889262,83.02522011822191,1.1354166666666667,0.04083345576432121,1.0553845640042878,1.2154487693290457,32.3984375,0.07599139895508257,32.249497094913224,32.547377905086776,2.2204551567076045,0.09693717099852965,2.030461792787286,2.410448520627923,32.00530809798439,0.0639663979128861,31.879936261854375,32.130679934114404,32.005208333333336,0.06396990774180503,31.87982961806505,32.130587048601626,7.233871037777097e-05,7.233871037777098e-05,0.0,0.00021411997740627595,0.00017210336143151268,0.00012589026638548217,0.0,0.00041884374955121115,0.9999977429419539,2.2570580461081517e-06,0.9999933191894724,1.0000021666944352
zero_sku_complexity,single_low,5.0,0.1905,28166.821537744563,52.29197817520464,28064.33114384081,28269.311931648317,27078.832282050465,50.971070288085755,26978.930820032358,27178.733744068573,0.10669926343070076,0.09232085302956422,0.0,0.28764481039066214,783.75,1.9850279471922758,779.8594167151977,787.6405832848023,78.44459618601377,0.19867906313932995,78.05519237777852,78.83399999424901,72.45424461512273,0.09004715216340643,72.27775543997205,72.63073379027341,116.55316007396944,0.6267733133114556,115.32470695340814,117.78161319453073,26.125,0.06616759823974251,25.995313890506587,26.254686109493413,10.555555555555555,0.4084659332057195,9.754977037560803,11.356134073550308,0.5991161158500217,0.003189617609004586,0.5928645802119179,0.6053676514881254,6.53125,0.016541899559935628,6.498828472626647,6.563671527373353,6.53125,0.016541899559935628,6.498828472626647,6.563671527373353,0.2241274176743251,0.0005676544661123715,0.22301483536508154,0.22523999998356864,905.6780576890343,1.12558940204258,903.4719429996509,907.8841723784177,27.647055389852543,0.06432304752654561,27.520984533324654,27.773126246380432,116.55316007396944,0.6267733133114556,115.32470695340814,117.78161319453073,1.0555555555555556,0.040846593320571944,0.9754977037560802,1.135613407355031,32.65625,0.08270949779967812,32.494142363133236,32.818357636866764,2.579569480818804,0.10803603117571232,2.3678227506817615,2.7913162109558467,32.005209666063074,0.06396261431260014,31.87984524565335,32.1305740864728,32.005208333333336,0.06396990774180503,31.87982961806505,32.130587048601626,6.276427260629456e-05,5.430638413503778e-05,0.0,0.00016920282964156597,6.40970023477756e-05,6.409700234777557e-05,0.0,0.00018972481846639503,0.9999980276380431,1.7075256837328468e-06,0.9999946809492003,1.0000013743268859
zero_sku_complexity,single_low,9.0,0.1905,29532.230440497533,50.981413791840424,29432.308705584594,29632.152175410472,28044.806587956653,50.00994012793594,27946.788906436894,28142.824269476412,0.0,0.0,0.0,0.0,466.4583333333333,1.3696216670168706,463.7739241935345,469.1427424731321,63.86303757956217,0.1875155694302409,63.49551381693838,64.23056134218596,131.21327840409882,0.18066335753811055,130.85918472999805,131.56737207819958,431.0801754461059,1.1304864244785109,428.8644627691166,433.2958881230952,388.71527777777777,1.141351389180727,386.4782701612788,390.95228539427677,6.09375,0.3071288583062785,5.4917884991067885,6.6957115008932115,2.277606290339724,0.005564013094428285,2.266701025065135,2.2885115556143125,3.8871527777777772,0.011413513891807258,3.8647827016127874,3.909522853942767,3.8871527777777772,0.011413513891807258,3.8647827016127874,3.909522853942767,0.18246582165589195,0.0005357587698006874,0.18141575376268113,0.18351588954910278,1640.1659800512352,2.258291969226382,1635.7398091249754,1644.592150977495,47.41482572036728,0.10342909703336067,47.2121084152284,47.617543025506166,431.0801754461059,1.1304864244785109,428.8644627691166,433.2958881230952,0.6093749999999999,0.030712885830627857,0.5491788499106788,0.669571150089321,34.984375,0.10272162502626528,34.783044314515095,35.185705685484905,4.892310975394757,0.19364111932619538,4.512781355589391,5.271840595200123,32.00539084007891,0.06397637669271794,31.879999445899816,32.13078223425801,32.005208333333336,0.06396990774180503,31.87982961806505,32.130587048601626,0.0,0.0,0.0,0.0,0.00018250674557363617,0.0001154049832823701,0.0,0.0004086963564435286,1.0,5.797529028300176e-19,1.0,1.0
zero_sku_complexity,single_low,10.0,0.1905,30014.256937830283,50.32103986512679,29915.62951203003,30112.884363630536,28377.139553838886,48.54931289515571,28281.984649090216,28472.294458587556,0.1897098188314658,0.11431326308131075,0.0,0.4137596974260871,412.9166666666667,1.3533483565909321,410.264152629212,415.5691807041214,59.94519368905322,0.19647240209389796,59.56011485699311,60.33027252111333,144.58835423503078,0.1838013940033036,144.22811012247604,144.94859834758552,517.9010706929289,1.0254275550686116,515.8912696162395,519.9108717696183,495.5,1.6240180279091183,492.31698315505434,498.68301684494566,6.076388888888888,0.2707699318698129,5.545689574327691,6.607088203450086,2.7793588643144553,0.00726796909115271,2.7651139066550456,2.793603821973865,3.440972222222222,0.011277902971591106,3.418867938576766,3.4630765058676776,3.440972222222222,0.011277902971591106,3.418867938576766,3.4630765058676776,0.1712719819687235,0.0005613497202682793,0.17017175673426604,0.17237220720318097,1807.354427937885,2.297517425041295,1802.8513765309508,1811.8574793448192,52.59894717001102,0.10363842962656877,52.39581958052866,52.80207475949339,517.9010706929289,1.0254275550686116,515.8912696162395,519.9108717696183,0.6076388888888888,0.027076993186981296,0.5545689574327691,0.6607088203450086,34.409722222222214,0.11277902971591108,34.18867938576766,34.63076505867677,4.150917895438341,0.22553131757822587,3.708884635599153,4.592951155277529,32.005096739322255,0.06396020550368617,31.87973704009125,32.13045643855326,32.005208333333336,0.06396990774180503,31.87982961806505,32.130587048601626,0.00011159401107733282,6.724309593018279e-05,0.0,0.00024338805730946298,0.0,0.0,0.0,0.0,0.9999966227921799,2.0270371890880643e-06,0.999992649872294,1.000000595712066
zero_sku_complexity,single_average,1.8,0.1905,49318.22190639891,74.3718778764146,49172.455704298525,49463.988108499296,45494.90998886063,68.58820522912033,45360.47957684731,45629.340400873945,0.4427083333333333,0.31222150730598025,0.0,1.054651242851864,3559.1666666666665,5.422452943812886,3548.53885418893,3569.794479144403,221.29536419645615,0.33714737505199277,220.63456748387202,221.95616090904028,24.820372786264528,0.027549073918803606,24.76637759357624,24.874367978952815,0.0,0.0,0.0,0.0,0.0,0.0,0.0,0.0,17.586805555555557,0.5768803384198274,16.456140868863418,18.717470242247696,0.0,0.0,0.0,0.0,29.659722222222225,0.04518710786510738,29.57115711824109,29.74828732620336,29.659722222222225,0.04518710786510738,29.57115711824109,29.74828732620336,0.6322724691327317,0.0009632782144342651,0.6303844785253485,0.6341604597401149,310.25465982830656,0.3443634239850451,309.579719919703,310.9295997369101,5.817286619484464,0.011193471749027066,5.795347817994404,5.839225420974524,0.0,0.0,0.0,0.0,1.7586805555555554,0.05768803384198274,1.6456140868863414,1.8717470242247694,53.387499999999996,0.08133679415719332,53.22808281283395,53.546917187166045,0.8523437500000001,0.03791184020083021,0.7780379086187351,0.926649591381265,53.3828125,0.08048002073977388,53.225074557875004,53.540550442124996,53.38268229166666,0.08045519996936418,53.22499299735774,53.540371585975585,0.00026041666666666666,0.00018365971017998836,0.0,0.0006203830840305082,0.00039062499999999997,0.00022434356960220333,0.0,0.0008303303165834734,0.9999950630569762,3.4818431079557814e-06,0.9999882387698847,1.0000018873440675
zero_sku_complexity,single_average,2.0,0.1905,48846.833703126315,73.71045604985866,48702.36386398457,48991.30354226806,45375.132378472226,68.3831715994367,45241.103824988706,45509.16093195575,0.5164930555555556,0.28406628895811475,0.0,1.0732527511354086,3204.1666666666665,4.9865292652160695,3194.393248898988,3213.940084434345,208.27919924427667,0.32413742180515587,207.64390157149688,208.91449691705645,28.07924346536977,0.031944548003225395,28.016633301781038,28.141853628958504,0.0,0.0,0.0,0.0,0.0,0.0,0.0,0.0,30.659722222222218,0.709724100615791,29.268688546055184,32.05075589838925,0.0,0.0,0.0,0.0,26.70138888888889,0.04155441054346724,26.6199437408249,26.782834036952877,26.70138888888889,0.04155441054346724,26.6199437408249,26.782834036952877,0.5950834264122188,0.0009261069194433014,0.5932682902042766,0.5968985626201609,350.9905433171221,0.39930685004031713,350.20791627226293,351.7731703619813,6.579039353933268,0.012518916367983648,6.554502728726551,6.603575979139985,0.0,0.0,0.0,0.0,3.065972222222222,0.07097241006157912,2.9268688546055186,3.205075589838925,53.40277777777778,0.08310882108693449,53.2398874816498,53.565668073905755,1.0139322916666667,0.042174998913708135,0.9312708127477828,1.0965937705855504,53.38250868055556,0.08045079011698433,53.22482802939848,53.54018933171264,53.38268229166666,0.08045519996936418,53.22499299735774,53.540371585975585,0.00030381944444444445,0.00016709781703418513,0.0,0.0006313251477267109,0.00013020833333333333,9.68480989065059e-05,0.0,0.00032002711916125786,0.9999943063379119,3.132748813754614e-06,0.9999881662630643,1.0000004464127594
zero_sku_complexity,single_average,2.1,0.1905,48616.4996993109,73.39661564204333,48472.64497606537,48760.35442255643,45319.71217980034,68.31332391677905,45185.82052525924,45453.60383434145,0.4427083333333333,0.3122215073059803,0.0,1.0546512428518642,3049.5833333333335,4.840290323217279,3040.09653862511,3059.070128041557,202.43214073552397,0.321299739935067,201.80240481700915,203.0618766540388,29.24253155281836,0.03044742093742952,29.182855704358868,29.30220740127785,0.0,0.0,0.0,0.0,0.0,0.0,0.0,0.0,15.086805555555557,0.48982205407036034,14.126771970744219,16.046839140366895,0.0,0.0,0.0,0.0,25.413194444444446,0.04033575269347732,25.334137821875917,25.492251067012976,25.413194444444446,0.04033575269347732,25.334137821875917,25.492251067012976,0.5783775449586397,0.0009179992569573328,0.5765782994771688,0.5801767904401106,365.5316444102295,0.3805927617178691,364.78569630448584,366.27759251597314,6.852061286818302,0.012632148496450602,6.827302730717897,6.8768198429187075,0.0,0.0,0.0,0.0,1.5086805555555554,0.048982205407036024,1.4126771970744216,1.604683914036689,53.36770833333333,0.08470508065630236,53.20168942593942,53.533727240727245,0.98203125,0.045434867888197915,0.8929805452967967,1.0710819547032033,53.382421875,0.08046676604081408,53.22470991160759,53.54013383839241,53.38268229166666,0.08045519996936418,53.22499299735774,53.540371585975585,0.00026041666666666666,0.0001836597101799884,0.0,0.0006203830840305082,0.0,0.0,0.0,0.0,0.9999950595787853,3.4842840388183462e-06,0.9999882305075574,1.0000018886500133
zero_sku_complexity,single_average,2.25,0.1905,48330.98206859429,72.83733023191267,48188.22352460969,48473.74061257889,45241.66899251606,68.18554949811649,45108.02777123368,45375.31021379844,0.0,0.0,0.0,0.0,2848.75,4.415250522085341,2840.096267993991,2857.403732006009,194.87289333573935,0.3020316433667063,194.28092219254916,195.46486447892954,31.384627186943153,0.034465205452367004,31.31707662553674,31.452177748349566,0.0,0.0,0.0,0.0,0.0,0.0,0.0,0.0,14.305555555555555,0.5001656050486283,13.325248983354559,15.285862127756552,0.0,0.0,0.0,0.0,23.739583333333332,0.03679375435071117,23.667468899949924,23.81169776671674,23.739583333333332,0.03679375435071117,23.667468899949924,23.81169776671674,0.5567796952449695,0.0008629475524763022,0.555088349121569,0.55847104136837,392.30783983678936,0.4308150681545878,391.46345781920917,393.15222185436954,7.353950882824086,0.014318129183797958,7.32588786529785,7.382013900350322,0.0,0.0,0.0,0.0,1.4305555555555554,0.050016560504862834,1.3325248983354556,1.528586212775655,53.4140625,0.08278594728910013,53.25180502488733,53.57631997511267,1.12109375,0.04751280606987111,1.0279703612986166,1.2142171387013834,53.38268229166666,0.08045519996936418,53.22499299735774,53.540371585975585,53.38268229166666,0.08045519996936418,53.22499299735774,53.540371585975585,0.0,0.0,0.0,0.0,0.0,0.0,0.0,0.0,1.0,0.0,1.0,1.0
zero_sku_complexity,single_average,2.4,0.1905,48072.94139453569,72.57301874019726,47930.70089155555,48215.181897515824,45168.45765591502,68.0752097311097,45035.03269660204,45301.88261522801,0.0,0.0,0.0,0.0,2670.2083333333335,4.2883359379072346,2661.8033493414264,2678.6133173252406,187.9508462537243,0.3018477466676782,187.35923554144108,188.54245696600753,33.61622570027048,0.0336947872372838,33.55018513081867,33.6822662697223,0.0,0.0,0.0,0.0,0.0,0.0,0.0,0.0,12.708333333333334,0.4920993255129029,11.743836378511592,13.672830288155076,0.0,0.0,0.0,0.0,22.25173611111111,0.03573613281589361,22.18169457784522,22.321777644377,22.25173611111111,0.03573613281589361,22.18169457784522,22.321777644377,0.5370024178677838,0.0008624221333362221,0.5353121015469746,0.538692734188593,420.202821253381,0.4211848404660475,419.3773141352333,421.0283283715287,7.876091090888235,0.014417426939439506,7.847833453337197,7.904348728439274,0.0,0.0,0.0,0.0,1.2708333333333333,0.04920993255129029,1.174383637851159,1.3672830288155076,53.40416666666666,0.08576671875814462,53.23606698682852,53.572266346504804,1.2734375,0.049839068357906045,1.1757547209954744,1.3711202790045256,53.38268229166666,0.08045519996936418,53.22499299735774,53.540371585975585,53.38268229166666,0.08045519996936418,53.22499299735774,53.540371585975585,0.0,0.0,0.0,0.0,0.0,0.0,0.0,0.0,1.0,0.0,1.0,1.0
zero_sku_complexity,single_average,3.0,0.1905,47275.068619811536,71.32865279385847,47135.26702926981,47414.87021035326,44915.13423049592,67.69741958284851,44782.44972626724,45047.8187347246,0.4427083333333333,0.31222150730598025,0.0,1.054651242851864,2136.875,3.5003622662182265,2130.0144160253694,2143.7355839746306,166.5384935504976,0.2728026013206152,166.00381027702036,167.07317682397485,42.49585581510344,0.04864370204075532,42.40051591102886,42.59119571917802,0.005942727796570627,0.003034774435703362,0.0,0.011890776391752083,0.0,0.0,0.0,0.0,13.576388888888888,0.7747318335941983,12.057942397367581,15.094835380410194,3.056000973222852e-05,1.530278233205261e-05,5.671074981495453e-07,6.055291196630749e-05,17.807291666666668,0.029169685551818564,17.750120133544744,17.86446319978859,17.807291666666668,0.029169685551818564,17.750120133544744,17.86446319978859,0.47582426728713617,0.0007794360037731855,0.4742966007914869,0.47735193378278545,531.1981976887929,0.6080462755094417,530.0064488878606,532.3899464897252,9.95592942078943,0.019355172669523028,9.91799397944261,9.993864862136249,0.005942727796570627,0.003034774435703362,0.0,0.011890776391752083,1.3576388888888886,0.07747318335941983,1.205794239736758,1.5094835380410192,53.421875,0.08750905665545566,53.25036040063423,53.59338959936577,1.6334931790335123,0.06257558615523927,1.51084728385776,1.7561390742092646,53.382421875,0.08046231808799252,53.224718629434925,53.54012512056507,53.38268229166666,0.08045519996936418,53.22499299735774,53.540371585975585,0.00026041666666666666,0.00018365971017998836,0.0,0.0006203830840305082,0.0,0.0,0.0,0.0,0.9999950841580998,3.466914049067151e-06,0.9999882891314261,1.0000018791847736
zero_sku_complexity,single_average,4.5,0.1905,46134.789405057614,69.05554350873635,45999.44302684765,46270.13578326758,44475.34970184725,66.70463946185531,44344.611010900284,44606.08839279421,0.0,0.0,0.0,0.0,1426.0416666666667,2.46811951636509,1421.2042413050508,1430.8790920282827,135.3063366558118,0.23418124308294425,134.8473498535144,135.7653234581092,64.74946805551325,0.06245187334708269,64.6270646329859,64.87187147804059,4.757162387914794,0.11002884856528093,4.541509807466431,4.972814968363156,11.883680555555557,0.020567662636375755,11.84336867754209,11.923992433569024,16.701388888888886,0.5163541151339442,15.689353419957307,17.713424357820465,0.02395713788433483,0.0005555774383679806,0.022868226114510566,0.025046049654159096,11.883680555555557,0.020567662636375755,11.84336867754209,11.923992433569024,11.883680555555557,0.020567662636375755,11.84336867754209,11.923992433569024,0.3865895333023193,0.0006690892659512697,0.38527814243861247,0.3879009241660262,809.3683506939155,0.7806484168385341,807.8383079123238,810.8983934755073,15.16980264775672,0.02767380097009631,15.115562994540001,15.224042300973439,4.757162387914794,0.11002884856528093,4.541509807466431,4.972814968363156,1.6701388888888886,0.051635411513394416,1.5689353419957308,1.7713424357820464,53.4765625,0.09255448186369088,53.295159048939404,53.657965951060596,2.3502270153958382,0.10106906654221846,2.1521352850220077,2.5483187457696688,53.38271070535614,0.0804571322232625,53.22501762389917,53.54040378681311,53.38268229166666,0.08045519996936418,53.22499299735774,53.540371585975585,0.0,0.0,0.0,0.0,2.8413689472608256e-05,2.841368947260826e-05,0.0,8.410349750682532e-05,1.0,0.0,1.0,1.0
zero_sku_complexity,single_average,5.0,0.1905,45949.64719413357,68.04579443334269,45816.2798877448,46083.01450052234,44393.453207987186,66.21020651623009,44263.683587806416,44523.222828167956,0.18333954092838547,0.1833395409283855,0.0,0.5426784380901283,1282.9166666666667,2.1604404432124094,1278.6822812072267,1287.1510521261068,128.40558833425644,0.21623588918881065,127.98177377928137,128.8294028892315,72.21064426129803,0.0691173117528272,72.07517681955426,72.3461117030418,13.758997343237363,0.1913647608582588,13.383929304045056,14.13406538242967,42.76388888888889,0.07201468144041372,42.62274270690756,42.90503507087023,15.954861111111109,0.47677441493224676,15.02040042909375,16.889321793128467,0.0694576036668402,0.0009661843338856786,0.06756391716999745,0.07135129016368295,10.690972222222223,0.01800367036010343,10.65568567672689,10.726258767717557,10.690972222222223,0.01800367036010343,10.65568567672689,10.726258767717557,0.366873109526447,0.0006178168262537446,0.36566221079794686,0.3680840082549472,902.6330532662254,0.8639663969103406,900.9397102444283,904.3263962880225,16.860215275085412,0.03060958841229215,16.800221584215727,16.920208965955098,13.758997343237363,0.1913647608582588,13.383929304045056,14.13406538242967,1.595486111111111,0.04767744149322467,1.502040042909375,1.688932179312847,53.45486111111111,0.0900183518005171,53.278428383634434,53.63129383858778,2.5070646711463023,0.09422624510320511,2.3223846243455766,2.691744717947028,53.38257444487789,0.08045883513583768,53.2248780257736,53.54027086398218,53.38268229166666,0.08045519996936418,53.22499299735774,53.540371585975585,0.00010784678878140324,0.00010784678878140325,0.0,0.00031922261064125195,0.0,0.0,0.0,0.0,0.9999979603444201,2.0396555797900827e-06,0.9999939626929428,1.0000019579958974
zero_sku_complexity,single_average,9.0,0.1905,46496.98434250103,64.81530192176774,46369.94868508728,46624.01999991479,44684.253469814,63.541302136456444,44559.71480609577,44808.79213353223,0.0,0.0,0.0,0.0,726.875,1.6088775991805133,723.7216578500729,730.0283421499271,99.51681023452096,0.2202722156192174,99.08508462511246,99.94853584392946,131.59002716367002,0.124965625674463,131.34509903804255,131.83495528929748,239.87056306662123,0.7744866616900332,238.3525971032021,241.38852903004036,605.7291666666666,1.340731332650426,603.1013815417274,608.3569517916059,9.149305555555555,0.3395359823921304,8.483827258611553,9.814783852499557,1.2408909901329601,0.0038811298413127773,1.2332841154246634,1.2484978648412568,6.057291666666667,0.013407313326504276,6.031013815417275,6.083569517916059,6.057291666666667,0.013407313326504276,6.031013815417275,6.083569517916059,0.2843337435272028,0.0006293491874834784,0.28310024178603566,0.28556724526836996,1644.8753395458752,1.5620703209307871,1641.813737975532,1647.9369411162186,29.75971722199354,0.048369874450199954,29.664914010134424,29.854520433852656,239.87056306662123,0.7744866616900332,238.3525971032021,241.38852903004036,0.9149305555555555,0.03395359823921304,0.8483827258611554,0.9814783852499556,54.515625,0.12066581993853849,54.27912433875547,54.75212566124453,4.597954075996646,0.18911948480773275,4.2272866969987195,4.968621454994572,53.38277448875053,0.08044980679141087,53.22509576487616,53.5404532126249,53.38268229166666,0.08045519996936418,53.22499299735774,53.540371585975585,0.0,0.0,0.0,0.0,9.2197083860486e-05,9.219708386048602e-05,0.0,0.0002729000477066577,1.0,0.0,1.0,1.0
zero_sku_complexity,single_average,10.0,0.1905,46919.99617373208,64.35426856717253,46793.864125089,47046.128222375155,44898.83552669109,62.540132176615025,44776.25912003655,45021.411933345626,0.0,0.0,0.0,0.0,660.4166666666666,1.4766827397594355,657.5224216801462,663.3109116531871,95.87601614243124,0.21437747613035987,95.45584401011914,96.29618827474334,145.67856167440402,0.15029900626161483,145.3839810352191,145.97314231358894,318.772735890826,0.97803555193644,316.85582143343083,320.6896503482212,792.5,1.7720192877113226,789.0269060161755,795.9730939838245,7.916666666666667,0.31859125509401126,7.292239280892992,8.541094052440343,1.653927302829733,0.005368358637762932,1.6434055132436232,1.6644490924158428,5.503472222222221,0.012305689497995285,5.479353514001218,5.527590930443225,5.503472222222221,0.012305689497995285,5.479353514001218,5.527590930443225,0.27393147469266066,0.0006125070746581712,0.2727309828860547,0.27513196649926663,1820.9820209300499,1.8787375782701852,1817.2997629402382,1824.6642789198615,33.003634500669875,0.057449576456779713,32.89103539988751,33.116233601452244,318.772735890826,0.97803555193644,316.85582143343083,320.6896503482212,0.7916666666666666,0.03185912550940113,0.7292239280892991,0.8541094052440341,55.03472222222222,0.12305689497995304,54.79353514001219,55.275909304432254,5.021878616945162,0.20872876695725215,4.612777751171493,5.43097948271883,53.38268229166666,0.08045519996936418,53.22499299735774,53.540371585975585,53.38268229166666,0.08045519996936418,53.22499299735774,53.540371585975585,0.0,0.0,0.0,0.0,0.0,0.0,0.0,0.0,1.0,0.0,1.0,1.0
zero_sku_complexity,two_person_low,1.8,0.15475,68977.96259369771,107.90771263736653,68766.46736327438,69189.45782412104,63633.17287319456,99.74991229024351,63437.66663764466,63828.679108744465,0.4427083333333333,0.31222150730598025,0.0,1.054651242851864,4979.166666666667,7.781698297196957,4963.9148182656045,4994.4185150677295,309.5855305721904,0.4838362234825968,308.63722899974863,310.5338321446322,24.518426042058877,0.028396893842783225,24.462769152854214,24.57408293126354,0.0,0.0,0.0,0.0,0.0,0.0,0.0,0.0,31.076388888888886,0.7023213466642962,29.699864343853196,32.45291343392458,0.0,0.0,0.0,0.0,41.49305555555555,0.06484748580997467,41.36595681888003,41.62015429223107,41.49305555555555,0.06484748580997467,41.36595681888003,41.62015429223107,0.8845300873491154,0.0013823892099502765,0.8818206542849961,0.8872395204132347,306.4803255257359,0.35496117303479013,305.78461441067765,307.17603664079417,4.107967097640496,0.007895100952156531,4.0924929841199615,4.123441211161031,0.0,0.0,0.0,0.0,3.107638888888888,0.0702321346664296,2.969986434385319,3.245291343392457,74.68749999999999,0.11672547445795432,74.45872227398405,74.91627772601592,0.8898437500000002,0.038553746861320674,0.8142797946827375,0.9654077053172628,74.66588541666665,0.11704454115823759,74.4364823314095,74.89528850192382,74.66562499999999,0.11708534305287652,74.43614194449884,74.89510805550114,0.00026041666666666666,0.0001836597101799884,0.0,0.0006203830840305082,0.0005208333333333333,0.00025836341518262293,1.4450344652623334e-05,0.0010272163220140433,0.9999965253960864,2.4504991118212894e-06,0.9999917225060831,1.0000013282860898
zero_sku_complexity,two_person_low,2.0,0.15475,68305.24814172479,106.85591707726054,68095.81439271836,68514.68189073123,63465.965711805555,99.51338625549727,63270.923058765155,63661.008364845955,0.14756944444444445,0.14756944444444445,0.0,0.4368002407741399,4477.291666666667,6.965759536413747,4463.63902885033,4490.944304483004,291.0356483068108,0.4527925570993301,290.14819120242834,291.92310541119326,27.838795501319265,0.02988648424326098,27.78021906857795,27.89737193406058,0.0,0.0,0.0,0.0,0.0,0.0,0.0,0.0,42.96875,0.8173094231661233,41.366852966369194,44.570647033630806,0.0,0.0,0.0,0.0,37.310763888888886,0.058047996136781216,37.19699190708607,37.4245358706917,37.310763888888886,0.058047996136781216,37.19699190708607,37.4245358706917,0.8315304237337449,0.0012936930202838007,0.8289948320069378,0.8340660154605519,347.9849437664907,0.37358105304076245,347.25273835722425,348.71714917575713,4.663872456735761,0.009289924060719728,4.645664540157638,4.682080373313884,0.0,0.0,0.0,0.0,4.296875,0.08173094231661233,4.136685296636919,4.457064703363081,74.62152777777777,0.11609599227356243,74.39398381417215,74.8490717413834,0.8914062499999998,0.04117179518576002,0.8107110142570506,0.9721014857429491,74.66584201388888,0.1170745720652909,74.43638006913547,74.89530395864229,74.66562499999999,0.11708534305287652,74.43614194449884,74.89510805550114,8.680555555555556e-05,8.680555555555556e-05,0.0,0.00025694131810243524,0.00030381944444444445,0.00016709781703418513,0.0,0.0006313251477267109,0.9999988464377999,1.153562200073797e-06,0.9999965854974339,1.000001107378166
zero_sku_complexity,two_person_low,2.1,0.15475,67994.72092186754,106.54541041152845,67785.8957547429,68203.54608899218,63388.7002290953,99.37724641798071,63193.9244052333,63583.4760529573,0.22135416666666666,0.22135416666666669,0.0,0.6552003611612099,4265.625,6.743244065899308,4252.408484491874,4278.841515508126,283.15330520288654,0.4476183079968679,282.2759894403919,284.03062096538116,28.87867229157153,0.034609853085541174,28.810838226013647,28.94650635712941,0.0,0.0,0.0,0.0,0.0,0.0,0.0,0.0,28.14236111111111,0.6969928063973865,26.776280313088733,29.508441909133488,0.0,0.0,0.0,0.0,35.546875,0.05619370054916088,35.43673737076561,35.65701262923439,35.546875,0.05619370054916088,35.43673737076561,35.65701262923439,0.8090094434368188,0.0012789094514196215,0.8065028269725485,0.8115160599010891,360.9834036446441,0.4326231635692647,360.1354778251706,361.83132946411763,4.8371825203162295,0.009447380381074897,4.818665995021073,4.855699045611386,0.0,0.0,0.0,0.0,2.8142361111111107,0.06969928063973864,2.677628031308873,2.9508441909133483,74.6484375,0.11800677115323789,74.4171484786078,74.8797265213922,0.9269531250000002,0.04075794382968479,0.8470690230099114,1.006837226990089,74.66601562499999,0.11705718853671349,74.43658775133652,74.89544349866345,74.66562499999999,0.11708534305287652,74.43614194449884,74.89510805550114,0.00013020833333333333,0.00013020833333333333,0.0,0.0003854119771536529,0.0005208333333333333,0.00025836341518262293,1.4450344652623334e-05,0.0010272163220140433,0.9999982114239927,1.788576007326001e-06,0.9999947058794347,1.0000017169685507
zero_sku_complexity,two_person_low,2.25,0.15475,67591.41998352985,105.93242672169464,67383.7962423604,67799.0437246993,63278.90144060177,99.22517215722604,63084.423676813814,63473.37920438972,0.4427083333333333,0.31222150730598025,0.0,1.054651242851864,3982.5,6.305382891081347,3970.1416766247457,3994.8583233752543,272.4287135443903,0.4313289012987063,271.5833244323536,273.274102656427,31.03600993924567,0.034068678287021745,30.969236556802226,31.102783321689113,0.0,0.0,0.0,0.0,0.0,0.0,0.0,0.0,26.11111111111111,0.6565427732905952,24.824310921151497,27.397911301070724,0.0,0.0,0.0,0.0,33.1875,0.052544857425677875,33.08451397187288,33.29048602812712,33.1875,0.052544857425677875,33.08451397187288,33.29048602812712,0.7783677529839723,0.0012323682894248764,0.7759523555210103,0.7807831504469344,387.9501242405709,0.42585847858777165,387.11545696002787,388.78479152111396,5.19826278754148,0.009734237149811753,5.179184033310877,5.2173415417720825,0.0,0.0,0.0,0.0,2.6111111111111107,0.06565427732905953,2.4824310921151493,2.739791130107072,74.671875,0.11822592920777526,74.44015643671398,74.90359356328602,1.09375,0.046168874300642,1.0032606691639847,1.1842393308360153,74.66562499999999,0.11708024833215923,74.43615192996795,74.89509807003203,74.66562499999999,0.11708534305287652,74.43614194449884,74.89510805550114,0.00026041666666666666,0.00018365971017998836,0.0,0.0006203830840305082,0.00026041666666666666,0.0001836597101799884,0.0,0.0006203830840305082,0.99999657341152,2.416631814523083e-06,0.9999918369001997,1.0000013099228404
zero_sku_complexity,two_person_low,2.4,0.15475,67229.34045124515,105.30814459097014,67022.94028056812,67435.74062192219,63176.391576371,99.04527907237933,62982.26639655042,63370.51675619159,0.4427083333333333,0.31222150730598025,0.0,1.054651242851864,3733.3333333333335,5.92516841192847,3721.720216643619,3744.946450023048,262.78217717615195,0.41706124698801544,261.96475215270806,263.59960219959584,33.33510047578645,0.03507944061153342,33.26634603559003,33.40385491598286,0.0,0.0,0.0,0.0,0.0,0.0,0.0,0.0,23.055555555555554,0.6425490169798485,21.796182623973436,24.31492848713767,0.0,0.0,0.0,0.0,31.11111111111111,0.04937640343273724,31.014335138696826,31.207887083525396,31.11111111111111,0.04937640343273724,31.014335138696826,31.207887083525396,0.7508062205032914,0.0011916035628229025,0.7484707204363089,0.7531417205702738,416.68875594733055,0.438493007644168,415.82932544487534,417.54818644978576,5.58445212037973,0.010284015045303959,5.564295821274466,5.604608419484994,0.0,0.0,0.0,0.0,2.3055555555555554,0.06425490169798485,2.1796182623973435,2.4314928487137673,74.66666666666666,0.11850336823856941,74.43440433287238,74.89892900046094,1.13984375,0.05059741947747708,1.0406746301134795,1.2390128698865206,74.66549479166666,0.11705740996267759,74.43606648401627,74.89492309931705,74.66562499999999,0.11708534305287652,74.43614194449884,74.89510805550114,0.00026041666666666666,0.00018365971017998836,0.0,0.0006203830840305082,0.00013020833333333333,0.00013020833333333328,0.0,0.0003854119771536528,0.9999965951920847,2.4018863804215733e-06,0.9999918875812841,1.0000013028028854
zero_sku_complexity,two_person_low,3.0,0.15475,66103.03349185112,103.5800566731091,65900.02031125521,66306.04667244703,62822.671363989386,98.50303109891794,62629.608970667476,63015.733757311296,0.0,0.0,0.0,0.0,2986.25,4.79652515657548,2976.8489834421716,2995.6510165578284,232.73498747712128,0.3738197479277664,232.002314234473,233.46766071976955,42.03686260683866,0.04558283594443821,41.94752189007436,42.12620332360296,0.0,0.0,0.0,0.0,0.0,0.0,0.0,0.0,19.340277777777775,0.6005820488048644,18.163158592358965,20.517396963196585,0.0,0.0,0.0,0.0,24.885416666666668,0.03997104297146233,24.807074862018098,24.963758471315238,24.885416666666668,0.03997104297146233,24.807074862018098,24.963758471315238,0.6649571070774895,0.0010680564226507594,0.6628637549556373,0.6670504591993416,525.4607825854832,0.5697854493054776,524.3440236259295,526.577541545037,7.042745153030577,0.014127463821100703,7.015055832748327,7.070434473312827,0.0,0.0,0.0,0.0,1.9340277777777777,0.06005820488048644,1.8163158592358966,2.051739696319659,74.65625,0.119913128914387,74.4212245860543,74.8912754139457,1.4484375,0.0621981215770699,1.3265314218028994,1.5703435781971007,74.66588541666665,0.11707264071298344,74.43642725729421,74.8953435760391,74.66562499999999,0.11708534305287652,74.43614194449884,74.89510805550114,0.0,0.0,0.0,0.0,0.00026041666666666666,0.00018365971017998836,0.0,0.0006203830840305082,1.0,0.0,1.0,1.0
zero_sku_complexity,two_person_low,4.5,0.15475,64441.33017699702,100.8962402960429,64243.577179841275,64639.083174152765,62179.3664352242,97.49756728937551,61988.27471475675,62370.458155691646,0.00595667298152765,0.005956672981527649,0.0,0.017631537493004664,1990.625,3.358022387399427,1984.0433970614179,1997.2066029385821,188.87539032085928,0.31861741368979624,188.25091166517998,189.49986897653858,64.24747078407133,0.08557358815955847,64.07974963325073,64.41519193489192,0.03284066156457733,0.0050407487304447865,0.02296097559778955,0.04272034753136511,0.0,0.0,0.0,0.0,18.177083333333332,0.7453515464072801,16.716221146553828,19.637945520112837,0.00016470854781159224,2.5298428762313035e-05,0.00011512453857200647,0.000214292557051178,16.588541666666668,0.027983519894995215,16.533694975511818,16.643388357821518,16.588541666666668,0.027983519894995215,16.533694975511818,16.643388357821518,0.5396439723453121,0.0009103354676851315,0.5378597476147998,0.5414281970758245,803.0933848008916,1.0696698519944818,800.9968704156341,805.1898991861491,10.759001942998102,0.022837338265709425,10.714241582494553,10.803762303501651,0.03284066156457733,0.0050407487304447865,0.02296097559778955,0.04272034753136511,1.817708333333333,0.07453515464072802,1.6716221146553827,1.9637945520112834,74.6484375,0.1259258395274785,74.40162738980317,74.89524761019683,2.205632284287647,0.08928934251240798,2.030628388760066,2.3806361798152276,74.66575230325765,0.11707859725883853,74.43628246926986,74.89522213724544,74.66562499999999,0.11708534305287652,74.43614194449884,74.89510805550114,3.5039252832515586e-06,3.5039252832515586e-06,0.0,1.0371492642943922e-05,0.00013080718294184772,0.00013020657508727569,0.0,0.00038600738066321835,0.9999999542269721,4.577302786743418e-08,0.999999864513486,1.0000000439404582
zero_sku_complexity,two_person_low,5.0,0.15475,64080.18514909763,100.2445148777176,63883.70951028962,64276.66078790565,62013.032891613526,97.21549983582923,61822.49401319624,62203.57177003081,0.0,0.0,0.0,0.0,1793.75,2.9340667713089164,1787.999334799999,1799.500665200001,179.53428313704907,0.29366721921292327,178.9587059639517,180.10986031014644,71.76951213340142,0.07855298018567776,71.6155511213592,71.92347314544364,0.2234622136484369,0.01712951622473196,0.18988897877536776,0.25703544852150606,0.0,0.0,0.0,0.0,21.875,0.5266005593594675,20.842881869416797,22.907118130583203,0.0011257748466910306,8.647085428266914e-05,0.000956295086584588,0.0012952546067974732,14.947916666666666,0.0244505564275743,14.899994456666656,14.995838876666676,14.947916666666666,0.0244505564275743,14.899994456666656,14.995838876666676,0.5129550946772828,0.0008390491977512102,0.5113105884684332,0.5145996008861324,897.1189016675179,0.981912252320972,895.1943890169902,899.0434143180456,12.027865387271655,0.023473319830175247,11.981858525806922,12.073872248736388,0.2234622136484369,0.01712951622473196,0.18988897877536776,0.25703544852150606,2.1875,0.052660055935946755,2.08428818694168,2.29071181305832,74.73958333333333,0.12225278213787152,74.49997228333328,74.97919438333338,2.5532765450597936,0.10627303988950362,2.344985214348778,2.761567875770809,74.66579878315562,0.11707689921768667,74.43633227726733,74.89526528904392,74.66562499999999,0.11708534305287652,74.43614194449884,74.89510805550114,0.0,0.0,0.0,0.0,0.00017378315562412974,0.00013711440908374258,0.0,0.00044252245918975685,1.0,0.0,1.0,1.0
zero_sku_complexity,two_person_low,9.0,0.15475,63176.37177673681,95.06387463071317,62990.05000622978,63362.693547243834,61497.79346959388,93.46130189689654,61314.61268392774,61680.97425526002,0.0,0.0,0.0,0.0,1000.0,1.7968364676420938,996.4782652373133,1003.5217347626867,136.91048699504174,0.24600575583532935,136.42832457361493,137.39264941646854,130.62734739617008,0.13488139276382385,130.36298472416837,130.8917100681718,100.51963941839028,0.6509528484097455,99.24379527987342,101.79548355690714,300.0,0.5390509402926281,298.943479571194,301.056520428806,10.520833333333334,0.38503889517169027,9.766170966149728,11.27549570051694,0.511526621025942,0.0033193947247118255,0.5050207269150346,0.5180325151368494,8.33333333333333,0.014973637230350771,8.303985543644275,8.362681123022385,8.33333333333333,0.014973637230350771,8.303985543644275,8.362681123022385,0.39117281998583353,0.0007028735881009416,0.3897952130674712,0.39255042690419584,1632.8418424521262,1.6860174095477987,1629.537309052105,1636.1463758521475,21.66782490805637,0.038310975904922356,21.59273677507014,21.742913041042602,100.51963941839028,0.6509528484097455,99.24379527987342,101.79548355690714,1.0520833333333333,0.03850388951716903,0.9766170966149726,1.127549570051694,75.0,0.13476273507315703,74.7358698927985,75.2641301072015,4.577830188654539,0.18718827424308798,4.210947912809879,4.944712464499198,74.66562499999999,0.11708534305287652,74.43614194449884,74.89510805550114,74.66562499999999,0.11708534305287652,74.43614194449884,74.89510805550114,0.0,0.0,0.0,0.0,0.0,0.0,0.0,0.0,1.0,0.0,1.0,1.0
zero_sku_complexity,two_person_low,10.0,0.15475,63413.93374302448,94.16719375120992,63229.3694347469,63598.49805130206,61576.08830914237,92.49449433898364,61394.80243146972,61757.37418681502,0.18085675834404344,0.1808567583440435,0.0,0.5353294910590326,907.2916666666666,1.7428461565559243,903.875750969223,910.7075823641103,131.71610419567446,0.25301776086773003,131.22019849692475,132.21200989442417,145.37688614489772,0.1545380676891724,145.07399709798653,145.67977519180891,159.40839233874945,0.8317639198147011,157.77816501227278,161.03861966522612,483.8888888888889,0.9295179501631593,482.0670671835856,485.7107105941922,9.982638888888888,0.4026115450781372,9.193534760775714,10.771743017002061,0.8139251819670678,0.004377234136026137,0.8053459607085572,0.8225044032255783,7.560763888888889,0.014523717971299364,7.532297924743525,7.5892298530342535,7.560763888888889,0.014523717971299364,7.532297924743525,7.5892298530342535,0.37633172627335565,0.0007229078881935149,0.37491485284835646,0.37774859969835484,1817.2110768112213,1.9317258461146547,1813.4249637248315,1820.9971898976112,24.02212600657889,0.043463997601033685,23.936938136656728,24.107313876501053,159.40839233874945,0.8317639198147011,157.77816501227278,161.03861966522612,0.998263888888889,0.04026115450781372,0.9193534760775716,1.0771743017002062,75.60763888888887,0.1452371797129936,75.32297924743523,75.89229853034252,5.0436901123586635,0.20995159293245766,4.632192551714232,5.455187673003095,74.66551861367155,0.11708891462005501,74.43602855802736,74.89500866931574,74.66562499999999,0.11708534305287652,74.43614194449884,74.89510805550114,0.0001063863284376726,0.0001063863284376726,0.0,0.00031489970062296025,0.0,0.0,0.0,0.0,0.9999985608883538,1.4391116460963737e-06,0.9999957402813577,1.00000138149535
zero_sku_complexity,two_person_average,1.8,0.15475,98495.082612917,140.0840903735446,98220.5228409778,98769.6423848562,90868.19838313667,129.00930657493242,90615.34478857931,91121.05197769402,0.6640625,0.38138406832374566,0.0,1.4115615381919047,7110.0,10.262692732862309,7089.885491859189,7130.114508140811,442.0725936137119,0.63809496397708,440.8219504656004,443.32323676182335,24.39062922217545,0.026261785642192437,24.33915706814704,24.44210137620386,0.0,0.0,0.0,0.0,0.0,0.0,0.0,0.0,49.756944444444436,0.9156181477976686,47.962365851169736,51.551523037719136,0.0,0.0,0.0,0.0,59.25,0.08552243944051922,59.08237909882657,59.41762090117343,59.25,0.08552243944051922,59.08237909882657,59.41762090117343,1.263064553182034,0.0018231284685059422,1.2594912870445727,1.2666378193194952,304.8828652771931,0.3282723205274057,304.239463351838,305.5262672025482,2.859974887205522,0.0049760510735838235,2.850222006316066,2.8697277680949784,0.0,0.0,0.0,0.0,4.975694444444444,0.09156181477976685,4.796236585116974,5.155152303771914,106.64999999999999,0.15394039099293463,106.34828237788783,106.95171762211216,0.85703125,0.03671248345212001,0.7850761046508221,0.9289863953491779,106.62291666666665,0.15137692601943548,106.32622334357818,106.91960998975513,106.62265624999999,0.15137499210196678,106.3259667173201,106.91934578267988,0.00039062499999999997,0.00022434356960220333,0.0,0.0008303303165834734,0.0006510416666666666,0.00028808981306583287,8.63960087447575e-05,0.0012156873245885757,0.9999964012532555,2.0670412392319816e-06,0.999992349926872,1.0000004525796389
zero_sku_complexity,two_person_average,2.0,0.15475,97534.99180836191,138.58533728640018,97263.36953849523,97806.6140782286,90629.40538194444,128.6652670396247,90377.22609248555,90881.58467140333,0.22135416666666666,0.16464176814106,0.0,0.5440461025741383,6399.166666666667,9.218874018106655,6381.098005613166,6417.235327720168,415.9625412215346,0.5992508811729893,414.78803107673167,417.1370513663375,27.649058807035885,0.02679042169907488,27.59655054537506,27.70156706869671,0.0,0.0,0.0,0.0,0.0,0.0,0.0,0.0,62.58680555555554,0.978698892459696,60.668590974625296,64.50502013648578,0.0,0.0,0.0,0.0,53.326388888888886,0.07682395015088879,53.17581671344304,53.47696106433473,53.326388888888886,0.07682395015088879,53.17581671344304,53.47696106433473,1.1884644034900986,0.0017121453747799683,1.1851086602192331,1.1918201467609641,345.61323508794857,0.33488027123843606,344.9568818171882,346.2695883587089,3.2421997530152034,0.005703420679207306,3.231021253895276,3.2533782521351307,0.0,0.0,0.0,0.0,6.2586805555555545,0.09786988924596962,6.0668590974625305,6.4505020136485784,106.65277777777777,0.15364790030177758,106.35163342688608,106.95392212866946,0.9864583333333332,0.039028544724359605,0.9099637913045777,1.0629528753620887,106.6228298611111,0.15137090239955833,106.32614834410064,106.91951137812156,106.62265624999999,0.15137499210196678,106.3259667173201,106.91934578267988,0.00013020833333333333,9.684809890650587e-05,0.0,0.00032002711916125786,0.00030381944444444445,0.00017807023434984875,0.0,0.0006528306904887552,0.999998776045011,9.105712937025954e-07,0.99999699135807,1.000000560731952
zero_sku_complexity,two_person_average,2.1,0.15475,97089.62548178349,137.88756236935419,96819.37082562353,97359.88013794344,90519.15457165737,128.50858106137204,90267.28238107274,90771.026762242,0.4427083333333333,0.31222150730598025,0.0,1.054651242851864,6094.583333333333,8.709183450910725,6077.5136474347955,6111.6530192318705,404.56003860343066,0.5781178795003435,403.4269483807913,405.69312882607,28.732052078218327,0.027293039208501926,28.678558704341025,28.78554545209563,0.0,0.0,0.0,0.0,0.0,0.0,0.0,0.0,42.15277777777778,0.7919319743639022,40.60061962981883,43.70493592573673,0.0,0.0,0.0,0.0,50.788194444444436,0.07257652875758935,50.645947061956626,50.930441826932245,50.788194444444436,0.07257652875758935,50.645947061956626,50.930441826932245,1.1558858245812302,0.0016517653700009786,1.1526484239451178,1.1591232252173427,359.1506509777291,0.34116299010627427,358.48198380426277,359.8193181511954,3.3699112945669825,0.005984429227867011,3.358182028812334,3.381640560321631,0.0,0.0,0.0,0.0,4.215277777777778,0.07919319743639021,4.060061962981883,4.3704935925736725,106.6552083333333,0.15241071039093762,106.3564888301089,106.95392783655771,1.069140625,0.04363033160084908,0.983626746428796,1.154654503571204,106.62317708333335,0.15137120159896877,106.32649497990282,106.91985918676387,106.62265624999999,0.15137499210196678,106.3259667173201,106.91934578267988,0.00026041666666666666,0.0001836597101799884,0.0,0.0006203830840305082,0.0007812499999999999,0.0003147416329059332,0.00016436773506904416,0.0013981322649309557,0.9999975940548738,1.6968892339624965e-06,0.9999942682130895,1.0000009198966582
zero_sku_complexity,two_person_average,2.25,0.15475,96509.84054359904,137.2318687870737,96240.87102324526,96778.81006395283,90362.50343607522,128.31253683493094,90111.01548511378,90613.99138703666,0.4427083333333333,0.31222150730598025,0.0,1.054651242851864,5686.875,8.36380499982177,5670.482243426633,5703.267756573367,389.0189680697438,0.5721382640144602,387.8975976780982,390.1403384613894,30.94834778742158,0.031060649165053796,30.887470033721637,31.00922554112152,0.0,0.0,0.0,0.0,0.0,0.0,0.0,0.0,40.052083333333336,0.8269375573972372,38.43131550337122,41.67285116329545,0.0,0.0,0.0,0.0,47.390625,0.06969837499851475,47.254018695221944,47.527231304778056,47.390625,0.06969837499851475,47.254018695221944,47.527231304778056,1.1114827659135538,0.0016346807543270265,1.108278850508852,1.1146866813182554,386.8543473427697,0.3882581145631726,386.0933754215205,387.6153192640189,3.6289188427647416,0.0065200221798222225,3.6161398341138877,3.6416978514155955,0.0,0.0,0.0,0.0,4.005208333333333,0.08269375573972372,3.843131550337122,4.167285116329544,106.62890625,0.1568213437466582,106.32154206424937,106.93627043575063,1.091015625,0.04357947224564208,1.0056014289332786,1.1764298210667214,106.62278645833334,0.1514017396004991,106.32604450151965,106.91952841514703,106.62265624999999,0.15137499210196678,106.3259667173201,106.91934578267988,0.00026041666666666666,0.0001836597101799884,0.0,0.0006203830840305082,0.00039062499999999997,0.00022434356960220327,0.0,0.0008303303165834732,0.9999975376890435,1.7365646742174893e-06,0.9999941340848253,1.0000009412932618
zero_sku_complexity,two_person_average,2.4,0.15475,95992.93721864496,136.51289262761597,95725.37686566944,96260.49757162048,90216.16612811359,128.09179213450798,89965.11082881477,90467.22142741241,0.4427083333333333,0.31222150730598025,0.0,1.054651242851864,5331.25,7.867834145184154,5315.829328439105,5346.670671560895,375.25646841170357,0.5538017641961678,374.17103689930434,376.3418999241028,33.137886008535666,0.03478437017524471,33.069709895767275,33.20606212130406,0.0,0.0,0.0,0.0,0.0,0.0,0.0,0.0,36.68402777777778,0.7917556040767892,35.132215309229515,38.23584024632604,0.0,0.0,0.0,0.0,44.427083333333336,0.06556528454320128,44.29857773699254,44.55558892967413,44.427083333333336,0.06556528454320128,44.29857773699254,44.55558892967413,1.0721613383191533,0.0015822907548461937,1.069060105426584,1.0752625712117225,414.2235751066958,0.43480462719055907,413.371373697091,415.07577651630066,3.8864385365669776,0.0072544561631682596,3.8722200637597433,3.900657009374212,0.0,0.0,0.0,0.0,3.6684027777777772,0.07917556040767892,3.513221530922951,3.8235840246326034,106.625,0.15735668290368318,106.31658656878209,106.93341343121791,1.1597656250000001,0.04913520909962287,1.0634623847918945,1.2560688652081058,106.62265624999999,0.15138625046213391,106.32594465133965,106.91936784866033,106.62265624999999,0.15137499210196678,106.3259667173201,106.91934578267988,0.00026041666666666666,0.00018365971017998836,0.0,0.0006203830840305082,0.00026041666666666666,0.00018365971017998836,0.0,0.0006203830840305082,0.9999975667677563,1.7160450853972901e-06,0.999994203381193,1.0000009301543196
zero_sku_complexity,two_person_average,3.0,0.15475,94380.18051914603,133.9582637967924,94117.6271466728,94642.73389161925,89710.80187746418,127.35445118733176,89461.19173986615,89960.41201506222,0.22135416666666666,0.22135416666666666,0.0,0.6552003611612098,4265.625,6.126228640527625,4253.6178125035085,4277.6321874964915,332.44376088977657,0.4774508985969621,331.50797432414026,333.3795474554129,41.86977662539551,0.036653684731074,41.79793672342192,41.9416165273691,0.0,0.0,0.0,0.0,0.0,0.0,0.0,0.0,29.218749999999996,0.722412335627489,27.802847840182658,30.634652159817335,0.0,0.0,0.0,0.0,35.546875,0.051051905337730207,35.4468151041959,35.6469348958041,35.546875,0.051051905337730207,35.4468151041959,35.6469348958041,0.9498393168279332,0.0013641454245627497,0.9471656409261151,0.9525129927297513,523.3722078174438,0.4581710591384249,522.474209042774,524.2702065921137,4.909920934738452,0.008517552512551995,4.893226838577421,4.926615030899482,0.0,0.0,0.0,0.0,2.921875,0.07224123356274888,2.780284784018266,3.063465215981734,106.640625,0.1531557160131906,106.3404453125877,106.9408046874123,1.434375,0.059942350003589946,1.3168901528442694,1.5518598471557306,106.62291666666665,0.15136307726491327,106.32625048663827,106.91958284669504,106.62265624999999,0.15137499210196678,106.3259667173201,106.91934578267988,0.00013020833333333333,0.0001302083333333333,0.0,0.0003854119771536528,0.00039062499999999997,0.00022434356960220327,0.0,0.0008303303165834732,0.999998814941221,1.1850587789153746e-06,0.9999964922686948,1.0000011376137472
zero_sku_complexity,two_person_average,4.5,0.15475,91989.1452687935,130.62327395223483,91733.1283563044,92245.16218128259,88791.9077216646,126.06574067911589,88544.82341024917,89038.99203308002,0.22135416666666666,0.22135416666666666,0.0,0.6552003611612098,2843.3333333333335,4.304441203913965,2834.896783600092,2851.769883066575,269.7824518157077,0.408415956045181,268.9819712511476,270.5829323802678,63.77888003541051,0.05864629494751168,63.663935409486676,63.89382466133434,0.0,0.0,0.0,0.0,0.0,0.0,0.0,0.0,20.121527777777775,0.5884181667096418,18.96824936317779,21.27480619237776,0.0,0.0,0.0,0.0,23.694444444444443,0.03587034336594971,23.624139863334097,23.76474902555479,23.694444444444443,0.03587034336594971,23.624139863334097,23.76474902555479,0.7708070051877364,0.0011669027315576608,0.768519917860422,0.7730940925150508,797.2360004426313,0.7330786868438963,795.7991926185833,798.6728082666792,7.478390609593062,0.012867213747220677,7.4531713340671315,7.503609885118993,0.0,0.0,0.0,0.0,2.012152777777778,0.05884181667096418,1.8968249363177798,2.1274806192377764,106.625,0.16141654514677367,106.30862938500344,106.94137061499656,2.2624999999999997,0.09128522593400308,2.083584244848752,2.4414157551512474,106.62265624999999,0.1513816346357359,106.32595369819315,106.91935880180684,106.62265624999999,0.15137499210196678,106.3259667173201,106.91934578267988,0.00013020833333333333,0.0001302083333333333,0.0,0.0003854119771536528,0.00013020833333333333,0.0001302083333333333,0.0,0.0003854119771536528,0.9999987643337288,1.2356662712533402e-06,0.9999963424723403,1.0000011861951175
zero_sku_complexity,two_person_average,5.0,0.15475,91464.76930854264,129.68343139896643,91210.5944536091,91718.94416347619,88553.26122635056,125.71093667561826,88306.87231800354,88799.65013469757,0.2951388888888889,0.2329610070557905,0.0,0.7517340725204197,2557.9166666666665,3.8029517255210328,2550.463018249701,2565.3703150836322,256.0188070100683,0.38063287071566443,255.27278029213352,256.7648337280031,71.44412580247793,0.06242420315924024,71.3217766125222,71.56647499243365,1.0490677252028118e-05,1.0490677252028121e-05,0.0,3.1052026839436855e-05,0.0,0.0,0.0,0.0,25.833333333333332,0.6395556376208136,24.579827317486988,27.086839349179677,5.248513307893393e-08,5.2485133078933924e-08,0.0,1.5535410363743626e-07,21.31597222222222,0.03169126437934193,21.253858485414174,21.37808595903027,21.31597222222222,0.03169126437934193,21.253858485414174,21.37808595903027,0.7314823057430523,0.001087522487759041,0.7293508008346672,0.7336138106514374,893.0515725309742,0.7803025394905033,891.5222076565277,894.5809374054207,8.379091810430246,0.013583029588248636,8.352469561636337,8.405714059224156,1.0490677252028118e-05,1.0490677252028121e-05,0.0,3.1052026839436855e-05,2.5833333333333335,0.06395556376208136,2.457982731748699,2.708683934917968,106.57986111111113,0.15845632189670966,106.2692924270709,106.89042979515136,2.231380050877934,0.10596350624920745,2.0236953949539025,2.4390647068019655,106.62274305555555,0.1513625262701142,106.32607795545712,106.91940815565397,106.62265624999999,0.15137499210196678,106.3259667173201,106.91934578267988,0.00017361111111111112,0.00013703588650340614,0.0,0.0004421965132473056,0.00026041666666666666,0.00018365971017998836,0.0,0.0006203830840305082,0.999998406828595,1.2513416633800396e-06,0.9999959542440024,1.0000008594131875
zero_sku_complexity,two_person_average,9.0,0.15475,89450.90194433043,126.1867997684674,89203.58036145987,89698.22352720099,87252.92586375195,123.26275776454892,87011.33529789835,87494.51642960556,0.15214117076376427,0.1521411707637643,0.0,0.4503323860265005,1422.5,2.4111615096214383,1417.7742102802329,1427.2257897197671,194.75516775044684,0.33011329650597104,194.10815757847735,195.40217792241634,130.16105601052283,0.10933533236118251,129.9467626968572,130.37534932418845,7.650771202304057,0.18584304025136977,7.2865255366339445,8.01501686797417,426.75,0.7233484528864312,425.33226308406984,428.16773691593016,16.006944444444443,0.4955441746913377,15.035695709300796,16.97819317958809,0.03857314302864446,0.0009406640015513796,0.03672947546405043,0.04041681059323849,11.854166666666666,0.020093012580178655,11.814785085668605,11.893548247664727,11.854166666666666,0.020093012580178655,11.814785085668605,11.893548247664727,0.5564433364298482,0.0009431808471599189,0.5545947359385068,0.5582919369211896,1627.0132001315353,1.3666916545147814,1624.3345337107148,1629.6918665523558,15.261212908393304,0.024783923305868136,15.2126373113182,15.309788505468408,7.650771202304057,0.18584304025136977,7.2865255366339445,8.01501686797417,1.6006944444444444,0.04955441746913378,1.5035695709300798,1.697819317958809,106.6875,0.1808371132216078,106.33306577101746,107.04193422898254,4.451874223696223,0.1963913563533795,4.066954238368628,4.836794209023819,106.62259414390121,0.15137978577886765,106.32589521578724,106.91929307201518,106.62265624999999,0.15137499210196678,106.3259667173201,106.91934578267988,8.949480633162604e-05,8.949480633162602e-05,0.0,0.0002649014035450002,2.7388707552439144e-05,2.7388707552439147e-05,0.0,8.106958793832005e-05,0.9999991446135595,8.55386440446031e-07,0.9999974680869435,1.0000008211401756
zero_sku_complexity,two_person_average,10.0,0.15475,89421.23179910968,125.02080096928526,89176.19553189153,89666.26806632783,87085.01178108288,122.16789884461666,86845.5670992805,87324.45646288527,0.2754765340910971,0.2754765340910971,0.0,0.8154006194955679,1281.875,2.1964802579491147,1277.5699778016665,1286.1800221983335,186.09625467646038,0.3188741097806851,185.47127290568795,186.7212364472328,144.88865754418742,0.12704174139434662,144.63966030652125,145.1376547818536,24.921434827631515,0.37405355778976407,24.188303326074507,25.654566329188523,683.6666666666666,1.1714561375728623,681.3706548275554,685.9626785057778,14.496527777777777,0.47274585302372335,13.569962932010613,15.42309262354494,0.12555143824625314,0.001899051422862523,0.12182936585265305,0.12927351063985323,10.682291666666666,0.018304002149575973,10.646416481680554,10.718166851652779,10.682291666666666,0.018304002149575973,10.646416481680554,10.718166851652779,0.5317035847898869,0.0009110688850876719,0.52991792258768,0.5334892469920938,1811.1082193023428,1.588021767429332,1807.9957538315157,1814.22068477317,16.957014654949294,0.0283733707092267,16.901403870239207,17.01262543965938,24.921434827631515,0.37405355778976407,24.188303326074507,25.654566329188523,1.4496527777777777,0.04727458530237234,1.3569962932010613,1.542309262354494,106.82291666666667,0.18304002149575965,106.46416481680555,107.1816685165278,5.040134890916172,0.2047719802227593,4.638789184636615,5.441480597195729,106.62251315417188,0.15137253906964174,106.325828429347,106.91919787899677,106.62265624999999,0.15137499210196678,106.3259667173201,106.91934578267988,0.00016204502005358654,0.00016204502005358657,0.0,0.00047964742323268705,1.894919194537022e-05,1.894919194537022e-05,0.0,5.608892569443234e-05,0.9999984862679118,1.5137320883099744e-06,0.9999955194075364,1.000001453128287
zero_sku_complexity,family_three,1.8,0.15475,147524.84197400627,192.27199271150627,147147.99579305598,147901.68815495656,136139.6175950873,177.29792161080633,135792.1200541963,136487.1151359783,3.0989583333333335,1.1527520350682157,0.8396058614943773,5.358310805172289,10650.208333333334,13.91901092951517,10622.927573211065,10677.489093455602,662.1892011874872,0.8654308385581403,660.492987912803,663.8854144621715,23.33899717593094,0.027779249068323273,23.28455084823946,23.393443503622418,0.0,0.0,0.0,0.0,0.0,0.0,0.0,0.0,46.388888888888886,0.9639283059805429,44.49962412548832,48.278153652289454,0.0,0.0,0.0,0.0,88.75173611111113,0.11599175774595977,88.52439644342556,88.9790757787967,88.75173611111113,0.11599175774595977,88.52439644342556,88.9790757787967,1.891969146249964,0.002472659538737542,1.887122822608009,1.8968154698919188,291.73746469913675,0.34724061335404094,291.05688560299325,292.41804379528025,1.8271625613353175,0.003176582660396248,1.8209365737270264,1.8333885489436086,0.0,0.0,0.0,0.0,4.638888888888888,0.09639283059805427,4.449962412548832,4.827815365228945,159.75312499999998,0.20878516394272756,159.34391359816595,160.162336401834,0.77734375,0.03913813848355321,0.7006344081502947,0.8540530918497053,159.74348958333331,0.20803781584152556,159.33574295686154,160.1512362098051,159.74453125,0.20809301744816222,159.33667643036733,160.15238606963266,0.0018229166666666665,0.0006780894323930677,0.0004938858008790459,0.003151947532454287,0.0007812499999999999,0.00044868713920440654,0.0,0.0016606606331669464,0.9999886523102459,4.222406671940164e-06,0.9999803765452409,0.999996928075251
zero_sku_complexity,family_three,2.0,0.15475,146077.66562881958,190.18633800784178,145704.90725597265,146450.4240016665,135782.8515625,176.85864306338948,135436.21499174114,136129.48813325886,0.7378472222222222,0.4406432103139354,0.0,1.6014920444696439,9581.458333333334,12.507841853767571,9556.943413775627,9605.97325289104,622.8198083513346,0.8130423778132938,621.2262745729157,624.4133421297535,27.315438523786543,0.0307869332464128,27.255097243429134,27.375779804143953,0.0,0.0,0.0,0.0,0.0,0.0,0.0,0.0,62.482638888888886,1.020990966754426,60.48153336550948,64.4837444122683,0.0,0.0,0.0,0.0,79.8454861111111,0.10423201544806307,79.64119511479687,80.04977710742533,79.8454861111111,0.10423201544806307,79.64119511479687,80.04977710742533,1.779485166718099,0.0023229782223236945,1.7749322130654737,1.7840381203707245,341.4429815473318,0.38483666558015994,340.6887155428642,342.19724755179936,2.138322883153341,0.0037991051223617354,2.1308767739400305,2.145768992366652,0.0,0.0,0.0,0.0,6.248263888888888,0.10209909667544259,6.048153336550948,6.448374441226829,159.6909722222222,0.20846403089612614,159.28239022959374,160.09955421485066,0.8231770833333334,0.03937792136423249,0.7459977756733873,0.9003563909932795,159.74453125,0.2080689918392817,159.33672351969545,160.15233898030453,159.74453125,0.20809301744816222,159.33667643036733,160.15238606963266,0.0004340277777777778,0.00025920188841996203,0.0,0.000942054143805673,0.00043402777777777775,0.0002592018884199621,0.0,0.0009420541438056731,0.9999972898710604,1.6192835729716584e-06,0.9999941161335766,1.0000004636085442
zero_sku_complexity,family_three,2.1,0.15475,145421.4482140275,189.5580625495191,145049.92123845126,145792.97518960375,135616.78770368377,176.6910622419103,135270.4795852995,135963.09582206805,1.328125,0.7627681366474913,0.0,2.8231230763838093,9129.166666666666,12.078706161039092,9105.492837611187,9152.840495722145,605.9964754085707,0.8017876798998241,604.4250004327191,607.5679503844224,27.683132157374775,0.03100555830254578,27.62236237978123,27.74390193496832,0.0,0.0,0.0,0.0,0.0,0.0,0.0,0.0,40.486111111111114,0.8260143741482517,38.86715268706815,42.10506953515408,0.0,0.0,0.0,0.0,76.07638888888889,0.10065588467532573,75.87910698009323,76.27367079768455,76.07638888888889,0.10065588467532573,75.87910698009323,76.27367079768455,1.7314185011673455,0.0022908219425709316,1.7269285726649124,1.7359084296697787,346.03915196718475,0.3875694787818222,345.2795297472654,346.7987741871041,2.1673041336221264,0.0038133145015047313,2.159830174537453,2.1747780927068,0.0,0.0,0.0,0.0,4.048611111111111,0.08260143741482519,3.886715268706814,4.210506953515408,159.76041666666666,0.2113773578181841,159.34612465819578,160.17470867513754,0.9445312499999999,0.04436560712615627,0.8575762578804801,1.0314862421195197,159.74401041666667,0.2081257001085635,159.3360915401967,160.15192929313665,159.74453125,0.20809301744816222,159.33667643036733,160.15238606963266,0.0007812499999999999,0.00044868713920440665,0.0,0.0016606606331669468,0.00026041666666666666,0.0002604166666666666,0.0,0.0007708239543073056,0.9999950678203442,2.8332653206040866e-06,0.9999895147223572,1.0000006209183312
zero_sku_complexity,family_three,2.25,0.15475,144553.55437637478,188.45861684193235,144184.18227478836,144922.9264779612,135383.0286513222,176.33240834695363,135037.42348165496,135728.63382098946,0.8854166666666666,0.6244430146119605,0.0,2.109302485703728,8520.208333333334,11.234830361379828,8498.188470452613,8542.228196214055,582.837261865711,0.7685349359046241,581.3309610704771,584.3435626609448,29.910685409104474,0.03508844762776388,29.841913315480635,29.979457502728312,0.0,0.0,0.0,0.0,0.0,0.0,0.0,0.0,36.68402777777777,0.8121572813661199,35.09222875651821,38.27582679903733,0.0,0.0,0.0,0.0,71.0017361111111,0.09362358634483188,70.81823725377176,71.18523496845044,71.0017361111111,0.09362358634483188,70.81823725377176,71.18523496845044,1.665249319616317,0.0021958141025846417,1.660945603058506,1.669553036174128,373.883567613806,0.43860559534704846,373.023916443508,374.743218784104,2.341621034484826,0.004011068879813882,2.3337594839408813,2.349482585028771,0.0,0.0,0.0,0.0,3.6684027777777772,0.08121572813661197,3.5092228756518216,3.827582679903733,159.75390625,0.21065306927587177,159.34103382098647,160.16677867901353,1.01484375,0.04652818774008543,0.9236501777635145,1.1060373222364857,159.74453125,0.20806254813603325,159.33673614912175,160.15232635087824,159.74453125,0.20809301744816222,159.33667643036733,160.15238606963266,0.0005208333333333333,0.0003673194203599768,0.0,0.0012407661680610164,0.0005208333333333333,0.0003673194203599768,0.0,0.0012407661680610164,0.9999967972454448,2.259486433132649e-06,0.9999923687334122,1.0000012257574773
zero_sku_complexity,family_three,2.4,0.15475,143779.54598888799,187.1149201339398,143412.80748445538,144146.2844933206,135163.7276952043,176.0954019406417,134818.58704955754,135508.86834085104,1.328125,0.7627681366474913,0.0,2.8231230763838093,7986.25,10.366984487532859,7965.93108377615,8006.56891622385,562.1368292338509,0.7297121663531996,560.706619668718,563.5670387989838,32.12764500537666,0.03223888614204892,32.064457949636555,32.19083206111676,0.0,0.0,0.0,0.0,0.0,0.0,0.0,0.0,33.97569444444444,0.7293862986074726,32.54612356835682,35.40526532053207,0.0,0.0,0.0,0.0,66.55208333333333,0.08639153739610714,66.38275903146791,66.72140763519874,66.55208333333333,0.08639153739610714,66.38275903146791,66.72140763519874,1.6061052263824314,0.0020848919038662828,1.6020189133391942,1.6101915394256685,401.5955625672082,0.4029860767756118,400.8057243704569,402.3854007639595,2.514779583566856,0.0040296640417151,2.5068815871752985,2.5226775799584136,0.0,0.0,0.0,0.0,3.397569444444444,0.07293862986074727,3.2546123568356817,3.5405265320532067,159.725,0.2073396897506571,159.318621675523,160.131378324477,1.07421875,0.04763290937735152,0.9808599631415308,1.167577536858469,159.74427083333333,0.2081196787021481,159.33636375860308,160.15217790806358,159.74453125,0.20809301744816222,159.33667643036733,160.15238606963266,0.0007812499999999999,0.00044868713920440654,0.0,0.0016606606331669464,0.0005208333333333333,0.0003673194203599768,0.0,0.0012407661680610164,0.9999950919658822,2.8194387333883128e-06,0.9999895659675081,1.0000006179642562
zero_sku_complexity,family_three,3.0,0.15475,141364.4949601467,183.89647660977786,141004.06448910772,141724.92543118566,134406.03312703563,175.0317349317163,134062.9772304179,134749.08902365336,0.8854166666666666,0.6244430146119605,0.0,2.109302485703728,6390.416666666667,8.18359137727036,6374.377122303024,6406.4562110303095,498.04053340820565,0.6377925614757298,496.79048295810566,499.29058385830564,40.85532748064739,0.041295099083347164,40.774390573706015,40.936264387588764,0.0,0.0,0.0,0.0,0.0,0.0,0.0,0.0,28.263888888888886,0.6914383744959135,26.908694577347976,29.619083200429795,0.0,0.0,0.0,0.0,53.25347222222222,0.06819659481058633,53.1198093525252,53.38713509191924,53.25347222222222,0.06819659481058633,53.1198093525252,53.38713509191924,1.422972952594873,0.0018222644613592259,1.4194013798803018,1.4265445253094444,510.69159350809235,0.5161887385418391,509.6798821713252,511.70330484485953,3.1981052986529312,0.005331284772127292,3.187656172508235,3.2085544247976276,0.0,0.0,0.0,0.0,2.826388888888889,0.06914383744959134,2.690869457734798,2.96190832004298,159.76041666666666,0.20458978443175901,159.3594280575756,160.16140527575772,1.4796875,0.06304642922007427,1.3561187693748007,1.6032562306251994,159.74401041666667,0.20802839454202415,159.3362822556026,160.15173857773073,159.74453125,0.20809301744816222,159.33667643036733,160.15238606963266,0.0005208333333333333,0.0003673194203599768,0.0,0.0012407661680610164,0.0,0.0,0.0,0.0,0.9999968371457039,2.230805438346771e-06,0.9999924648473882,1.0000012094440196
zero_sku_complexity,family_three,4.5,0.15475,137775.08264633038,179.46227186454965,137423.34305689213,138126.82223576863,133029.8742665017,173.266790956507,132690.2775965101,133369.47093649328,0.8854166666666666,0.6244430146119605,0.0,2.109302485703728,4258.75,5.665996136285735,4247.644851636337,4269.855148363663,404.0806623693359,0.5376036329280752,403.026978610839,405.1343461278328,62.77702301491562,0.06177000330148118,62.6559560331198,62.89808999671144,0.0,0.0,0.0,0.0,0.0,0.0,0.0,0.0,18.715277777777775,0.6088491956246089,17.52195528233736,19.90860027321819,0.0,0.0,0.0,0.0,35.489583333333336,0.0472166344690478,35.39704043030281,35.58212623636386,35.489583333333336,0.0472166344690478,35.39704043030281,35.58212623636386,1.1545161781981026,0.0015360103797944992,1.1515056531738257,1.1575267032223795,784.7127876864452,0.7721250412685149,783.1994504139974,786.2261249588929,4.914867545398343,0.008120814975097564,4.898951040522038,4.930784050274648,0.0,0.0,0.0,0.0,1.871527777777778,0.060884919562460914,1.7521955282337363,1.9908600273218195,159.703125,0.2124748551107151,159.28668193636264,160.11956806363736,2.0578125000000003,0.09375593076790269,1.8740542523578803,2.24157074764212,159.74427083333333,0.20806136466407615,159.3364780520175,160.15206361464917,159.74453125,0.20809301744816222,159.33667643036733,160.15238606963266,0.0005208333333333333,0.0003673194203599768,0.0,0.0012407661680610164,0.00026041666666666666,0.0002604166666666666,0.0,0.0007708239543073056,0.9999967972454448,2.259486433132649e-06,0.9999923687334122,1.0000012257574773
zero_sku_complexity,family_three,5.0,0.15475,136987.94558718332,178.34087088720662,136638.40390327288,137337.48727109376,132672.36525713012,172.82534915734846,132333.63379716617,133011.09671709407,0.14756944444444445,0.14756944444444445,0.0,0.4368002407741399,3834.5833333333335,5.143996172815966,3824.5012860980023,3844.6653805686647,383.79884035081585,0.5148563987992977,382.7897403519592,384.8079403496725,71.14780914682939,0.06531786766922759,71.01978847865075,71.27582981500802,0.0,0.0,0.0,0.0,0.0,0.0,0.0,0.0,25.902777777777782,0.6554458242728032,24.61812756838592,27.187427987169645,0.0,0.0,0.0,0.0,31.954861111111104,0.04286663477346637,31.87084405081668,32.03887817140553,31.954861111111104,0.04286663477346637,31.87084405081668,32.03887817140553,1.0965681152880453,0.0014710182822837065,1.0936849724341693,1.0994512581419214,889.3476143353673,0.8164733458653449,887.7473559831343,890.9478726876004,5.569683968470869,0.008293373830591673,5.553429254452583,5.5859386824891555,0.0,0.0,0.0,0.0,2.590277777777778,0.06554458242728033,2.461812756838592,2.7187427987169643,159.77430555555554,0.21433317386733194,159.3542202540834,160.19439085702768,2.3742187500000003,0.10292672353187741,2.172486078830809,2.5759514211691914,159.74444444444444,0.2080907303759252,159.336594107391,160.1522947814979,159.74453125,0.20809301744816222,159.33667643036733,160.15238606963266,8.680555555555556e-05,8.680555555555556e-05,0.0,0.00025694131810243524,0.0,0.0,0.0,0.0,0.9999994601644554,5.398355444995405e-07,0.9999984021062306,1.00000051822268
zero_sku_complexity,family_three,9.0,0.15475,133308.06482434206,173.42797036517663,132968.15224851444,133647.97740016968,130676.95483658077,170.1895057450283,130343.38953477384,131010.5201383877,0.4427083333333333,0.4427083333333333,0.0,1.3104007223224197,2129.1666666666665,2.953365479518871,2123.378176693626,2134.955156639707,291.5052452269429,0.4043467060752722,290.712740245768,292.29775020811786,128.60300087319902,0.11870204095804579,128.37034914802985,128.8356525983682,0.0034777722352697022,0.0015487772937459565,0.0004422245194542155,0.006513319951085189,70.97222222222221,0.09844551598396242,70.77927255645419,71.16517188799024,10.416666666666666,0.43376773769124427,9.56649752313641,11.266835810196921,1.742281030963058e-05,7.763273068061046e-06,2.207074694081162e-06,3.2638545925179996e-05,17.743055555555554,0.024611378995990606,17.694818139113547,17.79129297199756,17.743055555555554,0.024611378995990606,17.694818139113547,17.79129297199756,0.8328721292198372,0.001155276303072207,0.8306078292736231,0.8351364291660514,1607.5375109149875,1.4837755119755724,1604.629364350373,1610.445657479602,10.066143449486558,0.016697612972709955,10.033416729432258,10.09887016954086,0.0034777722352697022,0.0015487772937459565,0.0004422245194542155,0.006513319951085189,1.0416666666666667,0.04337677376912443,0.9566497523136411,1.1266835810196925,159.6875,0.22150241096391532,159.25336325202193,160.12163674797807,4.447579030470595,0.1890315698709875,4.077083961582392,4.818074099358798,159.74427083333333,0.2080466197626712,159.3365069514932,160.15203471517347,159.74453125,0.20809301744816222,159.33667643036733,160.15238606963266,0.00026041666666666666,0.0002604166666666666,0.0,0.0007708239543073056,0.0,0.0,0.0,0.0,0.9999984392168614,1.5607831385476326e-06,0.9999953801381222,1.0000014982956007
zero_sku_complexity,family_three,10.0,0.15475,132928.42654344175,172.8962393249365,132589.55614130246,133267.29694558104,130319.76073083623,169.74901449047456,129987.05877602374,130652.46268564873,0.14756944444444445,0.14756944444444445,0.0,0.4368002407741399,1916.0416666666667,2.7163761635488655,1910.7176672176479,1921.3656661156856,278.16142601323037,0.3943500187840927,277.38851417911087,278.93433784734987,144.5605150287649,0.13648801066833044,144.29300344353345,144.82802661399637,0.08102434130531978,0.013935692240681481,0.05371088641394979,0.10833779619668978,255.47222222222226,0.36218348847318177,254.76235562901974,256.1820888154248,14.201388888888888,0.4712564016189432,13.277743314231815,15.12503446354596,0.0004066113798108805,7.002426154145872e-05,0.0002693663491456082,0.0005438564104761527,15.967013888888891,0.02263646802957386,15.922647226813734,16.01138055096405,15.967013888888891,0.02263646802957386,15.922647226813734,16.01138055096405,0.7947469314663724,0.001126714339383119,0.7925386119403167,0.7969552509924281,1807.0064378595616,1.7061001333541312,1803.6625430441686,1810.3503326749546,11.319494173614194,0.018007132660336975,11.284200842135098,11.35478750509329,0.08102434130531978,0.013935692240681481,0.05371088641394979,0.10833779619668978,1.4201388888888886,0.04712564016189433,1.3277743314231814,1.5125034463545959,159.67013888888889,0.2263646802957387,159.22647226813731,160.11380550964046,4.664422913367436,0.2058361526192743,4.260991467517369,5.067854359217503,159.74444444444444,0.2080907303759252,159.336594107391,160.1522947814979,159.74453125,0.20809301744816222,159.33667643036733,160.15238606963266,8.680555555555556e-05,8.680555555555556e-05,0.0,0.00025694131810243524,0.0,0.0,0.0,0.0,0.9999994601644554,5.398355444995405e-07,0.9999984021062306,1.00000051822268
zero_sku_complexity,family_four,1.8,0.15475,196987.44399287063,259.48967936925226,196478.85356694704,197496.0344187942,181792.10300758854,239.4090592205408,181322.86987394365,182261.33614123342,0.4427083333333333,0.4427083333333333,0.0,1.3104007223224197,14218.958333333334,18.84059821230932,14182.031439390017,14255.88522727665,884.0804203800238,1.1714363033684172,881.784447415239,886.3763933448087,23.040078790915004,0.03075047233656525,22.97980897262774,23.100348609202268,0.0,0.0,0.0,0.0,0.0,0.0,0.0,0.0,68.81944444444444,1.0475642627343706,66.76625621799383,70.87263267089506,0.0,0.0,0.0,0.0,118.49131944444446,0.15700498510257765,118.18359532825016,118.79904356063875,118.49131944444446,0.15700498510257765,118.18359532825016,118.79904356063875,2.525944058228639,0.0033469608667669047,2.519384135472111,2.5325039809851675,288.0009848864375,0.3843809042070655,287.24761215784673,288.75435761502825,1.3506836965832771,0.002359592789546547,1.3460589796975855,1.3553084134689688,0.0,0.0,0.0,0.0,6.881944444444444,0.10475642627343708,6.676625621799381,7.087263267089506,213.28437499999998,0.2826089731846397,212.73047159085024,213.83827840914972,0.7679687500000001,0.03550177427344301,0.6983865510367812,0.837550948963219,213.31119791666666,0.2809177756874509,212.76060919370215,213.86178663963116,213.31041666666667,0.2809168410054839,212.75982977564516,213.86100355768818,0.00026041666666666666,0.00026041666666666655,0.0,0.0007708239543073056,0.0010416666666666667,0.0005167268303652458,2.8900689305246885e-05,0.002054432644028086,0.9999987988161131,1.201183886839069e-06,0.9999964445389561,1.0000011530932702
zero_sku_complexity,family_four,2.0,0.15475,195044.45689171366,257.03700055485683,194540.67362793194,195548.24015549538,181313.7803819444,238.80219016796488,180845.7366897859,181781.82407410291,1.9184027777777777,0.8385263854826686,0.2749212621451973,3.5618842934103583,12797.916666666666,17.004617952323404,12764.58822790925,12831.245105424083,831.897998021841,1.105344565065727,829.7315624838051,834.0644335598769,27.15524785851458,0.03148898834729242,27.093530575444287,27.216965141584875,0.0,0.0,0.0,0.0,0.0,0.0,0.0,0.0,71.78819444444444,1.0644675590226267,69.70187636604884,73.87451252284005,0.0,0.0,0.0,0.0,106.64930555555556,0.14170514960269504,106.37156856591041,106.9270425452007,106.64930555555556,0.14170514960269504,106.37156856591041,106.9270425452007,2.3768514229195454,0.003158127328759218,2.3706616070965856,2.3830412387425053,339.4405982314322,0.3936123543411552,338.66913219305354,340.21206426981087,1.5920398574843964,0.0028883852294674574,1.5863787264611626,1.59770098850763,0.0,0.0,0.0,0.0,7.178819444444444,0.10644675590226267,6.970187636604883,7.387451252284005,213.29861111111111,0.28341029920539007,212.74313713182082,213.8540850904014,0.9330729166666666,0.03892979841040579,0.8567719138568666,1.0093739194764666,213.3103298611111,0.2809437531387822,212.75969022327757,213.8609694989446,213.31041666666667,0.2809168410054839,212.75982977564516,213.86100355768818,0.0011284722222222223,0.0004932508149898049,0.00016171838949717533,0.0020952260549472693,0.0010416666666666667,0.0005167268303652459,2.890068930524667e-05,0.0020544326440280866,0.9999947008570084,2.3201195839845157e-06,0.9999901535061839,0.9999992482078328
zero_sku_complexity,family_four,2.1,0.15475,194178.23962831017,255.8249237375656,193676.83199143683,194679.6472651835,181093.1380172301,238.42966304951972,180625.82446480702,181560.4515696532,2.65625,1.0701215518801728,0.5588502992347504,4.75364970076525,12189.583333333334,16.143146697039608,12157.94334720999,12221.223319456678,809.1477356493721,1.0715863076669478,807.0474650800186,811.2480062187255,27.37748654177771,0.030849432777819933,27.317022764589694,27.437950318965726,0.0,0.0,0.0,0.0,0.0,0.0,0.0,0.0,56.33680555555555,0.9903548501415971,54.395745717363454,58.277865393747646,0.0,0.0,0.0,0.0,101.5798611111111,0.13452622247533008,101.31619456008323,101.84352766213897,101.5798611111111,0.13452622247533008,101.31619456008323,101.84352766213897,2.3118506732839195,0.0030616751647627016,2.305849900228624,2.317851446339215,342.21858177222134,0.3856179097227492,341.46278455737115,342.97437898707153,1.6051813689835575,0.0028374618141644528,1.5996200460202874,1.6107426919468275,0.0,0.0,0.0,0.0,5.6336805555555545,0.09903548501415971,5.439574571736345,5.827786539374764,213.31770833333334,0.282505067198193,212.7640085761748,213.87140809049188,0.9296875,0.04582414469907575,0.8398738267674595,1.0195011732325405,213.3109375,0.28084805150410014,212.76048543392372,213.86138956607627,213.31041666666667,0.2809168410054839,212.75982977564516,213.86100355768818,0.0015624999999999999,0.0006294832658118664,0.0003287354701380883,0.0027962645298619114,0.0020833333333333333,0.0007229462294854069,0.0006663847607829068,0.0035002819058837596,0.9999927074294179,2.9381821123527515e-06,0.9999869486982977,0.9999984661605381
zero_sku_complexity,family_four,2.25,0.15475,193020.91846805965,254.06199488255922,192522.96610824944,193518.87082786986,180779.96176290893,238.14571654086473,180313.20473541637,181246.7187904015,1.328125,0.7627681366474913,0.0,2.8231230763838093,11376.875,15.10410084537623,11347.271506324201,11406.478493675799,778.2517063164686,1.033218019472841,776.226636210124,780.2767764228132,29.55395716760297,0.036524486138746655,29.482370490217193,29.625543844988748,0.0,0.0,0.0,0.0,0.0,0.0,0.0,0.0,54.947916666666664,0.9108029982236029,53.162775593137304,56.733057740196024,0.0,0.0,0.0,0.0,94.80729166666667,0.12586750704480193,94.56059588603502,95.05398744729833,94.80729166666667,0.12586750704480193,94.56059588603502,95.05398744729833,2.2235763037613387,0.002952051484208113,2.2177903891717827,2.2293622183508948,369.42446459503714,0.45655607673433346,368.52963112771494,370.31929806235934,1.7329224235505236,0.002872739583356319,1.7272919574301826,1.7385528896708646,0.0,0.0,0.0,0.0,5.494791666666667,0.09108029982236031,5.316277559313731,5.673305774019603,213.31640625,0.2832018908508043,212.76134074357878,213.87147175642122,1.0414062499999999,0.0482496078686796,0.9468387563092074,1.1359737436907922,213.31041666666667,0.28099885367459065,212.75966903376744,213.8611642995659,213.31041666666667,0.2809168410054839,212.75982977564516,213.86100355768818,0.0007812499999999999,0.00044868713920440654,0.0,0.0016606606331669464,0.0007812499999999999,0.00044868713920440654,0.0,0.0016606606331669464,0.9999962905634566,2.1304284365662053e-06,0.9999921150004493,1.0000004661264639
zero_sku_complexity,family_four,2.4,0.15475,191989.45167460397,252.80422197869595,191493.96450438607,192484.93884482188,180488.07959834448,237.7026227604332,180022.19101870334,180953.96817798563,0.8854166666666666,0.6244430146119605,0.0,2.109302485703728,10666.875,14.018698752142294,10639.398855335685,10694.351144664315,750.8208846872855,0.986749333731579,748.8868915314026,752.7548778431683,31.766469349995663,0.03775998664212764,31.69246113612038,31.840477563870948,0.0,0.0,0.0,0.0,0.0,0.0,0.0,0.0,51.02430555555554,0.9445925062203663,49.1729382632972,52.87567284781389,0.0,0.0,0.0,0.0,88.890625,0.11682248960118576,88.66165712779737,89.11959287220263,88.890625,0.11682248960118576,88.66165712779737,89.11959287220263,2.145202527677959,0.0028192838106616495,2.1396768329468654,2.1507282224090525,397.0808668749458,0.471999833026596,396.1557642015047,398.0059695483869,1.8623825682771953,0.0034469258818493687,1.8556267176913916,1.869138418862999,0.0,0.0,0.0,0.0,5.1024305555555545,0.09445925062203661,4.91729382632972,5.287567284781389,213.3375,0.28037397504284584,212.7879771067137,213.88702289328631,1.125,0.049774524329734275,1.0274437249661081,1.2225562750338919,213.31119791666666,0.28093063720218464,212.7605839855965,213.86181184773682,213.31041666666667,0.2809168410054839,212.75982977564516,213.86100355768818,0.0005208333333333333,0.0003673194203599767,0.0,0.0012407661680610164,0.0013020833333333333,0.0005761796261316658,0.00017279201748951478,0.0024313746491771517,0.9999975640835865,1.7179822087979446e-06,0.9999941969003312,1.0000009312668419
zero_sku_complexity,family_four,3.0,0.15475,188754.6048052252,248.78854614292484,188266.98821501897,189242.2213954314,179475.9431296368,236.45790636494894,179012.49414930178,179939.39210997184,1.7708333333333333,0.878435611620918,0.04913117181891935,3.492535494847747,8531.25,11.552317635756781,8508.60787349595,8553.89212650405,664.8875217795531,0.9003360402811489,663.1228955666187,666.6521479924876,40.54498714216665,0.04303660533077755,40.46063694570146,40.629337338631835,0.0,0.0,0.0,0.0,0.0,0.0,0.0,0.0,40.208333333333336,0.8313767752632732,38.57886479623427,41.8378018704324,0.0,0.0,0.0,0.0,71.09375,0.09626931363130649,70.90506561246625,71.28243438753375,71.09375,0.09626931363130649,70.90506561246625,71.28243438753375,1.8996786336558669,0.002572388686517569,1.8946368444760542,1.9047204228356795,506.8123392770831,0.5379575666347186,505.7579618212682,507.86671673289794,2.3770626250739313,0.003959171372123262,2.3693027917759477,2.384822458371915,0.0,0.0,0.0,0.0,4.020833333333333,0.08313767752632734,3.8578864796234265,4.18378018704324,213.28125,0.2888079408939195,212.71519683739874,213.84730316260126,1.2453125,0.061649045858008865,1.1244825904370446,1.3661424095629555,213.31041666666667,0.2810345144385312,212.75959913995445,213.8612341933789,213.31041666666667,0.2809168410054839,212.75982977564516,213.86100355768818,0.0010416666666666667,0.0005167268303652459,2.890068930524667e-05,0.0020544326440280866,0.0010416666666666667,0.0005167268303652459,2.890068930524667e-05,0.0020544326440280866,0.9999950712868921,2.4451684626224625e-06,0.9999902788447692,0.9999998637290151
zero_sku_complexity,family_four,4.5,0.15475,183957.68541535342,242.3001282599509,183482.7858905145,184432.58494019235,177638.24895920398,234.00077562304082,177179.6158666284,178096.88205177957,0.8854166666666666,0.6244430146119605,0.0,2.109302485703728,5688.958333333333,7.718232170572469,5673.830876254692,5704.085790411974,539.7823425946316,0.7323248295404144,538.347012303748,541.2176728855152,62.39716911035155,0.06442752825053454,62.270893475367565,62.52344474533553,0.0,0.0,0.0,0.0,0.0,0.0,0.0,0.0,27.413194444444443,0.6873627702663696,26.06598817040868,28.760400718480206,0.0,0.0,0.0,0.0,47.407986111111114,0.06431860142143725,47.28192396878911,47.53404825343312,47.407986111111114,0.06431860142143725,47.28192396878911,47.53404825343312,1.54223526455609,0.0020923566558297556,1.5381343208678508,1.546336208244329,779.9646138793945,0.8053441031316814,778.3861684420947,781.5430593166943,3.6581086913961074,0.005667111431265978,3.647001357094451,3.669216025697764,0.0,0.0,0.0,0.0,2.741319444444444,0.06873627702663695,2.606598817040868,2.8760400718480206,213.3359375,0.2894337063964676,212.76865785955098,213.90321714044902,2.165625,0.0911089039497606,1.98705482958755,2.34419517041245,213.3106770833333,0.2809916455416048,212.7599435781151,213.8614105885515,213.31041666666667,0.2809168410054839,212.75982977564516,213.86100355768818,0.0005208333333333333,0.0003673194203599767,0.0,0.0012407661680610164,0.0007812499999999999,0.00044868713920440654,0.0,0.0016606606331669464,0.9999975198137122,1.749169351873582e-06,0.9999940915047797,1.0000009481226448
zero_sku_complexity,family_four,5.0,0.15475,182891.26869989885,240.7635442645929,182419.38082435002,183363.15657544768,177160.3769688184,233.33367570308747,176703.05136806,177617.7025695768,0.5902777777777778,0.465922014111581,0.0,1.5034681450408394,5118.75,6.819194818713364,5105.38462375176,5132.11537624824,512.329539683774,0.6825250192889661,510.9918152274201,513.6672641401278,70.95802473001451,0.05988699734573658,70.84064837207463,71.0754010879544,0.0,0.0,0.0,0.0,0.0,0.0,0.0,0.0,28.263888888888886,0.6918764327466013,26.907835998953498,29.619941778824273,0.0,0.0,0.0,0.0,42.65625,0.05682662348927804,42.544871864597994,42.767628135402006,42.65625,0.05682662348927804,42.544871864597994,42.767628135402006,1.463798684810783,0.0019500714836827616,1.459976614935486,1.4676207546860798,886.9753091251814,0.7485874668217074,885.5081046509328,888.4425135994301,4.159579825779548,0.00651476888413782,4.1468111133990355,4.17234853816006,0.0,0.0,0.0,0.0,2.826388888888889,0.06918764327466012,2.69078359989535,2.9619941778824277,213.28125,0.28413311744639025,212.72435932298998,213.83814067701002,2.3369791666666666,0.1004451870415992,2.1401102176447426,2.5338481156885906,213.3103298611111,0.2809459100478849,212.7596859958134,213.86097372640876,213.31041666666667,0.2809168410054839,212.75982977564516,213.86100355768818,0.00034722222222222224,0.00027407177300681234,0.0,0.0008843930264946114,0.00026041666666666666,0.0002604166666666666,0.0,0.0007708239543073056,0.9999983609773787,1.2920588142155976e-06,0.9999958285886369,1.0000008933661204
zero_sku_complexity,family_four,9.0,0.15475,177967.14371230322,234.36681224237458,177507.7932011367,178426.49422346975,174496.52848394823,229.83619791704137,174046.05781368722,174946.99915420925,0.0,0.0,0.0,0.0,2844.375,4.075547078342194,2836.3870745091517,2852.3629254908483,389.4247664465218,0.5579851352670488,388.33113567748967,390.51839721555393,128.2182396862532,0.11152519172257118,127.99965432710805,128.43682504539836,0.0,0.0,0.0,0.0,94.8125,0.1358515692780732,94.54623581697173,95.07876418302827,13.784722222222221,0.4573900755305548,12.88825414729628,14.681190297148163,0.0,0.0,0.0,0.0,23.703125,0.0339628923195183,23.636558954242933,23.769691045757067,23.703125,0.0339628923195183,23.636558954242933,23.769691045757067,1.112642189847205,0.001594243243620142,1.1095175305071132,1.1157668491872967,1602.7279960781652,1.3940648965321407,1599.9956790888507,1605.4603130674798,7.514398194132741,0.011826092046530342,7.491219479643686,7.537576908621796,0.0,0.0,0.0,0.0,1.378472222222222,0.045739007553055475,1.2888254147296279,1.4681190297148163,213.328125,0.3056660308756646,212.7290305881864,213.9272194118136,4.3671875,0.18542946952068112,4.003752418067097,4.730622581932903,213.3109375,0.2809601731052749,212.76026567962353,213.86160932037646,213.31041666666667,0.2809168410054839,212.75982977564516,213.86100355768818,0.0,0.0,0.0,0.0,0.0005208333333333333,0.0003673194203599767,0.0,0.0012407661680610164,1.0,0.0,1.0,1.0
zero_sku_complexity,family_four,10.0,0.15475,177450.6535154678,233.54058483195155,176992.92238026875,177908.38465066685,174018.44857710815,229.1955173124968,173569.23361775762,174467.66353645868,0.5902777777777778,0.465922014111581,0.0,1.5034681450408394,2560.8333333333335,3.5442642665848645,2553.886703019135,2567.779963647532,371.7690821522917,0.5145387074364158,370.7606048170645,372.77755948751883,143.81780065178168,0.11983865083963682,143.5829212121801,144.05268009138325,0.0,0.0,0.0,0.0,341.4444444444444,0.4725685688779817,340.5182270692179,342.3706618196709,13.75,0.5305414308156396,12.710157903294997,14.789842096705003,0.0,0.0,0.0,0.0,21.340277777777775,0.029535535554873857,21.28238919182612,21.39816636372943,21.340277777777775,0.029535535554873857,21.28238919182612,21.39816636372943,1.0621973775779765,0.0014701105926754722,1.0593160137630417,1.0650787413929113,1797.7225081472714,1.49798313549546,1794.786515152252,1800.6585011422908,8.434612970711397,0.013247339579491086,8.408648662244623,8.460577279178171,0.0,0.0,0.0,0.0,1.375,0.05305414308156396,1.2710157903294999,1.4789842096705001,213.40277777777774,0.2953553555487387,212.82389191826118,213.9816636372943,4.8890625000000005,0.21405103487086125,4.469530180799585,5.308594819200416,213.3103298611111,0.2809459100478849,212.7596859958134,213.86097372640876,213.31041666666667,0.2809168410054839,212.75982977564516,213.86100355768818,0.00034722222222222224,0.00027407177300681234,0.0,0.0008843930264946114,0.00026041666666666666,0.0002604166666666666,0.0,0.0007708239543073056,0.9999983609773787,1.2920588142155976e-06,0.9999958285886369,1.0000008933661204
high_sku_complexity,single_low,1.8,0.1905,29591.560634231882,59.02565861795112,29475.872469176942,29707.248799286823,27276.139952575657,54.519279976616126,27169.284127358434,27382.99577779288,0.2310907855442836,0.22183861513582387,0.0,0.6658864815907405,2133.5416666666665,4.5714933139880145,2124.5817044156843,2142.5016289176488,132.6554568447616,0.28423796146306973,132.0983606772549,133.2125530122683,25.27202833758903,0.047763512101670874,25.178413574094613,25.36564310108345,0.039883466108846334,0.006619065159591565,0.026910336784723002,0.052856595432969666,0.0,0.0,0.0,0.0,23.680555555555554,1.234992892519515,21.26001396505436,26.10109714605675,0.00020171261725381137,3.3389364901757466e-05,0.00013627066457970097,0.0002671545699279218,17.779513888888886,0.03809577761656679,17.704847536797367,17.854180240980405,17.779513888888886,0.03809577761656679,17.704847536797367,17.854180240980405,0.37901559098503307,0.0008121084613230568,0.3774238876492996,0.3806072943207665,315.9003542198629,0.5970439012708858,314.73016967618264,317.07053876354314,9.885514650558472,0.02950192317517315,9.827691943660465,9.943337357456478,0.039883466108846334,0.006619065159591565,0.026910336784723002,0.052856595432969666,2.3680555555555554,0.12349928925195153,2.1260013965054356,2.610109714605675,32.003125000000004,0.0685723997098202,31.868725566235273,32.13752443376474,0.8539321180996219,0.03914010417519589,0.7772189235650921,0.9306453126341516,32.00507239757713,0.06397978643500471,31.879674320425956,32.130470474728305,32.005208333333336,0.06396990774180503,31.87982961806505,32.130587048601626,0.00013593575620251977,0.00013049330302107294,0.0,0.00039169793034749456,0.0,0.0,0.0,0.0,0.9999956327499642,4.199225441614692e-06,0.9999874024193356,1.0000038630805927
high_sku_complexity,single_low,2.0,0.1905,29308.03264214877,58.37297497274457,29193.62371353173,29422.441570765808,27205.252705768915,54.34149622717516,27098.745330297632,27311.760081240198,0.0022280928625392784,0.0022280928625392784,0.0,0.006595074627327018,1921.25,4.060045069772796,1913.292457887636,1929.207542112364,124.88626628288164,0.2639135300997503,124.3690052688533,125.40352729690997,28.35146216836672,0.03620976216532608,28.28049233863392,28.42243199809952,0.18234094685183364,0.01566554666939908,0.15163703958168004,0.21304485412198723,0.0,0.0,0.0,0.0,28.107638888888886,0.6676294203727756,26.799109269938892,29.41616850783888,0.0009183275942613038,7.912065690285529e-05,0.000763253956298557,0.0010734012322240506,16.010416666666668,0.03383370891477328,15.944103815730301,16.076729517603034,16.010416666666668,0.03383370891477328,15.944103815730301,16.076729517603034,0.356817903665376,0.000754038657427858,0.3553400150538665,0.35829579227688557,354.393277104584,0.4526220270665758,353.506154232924,355.280399976244,11.079417963852984,0.0260476912233296,11.028365427174839,11.13047050053113,0.18234094685183364,0.01566554666939908,0.15163703958168004,0.21304485412198723,2.810763888888889,0.06676294203727758,2.6799109269938897,2.941616850783888,32.020833333333336,0.06766741782954656,31.888207631460602,32.15345903520607,0.9654780681449462,0.0425081072974711,0.8821637087909386,1.0487924274989537,32.00526132625152,0.0639659383707491,31.879890390807542,32.130632261695496,32.005208333333336,0.06396990774180503,31.87982961806505,32.130587048601626,1.3106428603172223e-06,1.3106428603172228e-06,0.0,3.8794556631335395e-06,5.430356105277115e-05,4.4185487943916464e-05,0.0,0.00014090552606217617,0.9999999601325366,3.986746343181204e-08,0.9999998819937441,1.000000038271329
high_sku_complexity,single_low,2.1,0.1905,29188.27179866089,58.17671105348445,29074.247540257067,29302.296057064716,27172.51237742181,54.27050681586706,27066.144138639975,27278.88061620364,0.052580928243068176,0.050082159607855885,0.0,0.15074015734245233,1828.9583333333333,3.85361388187149,1821.4053889145416,1836.511277752125,121.40673340054411,0.25580389922406205,120.90536697096003,121.9080998301282,30.125942205960694,0.04296870939369566,30.04172508308688,30.210159328834507,0.30263692655797936,0.022056432424754253,0.2594071133780196,0.34586673973793913,0.0,0.0,0.0,0.0,34.91319444444444,0.9034408992839353,33.14248281968745,36.683906069201434,0.0015228653738091676,0.0001111396383339987,0.0013050356854197231,0.0017406950621986121,15.241319444444443,0.03211344901559575,15.178378240954512,15.304260647934374,15.241319444444443,0.03211344901559575,15.178378240954512,15.304260647934374,0.34687638114441177,0.0007308682834973187,0.34544390563131444,0.3483088566575091,376.5742775745087,0.5371088674211959,375.52156353858607,377.62699161043133,11.773910630802343,0.030485748185038596,11.71415966231791,11.833661599286776,0.30263692655797936,0.022056432424754253,0.2594071133780196,0.34586673973793913,3.491319444444444,0.09034408992839355,3.314248281968745,3.6683906069201435,32.00677083333333,0.06743824293275097,31.87459430600447,32.13894736066218,1.0486930999527226,0.043738425239113636,0.9629673617435622,1.1344188381618832,32.00517906116038,0.06397387881017447,31.879792562741113,32.13056555957966,32.005208333333336,0.06396990774180503,31.87982961806505,32.130587048601626,3.0929957790040104e-05,2.946009388697406e-05,0.0,8.867068078967788e-05,1.6577848371240755e-06,1.657784837124075e-06,0.0,4.906983412003862e-06,0.9999989831127148,9.698174264736353e-07,0.9999970823054873,1.0000008839199424
high_sku_complexity,single_low,2.25,0.1905,29018.890859329607,57.759674324738995,28905.683977894358,29132.097740764857,27127.31577303479,54.14502076304613,27021.193482397044,27233.438063672533,0.1551486403165917,0.08340443877934983,0.0,0.31861833647489324,1707.2916666666667,3.5547315742350074,1700.3245208064588,1714.2588125268746,116.78977335720226,0.24316659127795848,116.3131755960541,117.26637111835043,32.21088415808971,0.043105081382878274,32.1263997510286,32.295368565150824,0.7178912503223503,0.03482627560636413,0.6496330044182108,0.7861494962264899,0.0,0.0,0.0,0.0,34.40972222222222,0.6901362510194899,33.05708002579853,35.762364418645916,0.0036215202899697574,0.00017573969520908527,0.003277076816705904,0.003965963763233611,14.227430555555555,0.029622763118625058,14.169371006720489,14.285490104390622,14.227430555555555,0.029622763118625058,14.169371006720489,14.285490104390622,0.3336850667348636,0.0006947616893655957,0.33232335884586883,0.33504677462385835,402.63605197612134,0.5388135172859787,401.5799968878575,403.6921070643852,12.584869418620862,0.028164490387971898,12.529668031817513,12.64007080542421,0.7178912503223503,0.03482627560636413,0.6496330044182108,0.7861494962264899,3.440972222222222,0.069013625101949,3.3057080025798524,3.5762364418645913,32.01171875,0.06665121701690639,31.881084765121102,32.1423527348789,1.1220321825543875,0.04667926904661855,1.0305424963983598,1.2135218687104152,32.005119792440674,0.0639740771923278,31.879732905199525,32.13050667968182,32.005208333333336,0.06396990774180503,31.87982961806505,32.130587048601626,9.126390606858336e-05,4.906143457608813e-05,0.0,0.0001874225508675842,2.7230134132894234e-06,2.723013413289424e-06,0.0,8.060021632756175e-06,0.9999970927931244,1.5743082105092335e-06,0.9999940072057313,1.0000001783805177
high_sku_complexity,single_low,2.4,0.1905,28864.387711183484,57.40314213433439,28751.879620000756,28976.895802366213,27086.65393845117,53.9855313829066,26980.844241254417,27192.463635647924,0.0961463053511374,0.07230416800291664,0.0,0.23785987056898739,1598.9583333333333,3.373685457051101,1592.3460313423466,1605.57063532432,112.54761215552266,0.2374672525476989,112.08218489302149,113.01303941802382,34.29732687567901,0.04757810028914401,34.20407551265946,34.390578238698566,1.4697707290882367,0.05912704964683147,1.3538838412683354,1.585657616908138,0.0,0.0,0.0,0.0,30.364583333333332,0.6850078282791117,29.021992660778274,31.70717400588839,0.007389558224029484,0.00029911351328401067,0.00680330651070358,0.007975809937355388,13.324652777777777,0.028114045475425835,13.269550261186222,13.379755294369332,13.324652777777777,0.028114045475425835,13.269550261186222,13.379755294369332,0.3215646061586362,0.0006784778644219971,0.32023481398006143,0.32289439833721095,428.7165859459876,0.5947262536142999,427.55094390824314,429.8822279837321,13.401054916220232,0.03088018621551152,13.34053086340194,13.461578969038525,1.4697707290882367,0.05912704964683147,1.3538838412683354,1.585657616908138,3.0364583333333335,0.06850078282791117,2.9021992660778277,3.170717400588839,31.979166666666668,0.06747370914102199,31.846920626846934,32.111412706486405,1.09485913987123,0.0494405029874582,0.997957534638267,1.191760745104193,32.005176656803805,0.06396658424435106,31.87980445547083,32.13054885813678,32.005208333333336,0.06396990774180503,31.87982961806505,32.130587048601626,5.6556650206551413e-05,4.253186353112744e-05,0.0,0.00013991757092293378,2.4880120679632078e-05,1.6609475223382218e-05,0.0,5.7434093919571596e-05,0.9999982841036853,1.289700528867669e-06,0.9999957563370979,1.0000008118702728
high_sku_complexity,single_low,3.0,0.1905,28422.88153750372,55.84983089097497,28313.417880414756,28532.345194592683,26971.498017681446,53.2808244768167,26867.069520640285,27075.926514722607,0.298235968814017,0.2107374222522295,0.0,0.7112737266231965,1281.0416666666667,2.7621680003659255,1275.6279168667006,1286.4554164666329,99.83866596880277,0.2152710372456654,99.41674248888668,100.26058944871886,42.89343879654282,0.05287434064249244,42.78980699317723,42.997070599908405,10.106651310328937,0.16674865316244492,9.779829955659984,10.43347266499789,0.0,0.0,0.0,0.0,17.20486111111111,0.4984447135212712,16.227927424325035,18.181794797897187,0.051070833064888445,0.0008418023308126421,0.0494209308143938,0.05272073531538309,10.675347222222221,0.023018066669716057,10.630232640555835,10.720461803888607,10.675347222222221,0.023018066669716057,10.630232640555835,10.720461803888607,0.2852533313394365,0.000615060106416187,0.2840478356825334,0.28645882699633957,536.1679849567852,0.6609292580311558,534.8725874147153,537.463382498855,16.718541751031548,0.03669482621867821,16.646621213223984,16.790462288839112,10.106651310328937,0.16674865316244492,9.779829955659984,10.43347266499789,1.720486111111111,0.049844471352127113,1.6227927424325033,1.8181794797897186,32.026041666666664,0.06905420000914812,31.89069792166751,32.16138541166582,1.4053540253803145,0.061238891187973356,1.2853280041987194,1.5253800465619096,32.00504420916198,0.0639857743931837,31.879634395828436,32.13045402249553,32.005208333333336,0.06396990774180503,31.87982961806505,32.130587048601626,0.00017543292283177467,0.00012396318956013505,0.0,0.000418396309778351,1.130875147861035e-05,1.1308751478610348e-05,0.0,3.347349708680071e-05,0.9999943295792376,4.001365505200761e-06,0.9999864870469585,1.0000021721115169
high_sku_complexity,single_low,4.5,0.1905,28114.058413178613,52.97369718051953,28010.231874576864,28217.88495178036,27002.35128557785,51.529461603207544,26901.355396692823,27103.347174462877,0.12297580764221065,0.12297580764221068,0.0,0.3640039615906691,863.9583333333334,2.026437305468869,859.986589197686,867.9300774689807,81.97448913245456,0.19227334984298028,81.59764029157546,82.35133797333367,65.06740995433334,0.0875867734006283,64.89574303294604,65.23907687572064,82.03009992855726,0.5077237120243188,81.03497973889262,83.02522011822191,7.199652777777776,0.016886977545573893,7.166554909980714,7.232750645574837,11.354166666666666,0.40833455764321214,10.553845640042876,12.154487693290456,0.4195208412573539,0.002622480730797479,0.41438087347484054,0.42466080903986725,7.199652777777776,0.016886977545573893,7.166554909980714,7.232750645574837,7.199652777777776,0.016886977545573893,7.166554909980714,7.232750645574837,0.23421282609272734,0.0005493524281228008,0.233136115118787,0.23528953706666766,813.3426244291668,1.0948346675078542,811.1967879118255,815.4884609465081,24.94200094640306,0.05946886707966456,24.825444108725517,25.0585577840806,82.03009992855726,0.5077237120243188,81.03497973889262,83.02522011822191,1.1354166666666667,0.04083345576432121,1.0553845640042878,1.2154487693290457,32.3984375,0.07599139895508257,32.249497094913224,32.547377905086776,2.2204551567076045,0.09693717099852965,2.030461792787286,2.410448520627923,32.00530809798439,0.0639663979128861,31.879936261854375,32.130679934114404,32.005208333333336,0.06396990774180503,31.87982961806505,32.130587048601626,7.233871037777097e-05,7.233871037777098e-05,0.0,0.00021411997740627595,0.00017210336143151268,0.00012589026638548217,0.0,0.00041884374955121115,0.9999977429419539,2.2570580461081517e-06,0.9999933191894724,1.0000021666944352
high_sku_complexity,single_low,5.0,0.1905,28166.821537744563,52.29197817520464,28064.33114384081,28269.311931648317,27078.832282050465,50.971070288085755,26978.930820032358,27178.733744068573,0.10669926343070076,0.09232085302956422,0.0,0.28764481039066214,783.75,1.9850279471922758,779.8594167151977,787.6405832848023,78.44459618601377,0.19867906313932995,78.05519237777852,78.83399999424901,72.45424461512273,0.09004715216340643,72.27775543997205,72.63073379027341,116.55316007396944,0.6267733133114556,115.32470695340814,117.78161319453073,26.125,0.06616759823974251,25.995313890506587,26.254686109493413,10.555555555555555,0.4084659332057195,9.754977037560803,11.356134073550308,0.5991161158500217,0.003189617609004586,0.5928645802119179,0.6053676514881254,6.53125,0.016541899559935628,6.498828472626647,6.563671527373353,6.53125,0.016541899559935628,6.498828472626647,6.563671527373353,0.2241274176743251,0.0005676544661123715,0.22301483536508154,0.22523999998356864,905.6780576890343,1.12558940204258,903.4719429996509,907.8841723784177,27.647055389852543,0.06432304752654561,27.520984533324654,27.773126246380432,116.55316007396944,0.6267733133114556,115.32470695340814,117.78161319453073,1.0555555555555556,0.040846593320571944,0.9754977037560802,1.135613407355031,32.65625,0.08270949779967812,32.494142363133236,32.818357636866764,2.579569480818804,0.10803603117571232,2.3678227506817615,2.7913162109558467,32.005209666063074,0.06396261431260014,31.87984524565335,32.1305740864728,32.005208333333336,0.06396990774180503,31.87982961806505,32.130587048601626,6.276427260629456e-05,5.430638413503778e-05,0.0,0.00016920282964156597,6.40970023477756e-05,6.409700234777557e-05,0.0,0.00018972481846639503,0.9999980276380431,1.7075256837328468e-06,0.9999946809492003,1.0000013743268859
high_sku_complexity,single_low,9.0,0.1905,29532.230440497533,50.981413791840424,29432.308705584594,29632.152175410472,28044.806587956653,50.00994012793594,27946.788906436894,28142.824269476412,0.0,0.0,0.0,0.0,466.4583333333333,1.3696216670168706,463.7739241935345,469.1427424731321,63.86303757956217,0.1875155694302409,63.49551381693838,64.23056134218596,131.21327840409882,0.18066335753811055,130.85918472999805,131.56737207819958,431.0801754461059,1.1304864244785109,428.8644627691166,433.2958881230952,388.71527777777777,1.141351389180727,386.4782701612788,390.95228539427677,6.09375,0.3071288583062785,5.4917884991067885,6.6957115008932115,2.277606290339724,0.005564013094428285,2.266701025065135,2.2885115556143125,3.8871527777777772,0.011413513891807258,3.8647827016127874,3.909522853942767,3.8871527777777772,0.011413513891807258,3.8647827016127874,3.909522853942767,0.18246582165589195,0.0005357587698006874,0.18141575376268113,0.18351588954910278,1640.1659800512352,2.258291969226382,1635.7398091249754,1644.592150977495,47.41482572036728,0.10342909703336067,47.2121084152284,47.617543025506166,431.0801754461059,1.1304864244785109,428.8644627691166,433.2958881230952,0.6093749999999999,0.030712885830627857,0.5491788499106788,0.669571150089321,34.984375,0.10272162502626528,34.783044314515095,35.185705685484905,4.892310975394757,0.19364111932619538,4.512781355589391,5.271840595200123,32.00539084007891,0.06397637669271794,31.879999445899816,32.13078223425801,32.005208333333336,0.06396990774180503,31.87982961806505,32.130587048601626,0.0,0.0,0.0,0.0,0.00018250674557363617,0.0001154049832823701,0.0,0.0004086963564435286,1.0,5.797529028300176e-19,1.0,1.0
high_sku_complexity,single_low,10.0,0.1905,30014.256937830283,50.32103986512679,29915.62951203003,30112.884363630536,28377.139553838886,48.54931289515571,28281.984649090216,28472.294458587556,0.1897098188314658,0.11431326308131075,0.0,0.4137596974260871,412.9166666666667,1.3533483565909321,410.264152629212,415.5691807041214,59.94519368905322,0.19647240209389796,59.56011485699311,60.33027252111333,144.58835423503078,0.1838013940033036,144.22811012247604,144.94859834758552,517.9010706929289,1.0254275550686116,515.8912696162395,519.9108717696183,495.5,1.6240180279091183,492.31698315505434,498.68301684494566,6.076388888888888,0.2707699318698129,5.545689574327691,6.607088203450086,2.7793588643144553,0.00726796909115271,2.7651139066550456,2.793603821973865,3.440972222222222,0.011277902971591106,3.418867938576766,3.4630765058676776,3.440972222222222,0.011277902971591106,3.418867938576766,3.4630765058676776,0.1712719819687235,0.0005613497202682793,0.17017175673426604,0.17237220720318097,1807.354427937885,2.297517425041295,1802.8513765309508,1811.8574793448192,52.59894717001102,0.10363842962656877,52.39581958052866,52.80207475949339,517.9010706929289,1.0254275550686116,515.8912696162395,519.9108717696183,0.6076388888888888,0.027076993186981296,0.5545689574327691,0.6607088203450086,34.409722222222214,0.11277902971591108,34.18867938576766,34.63076505867677,4.150917895438341,0.22553131757822587,3.708884635599153,4.592951155277529,32.005096739322255,0.06396020550368617,31.87973704009125,32.13045643855326,32.005208333333336,0.06396990774180503,31.87982961806505,32.130587048601626,0.00011159401107733282,6.724309593018279e-05,0.0,0.00024338805730946298,0.0,0.0,0.0,0.0,0.9999966227921799,2.0270371890880643e-06,0.999992649872294,1.000000595712066
high_sku_complexity,single_average,1.8,0.1905,49318.22190639891,74.3718778764146,49172.455704298525,49463.988108499296,45494.90998886063,68.58820522912033,45360.47957684731,45629.340400873945,0.4427083333333333,0.31222150730598025,0.0,1.054651242851864,3559.1666666666665,5.422452943812886,3548.53885418893,3569.794479144403,221.29536419645615,0.33714737505199277,220.63456748387202,221.95616090904028,24.820372786264528,0.027549073918803606,24.76637759357624,24.874367978952815,0.0,0.0,0.0,0.0,0.0,0.0,0.0,0.0,17.586805555555557,0.5768803384198274,16.456140868863418,18.717470242247696,0.0,0.0,0.0,0.0,29.659722222222225,0.04518710786510738,29.57115711824109,29.74828732620336,29.659722222222225,0.04518710786510738,29.57115711824109,29.74828732620336,0.6322724691327317,0.0009632782144342651,0.6303844785253485,0.6341604597401149,310.25465982830656,0.3443634239850451,309.579719919703,310.9295997369101,5.817286619484464,0.011193471749027066,5.795347817994404,5.839225420974524,0.0,0.0,0.0,0.0,1.7586805555555554,0.05768803384198274,1.6456140868863414,1.8717470242247694,53.387499999999996,0.08133679415719332,53.22808281283395,53.546917187166045,0.8523437500000001,0.03791184020083021,0.7780379086187351,0.926649591381265,53.3828125,0.08048002073977388,53.225074557875004,53.540550442124996,53.38268229166666,0.08045519996936418,53.22499299735774,53.540371585975585,0.00026041666666666666,0.00018365971017998836,0.0,0.0006203830840305082,0.00039062499999999997,0.00022434356960220333,0.0,0.0008303303165834734,0.9999950630569762,3.4818431079557814e-06,0.9999882387698847,1.0000018873440675
high_sku_complexity,single_average,2.0,0.1905,48846.833703126315,73.71045604985866,48702.36386398457,48991.30354226806,45375.132378472226,68.3831715994367,45241.103824988706,45509.16093195575,0.5164930555555556,0.28406628895811475,0.0,1.0732527511354086,3204.1666666666665,4.9865292652160695,3194.393248898988,3213.940084434345,208.27919924427667,0.32413742180515587,207.64390157149688,208.91449691705645,28.07924346536977,0.031944548003225395,28.016633301781038,28.141853628958504,0.0,0.0,0.0,0.0,0.0,0.0,0.0,0.0,30.659722222222218,0.709724100615791,29.268688546055184,32.05075589838925,0.0,0.0,0.0,0.0,26.70138888888889,0.04155441054346724,26.6199437408249,26.782834036952877,26.70138888888889,0.04155441054346724,26.6199437408249,26.782834036952877,0.5950834264122188,0.0009261069194433014,0.5932682902042766,0.5968985626201609,350.9905433171221,0.39930685004031713,350.20791627226293,351.7731703619813,6.579039353933268,0.012518916367983648,6.554502728726551,6.603575979139985,0.0,0.0,0.0,0.0,3.065972222222222,0.07097241006157912,2.9268688546055186,3.205075589838925,53.40277777777778,0.08310882108693449,53.2398874816498,53.565668073905755,1.0139322916666667,0.042174998913708135,0.9312708127477828,1.0965937705855504,53.38250868055556,0.08045079011698433,53.22482802939848,53.54018933171264,53.38268229166666,0.08045519996936418,53.22499299735774,53.540371585975585,0.00030381944444444445,0.00016709781703418513,0.0,0.0006313251477267109,0.00013020833333333333,9.68480989065059e-05,0.0,0.00032002711916125786,0.9999943063379119,3.132748813754614e-06,0.9999881662630643,1.0000004464127594
high_sku_complexity,single_average,2.1,0.1905,48616.4996993109,73.39661564204333,48472.64497606537,48760.35442255643,45319.71217980034,68.31332391677905,45185.82052525924,45453.60383434145,0.4427083333333333,0.3122215073059803,0.0,1.0546512428518642,3049.5833333333335,4.840290323217279,3040.09653862511,3059.070128041557,202.43214073552397,0.321299739935067,201.80240481700915,203.0618766540388,29.24253155281836,0.03044742093742952,29.182855704358868,29.30220740127785,0.0,0.0,0.0,0.0,0.0,0.0,0.0,0.0,15.086805555555557,0.48982205407036034,14.126771970744219,16.046839140366895,0.0,0.0,0.0,0.0,25.413194444444446,0.04033575269347732,25.334137821875917,25.492251067012976,25.413194444444446,0.04033575269347732,25.334137821875917,25.492251067012976,0.5783775449586397,0.0009179992569573328,0.5765782994771688,0.5801767904401106,365.5316444102295,0.3805927617178691,364.78569630448584,366.27759251597314,6.852061286818302,0.012632148496450602,6.827302730717897,6.8768198429187075,0.0,0.0,0.0,0.0,1.5086805555555554,0.048982205407036024,1.4126771970744216,1.604683914036689,53.36770833333333,0.08470508065630236,53.20168942593942,53.533727240727245,0.98203125,0.045434867888197915,0.8929805452967967,1.0710819547032033,53.382421875,0.08046676604081408,53.22470991160759,53.54013383839241,53.38268229166666,0.08045519996936418,53.22499299735774,53.540371585975585,0.00026041666666666666,0.0001836597101799884,0.0,0.0006203830840305082,0.0,0.0,0.0,0.0,0.9999950595787853,3.4842840388183462e-06,0.9999882305075574,1.0000018886500133
high_sku_complexity,single_average,2.25,0.1905,48330.98206859429,72.83733023191267,48188.22352460969,48473.74061257889,45241.66899251606,68.18554949811649,45108.02777123368,45375.31021379844,0.0,0.0,0.0,0.0,2848.75,4.415250522085341,2840.096267993991,2857.403732006009,194.87289333573935,0.3020316433667063,194.28092219254916,195.46486447892954,31.384627186943153,0.034465205452367004,31.31707662553674,31.452177748349566,0.0,0.0,0.0,0.0,0.0,0.0,0.0,0.0,14.305555555555555,0.5001656050486283,13.325248983354559,15.285862127756552,0.0,0.0,0.0,0.0,23.739583333333332,0.03679375435071117,23.667468899949924,23.81169776671674,23.739583333333332,0.03679375435071117,23.667468899949924,23.81169776671674,0.5567796952449695,0.0008629475524763022,0.555088349121569,0.55847104136837,392.30783983678936,0.4308150681545878,391.46345781920917,393.15222185436954,7.353950882824086,0.014318129183797958,7.32588786529785,7.382013900350322,0.0,0.0,0.0,0.0,1.4305555555555554,0.050016560504862834,1.3325248983354556,1.528586212775655,53.4140625,0.08278594728910013,53.25180502488733,53.57631997511267,1.12109375,0.04751280606987111,1.0279703612986166,1.2142171387013834,53.38268229166666,0.08045519996936418,53.22499299735774,53.540371585975585,53.38268229166666,0.08045519996936418,53.22499299735774,53.540371585975585,0.0,0.0,0.0,0.0,0.0,0.0,0.0,0.0,1.0,0.0,1.0,1.0
high_sku_complexity,single_average,2.4,0.1905,48072.94139453569,72.57301874019726,47930.70089155555,48215.181897515824,45168.45765591502,68.0752097311097,45035.03269660204,45301.88261522801,0.0,0.0,0.0,0.0,2670.2083333333335,4.2883359379072346,2661.8033493414264,2678.6133173252406,187.9508462537243,0.3018477466676782,187.35923554144108,188.54245696600753,33.61622570027048,0.0336947872372838,33.55018513081867,33.6822662697223,0.0,0.0,0.0,0.0,0.0,0.0,0.0,0.0,12.708333333333334,0.4920993255129029,11.743836378511592,13.672830288155076,0.0,0.0,0.0,0.0,22.25173611111111,0.03573613281589361,22.18169457784522,22.321777644377,22.25173611111111,0.03573613281589361,22.18169457784522,22.321777644377,0.5370024178677838,0.0008624221333362221,0.5353121015469746,0.538692734188593,420.202821253381,0.4211848404660475,419.3773141352333,421.0283283715287,7.876091090888235,0.014417426939439506,7.847833453337197,7.904348728439274,0.0,0.0,0.0,0.0,1.2708333333333333,0.04920993255129029,1.174383637851159,1.3672830288155076,53.40416666666666,0.08576671875814462,53.23606698682852,53.572266346504804,1.2734375,0.049839068357906045,1.1757547209954744,1.3711202790045256,53.38268229166666,0.08045519996936418,53.22499299735774,53.540371585975585,53.38268229166666,0.08045519996936418,53.22499299735774,53.540371585975585,0.0,0.0,0.0,0.0,0.0,0.0,0.0,0.0,1.0,0.0,1.0,1.0
high_sku_complexity,single_average,3.0,0.1905,47275.068619811536,71.32865279385847,47135.26702926981,47414.87021035326,44915.13423049592,67.69741958284851,44782.44972626724,45047.8187347246,0.4427083333333333,0.31222150730598025,0.0,1.054651242851864,2136.875,3.5003622662182265,2130.0144160253694,2143.7355839746306,166.5384935504976,0.2728026013206152,166.00381027702036,167.07317682397485,42.49585581510344,0.04864370204075532,42.40051591102886,42.59119571917802,0.005942727796570627,0.003034774435703362,0.0,0.011890776391752083,0.0,0.0,0.0,0.0,13.576388888888888,0.7747318335941983,12.057942397367581,15.094835380410194,3.056000973222852e-05,1.530278233205261e-05,5.671074981495453e-07,6.055291196630749e-05,17.807291666666668,0.029169685551818564,17.750120133544744,17.86446319978859,17.807291666666668,0.029169685551818564,17.750120133544744,17.86446319978859,0.47582426728713617,0.0007794360037731855,0.4742966007914869,0.47735193378278545,531.1981976887929,0.6080462755094417,530.0064488878606,532.3899464897252,9.95592942078943,0.019355172669523028,9.91799397944261,9.993864862136249,0.005942727796570627,0.003034774435703362,0.0,0.011890776391752083,1.3576388888888886,0.07747318335941983,1.205794239736758,1.5094835380410192,53.421875,0.08750905665545566,53.25036040063423,53.59338959936577,1.6334931790335123,0.06257558615523927,1.51084728385776,1.7561390742092646,53.382421875,0.08046231808799252,53.224718629434925,53.54012512056507,53.38268229166666,0.08045519996936418,53.22499299735774,53.540371585975585,0.00026041666666666666,0.00018365971017998836,0.0,0.0006203830840305082,0.0,0.0,0.0,0.0,0.9999950841580998,3.466914049067151e-06,0.9999882891314261,1.0000018791847736
high_sku_complexity,single_average,4.5,0.1905,46134.789405057614,69.05554350873635,45999.44302684765,46270.13578326758,44475.34970184725,66.70463946185531,44344.611010900284,44606.08839279421,0.0,0.0,0.0,0.0,1426.0416666666667,2.46811951636509,1421.2042413050508,1430.8790920282827,135.3063366558118,0.23418124308294425,134.8473498535144,135.7653234581092,64.74946805551325,0.06245187334708269,64.6270646329859,64.87187147804059,4.757162387914794,0.11002884856528093,4.541509807466431,4.972814968363156,11.883680555555557,0.020567662636375755,11.84336867754209,11.923992433569024,16.701388888888886,0.5163541151339442,15.689353419957307,17.713424357820465,0.02395713788433483,0.0005555774383679806,0.022868226114510566,0.025046049654159096,11.883680555555557,0.020567662636375755,11.84336867754209,11.923992433569024,11.883680555555557,0.020567662636375755,11.84336867754209,11.923992433569024,0.3865895333023193,0.0006690892659512697,0.38527814243861247,0.3879009241660262,809.3683506939155,0.7806484168385341,807.8383079123238,810.8983934755073,15.16980264775672,0.02767380097009631,15.115562994540001,15.224042300973439,4.757162387914794,0.11002884856528093,4.541509807466431,4.972814968363156,1.6701388888888886,0.051635411513394416,1.5689353419957308,1.7713424357820464,53.4765625,0.09255448186369088,53.295159048939404,53.657965951060596,2.3502270153958382,0.10106906654221846,2.1521352850220077,2.5483187457696688,53.38271070535614,0.0804571322232625,53.22501762389917,53.54040378681311,53.38268229166666,0.08045519996936418,53.22499299735774,53.540371585975585,0.0,0.0,0.0,0.0,2.8413689472608256e-05,2.841368947260826e-05,0.0,8.410349750682532e-05,1.0,0.0,1.0,1.0
high_sku_complexity,single_average,5.0,0.1905,45949.64719413357,68.04579443334269,45816.2798877448,46083.01450052234,44393.453207987186,66.21020651623009,44263.683587806416,44523.222828167956,0.18333954092838547,0.1833395409283855,0.0,0.5426784380901283,1282.9166666666667,2.1604404432124094,1278.6822812072267,1287.1510521261068,128.40558833425644,0.21623588918881065,127.98177377928137,128.8294028892315,72.21064426129803,0.0691173117528272,72.07517681955426,72.3461117030418,13.758997343237363,0.1913647608582588,13.383929304045056,14.13406538242967,42.76388888888889,0.07201468144041372,42.62274270690756,42.90503507087023,15.954861111111109,0.47677441493224676,15.02040042909375,16.889321793128467,0.0694576036668402,0.0009661843338856786,0.06756391716999745,0.07135129016368295,10.690972222222223,0.01800367036010343,10.65568567672689,10.726258767717557,10.690972222222223,0.01800367036010343,10.65568567672689,10.726258767717557,0.366873109526447,0.0006178168262537446,0.36566221079794686,0.3680840082549472,902.6330532662254,0.8639663969103406,900.9397102444283,904.3263962880225,16.860215275085412,0.03060958841229215,16.800221584215727,16.920208965955098,13.758997343237363,0.1913647608582588,13.383929304045056,14.13406538242967,1.595486111111111,0.04767744149322467,1.502040042909375,1.688932179312847,53.45486111111111,0.0900183518005171,53.278428383634434,53.63129383858778,2.5070646711463023,0.09422624510320511,2.3223846243455766,2.691744717947028,53.38257444487789,0.08045883513583768,53.2248780257736,53.54027086398218,53.38268229166666,0.08045519996936418,53.22499299735774,53.540371585975585,0.00010784678878140324,0.00010784678878140325,0.0,0.00031922261064125195,0.0,0.0,0.0,0.0,0.9999979603444201,2.0396555797900827e-06,0.9999939626929428,1.0000019579958974
high_sku_complexity,single_average,9.0,0.1905,46496.98434250103,64.81530192176774,46369.94868508728,46624.01999991479,44684.253469814,63.541302136456444,44559.71480609577,44808.79213353223,0.0,0.0,0.0,0.0,726.875,1.6088775991805133,723.7216578500729,730.0283421499271,99.51681023452096,0.2202722156192174,99.08508462511246,99.94853584392946,131.59002716367002,0.124965625674463,131.34509903804255,131.83495528929748,239.87056306662123,0.7744866616900332,238.3525971032021,241.38852903004036,605.7291666666666,1.340731332650426,603.1013815417274,608.3569517916059,9.149305555555555,0.3395359823921304,8.483827258611553,9.814783852499557,1.2408909901329601,0.0038811298413127773,1.2332841154246634,1.2484978648412568,6.057291666666667,0.013407313326504276,6.031013815417275,6.083569517916059,6.057291666666667,0.013407313326504276,6.031013815417275,6.083569517916059,0.2843337435272028,0.0006293491874834784,0.28310024178603566,0.28556724526836996,1644.8753395458752,1.5620703209307871,1641.813737975532,1647.9369411162186,29.75971722199354,0.048369874450199954,29.664914010134424,29.854520433852656,239.87056306662123,0.7744866616900332,238.3525971032021,241.38852903004036,0.9149305555555555,0.03395359823921304,0.8483827258611554,0.9814783852499556,54.515625,0.12066581993853849,54.27912433875547,54.75212566124453,4.597954075996646,0.18911948480773275,4.2272866969987195,4.968621454994572,53.38277448875053,0.08044980679141087,53.22509576487616,53.5404532126249,53.38268229166666,0.08045519996936418,53.22499299735774,53.540371585975585,0.0,0.0,0.0,0.0,9.2197083860486e-05,9.219708386048602e-05,0.0,0.0002729000477066577,1.0,0.0,1.0,1.0
high_sku_complexity,single_average,10.0,0.1905,46919.99617373208,64.35426856717253,46793.864125089,47046.128222375155,44898.83552669109,62.540132176615025,44776.25912003655,45021.411933345626,0.0,0.0,0.0,0.0,660.4166666666666,1.4766827397594355,657.5224216801462,663.3109116531871,95.87601614243124,0.21437747613035987,95.45584401011914,96.29618827474334,145.67856167440402,0.15029900626161483,145.3839810352191,145.97314231358894,318.772735890826,0.97803555193644,316.85582143343083,320.6896503482212,792.5,1.7720192877113226,789.0269060161755,795.9730939838245,7.916666666666667,0.31859125509401126,7.292239280892992,8.541094052440343,1.653927302829733,0.005368358637762932,1.6434055132436232,1.6644490924158428,5.503472222222221,0.012305689497995285,5.479353514001218,5.527590930443225,5.503472222222221,0.012305689497995285,5.479353514001218,5.527590930443225,0.27393147469266066,0.0006125070746581712,0.2727309828860547,0.27513196649926663,1820.9820209300499,1.8787375782701852,1817.2997629402382,1824.6642789198615,33.003634500669875,0.057449576456779713,32.89103539988751,33.116233601452244,318.772735890826,0.97803555193644,316.85582143343083,320.6896503482212,0.7916666666666666,0.03185912550940113,0.7292239280892991,0.8541094052440341,55.03472222222222,0.12305689497995304,54.79353514001219,55.275909304432254,5.021878616945162,0.20872876695725215,4.612777751171493,5.43097948271883,53.38268229166666,0.08045519996936418,53.22499299735774,53.540371585975585,53.38268229166666,0.08045519996936418,53.22499299735774,53.540371585975585,0.0,0.0,0.0,0.0,0.0,0.0,0.0,0.0,1.0,0.0,1.0,1.0
high_sku_complexity,two_person_low,1.8,0.15475,68977.96259369771,107.90771263736653,68766.46736327438,69189.45782412104,63633.17287319456,99.74991229024351,63437.66663764466,63828.679108744465,0.4427083333333333,0.31222150730598025,0.0,1.054651242851864,4979.166666666667,7.781698297196957,4963.9148182656045,4994.4185150677295,309.5855305721904,0.4838362234825968,308.63722899974863,310.5338321446322,24.518426042058877,0.028396893842783225,24.462769152854214,24.57408293126354,0.0,0.0,0.0,0.0,0.0,0.0,0.0,0.0,31.076388888888886,0.7023213466642962,29.699864343853196,32.45291343392458,0.0,0.0,0.0,0.0,41.49305555555555,0.06484748580997467,41.36595681888003,41.62015429223107,41.49305555555555,0.06484748580997467,41.36595681888003,41.62015429223107,0.8845300873491154,0.0013823892099502765,0.8818206542849961,0.8872395204132347,306.4803255257359,0.35496117303479013,305.78461441067765,307.17603664079417,4.107967097640496,0.007895100952156531,4.0924929841199615,4.123441211161031,0.0,0.0,0.0,0.0,3.107638888888888,0.0702321346664296,2.969986434385319,3.245291343392457,74.68749999999999,0.11672547445795432,74.45872227398405,74.91627772601592,0.8898437500000002,0.038553746861320674,0.8142797946827375,0.9654077053172628,74.66588541666665,0.11704454115823759,74.4364823314095,74.89528850192382,74.66562499999999,0.11708534305287652,74.43614194449884,74.89510805550114,0.00026041666666666666,0.0001836597101799884,0.0,0.0006203830840305082,0.0005208333333333333,0.00025836341518262293,1.4450344652623334e-05,0.0010272163220140433,0.9999965253960864,2.4504991118212894e-06,0.9999917225060831,1.0000013282860898
high_sku_complexity,two_person_low,2.0,0.15475,68305.24814172479,106.85591707726054,68095.81439271836,68514.68189073123,63465.965711805555,99.51338625549727,63270.923058765155,63661.008364845955,0.14756944444444445,0.14756944444444445,0.0,0.4368002407741399,4477.291666666667,6.965759536413747,4463.63902885033,4490.944304483004,291.0356483068108,0.4527925570993301,290.14819120242834,291.92310541119326,27.838795501319265,0.02988648424326098,27.78021906857795,27.89737193406058,0.0,0.0,0.0,0.0,0.0,0.0,0.0,0.0,42.96875,0.8173094231661233,41.366852966369194,44.570647033630806,0.0,0.0,0.0,0.0,37.310763888888886,0.058047996136781216,37.19699190708607,37.4245358706917,37.310763888888886,0.058047996136781216,37.19699190708607,37.4245358706917,0.8315304237337449,0.0012936930202838007,0.8289948320069378,0.8340660154605519,347.9849437664907,0.37358105304076245,347.25273835722425,348.71714917575713,4.663872456735761,0.009289924060719728,4.645664540157638,4.682080373313884,0.0,0.0,0.0,0.0,4.296875,0.08173094231661233,4.136685296636919,4.457064703363081,74.62152777777777,0.11609599227356243,74.39398381417215,74.8490717413834,0.8914062499999998,0.04117179518576002,0.8107110142570506,0.9721014857429491,74.66584201388888,0.1170745720652909,74.43638006913547,74.89530395864229,74.66562499999999,0.11708534305287652,74.43614194449884,74.89510805550114,8.680555555555556e-05,8.680555555555556e-05,0.0,0.00025694131810243524,0.00030381944444444445,0.00016709781703418513,0.0,0.0006313251477267109,0.9999988464377999,1.153562200073797e-06,0.9999965854974339,1.000001107378166
high_sku_complexity,two_person_low,2.1,0.15475,67994.72092186754,106.54541041152845,67785.8957547429,68203.54608899218,63388.7002290953,99.37724641798071,63193.9244052333,63583.4760529573,0.22135416666666666,0.22135416666666669,0.0,0.6552003611612099,4265.625,6.743244065899308,4252.408484491874,4278.841515508126,283.15330520288654,0.4476183079968679,282.2759894403919,284.03062096538116,28.87867229157153,0.034609853085541174,28.810838226013647,28.94650635712941,0.0,0.0,0.0,0.0,0.0,0.0,0.0,0.0,28.14236111111111,0.6969928063973865,26.776280313088733,29.508441909133488,0.0,0.0,0.0,0.0,35.546875,0.05619370054916088,35.43673737076561,35.65701262923439,35.546875,0.05619370054916088,35.43673737076561,35.65701262923439,0.8090094434368188,0.0012789094514196215,0.8065028269725485,0.8115160599010891,360.9834036446441,0.4326231635692647,360.1354778251706,361.83132946411763,4.8371825203162295,0.009447380381074897,4.818665995021073,4.855699045611386,0.0,0.0,0.0,0.0,2.8142361111111107,0.06969928063973864,2.677628031308873,2.9508441909133483,74.6484375,0.11800677115323789,74.4171484786078,74.8797265213922,0.9269531250000002,0.04075794382968479,0.8470690230099114,1.006837226990089,74.66601562499999,0.11705718853671349,74.43658775133652,74.89544349866345,74.66562499999999,0.11708534305287652,74.43614194449884,74.89510805550114,0.00013020833333333333,0.00013020833333333333,0.0,0.0003854119771536529,0.0005208333333333333,0.00025836341518262293,1.4450344652623334e-05,0.0010272163220140433,0.9999982114239927,1.788576007326001e-06,0.9999947058794347,1.0000017169685507
high_sku_complexity,two_person_low,2.25,0.15475,67591.41998352985,105.93242672169464,67383.7962423604,67799.0437246993,63278.90144060177,99.22517215722604,63084.423676813814,63473.37920438972,0.4427083333333333,0.31222150730598025,0.0,1.054651242851864,3982.5,6.305382891081347,3970.1416766247457,3994.8583233752543,272.4287135443903,0.4313289012987063,271.5833244323536,273.274102656427,31.03600993924567,0.034068678287021745,30.969236556802226,31.102783321689113,0.0,0.0,0.0,0.0,0.0,0.0,0.0,0.0,26.11111111111111,0.6565427732905952,24.824310921151497,27.397911301070724,0.0,0.0,0.0,0.0,33.1875,0.052544857425677875,33.08451397187288,33.29048602812712,33.1875,0.052544857425677875,33.08451397187288,33.29048602812712,0.7783677529839723,0.0012323682894248764,0.7759523555210103,0.7807831504469344,387.9501242405709,0.42585847858777165,387.11545696002787,388.78479152111396,5.19826278754148,0.009734237149811753,5.179184033310877,5.2173415417720825,0.0,0.0,0.0,0.0,2.6111111111111107,0.06565427732905953,2.4824310921151493,2.739791130107072,74.671875,0.11822592920777526,74.44015643671398,74.90359356328602,1.09375,0.046168874300642,1.0032606691639847,1.1842393308360153,74.66562499999999,0.11708024833215923,74.43615192996795,74.89509807003203,74.66562499999999,0.11708534305287652,74.43614194449884,74.89510805550114,0.00026041666666666666,0.00018365971017998836,0.0,0.0006203830840305082,0.00026041666666666666,0.0001836597101799884,0.0,0.0006203830840305082,0.99999657341152,2.416631814523083e-06,0.9999918369001997,1.0000013099228404
high_sku_complexity,two_person_low,2.4,0.15475,67229.34045124515,105.30814459097014,67022.94028056812,67435.74062192219,63176.391576371,99.04527907237933,62982.26639655042,63370.51675619159,0.4427083333333333,0.31222150730598025,0.0,1.054651242851864,3733.3333333333335,5.92516841192847,3721.720216643619,3744.946450023048,262.78217717615195,0.41706124698801544,261.96475215270806,263.59960219959584,33.33510047578645,0.03507944061153342,33.26634603559003,33.40385491598286,0.0,0.0,0.0,0.0,0.0,0.0,0.0,0.0,23.055555555555554,0.6425490169798485,21.796182623973436,24.31492848713767,0.0,0.0,0.0,0.0,31.11111111111111,0.04937640343273724,31.014335138696826,31.207887083525396,31.11111111111111,0.04937640343273724,31.014335138696826,31.207887083525396,0.7508062205032914,0.0011916035628229025,0.7484707204363089,0.7531417205702738,416.68875594733055,0.438493007644168,415.82932544487534,417.54818644978576,5.58445212037973,0.010284015045303959,5.564295821274466,5.604608419484994,0.0,0.0,0.0,0.0,2.3055555555555554,0.06425490169798485,2.1796182623973435,2.4314928487137673,74.66666666666666,0.11850336823856941,74.43440433287238,74.89892900046094,1.13984375,0.05059741947747708,1.0406746301134795,1.2390128698865206,74.66549479166666,0.11705740996267759,74.43606648401627,74.89492309931705,74.66562499999999,0.11708534305287652,74.43614194449884,74.89510805550114,0.00026041666666666666,0.00018365971017998836,0.0,0.0006203830840305082,0.00013020833333333333,0.00013020833333333328,0.0,0.0003854119771536528,0.9999965951920847,2.4018863804215733e-06,0.9999918875812841,1.0000013028028854
high_sku_complexity,two_person_low,3.0,0.15475,66103.03349185112,103.5800566731091,65900.02031125521,66306.04667244703,62822.671363989386,98.50303109891794,62629.608970667476,63015.733757311296,0.0,0.0,0.0,0.0,2986.25,4.79652515657548,2976.8489834421716,2995.6510165578284,232.73498747712128,0.3738197479277664,232.002314234473,233.46766071976955,42.03686260683866,0.04558283594443821,41.94752189007436,42.12620332360296,0.0,0.0,0.0,0.0,0.0,0.0,0.0,0.0,19.340277777777775,0.6005820488048644,18.163158592358965,20.517396963196585,0.0,0.0,0.0,0.0,24.885416666666668,0.03997104297146233,24.807074862018098,24.963758471315238,24.885416666666668,0.03997104297146233,24.807074862018098,24.963758471315238,0.6649571070774895,0.0010680564226507594,0.6628637549556373,0.6670504591993416,525.4607825854832,0.5697854493054776,524.3440236259295,526.577541545037,7.042745153030577,0.014127463821100703,7.015055832748327,7.070434473312827,0.0,0.0,0.0,0.0,1.9340277777777777,0.06005820488048644,1.8163158592358966,2.051739696319659,74.65625,0.119913128914387,74.4212245860543,74.8912754139457,1.4484375,0.0621981215770699,1.3265314218028994,1.5703435781971007,74.66588541666665,0.11707264071298344,74.43642725729421,74.8953435760391,74.66562499999999,0.11708534305287652,74.43614194449884,74.89510805550114,0.0,0.0,0.0,0.0,0.00026041666666666666,0.00018365971017998836,0.0,0.0006203830840305082,1.0,0.0,1.0,1.0
high_sku_complexity,two_person_low,4.5,0.15475,64441.33017699702,100.8962402960429,64243.577179841275,64639.083174152765,62179.3664352242,97.49756728937551,61988.27471475675,62370.458155691646,0.00595667298152765,0.005956672981527649,0.0,0.017631537493004664,1990.625,3.358022387399427,1984.0433970614179,1997.2066029385821,188.87539032085928,0.31861741368979624,188.25091166517998,189.49986897653858,64.24747078407133,0.08557358815955847,64.07974963325073,64.41519193489192,0.03284066156457733,0.0050407487304447865,0.02296097559778955,0.04272034753136511,0.0,0.0,0.0,0.0,18.177083333333332,0.7453515464072801,16.716221146553828,19.637945520112837,0.00016470854781159224,2.5298428762313035e-05,0.00011512453857200647,0.000214292557051178,16.588541666666668,0.027983519894995215,16.533694975511818,16.643388357821518,16.588541666666668,0.027983519894995215,16.533694975511818,16.643388357821518,0.5396439723453121,0.0009103354676851315,0.5378597476147998,0.5414281970758245,803.0933848008916,1.0696698519944818,800.9968704156341,805.1898991861491,10.759001942998102,0.022837338265709425,10.714241582494553,10.803762303501651,0.03284066156457733,0.0050407487304447865,0.02296097559778955,0.04272034753136511,1.817708333333333,0.07453515464072802,1.6716221146553827,1.9637945520112834,74.6484375,0.1259258395274785,74.40162738980317,74.89524761019683,2.205632284287647,0.08928934251240798,2.030628388760066,2.3806361798152276,74.66575230325765,0.11707859725883853,74.43628246926986,74.89522213724544,74.66562499999999,0.11708534305287652,74.43614194449884,74.89510805550114,3.5039252832515586e-06,3.5039252832515586e-06,0.0,1.0371492642943922e-05,0.00013080718294184772,0.00013020657508727569,0.0,0.00038600738066321835,0.9999999542269721,4.577302786743418e-08,0.999999864513486,1.0000000439404582
high_sku_complexity,two_person_low,5.0,0.15475,64080.18514909763,100.2445148777176,63883.70951028962,64276.66078790565,62013.032891613526,97.21549983582923,61822.49401319624,62203.57177003081,0.0,0.0,0.0,0.0,1793.75,2.9340667713089164,1787.999334799999,1799.500665200001,179.53428313704907,0.29366721921292327,178.9587059639517,180.10986031014644,71.76951213340142,0.07855298018567776,71.6155511213592,71.92347314544364,0.2234622136484369,0.01712951622473196,0.18988897877536776,0.25703544852150606,0.0,0.0,0.0,0.0,21.875,0.5266005593594675,20.842881869416797,22.907118130583203,0.0011257748466910306,8.647085428266914e-05,0.000956295086584588,0.0012952546067974732,14.947916666666666,0.0244505564275743,14.899994456666656,14.995838876666676,14.947916666666666,0.0244505564275743,14.899994456666656,14.995838876666676,0.5129550946772828,0.0008390491977512102,0.5113105884684332,0.5145996008861324,897.1189016675179,0.981912252320972,895.1943890169902,899.0434143180456,12.027865387271655,0.023473319830175247,11.981858525806922,12.073872248736388,0.2234622136484369,0.01712951622473196,0.18988897877536776,0.25703544852150606,2.1875,0.052660055935946755,2.08428818694168,2.29071181305832,74.73958333333333,0.12225278213787152,74.49997228333328,74.97919438333338,2.5532765450597936,0.10627303988950362,2.344985214348778,2.761567875770809,74.66579878315562,0.11707689921768667,74.43633227726733,74.89526528904392,74.66562499999999,0.11708534305287652,74.43614194449884,74.89510805550114,0.0,0.0,0.0,0.0,0.00017378315562412974,0.00013711440908374258,0.0,0.00044252245918975685,1.0,0.0,1.0,1.0
high_sku_complexity,two_person_low,9.0,0.15475,63176.37177673681,95.06387463071317,62990.05000622978,63362.693547243834,61497.79346959388,93.46130189689654,61314.61268392774,61680.97425526002,0.0,0.0,0.0,0.0,1000.0,1.7968364676420938,996.4782652373133,1003.5217347626867,136.91048699504174,0.24600575583532935,136.42832457361493,137.39264941646854,130.62734739617008,0.13488139276382385,130.36298472416837,130.8917100681718,100.51963941839028,0.6509528484097455,99.24379527987342,101.79548355690714,300.0,0.5390509402926281,298.943479571194,301.056520428806,10.520833333333334,0.38503889517169027,9.766170966149728,11.27549570051694,0.511526621025942,0.0033193947247118255,0.5050207269150346,0.5180325151368494,8.33333333333333,0.014973637230350771,8.303985543644275,8.362681123022385,8.33333333333333,0.014973637230350771,8.303985543644275,8.362681123022385,0.39117281998583353,0.0007028735881009416,0.3897952130674712,0.39255042690419584,1632.8418424521262,1.6860174095477987,1629.537309052105,1636.1463758521475,21.66782490805637,0.038310975904922356,21.59273677507014,21.742913041042602,100.51963941839028,0.6509528484097455,99.24379527987342,101.79548355690714,1.0520833333333333,0.03850388951716903,0.9766170966149726,1.127549570051694,75.0,0.13476273507315703,74.7358698927985,75.2641301072015,4.577830188654539,0.18718827424308798,4.210947912809879,4.944712464499198,74.66562499999999,0.11708534305287652,74.43614194449884,74.89510805550114,74.66562499999999,0.11708534305287652,74.43614194449884,74.89510805550114,0.0,0.0,0.0,0.0,0.0,0.0,0.0,0.0,1.0,0.0,1.0,1.0
high_sku_complexity,two_person_low,10.0,0.15475,63413.93374302448,94.16719375120992,63229.3694347469,63598.49805130206,61576.08830914237,92.49449433898364,61394.80243146972,61757.37418681502,0.18085675834404344,0.1808567583440435,0.0,0.5353294910590326,907.2916666666666,1.7428461565559243,903.875750969223,910.7075823641103,131.71610419567446,0.25301776086773003,131.22019849692475,132.21200989442417,145.37688614489772,0.1545380676891724,145.07399709798653,145.67977519180891,159.40839233874945,0.8317639198147011,157.77816501227278,161.03861966522612,483.8888888888889,0.9295179501631593,482.0670671835856,485.7107105941922,9.982638888888888,0.4026115450781372,9.193534760775714,10.771743017002061,0.8139251819670678,0.004377234136026137,0.8053459607085572,0.8225044032255783,7.560763888888889,0.014523717971299364,7.532297924743525,7.5892298530342535,7.560763888888889,0.014523717971299364,7.532297924743525,7.5892298530342535,0.37633172627335565,0.0007229078881935149,0.37491485284835646,0.37774859969835484,1817.2110768112213,1.9317258461146547,1813.4249637248315,1820.9971898976112,24.02212600657889,0.043463997601033685,23.936938136656728,24.107313876501053,159.40839233874945,0.8317639198147011,157.77816501227278,161.03861966522612,0.998263888888889,0.04026115450781372,0.9193534760775716,1.0771743017002062,75.60763888888887,0.1452371797129936,75.32297924743523,75.89229853034252,5.0436901123586635,0.20995159293245766,4.632192551714232,5.455187673003095,74.66551861367155,0.11708891462005501,74.43602855802736,74.89500866931574,74.66562499999999,0.11708534305287652,74.43614194449884,74.89510805550114,0.0001063863284376726,0.0001063863284376726,0.0,0.00031489970062296025,0.0,0.0,0.0,0.0,0.9999985608883538,1.4391116460963737e-06,0.9999957402813577,1.00000138149535
high_sku_complexity,two_person_average,1.8,0.15475,98495.082612917,140.0840903735446,98220.5228409778,98769.6423848562,90868.19838313667,129.00930657493242,90615.34478857931,91121.05197769402,0.6640625,0.38138406832374566,0.0,1.4115615381919047,7110.0,10.262692732862309,7089.885491859189,7130.114508140811,442.0725936137119,0.63809496397708,440.8219504656004,443.32323676182335,24.39062922217545,0.026261785642192437,24.33915706814704,24.44210137620386,0.0,0.0,0.0,0.0,0.0,0.0,0.0,0.0,49.756944444444436,0.9156181477976686,47.962365851169736,51.551523037719136,0.0,0.0,0.0,0.0,59.25,0.08552243944051922,59.08237909882657,59.41762090117343,59.25,0.08552243944051922,59.08237909882657,59.41762090117343,1.263064553182034,0.0018231284685059422,1.2594912870445727,1.2666378193194952,304.8828652771931,0.3282723205274057,304.239463351838,305.5262672025482,2.859974887205522,0.0049760510735838235,2.850222006316066,2.8697277680949784,0.0,0.0,0.0,0.0,4.975694444444444,0.09156181477976685,4.796236585116974,5.155152303771914,106.64999999999999,0.15394039099293463,106.34828237788783,106.95171762211216,0.85703125,0.03671248345212001,0.7850761046508221,0.9289863953491779,106.62291666666665,0.15137692601943548,106.32622334357818,106.91960998975513,106.62265624999999,0.15137499210196678,106.3259667173201,106.91934578267988,0.00039062499999999997,0.00022434356960220333,0.0,0.0008303303165834734,0.0006510416666666666,0.00028808981306583287,8.63960087447575e-05,0.0012156873245885757,0.9999964012532555,2.0670412392319816e-06,0.999992349926872,1.0000004525796389
high_sku_complexity,two_person_average,2.0,0.15475,97534.99180836191,138.58533728640018,97263.36953849523,97806.6140782286,90629.40538194444,128.6652670396247,90377.22609248555,90881.58467140333,0.22135416666666666,0.16464176814106,0.0,0.5440461025741383,6399.166666666667,9.218874018106655,6381.098005613166,6417.235327720168,415.9625412215346,0.5992508811729893,414.78803107673167,417.1370513663375,27.649058807035885,0.02679042169907488,27.59655054537506,27.70156706869671,0.0,0.0,0.0,0.0,0.0,0.0,0.0,0.0,62.58680555555554,0.978698892459696,60.668590974625296,64.50502013648578,0.0,0.0,0.0,0.0,53.326388888888886,0.07682395015088879,53.17581671344304,53.47696106433473,53.326388888888886,0.07682395015088879,53.17581671344304,53.47696106433473,1.1884644034900986,0.0017121453747799683,1.1851086602192331,1.1918201467609641,345.61323508794857,0.33488027123843606,344.9568818171882,346.2695883587089,3.2421997530152034,0.005703420679207306,3.231021253895276,3.2533782521351307,0.0,0.0,0.0,0.0,6.2586805555555545,0.09786988924596962,6.0668590974625305,6.4505020136485784,106.65277777777777,0.15364790030177758,106.35163342688608,106.95392212866946,0.9864583333333332,0.039028544724359605,0.9099637913045777,1.0629528753620887,106.6228298611111,0.15137090239955833,106.32614834410064,106.91951137812156,106.62265624999999,0.15137499210196678,106.3259667173201,106.91934578267988,0.00013020833333333333,9.684809890650587e-05,0.0,0.00032002711916125786,0.00030381944444444445,0.00017807023434984875,0.0,0.0006528306904887552,0.999998776045011,9.105712937025954e-07,0.99999699135807,1.000000560731952
high_sku_complexity,two_person_average,2.1,0.15475,97089.62548178349,137.88756236935419,96819.37082562353,97359.88013794344,90519.15457165737,128.50858106137204,90267.28238107274,90771.026762242,0.4427083333333333,0.31222150730598025,0.0,1.054651242851864,6094.583333333333,8.709183450910725,6077.5136474347955,6111.6530192318705,404.56003860343066,0.5781178795003435,403.4269483807913,405.69312882607,28.732052078218327,0.027293039208501926,28.678558704341025,28.78554545209563,0.0,0.0,0.0,0.0,0.0,0.0,0.0,0.0,42.15277777777778,0.7919319743639022,40.60061962981883,43.70493592573673,0.0,0.0,0.0,0.0,50.788194444444436,0.07257652875758935,50.645947061956626,50.930441826932245,50.788194444444436,0.07257652875758935,50.645947061956626,50.930441826932245,1.1558858245812302,0.0016517653700009786,1.1526484239451178,1.1591232252173427,359.1506509777291,0.34116299010627427,358.48198380426277,359.8193181511954,3.3699112945669825,0.005984429227867011,3.358182028812334,3.381640560321631,0.0,0.0,0.0,0.0,4.215277777777778,0.07919319743639021,4.060061962981883,4.3704935925736725,106.6552083333333,0.15241071039093762,106.3564888301089,106.95392783655771,1.069140625,0.04363033160084908,0.983626746428796,1.154654503571204,106.62317708333335,0.15137120159896877,106.32649497990282,106.91985918676387,106.62265624999999,0.15137499210196678,106.3259667173201,106.91934578267988,0.00026041666666666666,0.0001836597101799884,0.0,0.0006203830840305082,0.0007812499999999999,0.0003147416329059332,0.00016436773506904416,0.0013981322649309557,0.9999975940548738,1.6968892339624965e-06,0.9999942682130895,1.0000009198966582
high_sku_complexity,two_person_average,2.25,0.15475,96509.84054359904,137.2318687870737,96240.87102324526,96778.81006395283,90362.50343607522,128.31253683493094,90111.01548511378,90613.99138703666,0.4427083333333333,0.31222150730598025,0.0,1.054651242851864,5686.875,8.36380499982177,5670.482243426633,5703.267756573367,389.0189680697438,0.5721382640144602,387.8975976780982,390.1403384613894,30.94834778742158,0.031060649165053796,30.887470033721637,31.00922554112152,0.0,0.0,0.0,0.0,0.0,0.0,0.0,0.0,40.052083333333336,0.8269375573972372,38.43131550337122,41.67285116329545,0.0,0.0,0.0,0.0,47.390625,0.06969837499851475,47.254018695221944,47.527231304778056,47.390625,0.06969837499851475,47.254018695221944,47.527231304778056,1.1114827659135538,0.0016346807543270265,1.108278850508852,1.1146866813182554,386.8543473427697,0.3882581145631726,386.0933754215205,387.6153192640189,3.6289188427647416,0.0065200221798222225,3.6161398341138877,3.6416978514155955,0.0,0.0,0.0,0.0,4.005208333333333,0.08269375573972372,3.843131550337122,4.167285116329544,106.62890625,0.1568213437466582,106.32154206424937,106.93627043575063,1.091015625,0.04357947224564208,1.0056014289332786,1.1764298210667214,106.62278645833334,0.1514017396004991,106.32604450151965,106.91952841514703,106.62265624999999,0.15137499210196678,106.3259667173201,106.91934578267988,0.00026041666666666666,0.0001836597101799884,0.0,0.0006203830840305082,0.00039062499999999997,0.00022434356960220327,0.0,0.0008303303165834732,0.9999975376890435,1.7365646742174893e-06,0.9999941340848253,1.0000009412932618
high_sku_complexity,two_person_average,2.4,0.15475,95992.93721864496,136.51289262761597,95725.37686566944,96260.49757162048,90216.16612811359,128.09179213450798,89965.11082881477,90467.22142741241,0.4427083333333333,0.31222150730598025,0.0,1.054651242851864,5331.25,7.867834145184154,5315.829328439105,5346.670671560895,375.25646841170357,0.5538017641961678,374.17103689930434,376.3418999241028,33.137886008535666,0.03478437017524471,33.069709895767275,33.20606212130406,0.0,0.0,0.0,0.0,0.0,0.0,0.0,0.0,36.68402777777778,0.7917556040767892,35.132215309229515,38.23584024632604,0.0,0.0,0.0,0.0,44.427083333333336,0.06556528454320128,44.29857773699254,44.55558892967413,44.427083333333336,0.06556528454320128,44.29857773699254,44.55558892967413,1.0721613383191533,0.0015822907548461937,1.069060105426584,1.0752625712117225,414.2235751066958,0.43480462719055907,413.371373697091,415.07577651630066,3.8864385365669776,0.0072544561631682596,3.8722200637597433,3.900657009374212,0.0,0.0,0.0,0.0,3.6684027777777772,0.07917556040767892,3.513221530922951,3.8235840246326034,106.625,0.15735668290368318,106.31658656878209,106.93341343121791,1.1597656250000001,0.04913520909962287,1.0634623847918945,1.2560688652081058,106.62265624999999,0.15138625046213391,106.32594465133965,106.91936784866033,106.62265624999999,0.15137499210196678,106.3259667173201,106.91934578267988,0.00026041666666666666,0.00018365971017998836,0.0,0.0006203830840305082,0.00026041666666666666,0.00018365971017998836,0.0,0.0006203830840305082,0.9999975667677563,1.7160450853972901e-06,0.999994203381193,1.0000009301543196
high_sku_complexity,two_person_average,3.0,0.15475,94380.18051914603,133.9582637967924,94117.6271466728,94642.73389161925,89710.80187746418,127.35445118733176,89461.19173986615,89960.41201506222,0.22135416666666666,0.22135416666666666,0.0,0.6552003611612098,4265.625,6.126228640527625,4253.6178125035085,4277.6321874964915,332.44376088977657,0.4774508985969621,331.50797432414026,333.3795474554129,41.86977662539551,0.036653684731074,41.79793672342192,41.9416165273691,0.0,0.0,0.0,0.0,0.0,0.0,0.0,0.0,29.218749999999996,0.722412335627489,27.802847840182658,30.634652159817335,0.0,0.0,0.0,0.0,35.546875,0.051051905337730207,35.4468151041959,35.6469348958041,35.546875,0.051051905337730207,35.4468151041959,35.6469348958041,0.9498393168279332,0.0013641454245627497,0.9471656409261151,0.9525129927297513,523.3722078174438,0.4581710591384249,522.474209042774,524.2702065921137,4.909920934738452,0.008517552512551995,4.893226838577421,4.926615030899482,0.0,0.0,0.0,0.0,2.921875,0.07224123356274888,2.780284784018266,3.063465215981734,106.640625,0.1531557160131906,106.3404453125877,106.9408046874123,1.434375,0.059942350003589946,1.3168901528442694,1.5518598471557306,106.62291666666665,0.15136307726491327,106.32625048663827,106.91958284669504,106.62265624999999,0.15137499210196678,106.3259667173201,106.91934578267988,0.00013020833333333333,0.0001302083333333333,0.0,0.0003854119771536528,0.00039062499999999997,0.00022434356960220327,0.0,0.0008303303165834732,0.999998814941221,1.1850587789153746e-06,0.9999964922686948,1.0000011376137472
high_sku_complexity,two_person_average,4.5,0.15475,91989.1452687935,130.62327395223483,91733.1283563044,92245.16218128259,88791.9077216646,126.06574067911589,88544.82341024917,89038.99203308002,0.22135416666666666,0.22135416666666666,0.0,0.6552003611612098,2843.3333333333335,4.304441203913965,2834.896783600092,2851.769883066575,269.7824518157077,0.408415956045181,268.9819712511476,270.5829323802678,63.77888003541051,0.05864629494751168,63.663935409486676,63.89382466133434,0.0,0.0,0.0,0.0,0.0,0.0,0.0,0.0,20.121527777777775,0.5884181667096418,18.96824936317779,21.27480619237776,0.0,0.0,0.0,0.0,23.694444444444443,0.03587034336594971,23.624139863334097,23.76474902555479,23.694444444444443,0.03587034336594971,23.624139863334097,23.76474902555479,0.7708070051877364,0.0011669027315576608,0.768519917860422,0.7730940925150508,797.2360004426313,0.7330786868438963,795.7991926185833,798.6728082666792,7.478390609593062,0.012867213747220677,7.4531713340671315,7.503609885118993,0.0,0.0,0.0,0.0,2.012152777777778,0.05884181667096418,1.8968249363177798,2.1274806192377764,106.625,0.16141654514677367,106.30862938500344,106.94137061499656,2.2624999999999997,0.09128522593400308,2.083584244848752,2.4414157551512474,106.62265624999999,0.1513816346357359,106.32595369819315,106.91935880180684,106.62265624999999,0.15137499210196678,106.3259667173201,106.91934578267988,0.00013020833333333333,0.0001302083333333333,0.0,0.0003854119771536528,0.00013020833333333333,0.0001302083333333333,0.0,0.0003854119771536528,0.9999987643337288,1.2356662712533402e-06,0.9999963424723403,1.0000011861951175
high_sku_complexity,two_person_average,5.0,0.15475,91464.76930854264,129.68343139896643,91210.5944536091,91718.94416347619,88553.26122635056,125.71093667561826,88306.87231800354,88799.65013469757,0.2951388888888889,0.2329610070557905,0.0,0.7517340725204197,2557.9166666666665,3.8029517255210328,2550.463018249701,2565.3703150836322,256.0188070100683,0.38063287071566443,255.27278029213352,256.7648337280031,71.44412580247793,0.06242420315924024,71.3217766125222,71.56647499243365,1.0490677252028118e-05,1.0490677252028121e-05,0.0,3.1052026839436855e-05,0.0,0.0,0.0,0.0,25.833333333333332,0.6395556376208136,24.579827317486988,27.086839349179677,5.248513307893393e-08,5.2485133078933924e-08,0.0,1.5535410363743626e-07,21.31597222222222,0.03169126437934193,21.253858485414174,21.37808595903027,21.31597222222222,0.03169126437934193,21.253858485414174,21.37808595903027,0.7314823057430523,0.001087522487759041,0.7293508008346672,0.7336138106514374,893.0515725309742,0.7803025394905033,891.5222076565277,894.5809374054207,8.379091810430246,0.013583029588248636,8.352469561636337,8.405714059224156,1.0490677252028118e-05,1.0490677252028121e-05,0.0,3.1052026839436855e-05,2.5833333333333335,0.06395556376208136,2.457982731748699,2.708683934917968,106.57986111111113,0.15845632189670966,106.2692924270709,106.89042979515136,2.231380050877934,0.10596350624920745,2.0236953949539025,2.4390647068019655,106.62274305555555,0.1513625262701142,106.32607795545712,106.91940815565397,106.62265624999999,0.15137499210196678,106.3259667173201,106.91934578267988,0.00017361111111111112,0.00013703588650340614,0.0,0.0004421965132473056,0.00026041666666666666,0.00018365971017998836,0.0,0.0006203830840305082,0.999998406828595,1.2513416633800396e-06,0.9999959542440024,1.0000008594131875
high_sku_complexity,two_person_average,9.0,0.15475,89450.90194433043,126.1867997684674,89203.58036145987,89698.22352720099,87252.92586375195,123.26275776454892,87011.33529789835,87494.51642960556,0.15214117076376427,0.1521411707637643,0.0,0.4503323860265005,1422.5,2.4111615096214383,1417.7742102802329,1427.2257897197671,194.75516775044684,0.33011329650597104,194.10815757847735,195.40217792241634,130.16105601052283,0.10933533236118251,129.9467626968572,130.37534932418845,7.650771202304057,0.18584304025136977,7.2865255366339445,8.01501686797417,426.75,0.7233484528864312,425.33226308406984,428.16773691593016,16.006944444444443,0.4955441746913377,15.035695709300796,16.97819317958809,0.03857314302864446,0.0009406640015513796,0.03672947546405043,0.04041681059323849,11.854166666666666,0.020093012580178655,11.814785085668605,11.893548247664727,11.854166666666666,0.020093012580178655,11.814785085668605,11.893548247664727,0.5564433364298482,0.0009431808471599189,0.5545947359385068,0.5582919369211896,1627.0132001315353,1.3666916545147814,1624.3345337107148,1629.6918665523558,15.261212908393304,0.024783923305868136,15.2126373113182,15.309788505468408,7.650771202304057,0.18584304025136977,7.2865255366339445,8.01501686797417,1.6006944444444444,0.04955441746913378,1.5035695709300798,1.697819317958809,106.6875,0.1808371132216078,106.33306577101746,107.04193422898254,4.451874223696223,0.1963913563533795,4.066954238368628,4.836794209023819,106.62259414390121,0.15137978577886765,106.32589521578724,106.91929307201518,106.62265624999999,0.15137499210196678,106.3259667173201,106.91934578267988,8.949480633162604e-05,8.949480633162602e-05,0.0,0.0002649014035450002,2.7388707552439144e-05,2.7388707552439147e-05,0.0,8.106958793832005e-05,0.9999991446135595,8.55386440446031e-07,0.9999974680869435,1.0000008211401756
high_sku_complexity,two_person_average,10.0,0.15475,89421.23179910968,125.02080096928526,89176.19553189153,89666.26806632783,87085.01178108288,122.16789884461666,86845.5670992805,87324.45646288527,0.2754765340910971,0.2754765340910971,0.0,0.8154006194955679,1281.875,2.1964802579491147,1277.5699778016665,1286.1800221983335,186.09625467646038,0.3188741097806851,185.47127290568795,186.7212364472328,144.88865754418742,0.12704174139434662,144.63966030652125,145.1376547818536,24.921434827631515,0.37405355778976407,24.188303326074507,25.654566329188523,683.6666666666666,1.1714561375728623,681.3706548275554,685.9626785057778,14.496527777777777,0.47274585302372335,13.569962932010613,15.42309262354494,0.12555143824625314,0.001899051422862523,0.12182936585265305,0.12927351063985323,10.682291666666666,0.018304002149575973,10.646416481680554,10.718166851652779,10.682291666666666,0.018304002149575973,10.646416481680554,10.718166851652779,0.5317035847898869,0.0009110688850876719,0.52991792258768,0.5334892469920938,1811.1082193023428,1.588021767429332,1807.9957538315157,1814.22068477317,16.957014654949294,0.0283733707092267,16.901403870239207,17.01262543965938,24.921434827631515,0.37405355778976407,24.188303326074507,25.654566329188523,1.4496527777777777,0.04727458530237234,1.3569962932010613,1.542309262354494,106.82291666666667,0.18304002149575965,106.46416481680555,107.1816685165278,5.040134890916172,0.2047719802227593,4.638789184636615,5.441480597195729,106.62251315417188,0.15137253906964174,106.325828429347,106.91919787899677,106.62265624999999,0.15137499210196678,106.3259667173201,106.91934578267988,0.00016204502005358654,0.00016204502005358657,0.0,0.00047964742323268705,1.894919194537022e-05,1.894919194537022e-05,0.0,5.608892569443234e-05,0.9999984862679118,1.5137320883099744e-06,0.9999955194075364,1.000001453128287
high_sku_complexity,family_three,1.8,0.15475,147524.84197400627,192.27199271150627,147147.99579305598,147901.68815495656,136139.6175950873,177.29792161080633,135792.1200541963,136487.1151359783,3.0989583333333335,1.1527520350682157,0.8396058614943773,5.358310805172289,10650.208333333334,13.91901092951517,10622.927573211065,10677.489093455602,662.1892011874872,0.8654308385581403,660.492987912803,663.8854144621715,23.33899717593094,0.027779249068323273,23.28455084823946,23.393443503622418,0.0,0.0,0.0,0.0,0.0,0.0,0.0,0.0,46.388888888888886,0.9639283059805429,44.49962412548832,48.278153652289454,0.0,0.0,0.0,0.0,88.75173611111113,0.11599175774595977,88.52439644342556,88.9790757787967,88.75173611111113,0.11599175774595977,88.52439644342556,88.9790757787967,1.891969146249964,0.002472659538737542,1.887122822608009,1.8968154698919188,291.73746469913675,0.34724061335404094,291.05688560299325,292.41804379528025,1.8271625613353175,0.003176582660396248,1.8209365737270264,1.8333885489436086,0.0,0.0,0.0,0.0,4.638888888888888,0.09639283059805427,4.449962412548832,4.827815365228945,159.75312499999998,0.20878516394272756,159.34391359816595,160.162336401834,0.77734375,0.03913813848355321,0.7006344081502947,0.8540530918497053,159.74348958333331,0.20803781584152556,159.33574295686154,160.1512362098051,159.74453125,0.20809301744816222,159.33667643036733,160.15238606963266,0.0018229166666666665,0.0006780894323930677,0.0004938858008790459,0.003151947532454287,0.0007812499999999999,0.00044868713920440654,0.0,0.0016606606331669464,0.9999886523102459,4.222406671940164e-06,0.9999803765452409,0.999996928075251
high_sku_complexity,family_three,2.0,0.15475,146077.66562881958,190.18633800784178,145704.90725597265,146450.4240016665,135782.8515625,176.85864306338948,135436.21499174114,136129.48813325886,0.7378472222222222,0.4406432103139354,0.0,1.6014920444696439,9581.458333333334,12.507841853767571,9556.943413775627,9605.97325289104,622.8198083513346,0.8130423778132938,621.2262745729157,624.4133421297535,27.315438523786543,0.0307869332464128,27.255097243429134,27.375779804143953,0.0,0.0,0.0,0.0,0.0,0.0,0.0,0.0,62.482638888888886,1.020990966754426,60.48153336550948,64.4837444122683,0.0,0.0,0.0,0.0,79.8454861111111,0.10423201544806307,79.64119511479687,80.04977710742533,79.8454861111111,0.10423201544806307,79.64119511479687,80.04977710742533,1.779485166718099,0.0023229782223236945,1.7749322130654737,1.7840381203707245,341.4429815473318,0.38483666558015994,340.6887155428642,342.19724755179936,2.138322883153341,0.0037991051223617354,2.1308767739400305,2.145768992366652,0.0,0.0,0.0,0.0,6.248263888888888,0.10209909667544259,6.048153336550948,6.448374441226829,159.6909722222222,0.20846403089612614,159.28239022959374,160.09955421485066,0.8231770833333334,0.03937792136423249,0.7459977756733873,0.9003563909932795,159.74453125,0.2080689918392817,159.33672351969545,160.15233898030453,159.74453125,0.20809301744816222,159.33667643036733,160.15238606963266,0.0004340277777777778,0.00025920188841996203,0.0,0.000942054143805673,0.00043402777777777775,0.0002592018884199621,0.0,0.0009420541438056731,0.9999972898710604,1.6192835729716584e-06,0.9999941161335766,1.0000004636085442
high_sku_complexity,family_three,2.1,0.15475,145421.4482140275,189.5580625495191,145049.92123845126,145792.97518960375,135616.78770368377,176.6910622419103,135270.4795852995,135963.09582206805,1.328125,0.7627681366474913,0.0,2.8231230763838093,9129.166666666666,12.078706161039092,9105.492837611187,9152.840495722145,605.9964754085707,0.8017876798998241,604.4250004327191,607.5679503844224,27.683132157374775,0.03100555830254578,27.62236237978123,27.74390193496832,0.0,0.0,0.0,0.0,0.0,0.0,0.0,0.0,40.486111111111114,0.8260143741482517,38.86715268706815,42.10506953515408,0.0,0.0,0.0,0.0,76.07638888888889,0.10065588467532573,75.87910698009323,76.27367079768455,76.07638888888889,0.10065588467532573,75.87910698009323,76.27367079768455,1.7314185011673455,0.0022908219425709316,1.7269285726649124,1.7359084296697787,346.03915196718475,0.3875694787818222,345.2795297472654,346.7987741871041,2.1673041336221264,0.0038133145015047313,2.159830174537453,2.1747780927068,0.0,0.0,0.0,0.0,4.048611111111111,0.08260143741482519,3.886715268706814,4.210506953515408,159.76041666666666,0.2113773578181841,159.34612465819578,160.17470867513754,0.9445312499999999,0.04436560712615627,0.8575762578804801,1.0314862421195197,159.74401041666667,0.2081257001085635,159.3360915401967,160.15192929313665,159.74453125,0.20809301744816222,159.33667643036733,160.15238606963266,0.0007812499999999999,0.00044868713920440665,0.0,0.0016606606331669468,0.00026041666666666666,0.0002604166666666666,0.0,0.0007708239543073056,0.9999950678203442,2.8332653206040866e-06,0.9999895147223572,1.0000006209183312
high_sku_complexity,family_three,2.25,0.15475,144553.55437637478,188.45861684193235,144184.18227478836,144922.9264779612,135383.0286513222,176.33240834695363,135037.42348165496,135728.63382098946,0.8854166666666666,0.6244430146119605,0.0,2.109302485703728,8520.208333333334,11.234830361379828,8498.188470452613,8542.228196214055,582.837261865711,0.7685349359046241,581.3309610704771,584.3435626609448,29.910685409104474,0.03508844762776388,29.841913315480635,29.979457502728312,0.0,0.0,0.0,0.0,0.0,0.0,0.0,0.0,36.68402777777777,0.8121572813661199,35.09222875651821,38.27582679903733,0.0,0.0,0.0,0.0,71.0017361111111,0.09362358634483188,70.81823725377176,71.18523496845044,71.0017361111111,0.09362358634483188,70.81823725377176,71.18523496845044,1.665249319616317,0.0021958141025846417,1.660945603058506,1.669553036174128,373.883567613806,0.43860559534704846,373.023916443508,374.743218784104,2.341621034484826,0.004011068879813882,2.3337594839408813,2.349482585028771,0.0,0.0,0.0,0.0,3.6684027777777772,0.08121572813661197,3.5092228756518216,3.827582679903733,159.75390625,0.21065306927587177,159.34103382098647,160.16677867901353,1.01484375,0.04652818774008543,0.9236501777635145,1.1060373222364857,159.74453125,0.20806254813603325,159.33673614912175,160.15232635087824,159.74453125,0.20809301744816222,159.33667643036733,160.15238606963266,0.0005208333333333333,0.0003673194203599768,0.0,0.0012407661680610164,0.0005208333333333333,0.0003673194203599768,0.0,0.0012407661680610164,0.9999967972454448,2.259486433132649e-06,0.9999923687334122,1.0000012257574773
high_sku_complexity,family_three,2.4,0.15475,143779.54598888799,187.1149201339398,143412.80748445538,144146.2844933206,135163.7276952043,176.0954019406417,134818.58704955754,135508.86834085104,1.328125,0.7627681366474913,0.0,2.8231230763838093,7986.25,10.366984487532859,7965.93108377615,8006.56891622385,562.1368292338509,0.7297121663531996,560.706619668718,563.5670387989838,32.12764500537666,0.03223888614204892,32.064457949636555,32.19083206111676,0.0,0.0,0.0,0.0,0.0,0.0,0.0,0.0,33.97569444444444,0.7293862986074726,32.54612356835682,35.40526532053207,0.0,0.0,0.0,0.0,66.55208333333333,0.08639153739610714,66.38275903146791,66.72140763519874,66.55208333333333,0.08639153739610714,66.38275903146791,66.72140763519874,1.6061052263824314,0.0020848919038662828,1.6020189133391942,1.6101915394256685,401.5955625672082,0.4029860767756118,400.8057243704569,402.3854007639595,2.514779583566856,0.0040296640417151,2.5068815871752985,2.5226775799584136,0.0,0.0,0.0,0.0,3.397569444444444,0.07293862986074727,3.2546123568356817,3.5405265320532067,159.725,0.2073396897506571,159.318621675523,160.131378324477,1.07421875,0.04763290937735152,0.9808599631415308,1.167577536858469,159.74427083333333,0.2081196787021481,159.33636375860308,160.15217790806358,159.74453125,0.20809301744816222,159.33667643036733,160.15238606963266,0.0007812499999999999,0.00044868713920440654,0.0,0.0016606606331669464,0.0005208333333333333,0.0003673194203599768,0.0,0.0012407661680610164,0.9999950919658822,2.8194387333883128e-06,0.9999895659675081,1.0000006179642562
high_sku_complexity,family_three,3.0,0.15475,141364.4949601467,183.89647660977786,141004.06448910772,141724.92543118566,134406.03312703563,175.0317349317163,134062.9772304179,134749.08902365336,0.8854166666666666,0.6244430146119605,0.0,2.109302485703728,6390.416666666667,8.18359137727036,6374.377122303024,6406.4562110303095,498.04053340820565,0.6377925614757298,496.79048295810566,499.29058385830564,40.85532748064739,0.041295099083347164,40.774390573706015,40.936264387588764,0.0,0.0,0.0,0.0,0.0,0.0,0.0,0.0,28.263888888888886,0.6914383744959135,26.908694577347976,29.619083200429795,0.0,0.0,0.0,0.0,53.25347222222222,0.06819659481058633,53.1198093525252,53.38713509191924,53.25347222222222,0.06819659481058633,53.1198093525252,53.38713509191924,1.422972952594873,0.0018222644613592259,1.4194013798803018,1.4265445253094444,510.69159350809235,0.5161887385418391,509.6798821713252,511.70330484485953,3.1981052986529312,0.005331284772127292,3.187656172508235,3.2085544247976276,0.0,0.0,0.0,0.0,2.826388888888889,0.06914383744959134,2.690869457734798,2.96190832004298,159.76041666666666,0.20458978443175901,159.3594280575756,160.16140527575772,1.4796875,0.06304642922007427,1.3561187693748007,1.6032562306251994,159.74401041666667,0.20802839454202415,159.3362822556026,160.15173857773073,159.74453125,0.20809301744816222,159.33667643036733,160.15238606963266,0.0005208333333333333,0.0003673194203599768,0.0,0.0012407661680610164,0.0,0.0,0.0,0.0,0.9999968371457039,2.230805438346771e-06,0.9999924648473882,1.0000012094440196
high_sku_complexity,family_three,4.5,0.15475,137775.08264633038,179.46227186454965,137423.34305689213,138126.82223576863,133029.8742665017,173.266790956507,132690.2775965101,133369.47093649328,0.8854166666666666,0.6244430146119605,0.0,2.109302485703728,4258.75,5.665996136285735,4247.644851636337,4269.855148363663,404.0806623693359,0.5376036329280752,403.026978610839,405.1343461278328,62.77702301491562,0.06177000330148118,62.6559560331198,62.89808999671144,0.0,0.0,0.0,0.0,0.0,0.0,0.0,0.0,18.715277777777775,0.6088491956246089,17.52195528233736,19.90860027321819,0.0,0.0,0.0,0.0,35.489583333333336,0.0472166344690478,35.39704043030281,35.58212623636386,35.489583333333336,0.0472166344690478,35.39704043030281,35.58212623636386,1.1545161781981026,0.0015360103797944992,1.1515056531738257,1.1575267032223795,784.7127876864452,0.7721250412685149,783.1994504139974,786.2261249588929,4.914867545398343,0.008120814975097564,4.898951040522038,4.930784050274648,0.0,0.0,0.0,0.0,1.871527777777778,0.060884919562460914,1.7521955282337363,1.9908600273218195,159.703125,0.2124748551107151,159.28668193636264,160.11956806363736,2.0578125000000003,0.09375593076790269,1.8740542523578803,2.24157074764212,159.74427083333333,0.20806136466407615,159.3364780520175,160.15206361464917,159.74453125,0.20809301744816222,159.33667643036733,160.15238606963266,0.0005208333333333333,0.0003673194203599768,0.0,0.0012407661680610164,0.00026041666666666666,0.0002604166666666666,0.0,0.0007708239543073056,0.9999967972454448,2.259486433132649e-06,0.9999923687334122,1.0000012257574773
high_sku_complexity,family_three,5.0,0.15475,136987.94558718332,178.34087088720662,136638.40390327288,137337.48727109376,132672.36525713012,172.82534915734846,132333.63379716617,133011.09671709407,0.14756944444444445,0.14756944444444445,0.0,0.4368002407741399,3834.5833333333335,5.143996172815966,3824.5012860980023,3844.6653805686647,383.79884035081585,0.5148563987992977,382.7897403519592,384.8079403496725,71.14780914682939,0.06531786766922759,71.01978847865075,71.27582981500802,0.0,0.0,0.0,0.0,0.0,0.0,0.0,0.0,25.902777777777782,0.6554458242728032,24.61812756838592,27.187427987169645,0.0,0.0,0.0,0.0,31.954861111111104,0.04286663477346637,31.87084405081668,32.03887817140553,31.954861111111104,0.04286663477346637,31.87084405081668,32.03887817140553,1.0965681152880453,0.0014710182822837065,1.0936849724341693,1.0994512581419214,889.3476143353673,0.8164733458653449,887.7473559831343,890.9478726876004,5.569683968470869,0.008293373830591673,5.553429254452583,5.5859386824891555,0.0,0.0,0.0,0.0,2.590277777777778,0.06554458242728033,2.461812756838592,2.7187427987169643,159.77430555555554,0.21433317386733194,159.3542202540834,160.19439085702768,2.3742187500000003,0.10292672353187741,2.172486078830809,2.5759514211691914,159.74444444444444,0.2080907303759252,159.336594107391,160.1522947814979,159.74453125,0.20809301744816222,159.33667643036733,160.15238606963266,8.680555555555556e-05,8.680555555555556e-05,0.0,0.00025694131810243524,0.0,0.0,0.0,0.0,0.9999994601644554,5.398355444995405e-07,0.9999984021062306,1.00000051822268
high_sku_complexity,family_three,9.0,0.15475,133308.06482434206,173.42797036517663,132968.15224851444,133647.97740016968,130676.95483658077,170.1895057450283,130343.38953477384,131010.5201383877,0.4427083333333333,0.4427083333333333,0.0,1.3104007223224197,2129.1666666666665,2.953365479518871,2123.378176693626,2134.955156639707,291.5052452269429,0.4043467060752722,290.712740245768,292.29775020811786,128.60300087319902,0.11870204095804579,128.37034914802985,128.8356525983682,0.0034777722352697022,0.0015487772937459565,0.0004422245194542155,0.006513319951085189,70.97222222222221,0.09844551598396242,70.77927255645419,71.16517188799024,10.416666666666666,0.43376773769124427,9.56649752313641,11.266835810196921,1.742281030963058e-05,7.763273068061046e-06,2.207074694081162e-06,3.2638545925179996e-05,17.743055555555554,0.024611378995990606,17.694818139113547,17.79129297199756,17.743055555555554,0.024611378995990606,17.694818139113547,17.79129297199756,0.8328721292198372,0.001155276303072207,0.8306078292736231,0.8351364291660514,1607.5375109149875,1.4837755119755724,1604.629364350373,1610.445657479602,10.066143449486558,0.016697612972709955,10.033416729432258,10.09887016954086,0.0034777722352697022,0.0015487772937459565,0.0004422245194542155,0.006513319951085189,1.0416666666666667,0.04337677376912443,0.9566497523136411,1.1266835810196925,159.6875,0.22150241096391532,159.25336325202193,160.12163674797807,4.447579030470595,0.1890315698709875,4.077083961582392,4.818074099358798,159.74427083333333,0.2080466197626712,159.3365069514932,160.15203471517347,159.74453125,0.20809301744816222,159.33667643036733,160.15238606963266,0.00026041666666666666,0.0002604166666666666,0.0,0.0007708239543073056,0.0,0.0,0.0,0.0,0.9999984392168614,1.5607831385476326e-06,0.9999953801381222,1.0000014982956007
high_sku_complexity,family_three,10.0,0.15475,132928.42654344175,172.8962393249365,132589.55614130246,133267.29694558104,130319.76073083623,169.74901449047456,129987.05877602374,130652.46268564873,0.14756944444444445,0.14756944444444445,0.0,0.4368002407741399,1916.0416666666667,2.7163761635488655,1910.7176672176479,1921.3656661156856,278.16142601323037,0.3943500187840927,277.38851417911087,278.93433784734987,144.5605150287649,0.13648801066833044,144.29300344353345,144.82802661399637,0.08102434130531978,0.013935692240681481,0.05371088641394979,0.10833779619668978,255.47222222222226,0.36218348847318177,254.76235562901974,256.1820888154248,14.201388888888888,0.4712564016189432,13.277743314231815,15.12503446354596,0.0004066113798108805,7.002426154145872e-05,0.0002693663491456082,0.0005438564104761527,15.967013888888891,0.02263646802957386,15.922647226813734,16.01138055096405,15.967013888888891,0.02263646802957386,15.922647226813734,16.01138055096405,0.7947469314663724,0.001126714339383119,0.7925386119403167,0.7969552509924281,1807.0064378595616,1.7061001333541312,1803.6625430441686,1810.3503326749546,11.319494173614194,0.018007132660336975,11.284200842135098,11.35478750509329,0.08102434130531978,0.013935692240681481,0.05371088641394979,0.10833779619668978,1.4201388888888886,0.04712564016189433,1.3277743314231814,1.5125034463545959,159.67013888888889,0.2263646802957387,159.22647226813731,160.11380550964046,4.664422913367436,0.2058361526192743,4.260991467517369,5.067854359217503,159.74444444444444,0.2080907303759252,159.336594107391,160.1522947814979,159.74453125,0.20809301744816222,159.33667643036733,160.15238606963266,8.680555555555556e-05,8.680555555555556e-05,0.0,0.00025694131810243524,0.0,0.0,0.0,0.0,0.9999994601644554,5.398355444995405e-07,0.9999984021062306,1.00000051822268
high_sku_complexity,family_four,1.8,0.15475,196987.44399287063,259.48967936925226,196478.85356694704,197496.0344187942,181792.10300758854,239.4090592205408,181322.86987394365,182261.33614123342,0.4427083333333333,0.4427083333333333,0.0,1.3104007223224197,14218.958333333334,18.84059821230932,14182.031439390017,14255.88522727665,884.0804203800238,1.1714363033684172,881.784447415239,886.3763933448087,23.040078790915004,0.03075047233656525,22.97980897262774,23.100348609202268,0.0,0.0,0.0,0.0,0.0,0.0,0.0,0.0,68.81944444444444,1.0475642627343706,66.76625621799383,70.87263267089506,0.0,0.0,0.0,0.0,118.49131944444446,0.15700498510257765,118.18359532825016,118.79904356063875,118.49131944444446,0.15700498510257765,118.18359532825016,118.79904356063875,2.525944058228639,0.0033469608667669047,2.519384135472111,2.5325039809851675,288.0009848864375,0.3843809042070655,287.24761215784673,288.75435761502825,1.3506836965832771,0.002359592789546547,1.3460589796975855,1.3553084134689688,0.0,0.0,0.0,0.0,6.881944444444444,0.10475642627343708,6.676625621799381,7.087263267089506,213.28437499999998,0.2826089731846397,212.73047159085024,213.83827840914972,0.7679687500000001,0.03550177427344301,0.6983865510367812,0.837550948963219,213.31119791666666,0.2809177756874509,212.76060919370215,213.86178663963116,213.31041666666667,0.2809168410054839,212.75982977564516,213.86100355768818,0.00026041666666666666,0.00026041666666666655,0.0,0.0007708239543073056,0.0010416666666666667,0.0005167268303652458,2.8900689305246885e-05,0.002054432644028086,0.9999987988161131,1.201183886839069e-06,0.9999964445389561,1.0000011530932702
high_sku_complexity,family_four,2.0,0.15475,195044.45689171366,257.03700055485683,194540.67362793194,195548.24015549538,181313.7803819444,238.80219016796488,180845.7366897859,181781.82407410291,1.9184027777777777,0.8385263854826686,0.2749212621451973,3.5618842934103583,12797.916666666666,17.004617952323404,12764.58822790925,12831.245105424083,831.897998021841,1.105344565065727,829.7315624838051,834.0644335598769,27.15524785851458,0.03148898834729242,27.093530575444287,27.216965141584875,0.0,0.0,0.0,0.0,0.0,0.0,0.0,0.0,71.78819444444444,1.0644675590226267,69.70187636604884,73.87451252284005,0.0,0.0,0.0,0.0,106.64930555555556,0.14170514960269504,106.37156856591041,106.9270425452007,106.64930555555556,0.14170514960269504,106.37156856591041,106.9270425452007,2.3768514229195454,0.003158127328759218,2.3706616070965856,2.3830412387425053,339.4405982314322,0.3936123543411552,338.66913219305354,340.21206426981087,1.5920398574843964,0.0028883852294674574,1.5863787264611626,1.59770098850763,0.0,0.0,0.0,0.0,7.178819444444444,0.10644675590226267,6.970187636604883,7.387451252284005,213.29861111111111,0.28341029920539007,212.74313713182082,213.8540850904014,0.9330729166666666,0.03892979841040579,0.8567719138568666,1.0093739194764666,213.3103298611111,0.2809437531387822,212.75969022327757,213.8609694989446,213.31041666666667,0.2809168410054839,212.75982977564516,213.86100355768818,0.0011284722222222223,0.0004932508149898049,0.00016171838949717533,0.0020952260549472693,0.0010416666666666667,0.0005167268303652459,2.890068930524667e-05,0.0020544326440280866,0.9999947008570084,2.3201195839845157e-06,0.9999901535061839,0.9999992482078328
high_sku_complexity,family_four,2.1,0.15475,194178.23962831017,255.8249237375656,193676.83199143683,194679.6472651835,181093.1380172301,238.42966304951972,180625.82446480702,181560.4515696532,2.65625,1.0701215518801728,0.5588502992347504,4.75364970076525,12189.583333333334,16.143146697039608,12157.94334720999,12221.223319456678,809.1477356493721,1.0715863076669478,807.0474650800186,811.2480062187255,27.37748654177771,0.030849432777819933,27.317022764589694,27.437950318965726,0.0,0.0,0.0,0.0,0.0,0.0,0.0,0.0,56.33680555555555,0.9903548501415971,54.395745717363454,58.277865393747646,0.0,0.0,0.0,0.0,101.5798611111111,0.13452622247533008,101.31619456008323,101.84352766213897,101.5798611111111,0.13452622247533008,101.31619456008323,101.84352766213897,2.3118506732839195,0.0030616751647627016,2.305849900228624,2.317851446339215,342.21858177222134,0.3856179097227492,341.46278455737115,342.97437898707153,1.6051813689835575,0.0028374618141644528,1.5996200460202874,1.6107426919468275,0.0,0.0,0.0,0.0,5.6336805555555545,0.09903548501415971,5.439574571736345,5.827786539374764,213.31770833333334,0.282505067198193,212.7640085761748,213.87140809049188,0.9296875,0.04582414469907575,0.8398738267674595,1.0195011732325405,213.3109375,0.28084805150410014,212.76048543392372,213.86138956607627,213.31041666666667,0.2809168410054839,212.75982977564516,213.86100355768818,0.0015624999999999999,0.0006294832658118664,0.0003287354701380883,0.0027962645298619114,0.0020833333333333333,0.0007229462294854069,0.0006663847607829068,0.0035002819058837596,0.9999927074294179,2.9381821123527515e-06,0.9999869486982977,0.9999984661605381
high_sku_complexity,family_four,2.25,0.15475,193020.91846805965,254.06199488255922,192522.96610824944,193518.87082786986,180779.96176290893,238.14571654086473,180313.20473541637,181246.7187904015,1.328125,0.7627681366474913,0.0,2.8231230763838093,11376.875,15.10410084537623,11347.271506324201,11406.478493675799,778.2517063164686,1.033218019472841,776.226636210124,780.2767764228132,29.55395716760297,0.036524486138746655,29.482370490217193,29.625543844988748,0.0,0.0,0.0,0.0,0.0,0.0,0.0,0.0,54.947916666666664,0.9108029982236029,53.162775593137304,56.733057740196024,0.0,0.0,0.0,0.0,94.80729166666667,0.12586750704480193,94.56059588603502,95.05398744729833,94.80729166666667,0.12586750704480193,94.56059588603502,95.05398744729833,2.2235763037613387,0.002952051484208113,2.2177903891717827,2.2293622183508948,369.42446459503714,0.45655607673433346,368.52963112771494,370.31929806235934,1.7329224235505236,0.002872739583356319,1.7272919574301826,1.7385528896708646,0.0,0.0,0.0,0.0,5.494791666666667,0.09108029982236031,5.316277559313731,5.673305774019603,213.31640625,0.2832018908508043,212.76134074357878,213.87147175642122,1.0414062499999999,0.0482496078686796,0.9468387563092074,1.1359737436907922,213.31041666666667,0.28099885367459065,212.75966903376744,213.8611642995659,213.31041666666667,0.2809168410054839,212.75982977564516,213.86100355768818,0.0007812499999999999,0.00044868713920440654,0.0,0.0016606606331669464,0.0007812499999999999,0.00044868713920440654,0.0,0.0016606606331669464,0.9999962905634566,2.1304284365662053e-06,0.9999921150004493,1.0000004661264639
high_sku_complexity,family_four,2.4,0.15475,191989.45167460397,252.80422197869595,191493.96450438607,192484.93884482188,180488.07959834448,237.7026227604332,180022.19101870334,180953.96817798563,0.8854166666666666,0.6244430146119605,0.0,2.109302485703728,10666.875,14.018698752142294,10639.398855335685,10694.351144664315,750.8208846872855,0.986749333731579,748.8868915314026,752.7548778431683,31.766469349995663,0.03775998664212764,31.69246113612038,31.840477563870948,0.0,0.0,0.0,0.0,0.0,0.0,0.0,0.0,51.02430555555554,0.9445925062203663,49.1729382632972,52.87567284781389,0.0,0.0,0.0,0.0,88.890625,0.11682248960118576,88.66165712779737,89.11959287220263,88.890625,0.11682248960118576,88.66165712779737,89.11959287220263,2.145202527677959,0.0028192838106616495,2.1396768329468654,2.1507282224090525,397.0808668749458,0.471999833026596,396.1557642015047,398.0059695483869,1.8623825682771953,0.0034469258818493687,1.8556267176913916,1.869138418862999,0.0,0.0,0.0,0.0,5.1024305555555545,0.09445925062203661,4.91729382632972,5.287567284781389,213.3375,0.28037397504284584,212.7879771067137,213.88702289328631,1.125,0.049774524329734275,1.0274437249661081,1.2225562750338919,213.31119791666666,0.28093063720218464,212.7605839855965,213.86181184773682,213.31041666666667,0.2809168410054839,212.75982977564516,213.86100355768818,0.0005208333333333333,0.0003673194203599767,0.0,0.0012407661680610164,0.0013020833333333333,0.0005761796261316658,0.00017279201748951478,0.0024313746491771517,0.9999975640835865,1.7179822087979446e-06,0.9999941969003312,1.0000009312668419
high_sku_complexity,family_four,3.0,0.15475,188754.6048052252,248.78854614292484,188266.98821501897,189242.2213954314,179475.9431296368,236.45790636494894,179012.49414930178,179939.39210997184,1.7708333333333333,0.878435611620918,0.04913117181891935,3.492535494847747,8531.25,11.552317635756781,8508.60787349595,8553.89212650405,664.8875217795531,0.9003360402811489,663.1228955666187,666.6521479924876,40.54498714216665,0.04303660533077755,40.46063694570146,40.629337338631835,0.0,0.0,0.0,0.0,0.0,0.0,0.0,0.0,40.208333333333336,0.8313767752632732,38.57886479623427,41.8378018704324,0.0,0.0,0.0,0.0,71.09375,0.09626931363130649,70.90506561246625,71.28243438753375,71.09375,0.09626931363130649,70.90506561246625,71.28243438753375,1.8996786336558669,0.002572388686517569,1.8946368444760542,1.9047204228356795,506.8123392770831,0.5379575666347186,505.7579618212682,507.86671673289794,2.3770626250739313,0.003959171372123262,2.3693027917759477,2.384822458371915,0.0,0.0,0.0,0.0,4.020833333333333,0.08313767752632734,3.8578864796234265,4.18378018704324,213.28125,0.2888079408939195,212.71519683739874,213.84730316260126,1.2453125,0.061649045858008865,1.1244825904370446,1.3661424095629555,213.31041666666667,0.2810345144385312,212.75959913995445,213.8612341933789,213.31041666666667,0.2809168410054839,212.75982977564516,213.86100355768818,0.0010416666666666667,0.0005167268303652459,2.890068930524667e-05,0.0020544326440280866,0.0010416666666666667,0.0005167268303652459,2.890068930524667e-05,0.0020544326440280866,0.9999950712868921,2.4451684626224625e-06,0.9999902788447692,0.9999998637290151
high_sku_complexity,family_four,4.5,0.15475,183957.68541535342,242.3001282599509,183482.7858905145,184432.58494019235,177638.24895920398,234.00077562304082,177179.6158666284,178096.88205177957,0.8854166666666666,0.6244430146119605,0.0,2.109302485703728,5688.958333333333,7.718232170572469,5673.830876254692,5704.085790411974,539.7823425946316,0.7323248295404144,538.347012303748,541.2176728855152,62.39716911035155,0.06442752825053454,62.270893475367565,62.52344474533553,0.0,0.0,0.0,0.0,0.0,0.0,0.0,0.0,27.413194444444443,0.6873627702663696,26.06598817040868,28.760400718480206,0.0,0.0,0.0,0.0,47.407986111111114,0.06431860142143725,47.28192396878911,47.53404825343312,47.407986111111114,0.06431860142143725,47.28192396878911,47.53404825343312,1.54223526455609,0.0020923566558297556,1.5381343208678508,1.546336208244329,779.9646138793945,0.8053441031316814,778.3861684420947,781.5430593166943,3.6581086913961074,0.005667111431265978,3.647001357094451,3.669216025697764,0.0,0.0,0.0,0.0,2.741319444444444,0.06873627702663695,2.606598817040868,2.8760400718480206,213.3359375,0.2894337063964676,212.76865785955098,213.90321714044902,2.165625,0.0911089039497606,1.98705482958755,2.34419517041245,213.3106770833333,0.2809916455416048,212.7599435781151,213.8614105885515,213.31041666666667,0.2809168410054839,212.75982977564516,213.86100355768818,0.0005208333333333333,0.0003673194203599767,0.0,0.0012407661680610164,0.0007812499999999999,0.00044868713920440654,0.0,0.0016606606331669464,0.9999975198137122,1.749169351873582e-06,0.9999940915047797,1.0000009481226448
high_sku_complexity,family_four,5.0,0.15475,182891.26869989885,240.7635442645929,182419.38082435002,183363.15657544768,177160.3769688184,233.33367570308747,176703.05136806,177617.7025695768,0.5902777777777778,0.465922014111581,0.0,1.5034681450408394,5118.75,6.819194818713364,5105.38462375176,5132.11537624824,512.329539683774,0.6825250192889661,510.9918152274201,513.6672641401278,70.95802473001451,0.05988699734573658,70.84064837207463,71.0754010879544,0.0,0.0,0.0,0.0,0.0,0.0,0.0,0.0,28.263888888888886,0.6918764327466013,26.907835998953498,29.619941778824273,0.0,0.0,0.0,0.0,42.65625,0.05682662348927804,42.544871864597994,42.767628135402006,42.65625,0.05682662348927804,42.544871864597994,42.767628135402006,1.463798684810783,0.0019500714836827616,1.459976614935486,1.4676207546860798,886.9753091251814,0.7485874668217074,885.5081046509328,888.4425135994301,4.159579825779548,0.00651476888413782,4.1468111133990355,4.17234853816006,0.0,0.0,0.0,0.0,2.826388888888889,0.06918764327466012,2.69078359989535,2.9619941778824277,213.28125,0.28413311744639025,212.72435932298998,213.83814067701002,2.3369791666666666,0.1004451870415992,2.1401102176447426,2.5338481156885906,213.3103298611111,0.2809459100478849,212.7596859958134,213.86097372640876,213.31041666666667,0.2809168410054839,212.75982977564516,213.86100355768818,0.00034722222222222224,0.00027407177300681234,0.0,0.0008843930264946114,0.00026041666666666666,0.0002604166666666666,0.0,0.0007708239543073056,0.9999983609773787,1.2920588142155976e-06,0.9999958285886369,1.0000008933661204
high_sku_complexity,family_four,9.0,0.15475,177967.14371230322,234.36681224237458,177507.7932011367,178426.49422346975,174496.52848394823,229.83619791704137,174046.05781368722,174946.99915420925,0.0,0.0,0.0,0.0,2844.375,4.075547078342194,2836.3870745091517,2852.3629254908483,389.4247664465218,0.5579851352670488,388.33113567748967,390.51839721555393,128.2182396862532,0.11152519172257118,127.99965432710805,128.43682504539836,0.0,0.0,0.0,0.0,94.8125,0.1358515692780732,94.54623581697173,95.07876418302827,13.784722222222221,0.4573900755305548,12.88825414729628,14.681190297148163,0.0,0.0,0.0,0.0,23.703125,0.0339628923195183,23.636558954242933,23.769691045757067,23.703125,0.0339628923195183,23.636558954242933,23.769691045757067,1.112642189847205,0.001594243243620142,1.1095175305071132,1.1157668491872967,1602.7279960781652,1.3940648965321407,1599.9956790888507,1605.4603130674798,7.514398194132741,0.011826092046530342,7.491219479643686,7.537576908621796,0.0,0.0,0.0,0.0,1.378472222222222,0.045739007553055475,1.2888254147296279,1.4681190297148163,213.328125,0.3056660308756646,212.7290305881864,213.9272194118136,4.3671875,0.18542946952068112,4.003752418067097,4.730622581932903,213.3109375,0.2809601731052749,212.76026567962353,213.86160932037646,213.31041666666667,0.2809168410054839,212.75982977564516,213.86100355768818,0.0,0.0,0.0,0.0,0.0005208333333333333,0.0003673194203599767,0.0,0.0012407661680610164,1.0,0.0,1.0,1.0
high_sku_complexity,family_four,10.0,0.15475,177450.6535154678,233.54058483195155,176992.92238026875,177908.38465066685,174018.44857710815,229.1955173124968,173569.23361775762,174467.66353645868,0.5902777777777778,0.465922014111581,0.0,1.5034681450408394,2560.8333333333335,3.5442642665848645,2553.886703019135,2567.779963647532,371.7690821522917,0.5145387074364158,370.7606048170645,372.77755948751883,143.81780065178168,0.11983865083963682,143.5829212121801,144.05268009138325,0.0,0.0,0.0,0.0,341.4444444444444,0.4725685688779817,340.5182270692179,342.3706618196709,13.75,0.5305414308156396,12.710157903294997,14.789842096705003,0.0,0.0,0.0,0.0,21.340277777777775,0.029535535554873857,21.28238919182612,21.39816636372943,21.340277777777775,0.029535535554873857,21.28238919182612,21.39816636372943,1.0621973775779765,0.0014701105926754722,1.0593160137630417,1.0650787413929113,1797.7225081472714,1.49798313549546,1794.786515152252,1800.6585011422908,8.434612970711397,0.013247339579491086,8.408648662244623,8.460577279178171,0.0,0.0,0.0,0.0,1.375,0.05305414308156396,1.2710157903294999,1.4789842096705001,213.40277777777774,0.2953553555487387,212.82389191826118,213.9816636372943,4.8890625000000005,0.21405103487086125,4.469530180799585,5.308594819200416,213.3103298611111,0.2809459100478849,212.7596859958134,213.86097372640876,213.31041666666667,0.2809168410054839,212.75982977564516,213.86100355768818,0.00034722222222222224,0.00027407177300681234,0.0,0.0008843930264946114,0.00026041666666666666,0.0002604166666666666,0.0,0.0007708239543073056,0.9999983609773787,1.2920588142155976e-06,0.9999958285886369,1.0000008933661204
packaging_logistics_dominant,single_low,1.8,0.1905,34389.26579494426,69.02988944102091,34253.969697783075,34524.56189210544,27276.139952575657,54.519279976616126,27169.284127358434,27382.99577779288,0.2310907855442836,0.22183861513582387,0.0,0.6658864815907405,6400.625,13.714479941964044,6373.745113247053,6427.504886752947,663.2772842238079,1.4211898073153497,660.4918033862743,666.0627650613415,25.27202833758903,0.047763512101670874,25.178413574094613,25.36564310108345,0.039883466108846334,0.006619065159591565,0.026910336784723002,0.052856595432969666,0.0,0.0,0.0,0.0,23.680555555555554,1.234992892519515,21.26001396505436,26.10109714605675,0.00020171261725381137,3.3389364901757466e-05,0.00013627066457970097,0.0002671545699279218,17.779513888888886,0.03809577761656679,17.704847536797367,17.854180240980405,17.779513888888886,0.03809577761656679,17.704847536797367,17.854180240980405,0.37901559098503307,0.0008121084613230568,0.3774238876492996,0.3806072943207665,315.9003542198629,0.5970439012708858,314.73016967618264,317.07053876354314,9.885514650558472,0.02950192317517315,9.827691943660465,9.943337357456478,0.039883466108846334,0.006619065159591565,0.026910336784723002,0.052856595432969666,2.3680555555555554,0.12349928925195153,2.1260013965054356,2.610109714605675,32.003125000000004,0.0685723997098202,31.868725566235273,32.13752443376474,0.8539321180996219,0.03914010417519589,0.7772189235650921,0.9306453126341516,32.00507239757713,0.06397978643500471,31.879674320425956,32.130470474728305,32.005208333333336,0.06396990774180503,31.87982961806505,32.130587048601626,0.00013593575620251977,0.00013049330302107294,0.0,0.00039169793034749456,0.0,0.0,0.0,0.0,0.9999956327499642,4.199225441614692e-06,0.9999874024193356,1.0000038630805927
packaging_logistics_dominant,single_low,2.0,0.1905,33650.077707280296,67.2342915402162,33518.30091733541,33781.854497225184,27205.252705768915,54.34149622717516,27098.745330297632,27311.760081240198,0.0022280928625392784,0.0022280928625392784,0.0,0.006595074627327018,5763.75,12.180135209318388,5739.877373662907,5787.622626337093,624.431331414408,1.3195676504987526,621.8450263442662,627.0176364845497,28.35146216836672,0.03620976216532608,28.28049233863392,28.42243199809952,0.18234094685183364,0.01566554666939908,0.15163703958168004,0.21304485412198723,0.0,0.0,0.0,0.0,28.107638888888886,0.6676294203727756,26.799109269938892,29.41616850783888,0.0009183275942613038,7.912065690285529e-05,0.000763253956298557,0.0010734012322240506,16.010416666666668,0.03383370891477328,15.944103815730301,16.076729517603034,16.010416666666668,0.03383370891477328,15.944103815730301,16.076729517603034,0.356817903665376,0.000754038657427858,0.3553400150538665,0.35829579227688557,354.393277104584,0.4526220270665758,353.506154232924,355.280399976244,11.079417963852984,0.0260476912233296,11.028365427174839,11.13047050053113,0.18234094685183364,0.01566554666939908,0.15163703958168004,0.21304485412198723,2.810763888888889,0.06676294203727758,2.6799109269938897,2.941616850783888,32.020833333333336,0.06766741782954656,31.888207631460602,32.15345903520607,0.9654780681449462,0.0425081072974711,0.8821637087909386,1.0487924274989537,32.00526132625152,0.0639659383707491,31.879890390807542,32.130632261695496,32.005208333333336,0.06396990774180503,31.87982961806505,32.130587048601626,1.3106428603172223e-06,1.3106428603172228e-06,0.0,3.8794556631335395e-06,5.430356105277115e-05,4.4185487943916464e-05,0.0,0.00014090552606217617,0.9999999601325366,3.986746343181204e-08,0.9999998819937441,1.000000038271329
packaging_logistics_dominant,single_low,2.1,0.1905,33331.815398929735,66.59643170337807,33201.28879129223,33462.34200656724,27172.51237742181,54.27050681586706,27066.144138639975,27278.88061620364,0.052580928243068176,0.050082159607855885,0.0,0.15074015734245233,5486.875,11.560841645614467,5464.216166743625,5509.533833256375,607.0336670027206,1.2790194961203085,604.5268348548002,609.5404991506409,30.125942205960694,0.04296870939369566,30.04172508308688,30.210159328834507,0.30263692655797936,0.022056432424754253,0.2594071133780196,0.34586673973793913,0.0,0.0,0.0,0.0,34.91319444444444,0.9034408992839353,33.14248281968745,36.683906069201434,0.0015228653738091676,0.0001111396383339987,0.0013050356854197231,0.0017406950621986121,15.241319444444443,0.03211344901559575,15.178378240954512,15.304260647934374,15.241319444444443,0.03211344901559575,15.178378240954512,15.304260647934374,0.34687638114441177,0.0007308682834973187,0.34544390563131444,0.3483088566575091,376.5742775745087,0.5371088674211959,375.52156353858607,377.62699161043133,11.773910630802343,0.030485748185038596,11.71415966231791,11.833661599286776,0.30263692655797936,0.022056432424754253,0.2594071133780196,0.34586673973793913,3.491319444444444,0.09034408992839355,3.314248281968745,3.6683906069201435,32.00677083333333,0.06743824293275097,31.87459430600447,32.13894736066218,1.0486930999527226,0.043738425239113636,0.9629673617435622,1.1344188381618832,32.00517906116038,0.06397387881017447,31.879792562741113,32.13056555957966,32.005208333333336,0.06396990774180503,31.87982961806505,32.130587048601626,3.0929957790040104e-05,2.946009388697406e-05,0.0,8.867068078967788e-05,1.6577848371240755e-06,1.657784837124075e-06,0.0,4.906983412003862e-06,0.9999989831127148,9.698174264736353e-07,0.9999970823054873,1.0000008839199424
packaging_logistics_dominant,single_low,2.25,0.1905,32900.633286091754,65.49029445305611,32772.27466762684,33028.991904556664,27127.31577303479,54.14502076304613,27021.193482397044,27233.438063672533,0.1551486403165917,0.08340443877934983,0.0,0.31861833647489324,5121.875,10.664194722705021,5100.973562419376,5142.776437580624,583.9488667860113,1.2158329563897896,581.5658779802704,586.3318555917522,32.21088415808971,0.043105081382878274,32.1263997510286,32.295368565150824,0.7178912503223503,0.03482627560636413,0.6496330044182108,0.7861494962264899,0.0,0.0,0.0,0.0,34.40972222222222,0.6901362510194899,33.05708002579853,35.762364418645916,0.0036215202899697574,0.00017573969520908527,0.003277076816705904,0.003965963763233611,14.227430555555555,0.029622763118625058,14.169371006720489,14.285490104390622,14.227430555555555,0.029622763118625058,14.169371006720489,14.285490104390622,0.3336850667348636,0.0006947616893655957,0.33232335884586883,0.33504677462385835,402.63605197612134,0.5388135172859787,401.5799968878575,403.6921070643852,12.584869418620862,0.028164490387971898,12.529668031817513,12.64007080542421,0.7178912503223503,0.03482627560636413,0.6496330044182108,0.7861494962264899,3.440972222222222,0.069013625101949,3.3057080025798524,3.5762364418645913,32.01171875,0.06665121701690639,31.881084765121102,32.1423527348789,1.1220321825543875,0.04667926904661855,1.0305424963983598,1.2135218687104152,32.005119792440674,0.0639740771923278,31.879732905199525,32.13050667968182,32.005208333333336,0.06396990774180503,31.87982961806505,32.130587048601626,9.126390606858336e-05,4.906143457608813e-05,0.0,0.0001874225508675842,2.7230134132894234e-06,2.723013413289424e-06,0.0,8.060021632756175e-06,0.9999970927931244,1.5743082105092335e-06,0.9999940072057313,1.0000001783805177
packaging_logistics_dominant,single_low,2.4,0.1905,32512.494826472237,64.74393681185623,32385.599042103662,32639.390610840812,27086.65393845117,53.9855313829066,26980.844241254417,27192.463635647924,0.0961463053511374,0.07230416800291664,0.0,0.23785987056898739,4796.875,10.121056371153301,4777.03809402704,4816.71190597296,562.7380607776132,1.1873362627384945,560.4109244651074,565.065197090119,34.29732687567901,0.04757810028914401,34.20407551265946,34.390578238698566,1.4697707290882367,0.05912704964683147,1.3538838412683354,1.585657616908138,0.0,0.0,0.0,0.0,30.364583333333332,0.6850078282791117,29.021992660778274,31.70717400588839,0.007389558224029484,0.00029911351328401067,0.00680330651070358,0.007975809937355388,13.324652777777777,0.028114045475425835,13.269550261186222,13.379755294369332,13.324652777777777,0.028114045475425835,13.269550261186222,13.379755294369332,0.3215646061586362,0.0006784778644219971,0.32023481398006143,0.32289439833721095,428.7165859459876,0.5947262536142999,427.55094390824314,429.8822279837321,13.401054916220232,0.03088018621551152,13.34053086340194,13.461578969038525,1.4697707290882367,0.05912704964683147,1.3538838412683354,1.585657616908138,3.0364583333333335,0.06850078282791117,2.9021992660778277,3.170717400588839,31.979166666666668,0.06747370914102199,31.846920626846934,32.111412706486405,1.09485913987123,0.0494405029874582,0.997957534638267,1.191760745104193,32.005176656803805,0.06396658424435106,31.87980445547083,32.13054885813678,32.005208333333336,0.06396990774180503,31.87982961806505,32.130587048601626,5.6556650206551413e-05,4.253186353112744e-05,0.0,0.00013991757092293378,2.4880120679632078e-05,1.6609475223382218e-05,0.0,5.7434093919571596e-05,0.9999982841036853,1.289700528867669e-06,0.9999957563370979,1.0000008118702728
packaging_logistics_dominant,single_low,3.0,0.1905,31384.319534712264,61.74340578241517,31263.30468309589,31505.33438632864,26971.498017681446,53.2808244768167,26867.069520640285,27075.926514722607,0.298235968814017,0.2107374222522295,0.0,0.7112737266231965,3843.125,8.286504001097775,3826.8837506001014,3859.3662493998986,499.19332984401393,1.0763551862283283,497.0837124444335,501.30294724359436,42.89343879654282,0.05287434064249244,42.78980699317723,42.997070599908405,10.106651310328937,0.16674865316244492,9.779829955659984,10.43347266499789,0.0,0.0,0.0,0.0,17.20486111111111,0.4984447135212712,16.227927424325035,18.181794797897187,0.051070833064888445,0.0008418023308126421,0.0494209308143938,0.05272073531538309,10.675347222222221,0.023018066669716057,10.630232640555835,10.720461803888607,10.675347222222221,0.023018066669716057,10.630232640555835,10.720461803888607,0.2852533313394365,0.000615060106416187,0.2840478356825334,0.28645882699633957,536.1679849567852,0.6609292580311558,534.8725874147153,537.463382498855,16.718541751031548,0.03669482621867821,16.646621213223984,16.790462288839112,10.106651310328937,0.16674865316244492,9.779829955659984,10.43347266499789,1.720486111111111,0.049844471352127113,1.6227927424325033,1.8181794797897186,32.026041666666664,0.06905420000914812,31.89069792166751,32.16138541166582,1.4053540253803145,0.061238891187973356,1.2853280041987194,1.5253800465619096,32.00504420916198,0.0639857743931837,31.879634395828436,32.13045402249553,32.005208333333336,0.06396990774180503,31.87982961806505,32.130587048601626,0.00017543292283177467,0.00012396318956013505,0.0,0.000418396309778351,1.130875147861035e-05,1.1308751478610348e-05,0.0,3.347349708680071e-05,0.9999943295792376,4.001365505200761e-06,0.9999864870469585,1.0000021721115169
packaging_logistics_dominant,single_low,4.5,0.1905,30169.873036375095,57.03994562973836,30058.076797260685,30281.669275489505,27002.35128557785,51.529461603207544,26901.355396692823,27103.347174462877,0.12297580764221065,0.12297580764221068,0.0,0.3640039615906691,2591.875,6.079311916406605,2579.9597675930577,2603.7902324069423,409.87244566227287,0.9613667492149036,407.9882014578773,411.7566898666684,65.06740995433334,0.0875867734006283,64.89574303294604,65.23907687572064,82.03009992855726,0.5077237120243188,81.03497973889262,83.02522011822191,7.199652777777776,0.016886977545573893,7.166554909980714,7.232750645574837,11.354166666666666,0.40833455764321214,10.553845640042876,12.154487693290456,0.4195208412573539,0.002622480730797479,0.41438087347484054,0.42466080903986725,7.199652777777776,0.016886977545573893,7.166554909980714,7.232750645574837,7.199652777777776,0.016886977545573893,7.166554909980714,7.232750645574837,0.23421282609272734,0.0005493524281228008,0.233136115118787,0.23528953706666766,813.3426244291668,1.0948346675078542,811.1967879118255,815.4884609465081,24.94200094640306,0.05946886707966456,24.825444108725517,25.0585577840806,82.03009992855726,0.5077237120243188,81.03497973889262,83.02522011822191,1.1354166666666667,0.04083345576432121,1.0553845640042878,1.2154487693290457,32.3984375,0.07599139895508257,32.249497094913224,32.547377905086776,2.2204551567076045,0.09693717099852965,2.030461792787286,2.410448520627923,32.00530809798439,0.0639663979128861,31.879936261854375,32.130679934114404,32.005208333333336,0.06396990774180503,31.87982961806505,32.130587048601626,7.233871037777097e-05,7.233871037777098e-05,0.0,0.00021411997740627595,0.00017210336143151268,0.00012589026638548217,0.0,0.00041884374955121115,0.9999977429419539,2.2570580461081517e-06,0.9999933191894724,1.0000021666944352
packaging_logistics_dominant,single_low,5.0,0.1905,30048.099922488615,56.19708939411026,29937.95565124018,30158.24419373705,27078.832282050465,50.971070288085755,26978.930820032358,27178.733744068573,0.10669926343070076,0.09232085302956422,0.0,0.28764481039066214,2351.25,5.955083841576828,2339.578250145593,2362.921749854407,392.22298093006884,0.9933953156966482,390.2759618888926,394.1699999712451,72.45424461512273,0.09004715216340643,72.27775543997205,72.63073379027341,116.55316007396944,0.6267733133114556,115.32470695340814,117.78161319453073,26.125,0.06616759823974251,25.995313890506587,26.254686109493413,10.555555555555555,0.4084659332057195,9.754977037560803,11.356134073550308,0.5991161158500217,0.003189617609004586,0.5928645802119179,0.6053676514881254,6.53125,0.016541899559935628,6.498828472626647,6.563671527373353,6.53125,0.016541899559935628,6.498828472626647,6.563671527373353,0.2241274176743251,0.0005676544661123715,0.22301483536508154,0.22523999998356864,905.6780576890343,1.12558940204258,903.4719429996509,907.8841723784177,27.647055389852543,0.06432304752654561,27.520984533324654,27.773126246380432,116.55316007396944,0.6267733133114556,115.32470695340814,117.78161319453073,1.0555555555555556,0.040846593320571944,0.9754977037560802,1.135613407355031,32.65625,0.08270949779967812,32.494142363133236,32.818357636866764,2.579569480818804,0.10803603117571232,2.3678227506817615,2.7913162109558467,32.005209666063074,0.06396261431260014,31.87984524565335,32.1305740864728,32.005208333333336,0.06396990774180503,31.87982961806505,32.130587048601626,6.276427260629456e-05,5.430638413503778e-05,0.0,0.00016920282964156597,6.40970023477756e-05,6.409700234777557e-05,0.0,0.00018972481846639503,0.9999980276380431,1.7075256837328468e-06,0.9999946809492003,1.0000013743268859
packaging_logistics_dominant,single_low,9.0,0.1905,30720.59925748245,52.99218639467932,30616.736480686843,30824.462034278054,28044.806587956653,50.00994012793594,27946.788906436894,28142.824269476412,0.0,0.0,0.0,0.0,1399.375,4.108865001050611,1391.3217725806037,1407.4282274193963,319.315187897811,0.9375778471512065,317.477569084692,321.15280671092995,131.21327840409882,0.18066335753811055,130.85918472999805,131.56737207819958,431.0801754461059,1.1304864244785109,428.8644627691166,433.2958881230952,388.71527777777777,1.141351389180727,386.4782701612788,390.95228539427677,6.09375,0.3071288583062785,5.4917884991067885,6.6957115008932115,2.277606290339724,0.005564013094428285,2.266701025065135,2.2885115556143125,3.8871527777777772,0.011413513891807258,3.8647827016127874,3.909522853942767,3.8871527777777772,0.011413513891807258,3.8647827016127874,3.909522853942767,0.18246582165589195,0.0005357587698006874,0.18141575376268113,0.18351588954910278,1640.1659800512352,2.258291969226382,1635.7398091249754,1644.592150977495,47.41482572036728,0.10342909703336067,47.2121084152284,47.617543025506166,431.0801754461059,1.1304864244785109,428.8644627691166,433.2958881230952,0.6093749999999999,0.030712885830627857,0.5491788499106788,0.669571150089321,34.984375,0.10272162502626528,34.783044314515095,35.185705685484905,4.892310975394757,0.19364111932619538,4.512781355589391,5.271840595200123,32.00539084007891,0.06397637669271794,31.879999445899816,32.13078223425801,32.005208333333336,0.06396990774180503,31.87982961806505,32.130587048601626,0.0,0.0,0.0,0.0,0.00018250674557363617,0.0001154049832823701,0.0,0.0004086963564435286,1.0,5.797529028300176e-19,1.0,1.0
packaging_logistics_dominant,single_low,10.0,0.1905,31079.871045919834,52.802058980193216,30976.380912009095,31183.361179830572,28377.139553838886,48.54931289515571,28281.984649090216,28472.294458587556,0.1897098188314658,0.11431326308131075,0.0,0.4137596974260871,1238.75,4.060045069772796,1230.792457887636,1246.707542112364,299.7259684452661,0.9823620104694891,297.80057428496553,301.6513626055667,144.58835423503078,0.1838013940033036,144.22811012247604,144.94859834758552,517.9010706929289,1.0254275550686116,515.8912696162395,519.9108717696183,495.5,1.6240180279091183,492.31698315505434,498.68301684494566,6.076388888888888,0.2707699318698129,5.545689574327691,6.607088203450086,2.7793588643144553,0.00726796909115271,2.7651139066550456,2.793603821973865,3.440972222222222,0.011277902971591106,3.418867938576766,3.4630765058676776,3.440972222222222,0.011277902971591106,3.418867938576766,3.4630765058676776,0.1712719819687235,0.0005613497202682793,0.17017175673426604,0.17237220720318097,1807.354427937885,2.297517425041295,1802.8513765309508,1811.8574793448192,52.59894717001102,0.10363842962656877,52.39581958052866,52.80207475949339,517.9010706929289,1.0254275550686116,515.8912696162395,519.9108717696183,0.6076388888888888,0.027076993186981296,0.5545689574327691,0.6607088203450086,34.409722222222214,0.11277902971591108,34.18867938576766,34.63076505867677,4.150917895438341,0.22553131757822587,3.708884635599153,4.592951155277529,32.005096739322255,0.06396020550368617,31.87973704009125,32.13045643855326,32.005208333333336,0.06396990774180503,31.87982961806505,32.130587048601626,0.00011159401107733282,6.724309593018279e-05,0.0,0.00024338805730946298,0.0,0.0,0.0,0.0,0.9999966227921799,2.0270371890880643e-06,0.999992649872294,1.000000595712066
packaging_logistics_dominant,single_average,1.8,0.1905,57321.73669651808,86.37678441012375,57152.44130997385,57491.0320830623,45494.90998886063,68.58820522912033,45360.47957684731,45629.340400873945,0.4427083333333333,0.31222150730598025,0.0,1.054651242851864,10677.5,16.26735883143866,10645.61656256679,10709.38343743321,1106.4768209822805,1.685736875259966,1103.17283741936,1109.7808045452011,24.820372786264528,0.027549073918803606,24.76637759357624,24.874367978952815,0.0,0.0,0.0,0.0,0.0,0.0,0.0,0.0,17.586805555555557,0.5768803384198274,16.456140868863418,18.717470242247696,0.0,0.0,0.0,0.0,29.659722222222225,0.04518710786510738,29.57115711824109,29.74828732620336,29.659722222222225,0.04518710786510738,29.57115711824109,29.74828732620336,0.6322724691327317,0.0009632782144342651,0.6303844785253485,0.6341604597401149,310.25465982830656,0.3443634239850451,309.579719919703,310.9295997369101,5.817286619484464,0.011193471749027066,5.795347817994404,5.839225420974524,0.0,0.0,0.0,0.0,1.7586805555555554,0.05768803384198274,1.6456140868863414,1.8717470242247694,53.387499999999996,0.08133679415719332,53.22808281283395,53.546917187166045,0.8523437500000001,0.03791184020083021,0.7780379086187351,0.926649591381265,53.3828125,0.08048002073977388,53.225074557875004,53.540550442124996,53.38268229166666,0.08045519996936418,53.22499299735774,53.540371585975585,0.00026041666666666666,0.00018365971017998836,0.0,0.0006203830840305082,0.00039062499999999997,0.00022434356960220333,0.0,0.0008303303165834734,0.9999950630569762,3.4818431079557814e-06,0.9999882387698847,1.0000018873440675
packaging_logistics_dominant,single_average,2.0,0.1905,56088.283833436755,84.7688664751283,55922.13990813522,56254.42775873829,45375.132378472226,68.3831715994367,45241.103824988706,45509.16093195575,0.5164930555555556,0.28406628895811475,0.0,1.0732527511354086,9612.5,14.95958779564821,9583.179746696964,9641.820253303036,1041.3959962213833,1.620687109025779,1038.2195078574844,1044.5724845852822,28.07924346536977,0.031944548003225395,28.016633301781038,28.141853628958504,0.0,0.0,0.0,0.0,0.0,0.0,0.0,0.0,30.659722222222218,0.709724100615791,29.268688546055184,32.05075589838925,0.0,0.0,0.0,0.0,26.70138888888889,0.04155441054346724,26.6199437408249,26.782834036952877,26.70138888888889,0.04155441054346724,26.6199437408249,26.782834036952877,0.5950834264122188,0.0009261069194433014,0.5932682902042766,0.5968985626201609,350.9905433171221,0.39930685004031713,350.20791627226293,351.7731703619813,6.579039353933268,0.012518916367983648,6.554502728726551,6.603575979139985,0.0,0.0,0.0,0.0,3.065972222222222,0.07097241006157912,2.9268688546055186,3.205075589838925,53.40277777777778,0.08310882108693449,53.2398874816498,53.565668073905755,1.0139322916666667,0.042174998913708135,0.9312708127477828,1.0965937705855504,53.38250868055556,0.08045079011698433,53.22482802939848,53.54018933171264,53.38268229166666,0.08045519996936418,53.22499299735774,53.540371585975585,0.00030381944444444445,0.00016709781703418513,0.0,0.0006313251477267109,0.00013020833333333333,9.68480989065059e-05,0.0,0.00032002711916125786,0.9999943063379119,3.132748813754614e-06,0.9999881662630643,1.0000004464127594
packaging_logistics_dominant,single_average,2.1,0.1905,55525.39492891967,84.1007433217279,55360.56050093604,55690.2293569033,45319.71217980034,68.31332391677905,45185.82052525924,45453.60383434145,0.4427083333333333,0.3122215073059803,0.0,1.0546512428518642,9148.75,14.520870969651838,9120.289615875328,9177.210384124672,1012.1607036776198,1.6064986996753323,1009.0120240850457,1015.309383270194,29.24253155281836,0.03044742093742952,29.182855704358868,29.30220740127785,0.0,0.0,0.0,0.0,0.0,0.0,0.0,0.0,15.086805555555557,0.48982205407036034,14.126771970744219,16.046839140366895,0.0,0.0,0.0,0.0,25.413194444444446,0.04033575269347732,25.334137821875917,25.492251067012976,25.413194444444446,0.04033575269347732,25.334137821875917,25.492251067012976,0.5783775449586397,0.0009179992569573328,0.5765782994771688,0.5801767904401106,365.5316444102295,0.3805927617178691,364.78569630448584,366.27759251597314,6.852061286818302,0.012632148496450602,6.827302730717897,6.8768198429187075,0.0,0.0,0.0,0.0,1.5086805555555554,0.048982205407036024,1.4126771970744216,1.604683914036689,53.36770833333333,0.08470508065630236,53.20168942593942,53.533727240727245,0.98203125,0.045434867888197915,0.8929805452967967,1.0710819547032033,53.382421875,0.08046676604081408,53.22470991160759,53.54013383839241,53.38268229166666,0.08045519996936418,53.22499299735774,53.540371585975585,0.00026041666666666666,0.0001836597101799884,0.0,0.0006203830840305082,0.0,0.0,0.0,0.0,0.9999950595787853,3.4842840388183462e-06,0.9999882305075574,1.0000018886500133
packaging_logistics_dominant,single_average,2.25,0.1905,54807.97364193727,82.59635109760875,54646.087768531535,54969.85951534301,45241.66899251606,68.18554949811649,45108.02777123368,45375.31021379844,0.0,0.0,0.0,0.0,8546.25,13.245751566256022,8520.288803981974,8572.211196018026,974.3644666786968,1.510158216833533,971.4046109627458,977.3243223946478,31.384627186943153,0.034465205452367004,31.31707662553674,31.452177748349566,0.0,0.0,0.0,0.0,0.0,0.0,0.0,0.0,14.305555555555555,0.5001656050486283,13.325248983354559,15.285862127756552,0.0,0.0,0.0,0.0,23.739583333333332,0.03679375435071117,23.667468899949924,23.81169776671674,23.739583333333332,0.03679375435071117,23.667468899949924,23.81169776671674,0.5567796952449695,0.0008629475524763022,0.555088349121569,0.55847104136837,392.30783983678936,0.4308150681545878,391.46345781920917,393.15222185436954,7.353950882824086,0.014318129183797958,7.32588786529785,7.382013900350322,0.0,0.0,0.0,0.0,1.4305555555555554,0.050016560504862834,1.3325248983354556,1.528586212775655,53.4140625,0.08278594728910013,53.25180502488733,53.57631997511267,1.12109375,0.04751280606987111,1.0279703612986166,1.2142171387013834,53.38268229166666,0.08045519996936418,53.22499299735774,53.540371585975585,53.38268229166666,0.08045519996936418,53.22499299735774,53.540371585975585,0.0,0.0,0.0,0.0,0.0,0.0,0.0,0.0,1.0,0.0,1.0,1.0
packaging_logistics_dominant,single_average,2.4,0.1905,54165.161446217244,82.07132670939514,54004.30460170341,54326.01829073108,45168.45765591502,68.0752097311097,45035.03269660204,45301.88261522801,0.0,0.0,0.0,0.0,8010.625,12.865007813721702,7985.410048024279,8035.839951975721,939.7542312686214,1.5092387333383899,936.7961777072053,942.7122848300376,33.61622570027048,0.0336947872372838,33.55018513081867,33.6822662697223,0.0,0.0,0.0,0.0,0.0,0.0,0.0,0.0,12.708333333333334,0.4920993255129029,11.743836378511592,13.672830288155076,0.0,0.0,0.0,0.0,22.25173611111111,0.03573613281589361,22.18169457784522,22.321777644377,22.25173611111111,0.03573613281589361,22.18169457784522,22.321777644377,0.5370024178677838,0.0008624221333362221,0.5353121015469746,0.538692734188593,420.202821253381,0.4211848404660475,419.3773141352333,421.0283283715287,7.876091090888235,0.014417426939439506,7.847833453337197,7.904348728439274,0.0,0.0,0.0,0.0,1.2708333333333333,0.04920993255129029,1.174383637851159,1.3672830288155076,53.40416666666666,0.08576671875814462,53.23606698682852,53.572266346504804,1.2734375,0.049839068357906045,1.1757547209954744,1.3711202790045256,53.38268229166666,0.08045519996936418,53.22499299735774,53.540371585975585,53.38268229166666,0.08045519996936418,53.22499299735774,53.540371585975585,0.0,0.0,0.0,0.0,0.0,0.0,0.0,0.0,1.0,0.0,1.0,1.0
packaging_logistics_dominant,single_average,3.0,0.1905,52214.97259401353,78.98818486017515,52060.158596483394,52369.78659154367,44915.13423049592,67.69741958284851,44782.44972626724,45047.8187347246,0.4427083333333333,0.31222150730598025,0.0,1.054651242851864,6410.625,10.501086798654681,6390.043248076107,6431.206751923893,832.6924677524881,1.3640130066030767,830.0190513851019,835.3658841198744,42.49585581510344,0.04864370204075532,42.40051591102886,42.59119571917802,0.005942727796570627,0.003034774435703362,0.0,0.011890776391752083,0.0,0.0,0.0,0.0,13.576388888888888,0.7747318335941983,12.057942397367581,15.094835380410194,3.056000973222852e-05,1.530278233205261e-05,5.671074981495453e-07,6.055291196630749e-05,17.807291666666668,0.029169685551818564,17.750120133544744,17.86446319978859,17.807291666666668,0.029169685551818564,17.750120133544744,17.86446319978859,0.47582426728713617,0.0007794360037731855,0.4742966007914869,0.47735193378278545,531.1981976887929,0.6080462755094417,530.0064488878606,532.3899464897252,9.95592942078943,0.019355172669523028,9.91799397944261,9.993864862136249,0.005942727796570627,0.003034774435703362,0.0,0.011890776391752083,1.3576388888888886,0.07747318335941983,1.205794239736758,1.5094835380410192,53.421875,0.08750905665545566,53.25036040063423,53.59338959936577,1.6334931790335123,0.06257558615523927,1.51084728385776,1.7561390742092646,53.382421875,0.08046231808799252,53.224718629434925,53.54012512056507,53.38268229166666,0.08045519996936418,53.22499299735774,53.540371585975585,0.00026041666666666666,0.00018365971017998836,0.0,0.0006203830840305082,0.0,0.0,0.0,0.0,0.9999950841580998,3.466914049067151e-06,0.9999882891314261,1.0000018791847736
packaging_logistics_dominant,single_average,4.5,0.1905,49528.098085014186,74.2923920550949,49382.48767226087,49673.708497767504,44475.34970184725,66.70463946185531,44344.611010900284,44606.08839279421,0.0,0.0,0.0,0.0,4278.125,7.404358549095271,4263.612723915152,4292.637276084848,676.5316832790589,1.1709062154147243,674.236749267572,678.8266172905459,64.74946805551325,0.06245187334708269,64.6270646329859,64.87187147804059,4.757162387914794,0.11002884856528093,4.541509807466431,4.972814968363156,11.883680555555557,0.020567662636375755,11.84336867754209,11.923992433569024,16.701388888888886,0.5163541151339442,15.689353419957307,17.713424357820465,0.02395713788433483,0.0005555774383679806,0.022868226114510566,0.025046049654159096,11.883680555555557,0.020567662636375755,11.84336867754209,11.923992433569024,11.883680555555557,0.020567662636375755,11.84336867754209,11.923992433569024,0.3865895333023193,0.0006690892659512697,0.38527814243861247,0.3879009241660262,809.3683506939155,0.7806484168385341,807.8383079123238,810.8983934755073,15.16980264775672,0.02767380097009631,15.115562994540001,15.224042300973439,4.757162387914794,0.11002884856528093,4.541509807466431,4.972814968363156,1.6701388888888886,0.051635411513394416,1.5689353419957308,1.7713424357820464,53.4765625,0.09255448186369088,53.295159048939404,53.657965951060596,2.3502270153958382,0.10106906654221846,2.1521352850220077,2.5483187457696688,53.38271070535614,0.0804571322232625,53.22501762389917,53.54040378681311,53.38268229166666,0.08045519996936418,53.22499299735774,53.540371585975585,0.0,0.0,0.0,0.0,2.8413689472608256e-05,2.841368947260826e-05,0.0,8.410349750682532e-05,1.0,0.0,1.0,1.0
packaging_logistics_dominant,single_average,5.0,0.1905,49029.10288080393,72.51099860640018,48886.98393505235,49171.221826555506,44393.453207987186,66.21020651623009,44263.683587806416,44523.222828167956,0.18333954092838547,0.1833395409283855,0.0,0.5426784380901283,3848.75,6.481321329637227,3836.0468436216797,3861.4531563783203,642.0279416712822,1.081179445944053,639.9088688964068,644.1470144461575,72.21064426129803,0.0691173117528272,72.07517681955426,72.3461117030418,13.758997343237363,0.1913647608582588,13.383929304045056,14.13406538242967,42.76388888888889,0.07201468144041372,42.62274270690756,42.90503507087023,15.954861111111109,0.47677441493224676,15.02040042909375,16.889321793128467,0.0694576036668402,0.0009661843338856786,0.06756391716999745,0.07135129016368295,10.690972222222223,0.01800367036010343,10.65568567672689,10.726258767717557,10.690972222222223,0.01800367036010343,10.65568567672689,10.726258767717557,0.366873109526447,0.0006178168262537446,0.36566221079794686,0.3680840082549472,902.6330532662254,0.8639663969103406,900.9397102444283,904.3263962880225,16.860215275085412,0.03060958841229215,16.800221584215727,16.920208965955098,13.758997343237363,0.1913647608582588,13.383929304045056,14.13406538242967,1.595486111111111,0.04767744149322467,1.502040042909375,1.688932179312847,53.45486111111111,0.0900183518005171,53.278428383634434,53.63129383858778,2.5070646711463023,0.09422624510320511,2.3223846243455766,2.691744717947028,53.38257444487789,0.08045883513583768,53.2248780257736,53.54027086398218,53.38268229166666,0.08045519996936418,53.22499299735774,53.540371585975585,0.00010784678878140324,0.00010784678878140325,0.0,0.00031922261064125195,0.0,0.0,0.0,0.0,0.9999979603444201,2.0396555797900827e-06,0.9999939626929428,1.0000019579958974
packaging_logistics_dominant,single_average,9.0,0.1905,48348.80158343911,67.34633473712032,48216.805192863576,48480.79797401465,44684.253469814,63.541302136456444,44559.71480609577,44808.79213353223,0.0,0.0,0.0,0.0,2180.625,4.8266327975415395,2171.1649735502187,2190.0850264497813,497.5840511726048,1.101361078096086,495.42542312556225,499.74267921964736,131.59002716367002,0.124965625674463,131.34509903804255,131.83495528929748,239.87056306662123,0.7744866616900332,238.3525971032021,241.38852903004036,605.7291666666666,1.340731332650426,603.1013815417274,608.3569517916059,9.149305555555555,0.3395359823921304,8.483827258611553,9.814783852499557,1.2408909901329601,0.0038811298413127773,1.2332841154246634,1.2484978648412568,6.057291666666667,0.013407313326504276,6.031013815417275,6.083569517916059,6.057291666666667,0.013407313326504276,6.031013815417275,6.083569517916059,0.2843337435272028,0.0006293491874834784,0.28310024178603566,0.28556724526836996,1644.8753395458752,1.5620703209307871,1641.813737975532,1647.9369411162186,29.75971722199354,0.048369874450199954,29.664914010134424,29.854520433852656,239.87056306662123,0.7744866616900332,238.3525971032021,241.38852903004036,0.9149305555555555,0.03395359823921304,0.8483827258611554,0.9814783852499556,54.515625,0.12066581993853849,54.27912433875547,54.75212566124453,4.597954075996646,0.18911948480773275,4.2272866969987195,4.968621454994572,53.38277448875053,0.08044980679141087,53.22509576487616,53.5404532126249,53.38268229166666,0.08045519996936418,53.22499299735774,53.540371585975585,0.0,0.0,0.0,0.0,9.2197083860486e-05,9.219708386048602e-05,0.0,0.0002729000477066577,1.0,0.0,1.0,1.0
packaging_logistics_dominant,single_average,10.0,0.1905,48624.333571635136,67.12752703789822,48492.76603626962,48755.90110700065,44898.83552669109,62.540132176615025,44776.25912003655,45021.411933345626,0.0,0.0,0.0,0.0,1981.25,4.430048219278307,1972.5672650404388,1989.9327349595612,479.38008071215626,1.0718873806517961,477.27922005059577,481.48094137371675,145.67856167440402,0.15029900626161483,145.3839810352191,145.97314231358894,318.772735890826,0.97803555193644,316.85582143343083,320.6896503482212,792.5,1.7720192877113226,789.0269060161755,795.9730939838245,7.916666666666667,0.31859125509401126,7.292239280892992,8.541094052440343,1.653927302829733,0.005368358637762932,1.6434055132436232,1.6644490924158428,5.503472222222221,0.012305689497995285,5.479353514001218,5.527590930443225,5.503472222222221,0.012305689497995285,5.479353514001218,5.527590930443225,0.27393147469266066,0.0006125070746581712,0.2727309828860547,0.27513196649926663,1820.9820209300499,1.8787375782701852,1817.2997629402382,1824.6642789198615,33.003634500669875,0.057449576456779713,32.89103539988751,33.116233601452244,318.772735890826,0.97803555193644,316.85582143343083,320.6896503482212,0.7916666666666666,0.03185912550940113,0.7292239280892991,0.8541094052440341,55.03472222222222,0.12305689497995304,54.79353514001219,55.275909304432254,5.021878616945162,0.20872876695725215,4.612777751171493,5.43097948271883,53.38268229166666,0.08045519996936418,53.22499299735774,53.540371585975585,53.38268229166666,0.08045519996936418,53.22499299735774,53.540371585975585,0.0,0.0,0.0,0.0,0.0,0.0,0.0,0.0,1.0,0.0,1.0,1.0
packaging_logistics_dominant,two_person_low,1.8,0.15475,80174.63804931981,125.27203449372551,79929.10937344204,80420.16672519757,63633.17287319456,99.74991229024351,63437.66663764466,63828.679108744465,0.4427083333333333,0.31222150730598025,0.0,1.054651242851864,14937.5,23.345094891590872,14891.744454796812,14983.255545203188,1547.9276528609519,2.419181117412985,1543.186144998743,1552.6691607231608,24.518426042058877,0.028396893842783225,24.462769152854214,24.57408293126354,0.0,0.0,0.0,0.0,0.0,0.0,0.0,0.0,31.076388888888886,0.7023213466642962,29.699864343853196,32.45291343392458,0.0,0.0,0.0,0.0,41.49305555555555,0.06484748580997467,41.36595681888003,41.62015429223107,41.49305555555555,0.06484748580997467,41.36595681888003,41.62015429223107,0.8845300873491154,0.0013823892099502765,0.8818206542849961,0.8872395204132347,306.4803255257359,0.35496117303479013,305.78461441067765,307.17603664079417,4.107967097640496,0.007895100952156531,4.0924929841199615,4.123441211161031,0.0,0.0,0.0,0.0,3.107638888888888,0.0702321346664296,2.969986434385319,3.245291343392457,74.68749999999999,0.11672547445795432,74.45872227398405,74.91627772601592,0.8898437500000002,0.038553746861320674,0.8142797946827375,0.9654077053172628,74.66588541666665,0.11704454115823759,74.4364823314095,74.89528850192382,74.66562499999999,0.11708534305287652,74.43614194449884,74.89510805550114,0.00026041666666666666,0.0001836597101799884,0.0,0.0006203830840305082,0.0005208333333333333,0.00025836341518262293,1.4450344652623334e-05,0.0010272163220140433,0.9999965253960864,2.4504991118212894e-06,0.9999917225060831,1.0000013282860898
packaging_logistics_dominant,two_person_low,2.0,0.15475,78423.97406828537,122.42374193812256,78184.02794323403,78663.92019333671,63465.965711805555,99.51338625549727,63270.923058765155,63661.008364845955,0.14756944444444445,0.14756944444444445,0.0,0.4368002407741399,13431.875,20.897278609241237,13390.917086550988,13472.832913449012,1455.1782415340538,2.2639627854966506,1450.7409560121414,1459.6155270559661,27.838795501319265,0.02988648424326098,27.78021906857795,27.89737193406058,0.0,0.0,0.0,0.0,0.0,0.0,0.0,0.0,42.96875,0.8173094231661233,41.366852966369194,44.570647033630806,0.0,0.0,0.0,0.0,37.310763888888886,0.058047996136781216,37.19699190708607,37.4245358706917,37.310763888888886,0.058047996136781216,37.19699190708607,37.4245358706917,0.8315304237337449,0.0012936930202838007,0.8289948320069378,0.8340660154605519,347.9849437664907,0.37358105304076245,347.25273835722425,348.71714917575713,4.663872456735761,0.009289924060719728,4.645664540157638,4.682080373313884,0.0,0.0,0.0,0.0,4.296875,0.08173094231661233,4.136685296636919,4.457064703363081,74.62152777777777,0.11609599227356243,74.39398381417215,74.8490717413834,0.8914062499999998,0.04117179518576002,0.8107110142570506,0.9721014857429491,74.66584201388888,0.1170745720652909,74.43638006913547,74.89530395864229,74.66562499999999,0.11708534305287652,74.43614194449884,74.89510805550114,8.680555555555556e-05,8.680555555555556e-05,0.0,0.00025694131810243524,0.00030381944444444445,0.00016709781703418513,0.0,0.0006313251477267109,0.9999988464377999,1.153562200073797e-06,0.9999965854974339,1.000001107378166
packaging_logistics_dominant,two_person_low,2.1,0.15475,77658.5841426791,121.66657152978905,77420.12204435824,77897.04624099996,63388.7002290953,99.37724641798071,63193.9244052333,63583.4760529573,0.22135416666666666,0.22135416666666669,0.0,0.6552003611612099,12796.875,20.229732197697924,12757.225453475621,12836.524546524379,1415.7665260144324,2.2380915399843384,1411.3799472019593,1420.1531048269055,28.87867229157153,0.034609853085541174,28.810838226013647,28.94650635712941,0.0,0.0,0.0,0.0,0.0,0.0,0.0,0.0,28.14236111111111,0.6969928063973865,26.776280313088733,29.508441909133488,0.0,0.0,0.0,0.0,35.546875,0.05619370054916088,35.43673737076561,35.65701262923439,35.546875,0.05619370054916088,35.43673737076561,35.65701262923439,0.8090094434368188,0.0012789094514196215,0.8065028269725485,0.8115160599010891,360.9834036446441,0.4326231635692647,360.1354778251706,361.83132946411763,4.8371825203162295,0.009447380381074897,4.818665995021073,4.855699045611386,0.0,0.0,0.0,0.0,2.8142361111111107,0.06969928063973864,2.677628031308873,2.9508441909133483,74.6484375,0.11800677115323789,74.4171484786078,74.8797265213922,0.9269531250000002,0.04075794382968479,0.8470690230099114,1.006837226990089,74.66601562499999,0.11705718853671349,74.43658775133652,74.89544349866345,74.66562499999999,0.11708534305287652,74.43614194449884,74.89510805550114,0.00013020833333333333,0.00013020833333333333,0.0,0.0003854119771536529,0.0005208333333333333,0.00025836341518262293,1.4450344652623334e-05,0.0010272163220140433,0.9999982114239927,1.788576007326001e-06,0.9999947058794347,1.0000017169685507
packaging_logistics_dominant,two_person_low,2.25,0.15475,76646.1348377074,120.04396642846915,76410.85298694627,76881.41668846854,63278.90144060177,99.22517215722604,63084.423676813814,63473.37920438972,0.4427083333333333,0.31222150730598025,0.0,1.054651242851864,11947.5,18.91614867324404,11910.425029874237,11984.574970125763,1362.1435677219517,2.1566445064935342,1357.9166221617681,1366.3705132821353,31.03600993924567,0.034068678287021745,30.969236556802226,31.102783321689113,0.0,0.0,0.0,0.0,0.0,0.0,0.0,0.0,26.11111111111111,0.6565427732905952,24.824310921151497,27.397911301070724,0.0,0.0,0.0,0.0,33.1875,0.052544857425677875,33.08451397187288,33.29048602812712,33.1875,0.052544857425677875,33.08451397187288,33.29048602812712,0.7783677529839723,0.0012323682894248764,0.7759523555210103,0.7807831504469344,387.9501242405709,0.42585847858777165,387.11545696002787,388.78479152111396,5.19826278754148,0.009734237149811753,5.179184033310877,5.2173415417720825,0.0,0.0,0.0,0.0,2.6111111111111107,0.06565427732905953,2.4824310921151493,2.739791130107072,74.671875,0.11822592920777526,74.44015643671398,74.90359356328602,1.09375,0.046168874300642,1.0032606691639847,1.1842393308360153,74.66562499999999,0.11708024833215923,74.43615192996795,74.89509807003203,74.66562499999999,0.11708534305287652,74.43614194449884,74.89510805550114,0.00026041666666666666,0.00018365971017998836,0.0,0.0006203830840305082,0.00026041666666666666,0.0001836597101799884,0.0,0.0006203830840305082,0.99999657341152,2.416631814523083e-06,0.9999918369001997,1.0000013099228404
packaging_logistics_dominant,two_person_low,2.4,0.15475,75747.13582661643,118.6120135528127,75514.66055191914,75979.61110131373,63176.391576371,99.04527907237933,62982.26639655042,63370.51675619159,0.4427083333333333,0.31222150730598025,0.0,1.054651242851864,11200.0,17.775505235785413,11165.160649930858,11234.839350069142,1313.9108858807597,2.08530623494008,1309.8237607635403,1317.998010997979,33.33510047578645,0.03507944061153342,33.26634603559003,33.40385491598286,0.0,0.0,0.0,0.0,0.0,0.0,0.0,0.0,23.055555555555554,0.6425490169798485,21.796182623973436,24.31492848713767,0.0,0.0,0.0,0.0,31.11111111111111,0.04937640343273724,31.014335138696826,31.207887083525396,31.11111111111111,0.04937640343273724,31.014335138696826,31.207887083525396,0.7508062205032914,0.0011916035628229025,0.7484707204363089,0.7531417205702738,416.68875594733055,0.438493007644168,415.82932544487534,417.54818644978576,5.58445212037973,0.010284015045303959,5.564295821274466,5.604608419484994,0.0,0.0,0.0,0.0,2.3055555555555554,0.06425490169798485,2.1796182623973435,2.4314928487137673,74.66666666666666,0.11850336823856941,74.43440433287238,74.89892900046094,1.13984375,0.05059741947747708,1.0406746301134795,1.2390128698865206,74.66549479166666,0.11705740996267759,74.43606648401627,74.89492309931705,74.66562499999999,0.11708534305287652,74.43614194449884,74.89510805550114,0.00026041666666666666,0.00018365971017998836,0.0,0.0006203830840305082,0.00013020833333333333,0.00013020833333333328,0.0,0.0003854119771536528,0.9999965951920847,2.4018863804215733e-06,0.9999918875812841,1.0000013028028854
packaging_logistics_dominant,two_person_low,3.0,0.15475,73006.4734417596,114.37954552356935,72782.29365196534,73230.65323155386,62822.671363989386,98.50303109891794,62629.608970667476,63015.733757311296,0.0,0.0,0.0,0.0,8958.75,14.38957546972644,8930.546950326516,8986.953049673484,1163.6749373856064,1.8690987396388343,1160.0115711723652,1167.3383035988477,42.03686260683866,0.04558283594443821,41.94752189007436,42.12620332360296,0.0,0.0,0.0,0.0,0.0,0.0,0.0,0.0,19.340277777777775,0.6005820488048644,18.163158592358965,20.517396963196585,0.0,0.0,0.0,0.0,24.885416666666668,0.03997104297146233,24.807074862018098,24.963758471315238,24.885416666666668,0.03997104297146233,24.807074862018098,24.963758471315238,0.6649571070774895,0.0010680564226507594,0.6628637549556373,0.6670504591993416,525.4607825854832,0.5697854493054776,524.3440236259295,526.577541545037,7.042745153030577,0.014127463821100703,7.015055832748327,7.070434473312827,0.0,0.0,0.0,0.0,1.9340277777777777,0.06005820488048644,1.8163158592358966,2.051739696319659,74.65625,0.119913128914387,74.4212245860543,74.8912754139457,1.4484375,0.0621981215770699,1.3265314218028994,1.5703435781971007,74.66588541666665,0.11707264071298344,74.43642725729421,74.8953435760391,74.66562499999999,0.11708534305287652,74.43614194449884,74.89510805550114,0.0,0.0,0.0,0.0,0.00026041666666666666,0.00018365971017998836,0.0,0.0006203830840305082,1.0,0.0,1.0,1.0
packaging_logistics_dominant,two_person_low,4.5,0.15475,69178.08173828044,108.46072452420185,68965.50262447588,69390.660852085,62179.3664352242,97.49756728937551,61988.27471475675,62370.458155691646,0.00595667298152765,0.005956672981527649,0.0,0.017631537493004664,5971.875,10.07406716219828,5952.130191184254,5991.619808815746,944.3769516042963,1.5930870684489815,941.2545583258998,947.4993448826929,64.24747078407133,0.08557358815955847,64.07974963325073,64.41519193489192,0.03284066156457733,0.0050407487304447865,0.02296097559778955,0.04272034753136511,0.0,0.0,0.0,0.0,18.177083333333332,0.7453515464072801,16.716221146553828,19.637945520112837,0.00016470854781159224,2.5298428762313035e-05,0.00011512453857200647,0.000214292557051178,16.588541666666668,0.027983519894995215,16.533694975511818,16.643388357821518,16.588541666666668,0.027983519894995215,16.533694975511818,16.643388357821518,0.5396439723453121,0.0009103354676851315,0.5378597476147998,0.5414281970758245,803.0933848008916,1.0696698519944818,800.9968704156341,805.1898991861491,10.759001942998102,0.022837338265709425,10.714241582494553,10.803762303501651,0.03284066156457733,0.0050407487304447865,0.02296097559778955,0.04272034753136511,1.817708333333333,0.07453515464072802,1.6716221146553827,1.9637945520112834,74.6484375,0.1259258395274785,74.40162738980317,74.89524761019683,2.205632284287647,0.08928934251240798,2.030628388760066,2.3806361798152276,74.66575230325765,0.11707859725883853,74.43628246926986,74.89522213724544,74.66562499999999,0.11708534305287652,74.43614194449884,74.89510805550114,3.5039252832515586e-06,3.5039252832515586e-06,0.0,1.0371492642943922e-05,0.00013080718294184772,0.00013020657508727569,0.0,0.00038600738066321835,0.9999999542269721,4.577302786743418e-08,0.999999864513486,1.0000000439404582
packaging_logistics_dominant,two_person_low,5.0,0.15475,68385.82228164583,106.74956665690588,68176.59697563303,68595.04758765863,62013.032891613526,97.21549983582923,61822.49401319624,62203.57177003081,0.0,0.0,0.0,0.0,5381.25,8.802200313926749,5363.998004399997,5398.501995600003,897.671415685245,1.4683360960646175,894.7935298197583,900.5493015507318,71.76951213340142,0.07855298018567776,71.6155511213592,71.92347314544364,0.2234622136484369,0.01712951622473196,0.18988897877536776,0.25703544852150606,0.0,0.0,0.0,0.0,21.875,0.5266005593594675,20.842881869416797,22.907118130583203,0.0011257748466910306,8.647085428266914e-05,0.000956295086584588,0.0012952546067974732,14.947916666666666,0.0244505564275743,14.899994456666656,14.995838876666676,14.947916666666666,0.0244505564275743,14.899994456666656,14.995838876666676,0.5129550946772828,0.0008390491977512102,0.5113105884684332,0.5145996008861324,897.1189016675179,0.981912252320972,895.1943890169902,899.0434143180456,12.027865387271655,0.023473319830175247,11.981858525806922,12.073872248736388,0.2234622136484369,0.01712951622473196,0.18988897877536776,0.25703544852150606,2.1875,0.052660055935946755,2.08428818694168,2.29071181305832,74.73958333333333,0.12225278213787152,74.49997228333328,74.97919438333338,2.5532765450597936,0.10627303988950362,2.344985214348778,2.761567875770809,74.66579878315562,0.11707689921768667,74.43633227726733,74.89526528904392,74.66562499999999,0.11708534305287652,74.43614194449884,74.89510805550114,0.0,0.0,0.0,0.0,0.00017378315562412974,0.00013711440908374258,0.0,0.00044252245918975685,1.0,0.0,1.0,1.0
packaging_logistics_dominant,two_person_low,9.0,0.15475,65724.01372471698,98.89076767248183,65530.191381675395,65917.83606775856,61497.79346959388,93.46130189689654,61314.61268392774,61680.97425526002,0.0,0.0,0.0,0.0,3000.0,5.390509402926281,2989.43479571194,3010.56520428806,684.5524349752086,1.2300287791766449,682.1416228680746,686.9632470823426,130.62734739617008,0.13488139276382385,130.36298472416837,130.8917100681718,100.51963941839028,0.6509528484097455,99.24379527987342,101.79548355690714,300.0,0.5390509402926281,298.943479571194,301.056520428806,10.520833333333334,0.38503889517169027,9.766170966149728,11.27549570051694,0.511526621025942,0.0033193947247118255,0.5050207269150346,0.5180325151368494,8.33333333333333,0.014973637230350771,8.303985543644275,8.362681123022385,8.33333333333333,0.014973637230350771,8.303985543644275,8.362681123022385,0.39117281998583353,0.0007028735881009416,0.3897952130674712,0.39255042690419584,1632.8418424521262,1.6860174095477987,1629.537309052105,1636.1463758521475,21.66782490805637,0.038310975904922356,21.59273677507014,21.742913041042602,100.51963941839028,0.6509528484097455,99.24379527987342,101.79548355690714,1.0520833333333333,0.03850388951716903,0.9766170966149726,1.127549570051694,75.0,0.13476273507315703,74.7358698927985,75.2641301072015,4.577830188654539,0.18718827424308798,4.210947912809879,4.944712464499198,74.66562499999999,0.11708534305287652,74.43614194449884,74.89510805550114,74.66562499999999,0.11708534305287652,74.43614194449884,74.89510805550114,0.0,0.0,0.0,0.0,0.0,0.0,0.0,0.0,1.0,0.0,1.0,1.0
packaging_logistics_dominant,two_person_low,10.0,0.15475,65755.38149314052,97.92384916976212,65563.45427554025,65947.30871074079,61576.08830914237,92.49449433898364,61394.80243146972,61757.37418681502,0.18085675834404344,0.1808567583440435,0.0,0.5353294910590326,2721.875,5.228538469667773,2711.627252907669,2732.122747092331,658.5805209783724,1.2650888043386515,656.1009924846238,661.060049472121,145.37688614489772,0.1545380676891724,145.07399709798653,145.67977519180891,159.40839233874945,0.8317639198147011,157.77816501227278,161.03861966522612,483.8888888888889,0.9295179501631593,482.0670671835856,485.7107105941922,9.982638888888888,0.4026115450781372,9.193534760775714,10.771743017002061,0.8139251819670678,0.004377234136026137,0.8053459607085572,0.8225044032255783,7.560763888888889,0.014523717971299364,7.532297924743525,7.5892298530342535,7.560763888888889,0.014523717971299364,7.532297924743525,7.5892298530342535,0.37633172627335565,0.0007229078881935149,0.37491485284835646,0.37774859969835484,1817.2110768112213,1.9317258461146547,1813.4249637248315,1820.9971898976112,24.02212600657889,0.043463997601033685,23.936938136656728,24.107313876501053,159.40839233874945,0.8317639198147011,157.77816501227278,161.03861966522612,0.998263888888889,0.04026115450781372,0.9193534760775716,1.0771743017002062,75.60763888888887,0.1452371797129936,75.32297924743523,75.89229853034252,5.0436901123586635,0.20995159293245766,4.632192551714232,5.455187673003095,74.66551861367155,0.11708891462005501,74.43602855802736,74.89500866931574,74.66562499999999,0.11708534305287652,74.43614194449884,74.89510805550114,0.0001063863284376726,0.0001063863284376726,0.0,0.00031489970062296025,0.0,0.0,0.0,0.0,0.9999985608883538,1.4391116460963737e-06,0.9999957402813577,1.00000138149535
packaging_logistics_dominant,two_person_average,1.8,0.15475,114483.37298737187,163.04761881897284,114163.80552672167,114802.94044802207,90868.19838313667,129.00930657493242,90615.34478857931,91121.05197769402,0.6640625,0.38138406832374566,0.0,1.4115615381919047,21330.0,30.788078198586927,21269.656475577565,21390.343524422435,2210.3629680685594,3.1904748198854014,2204.1097523280023,2216.6161838091166,24.39062922217545,0.026261785642192437,24.33915706814704,24.44210137620386,0.0,0.0,0.0,0.0,0.0,0.0,0.0,0.0,49.756944444444436,0.9156181477976686,47.962365851169736,51.551523037719136,0.0,0.0,0.0,0.0,59.25,0.08552243944051922,59.08237909882657,59.41762090117343,59.25,0.08552243944051922,59.08237909882657,59.41762090117343,1.263064553182034,0.0018231284685059422,1.2594912870445727,1.2666378193194952,304.8828652771931,0.3282723205274057,304.239463351838,305.5262672025482,2.859974887205522,0.0049760510735838235,2.850222006316066,2.8697277680949784,0.0,0.0,0.0,0.0,4.975694444444444,0.09156181477976685,4.796236585116974,5.155152303771914,106.64999999999999,0.15394039099293463,106.34828237788783,106.95171762211216,0.85703125,0.03671248345212001,0.7850761046508221,0.9289863953491779,106.62291666666665,0.15137692601943548,106.32622334357818,106.91960998975513,106.62265624999999,0.15137499210196678,106.3259667173201,106.91934578267988,0.00039062499999999997,0.00022434356960220333,0.0,0.0008303303165834734,0.0006510416666666666,0.00028808981306583287,8.63960087447575e-05,0.0012156873245885757,0.9999964012532555,2.0670412392319816e-06,0.999992349926872,1.0000004525796389
packaging_logistics_dominant,two_person_average,2.0,0.15475,111997.17530658138,159.30300944489906,111684.94714544054,112309.40346772222,90629.40538194444,128.6652670396247,90377.22609248555,90881.58467140333,0.22135416666666666,0.16464176814106,0.0,0.5440461025741383,19197.5,27.656622054319964,19143.294016839496,19251.705983160504,2079.8127061076725,2.996254405864941,2073.940155383658,2085.685256831687,27.649058807035885,0.02679042169907488,27.59655054537506,27.70156706869671,0.0,0.0,0.0,0.0,0.0,0.0,0.0,0.0,62.58680555555554,0.978698892459696,60.668590974625296,64.50502013648578,0.0,0.0,0.0,0.0,53.326388888888886,0.07682395015088879,53.17581671344304,53.47696106433473,53.326388888888886,0.07682395015088879,53.17581671344304,53.47696106433473,1.1884644034900986,0.0017121453747799683,1.1851086602192331,1.1918201467609641,345.61323508794857,0.33488027123843606,344.9568818171882,346.2695883587089,3.2421997530152034,0.005703420679207306,3.231021253895276,3.2533782521351307,0.0,0.0,0.0,0.0,6.2586805555555545,0.09786988924596962,6.0668590974625305,6.4505020136485784,106.65277777777777,0.15364790030177758,106.35163342688608,106.95392212866946,0.9864583333333332,0.039028544724359605,0.9099637913045777,1.0629528753620887,106.6228298611111,0.15137090239955833,106.32614834410064,106.91951137812156,106.62265624999999,0.15137499210196678,106.3259667173201,106.91934578267988,0.00013020833333333333,9.684809890650587e-05,0.0,0.00032002711916125786,0.00030381944444444445,0.00017807023434984875,0.0,0.0006528306904887552,0.999998776045011,9.105712937025954e-07,0.99999699135807,1.000000560731952
packaging_logistics_dominant,two_person_average,2.1,0.15475,110897.03230286385,157.49433918346108,110588.34907029533,111205.71553543238,90519.15457165737,128.50858106137204,90267.28238107274,90771.026762242,0.4427083333333333,0.31222150730598025,0.0,1.054651242851864,18283.75,26.12755035273217,18232.54094230439,18334.95905769561,2022.8001930171533,2.8905893975017123,2017.1347419039566,2028.46564413035,28.732052078218327,0.027293039208501926,28.678558704341025,28.78554545209563,0.0,0.0,0.0,0.0,0.0,0.0,0.0,0.0,42.15277777777778,0.7919319743639022,40.60061962981883,43.70493592573673,0.0,0.0,0.0,0.0,50.788194444444436,0.07257652875758935,50.645947061956626,50.930441826932245,50.788194444444436,0.07257652875758935,50.645947061956626,50.930441826932245,1.1558858245812302,0.0016517653700009786,1.1526484239451178,1.1591232252173427,359.1506509777291,0.34116299010627427,358.48198380426277,359.8193181511954,3.3699112945669825,0.005984429227867011,3.358182028812334,3.381640560321631,0.0,0.0,0.0,0.0,4.215277777777778,0.07919319743639021,4.060061962981883,4.3704935925736725,106.6552083333333,0.15241071039093762,106.3564888301089,106.95392783655771,1.069140625,0.04363033160084908,0.983626746428796,1.154654503571204,106.62317708333335,0.15137120159896877,106.32649497990282,106.91985918676387,106.62265624999999,0.15137499210196678,106.3259667173201,106.91934578267988,0.00026041666666666666,0.0001836597101799884,0.0,0.0006203830840305082,0.0007812499999999999,0.0003147416329059332,0.00016436773506904416,0.0013981322649309557,0.9999975940548738,1.6968892339624965e-06,0.9999942682130895,1.0000009198966582
packaging_logistics_dominant,two_person_average,2.25,0.15475,109439.66641587803,156.0829316550695,109133.74949123267,109745.5833405234,90362.50343607522,128.31253683493094,90111.01548511378,90613.99138703666,0.4427083333333333,0.31222150730598025,0.0,1.054651242851864,17060.625,25.09141499946531,17011.4467302799,17109.8032697201,1945.094840348719,2.860691320072302,1939.4879883904907,1950.701692306947,30.94834778742158,0.031060649165053796,30.887470033721637,31.00922554112152,0.0,0.0,0.0,0.0,0.0,0.0,0.0,0.0,40.052083333333336,0.8269375573972372,38.43131550337122,41.67285116329545,0.0,0.0,0.0,0.0,47.390625,0.06969837499851475,47.254018695221944,47.527231304778056,47.390625,0.06969837499851475,47.254018695221944,47.527231304778056,1.1114827659135538,0.0016346807543270265,1.108278850508852,1.1146866813182554,386.8543473427697,0.3882581145631726,386.0933754215205,387.6153192640189,3.6289188427647416,0.0065200221798222225,3.6161398341138877,3.6416978514155955,0.0,0.0,0.0,0.0,4.005208333333333,0.08269375573972372,3.843131550337122,4.167285116329544,106.62890625,0.1568213437466582,106.32154206424937,106.93627043575063,1.091015625,0.04357947224564208,1.0056014289332786,1.1764298210667214,106.62278645833334,0.1514017396004991,106.32604450151965,106.91952841514703,106.62265624999999,0.15137499210196678,106.3259667173201,106.91934578267988,0.00026041666666666666,0.0001836597101799884,0.0,0.0006203830840305082,0.00039062499999999997,0.00022434356960220327,0.0,0.0008303303165834732,0.9999975376890435,1.7365646742174893e-06,0.9999941340848253,1.0000009412932618
packaging_logistics_dominant,two_person_average,2.4,0.15475,108156.46309229177,154.29824086480193,107854.04409731887,108458.88208726468,90216.16612811359,128.09179213450798,89965.11082881477,90467.22142741241,0.4427083333333333,0.31222150730598025,0.0,1.054651242851864,15993.75,23.60350243555246,15947.487985317313,16040.012014682687,1876.282342058518,2.7690088209808392,1870.8551844965218,1881.7094996205142,33.137886008535666,0.03478437017524471,33.069709895767275,33.20606212130406,0.0,0.0,0.0,0.0,0.0,0.0,0.0,0.0,36.68402777777778,0.7917556040767892,35.132215309229515,38.23584024632604,0.0,0.0,0.0,0.0,44.427083333333336,0.06556528454320128,44.29857773699254,44.55558892967413,44.427083333333336,0.06556528454320128,44.29857773699254,44.55558892967413,1.0721613383191533,0.0015822907548461937,1.069060105426584,1.0752625712117225,414.2235751066958,0.43480462719055907,413.371373697091,415.07577651630066,3.8864385365669776,0.0072544561631682596,3.8722200637597433,3.900657009374212,0.0,0.0,0.0,0.0,3.6684027777777772,0.07917556040767892,3.513221530922951,3.8235840246326034,106.625,0.15735668290368318,106.31658656878209,106.93341343121791,1.1597656250000001,0.04913520909962287,1.0634623847918945,1.2560688652081058,106.62265624999999,0.15138625046213391,106.32594465133965,106.91936784866033,106.62265624999999,0.15137499210196678,106.3259667173201,106.91934578267988,0.00026041666666666666,0.00018365971017998836,0.0,0.0006203830840305082,0.00026041666666666666,0.00018365971017998836,0.0,0.0006203830840305082,0.9999975667677563,1.7160450853972901e-06,0.999994203381193,1.0000009301543196
packaging_logistics_dominant,two_person_average,3.0,0.15475,104241.20556270513,147.919755675903,103951.2881689784,104531.12295643186,89710.80187746418,127.35445118733176,89461.19173986615,89960.41201506222,0.22135416666666666,0.22135416666666666,0.0,0.6552003611612098,12796.875,18.378685921582875,12760.853437510525,12832.896562489475,1662.2188044488832,2.387254492984811,1657.5398716207017,1666.8977372770648,41.86977662539551,0.036653684731074,41.79793672342192,41.9416165273691,0.0,0.0,0.0,0.0,0.0,0.0,0.0,0.0,29.218749999999996,0.722412335627489,27.802847840182658,30.634652159817335,0.0,0.0,0.0,0.0,35.546875,0.051051905337730207,35.4468151041959,35.6469348958041,35.546875,0.051051905337730207,35.4468151041959,35.6469348958041,0.9498393168279332,0.0013641454245627497,0.9471656409261151,0.9525129927297513,523.3722078174438,0.4581710591384249,522.474209042774,524.2702065921137,4.909920934738452,0.008517552512551995,4.893226838577421,4.926615030899482,0.0,0.0,0.0,0.0,2.921875,0.07224123356274888,2.780284784018266,3.063465215981734,106.640625,0.1531557160131906,106.3404453125877,106.9408046874123,1.434375,0.059942350003589946,1.3168901528442694,1.5518598471557306,106.62291666666665,0.15136307726491327,106.32625048663827,106.91958284669504,106.62265624999999,0.15137499210196678,106.3259667173201,106.91934578267988,0.00013020833333333333,0.0001302083333333333,0.0,0.0003854119771536528,0.00039062499999999997,0.00022434356960220327,0.0,0.0008303303165834732,0.999998814941221,1.1850587789153746e-06,0.9999964922686948,1.0000011376137472
packaging_logistics_dominant,two_person_average,4.5,0.15475,98754.941742723,140.49616739639498,98479.57431466015,99030.30917078584,88791.9077216646,126.06574067911589,88544.82341024917,89038.99203308002,0.22135416666666666,0.22135416666666666,0.0,0.6552003611612098,8530.0,12.913323611741893,8504.690350800276,8555.309649199724,1348.9122590785385,2.0420797802259067,1344.9098562557383,1352.9146619013386,63.77888003541051,0.05864629494751168,63.663935409486676,63.89382466133434,0.0,0.0,0.0,0.0,0.0,0.0,0.0,0.0,20.121527777777775,0.5884181667096418,18.96824936317779,21.27480619237776,0.0,0.0,0.0,0.0,23.694444444444443,0.03587034336594971,23.624139863334097,23.76474902555479,23.694444444444443,0.03587034336594971,23.624139863334097,23.76474902555479,0.7708070051877364,0.0011669027315576608,0.768519917860422,0.7730940925150508,797.2360004426313,0.7330786868438963,795.7991926185833,798.6728082666792,7.478390609593062,0.012867213747220677,7.4531713340671315,7.503609885118993,0.0,0.0,0.0,0.0,2.012152777777778,0.05884181667096418,1.8968249363177798,2.1274806192377764,106.625,0.16141654514677367,106.30862938500344,106.94137061499656,2.2624999999999997,0.09128522593400308,2.083584244848752,2.4414157551512474,106.62265624999999,0.1513816346357359,106.32595369819315,106.91935880180684,106.62265624999999,0.15137499210196678,106.3259667173201,106.91934578267988,0.00013020833333333333,0.0001302083333333333,0.0,0.0003854119771536528,0.00013020833333333333,0.0001302083333333333,0.0,0.0003854119771536528,0.9999987643337288,1.2356662712533402e-06,0.9999963424723403,1.0000011861951175
packaging_logistics_dominant,two_person_average,5.0,0.15475,97604.67786991625,138.43982044202264,97333.3408078237,97876.01493200881,88553.26122635056,125.71093667561826,88306.87231800354,88799.65013469757,0.2951388888888889,0.2329610070557905,0.0,0.7517340725204197,7673.75,11.408855176563097,7651.389054749103,7696.110945250897,1280.0940350503415,1.9031643535783211,1276.3639014606676,1283.8241686400154,71.44412580247793,0.06242420315924024,71.3217766125222,71.56647499243365,1.0490677252028118e-05,1.0490677252028121e-05,0.0,3.1052026839436855e-05,0.0,0.0,0.0,0.0,25.833333333333332,0.6395556376208136,24.579827317486988,27.086839349179677,5.248513307893393e-08,5.2485133078933924e-08,0.0,1.5535410363743626e-07,21.31597222222222,0.03169126437934193,21.253858485414174,21.37808595903027,21.31597222222222,0.03169126437934193,21.253858485414174,21.37808595903027,0.7314823057430523,0.001087522487759041,0.7293508008346672,0.7336138106514374,893.0515725309742,0.7803025394905033,891.5222076565277,894.5809374054207,8.379091810430246,0.013583029588248636,8.352469561636337,8.405714059224156,1.0490677252028118e-05,1.0490677252028121e-05,0.0,3.1052026839436855e-05,2.5833333333333335,0.06395556376208136,2.457982731748699,2.708683934917968,106.57986111111113,0.15845632189670966,106.2692924270709,106.89042979515136,2.231380050877934,0.10596350624920745,2.0236953949539025,2.4390647068019655,106.62274305555555,0.1513625262701142,106.32607795545712,106.91940815565397,106.62265624999999,0.15137499210196678,106.3259667173201,106.91934578267988,0.00017361111111111112,0.00013703588650340614,0.0,0.0004421965132473056,0.00026041666666666666,0.00018365971017998836,0.0,0.0006203830840305082,0.999998406828595,1.2513416633800396e-06,0.9999959542440024,1.0000008594131875
packaging_logistics_dominant,two_person_average,9.0,0.15475,93074.92261533222,131.5746198750106,92817.04109909765,93332.8041315668,87252.92586375195,123.26275776454892,87011.33529789835,87494.51642960556,0.15214117076376427,0.1521411707637643,0.0,0.4503323860265005,4267.5,7.233484528864313,4253.322630840698,4281.677369159302,973.7758387522341,1.6505664825298516,970.5407878923867,977.0108896120815,130.16105601052283,0.10933533236118251,129.9467626968572,130.37534932418845,7.650771202304057,0.18584304025136977,7.2865255366339445,8.01501686797417,426.75,0.7233484528864312,425.33226308406984,428.16773691593016,16.006944444444443,0.4955441746913377,15.035695709300796,16.97819317958809,0.03857314302864446,0.0009406640015513796,0.03672947546405043,0.04041681059323849,11.854166666666666,0.020093012580178655,11.814785085668605,11.893548247664727,11.854166666666666,0.020093012580178655,11.814785085668605,11.893548247664727,0.5564433364298482,0.0009431808471599189,0.5545947359385068,0.5582919369211896,1627.0132001315353,1.3666916545147814,1624.3345337107148,1629.6918665523558,15.261212908393304,0.024783923305868136,15.2126373113182,15.309788505468408,7.650771202304057,0.18584304025136977,7.2865255366339445,8.01501686797417,1.6006944444444444,0.04955441746913378,1.5035695709300798,1.697819317958809,106.6875,0.1808371132216078,106.33306577101746,107.04193422898254,4.451874223696223,0.1963913563533795,4.066954238368628,4.836794209023819,106.62259414390121,0.15137978577886765,106.32589521578724,106.91929307201518,106.62265624999999,0.15137499210196678,106.3259667173201,106.91934578267988,8.949480633162604e-05,8.949480633162602e-05,0.0,0.0002649014035450002,2.7388707552439144e-05,2.7388707552439147e-05,0.0,8.106958793832005e-05,0.9999991446135595,8.55386440446031e-07,0.9999974680869435,1.0000008211401756
packaging_logistics_dominant,two_person_average,10.0,0.15475,92729.36681781553,129.91400277121681,92474.74005129651,92983.99358433456,87085.01178108288,122.16789884461666,86845.5670992805,87324.45646288527,0.2754765340910971,0.2754765340910971,0.0,0.8154006194955679,3845.625,6.589440773847344,3832.7099334049994,3858.5400665950006,930.4812733823022,1.5943705489034252,927.3563645284402,933.6061822361643,144.88865754418742,0.12704174139434662,144.63966030652125,145.1376547818536,24.921434827631515,0.37405355778976407,24.188303326074507,25.654566329188523,683.6666666666666,1.1714561375728623,681.3706548275554,685.9626785057778,14.496527777777777,0.47274585302372335,13.569962932010613,15.42309262354494,0.12555143824625314,0.001899051422862523,0.12182936585265305,0.12927351063985323,10.682291666666666,0.018304002149575973,10.646416481680554,10.718166851652779,10.682291666666666,0.018304002149575973,10.646416481680554,10.718166851652779,0.5317035847898869,0.0009110688850876719,0.52991792258768,0.5334892469920938,1811.1082193023428,1.588021767429332,1807.9957538315157,1814.22068477317,16.957014654949294,0.0283733707092267,16.901403870239207,17.01262543965938,24.921434827631515,0.37405355778976407,24.188303326074507,25.654566329188523,1.4496527777777777,0.04727458530237234,1.3569962932010613,1.542309262354494,106.82291666666667,0.18304002149575965,106.46416481680555,107.1816685165278,5.040134890916172,0.2047719802227593,4.638789184636615,5.441480597195729,106.62251315417188,0.15137253906964174,106.325828429347,106.91919787899677,106.62265624999999,0.15137499210196678,106.3259667173201,106.91934578267988,0.00016204502005358654,0.00016204502005358657,0.0,0.00047964742323268705,1.894919194537022e-05,1.894919194537022e-05,0.0,5.608892569443234e-05,0.9999984862679118,1.5137320883099744e-06,0.9999955194075364,1.000001453128287
packaging_logistics_dominant,family_three,1.8,0.15475,171474.01544542288,223.48703773873686,171035.9889004434,171912.04199040236,136139.6175950873,177.29792161080633,135792.1200541963,136487.1151359783,3.0989583333333335,1.1527520350682157,0.8396058614943773,5.358310805172289,31950.625,41.757032788545516,31868.782719633193,32032.467280366807,3310.9460059374364,4.327154192790699,3302.4649395640154,3319.4270723108575,23.33899717593094,0.027779249068323273,23.28455084823946,23.393443503622418,0.0,0.0,0.0,0.0,0.0,0.0,0.0,0.0,46.388888888888886,0.9639283059805429,44.49962412548832,48.278153652289454,0.0,0.0,0.0,0.0,88.75173611111113,0.11599175774595977,88.52439644342556,88.9790757787967,88.75173611111113,0.11599175774595977,88.52439644342556,88.9790757787967,1.891969146249964,0.002472659538737542,1.887122822608009,1.8968154698919188,291.73746469913675,0.34724061335404094,291.05688560299325,292.41804379528025,1.8271625613353175,0.003176582660396248,1.8209365737270264,1.8333885489436086,0.0,0.0,0.0,0.0,4.638888888888888,0.09639283059805427,4.449962412548832,4.827815365228945,159.75312499999998,0.20878516394272756,159.34391359816595,160.162336401834,0.77734375,0.03913813848355321,0.7006344081502947,0.8540530918497053,159.74348958333331,0.20803781584152556,159.33574295686154,160.1512362098051,159.74453125,0.20809301744816222,159.33667643036733,160.15238606963266,0.0018229166666666665,0.0006780894323930677,0.0004938858008790459,0.003151947532454287,0.0007812499999999999,0.00044868713920440654,0.0,0.0016606606331669464,0.9999886523102459,4.222406671940164e-06,0.9999803765452409,0.999996928075251
packaging_logistics_dominant,family_three,2.0,0.15475,167731.86152889158,218.35299796648818,167303.89751696092,168159.82554082223,135782.8515625,176.85864306338948,135436.21499174114,136129.48813325886,0.7378472222222222,0.4406432103139354,0.0,1.6014920444696439,28744.375,37.52352556130272,28670.83024132688,28817.91975867312,3114.099041756673,4.0652118890664655,3106.1313728645787,3122.0667106487676,27.315438523786543,0.0307869332464128,27.255097243429134,27.375779804143953,0.0,0.0,0.0,0.0,0.0,0.0,0.0,0.0,62.482638888888886,1.020990966754426,60.48153336550948,64.4837444122683,0.0,0.0,0.0,0.0,79.8454861111111,0.10423201544806307,79.64119511479687,80.04977710742533,79.8454861111111,0.10423201544806307,79.64119511479687,80.04977710742533,1.779485166718099,0.0023229782223236945,1.7749322130654737,1.7840381203707245,341.4429815473318,0.38483666558015994,340.6887155428642,342.19724755179936,2.138322883153341,0.0037991051223617354,2.1308767739400305,2.145768992366652,0.0,0.0,0.0,0.0,6.248263888888888,0.10209909667544259,6.048153336550948,6.448374441226829,159.6909722222222,0.20846403089612614,159.28239022959374,160.09955421485066,0.8231770833333334,0.03937792136423249,0.7459977756733873,0.9003563909932795,159.74453125,0.2080689918392817,159.33672351969545,160.15233898030453,159.74453125,0.20809301744816222,159.33667643036733,160.15238606963266,0.0004340277777777778,0.00025920188841996203,0.0,0.000942054143805673,0.00043402777777777775,0.0002592018884199621,0.0,0.0009420541438056731,0.9999972898710604,1.6192835729716584e-06,0.9999941161335766,1.0000004636085442
packaging_logistics_dominant,family_three,2.1,0.15475,166103.76744899512,216.82196418911795,165678.8042081272,166528.73068986303,135616.78770368377,176.6910622419103,135270.4795852995,135963.09582206805,1.328125,0.7627681366474913,0.0,2.8231230763838093,27387.5,36.236118483117274,27316.478512833564,27458.521487166436,3029.9823770428543,4.0089383994991215,3022.1250021635965,3037.839751922112,27.683132157374775,0.03100555830254578,27.62236237978123,27.74390193496832,0.0,0.0,0.0,0.0,0.0,0.0,0.0,0.0,40.486111111111114,0.8260143741482517,38.86715268706815,42.10506953515408,0.0,0.0,0.0,0.0,76.07638888888889,0.10065588467532573,75.87910698009323,76.27367079768455,76.07638888888889,0.10065588467532573,75.87910698009323,76.27367079768455,1.7314185011673455,0.0022908219425709316,1.7269285726649124,1.7359084296697787,346.03915196718475,0.3875694787818222,345.2795297472654,346.7987741871041,2.1673041336221264,0.0038133145015047313,2.159830174537453,2.1747780927068,0.0,0.0,0.0,0.0,4.048611111111111,0.08260143741482519,3.886715268706814,4.210506953515408,159.76041666666666,0.2113773578181841,159.34612465819578,160.17470867513754,0.9445312499999999,0.04436560712615627,0.8575762578804801,1.0314862421195197,159.74401041666667,0.2081257001085635,159.3360915401967,160.15192929313665,159.74453125,0.20809301744816222,159.33667643036733,160.15238606963266,0.0007812499999999999,0.00044868713920440665,0.0,0.0016606606331669468,0.00026041666666666666,0.0002604166666666666,0.0,0.0007708239543073056,0.9999950678203442,2.8332653206040866e-06,0.9999895147223572,1.0000006209183312
packaging_logistics_dominant,family_three,2.25,0.15475,163925.3200905043,213.90609293777885,163506.07185227258,164344.56832873603,135383.0286513222,176.33240834695363,135037.42348165496,135728.63382098946,0.8854166666666666,0.6244430146119605,0.0,2.109302485703728,25560.625,33.704491084139484,25494.565411357835,25626.684588642165,2914.186309328555,3.8426746795231197,2906.6548053523857,2921.7178133047246,29.910685409104474,0.03508844762776388,29.841913315480635,29.979457502728312,0.0,0.0,0.0,0.0,0.0,0.0,0.0,0.0,36.68402777777777,0.8121572813661199,35.09222875651821,38.27582679903733,0.0,0.0,0.0,0.0,71.0017361111111,0.09362358634483188,70.81823725377176,71.18523496845044,71.0017361111111,0.09362358634483188,70.81823725377176,71.18523496845044,1.665249319616317,0.0021958141025846417,1.660945603058506,1.669553036174128,373.883567613806,0.43860559534704846,373.023916443508,374.743218784104,2.341621034484826,0.004011068879813882,2.3337594839408813,2.349482585028771,0.0,0.0,0.0,0.0,3.6684027777777772,0.08121572813661197,3.5092228756518216,3.827582679903733,159.75390625,0.21065306927587177,159.34103382098647,160.16677867901353,1.01484375,0.04652818774008543,0.9236501777635145,1.1060373222364857,159.74453125,0.20806254813603325,159.33673614912175,160.15232635087824,159.74453125,0.20809301744816222,159.33667643036733,160.15238606963266,0.0005208333333333333,0.0003673194203599768,0.0,0.0012407661680610164,0.0005208333333333333,0.0003673194203599768,0.0,0.0012407661680610164,0.9999967972454448,2.259486433132649e-06,0.9999923687334122,1.0000012257574773
packaging_logistics_dominant,family_three,2.4,0.15475,162000.59330582336,210.67211413930178,161587.68354956343,162413.5030620833,135163.7276952043,176.0954019406417,134818.58704955754,135508.86834085104,1.328125,0.7627681366474913,0.0,2.8231230763838093,23958.75,31.10095346259858,23897.79325132845,24019.70674867155,2810.6841461692547,3.648560831765995,2803.5330983435897,2817.83519399492,32.12764500537666,0.03223888614204892,32.064457949636555,32.19083206111676,0.0,0.0,0.0,0.0,0.0,0.0,0.0,0.0,33.97569444444444,0.7293862986074726,32.54612356835682,35.40526532053207,0.0,0.0,0.0,0.0,66.55208333333333,0.08639153739610714,66.38275903146791,66.72140763519874,66.55208333333333,0.08639153739610714,66.38275903146791,66.72140763519874,1.6061052263824314,0.0020848919038662828,1.6020189133391942,1.6101915394256685,401.5955625672082,0.4029860767756118,400.8057243704569,402.3854007639595,2.514779583566856,0.0040296640417151,2.5068815871752985,2.5226775799584136,0.0,0.0,0.0,0.0,3.397569444444444,0.07293862986074727,3.2546123568356817,3.5405265320532067,159.725,0.2073396897506571,159.318621675523,160.131378324477,1.07421875,0.04763290937735152,0.9808599631415308,1.167577536858469,159.74427083333333,0.2081196787021481,159.33636375860308,160.15217790806358,159.74453125,0.20809301744816222,159.33667643036733,160.15238606963266,0.0007812499999999999,0.00044868713920440654,0.0,0.0016606606331669464,0.0005208333333333333,0.0003673194203599768,0.0,0.0012407661680610164,0.9999950919658822,2.8194387333883128e-06,0.9999895659675081,1.0000006179642562
packaging_logistics_dominant,family_three,3.0,0.15475,156137.49042711288,202.62877988917518,155740.3453162988,156534.63553792695,134406.03312703563,175.0317349317163,134062.9772304179,134749.08902365336,0.8854166666666666,0.6244430146119605,0.0,2.109302485703728,19171.25,24.550774131811085,19123.131366909074,19219.368633090926,2490.2026670410273,3.188962807378643,2483.9524147905277,2496.452919291527,40.85532748064739,0.041295099083347164,40.774390573706015,40.936264387588764,0.0,0.0,0.0,0.0,0.0,0.0,0.0,0.0,28.263888888888886,0.6914383744959135,26.908694577347976,29.619083200429795,0.0,0.0,0.0,0.0,53.25347222222222,0.06819659481058633,53.1198093525252,53.38713509191924,53.25347222222222,0.06819659481058633,53.1198093525252,53.38713509191924,1.422972952594873,0.0018222644613592259,1.4194013798803018,1.4265445253094444,510.69159350809235,0.5161887385418391,509.6798821713252,511.70330484485953,3.1981052986529312,0.005331284772127292,3.187656172508235,3.2085544247976276,0.0,0.0,0.0,0.0,2.826388888888889,0.06914383744959134,2.690869457734798,2.96190832004298,159.76041666666666,0.20458978443175901,159.3594280575756,160.16140527575772,1.4796875,0.06304642922007427,1.3561187693748007,1.6032562306251994,159.74401041666667,0.20802839454202415,159.3362822556026,160.15173857773073,159.74453125,0.20809301744816222,159.33667643036733,160.15238606963266,0.0005208333333333333,0.0003673194203599768,0.0,0.0012407661680610164,0.0,0.0,0.0,0.0,0.9999968371457039,2.230805438346771e-06,0.9999924648473882,1.0000012094440196
packaging_logistics_dominant,family_three,4.5,0.15475,147908.90529580772,192.69553109233973,147531.2289948849,148286.58159673054,133029.8742665017,173.266790956507,132690.2775965101,133369.47093649328,0.8854166666666666,0.6244430146119605,0.0,2.109302485703728,12776.25,16.997988408857207,12742.93455490901,12809.56544509099,2020.4033118466798,2.6880181646403734,2015.1348930541951,2025.6717306391645,62.77702301491562,0.06177000330148118,62.6559560331198,62.89808999671144,0.0,0.0,0.0,0.0,0.0,0.0,0.0,0.0,18.715277777777775,0.6088491956246089,17.52195528233736,19.90860027321819,0.0,0.0,0.0,0.0,35.489583333333336,0.0472166344690478,35.39704043030281,35.58212623636386,35.489583333333336,0.0472166344690478,35.39704043030281,35.58212623636386,1.1545161781981026,0.0015360103797944992,1.1515056531738257,1.1575267032223795,784.7127876864452,0.7721250412685149,783.1994504139974,786.2261249588929,4.914867545398343,0.008120814975097564,4.898951040522038,4.930784050274648,0.0,0.0,0.0,0.0,1.871527777777778,0.060884919562460914,1.7521955282337363,1.9908600273218195,159.703125,0.2124748551107151,159.28668193636264,160.11956806363736,2.0578125000000003,0.09375593076790269,1.8740542523578803,2.24157074764212,159.74427083333333,0.20806136466407615,159.3364780520175,160.15206361464917,159.74453125,0.20809301744816222,159.33667643036733,160.15238606963266,0.0005208333333333333,0.0003673194203599768,0.0,0.0012407661680610164,0.00026041666666666666,0.0002604166666666666,0.0,0.0007708239543073056,0.9999967972454448,2.259486433132649e-06,0.9999923687334122,1.0000012257574773
packaging_logistics_dominant,family_three,5.0,0.15475,146192.30761525326,190.38711070722368,145819.15573514646,146565.45949536006,132672.36525713012,172.82534915734846,132333.63379716617,133011.09671709407,0.14756944444444445,0.14756944444444445,0.0,0.4368002407741399,11503.75,15.431988518447904,11473.503858294007,11533.996141705993,1918.994201754079,2.574281993996494,1913.948701759796,1924.0397017483622,71.14780914682939,0.06531786766922759,71.01978847865075,71.27582981500802,0.0,0.0,0.0,0.0,0.0,0.0,0.0,0.0,25.902777777777782,0.6554458242728032,24.61812756838592,27.187427987169645,0.0,0.0,0.0,0.0,31.954861111111104,0.04286663477346637,31.87084405081668,32.03887817140553,31.954861111111104,0.04286663477346637,31.87084405081668,32.03887817140553,1.0965681152880453,0.0014710182822837065,1.0936849724341693,1.0994512581419214,889.3476143353673,0.8164733458653449,887.7473559831343,890.9478726876004,5.569683968470869,0.008293373830591673,5.553429254452583,5.5859386824891555,0.0,0.0,0.0,0.0,2.590277777777778,0.06554458242728033,2.461812756838592,2.7187427987169643,159.77430555555554,0.21433317386733194,159.3542202540834,160.19439085702768,2.3742187500000003,0.10292672353187741,2.172486078830809,2.5759514211691914,159.74444444444444,0.2080907303759252,159.336594107391,160.1522947814979,159.74453125,0.20809301744816222,159.33667643036733,160.15238606963266,8.680555555555556e-05,8.680555555555556e-05,0.0,0.00025694131810243524,0.0,0.0,0.0,0.0,0.9999994601644554,5.398355444995405e-07,0.9999984021062306,1.00000051822268
packaging_logistics_dominant,family_three,9.0,0.15475,138732.41913858315,180.28427239609476,138379.0684577078,139085.7698194585,130676.95483658077,170.1895057450283,130343.38953477384,131010.5201383877,0.4427083333333333,0.4427083333333333,0.0,1.3104007223224197,6387.5,8.860096438556614,6370.134530080877,6404.865469919123,1457.526226134715,2.0217335303763613,1453.5637012288403,1461.4887510405897,128.60300087319902,0.11870204095804579,128.37034914802985,128.8356525983682,0.0034777722352697022,0.0015487772937459565,0.0004422245194542155,0.006513319951085189,70.97222222222221,0.09844551598396242,70.77927255645419,71.16517188799024,10.416666666666666,0.43376773769124427,9.56649752313641,11.266835810196921,1.742281030963058e-05,7.763273068061046e-06,2.207074694081162e-06,3.2638545925179996e-05,17.743055555555554,0.024611378995990606,17.694818139113547,17.79129297199756,17.743055555555554,0.024611378995990606,17.694818139113547,17.79129297199756,0.8328721292198372,0.001155276303072207,0.8306078292736231,0.8351364291660514,1607.5375109149875,1.4837755119755724,1604.629364350373,1610.445657479602,10.066143449486558,0.016697612972709955,10.033416729432258,10.09887016954086,0.0034777722352697022,0.0015487772937459565,0.0004422245194542155,0.006513319951085189,1.0416666666666667,0.04337677376912443,0.9566497523136411,1.1266835810196925,159.6875,0.22150241096391532,159.25336325202193,160.12163674797807,4.447579030470595,0.1890315698709875,4.077083961582392,4.818074099358798,159.74427083333333,0.2080466197626712,159.3365069514932,160.15203471517347,159.74453125,0.20809301744816222,159.33667643036733,160.15238606963266,0.00026041666666666666,0.0002604166666666666,0.0,0.0007708239543073056,0.0,0.0,0.0,0.0,0.9999984392168614,1.5607831385476326e-06,0.9999953801381222,1.0000014982956007
packaging_logistics_dominant,family_three,10.0,0.15475,137873.15558082802,179.30016890900953,137521.73370734442,138224.57745431163,130319.76073083623,169.74901449047456,129987.05877602374,130652.46268564873,0.14756944444444445,0.14756944444444445,0.0,0.4368002407741399,5748.125,8.149128490646596,5732.153001652943,5764.096998347057,1390.8071300661516,1.97175009392046,1386.942570895554,1394.6716892367492,144.5605150287649,0.13648801066833044,144.29300344353345,144.82802661399637,0.08102434130531978,0.013935692240681481,0.05371088641394979,0.10833779619668978,255.47222222222226,0.36218348847318177,254.76235562901974,256.1820888154248,14.201388888888888,0.4712564016189432,13.277743314231815,15.12503446354596,0.0004066113798108805,7.002426154145872e-05,0.0002693663491456082,0.0005438564104761527,15.967013888888891,0.02263646802957386,15.922647226813734,16.01138055096405,15.967013888888891,0.02263646802957386,15.922647226813734,16.01138055096405,0.7947469314663724,0.001126714339383119,0.7925386119403167,0.7969552509924281,1807.0064378595616,1.7061001333541312,1803.6625430441686,1810.3503326749546,11.319494173614194,0.018007132660336975,11.284200842135098,11.35478750509329,0.08102434130531978,0.013935692240681481,0.05371088641394979,0.10833779619668978,1.4201388888888886,0.04712564016189433,1.3277743314231814,1.5125034463545959,159.67013888888889,0.2263646802957387,159.22647226813731,160.11380550964046,4.664422913367436,0.2058361526192743,4.260991467517369,5.067854359217503,159.74444444444444,0.2080907303759252,159.336594107391,160.1522947814979,159.74453125,0.20809301744816222,159.33667643036733,160.15238606963266,8.680555555555556e-05,8.680555555555556e-05,0.0,0.00025694131810243524,0.0,0.0,0.0,0.0,0.9999994601644554,5.398355444995405e-07,0.9999984021062306,1.00000051822268
packaging_logistics_dominant,family_four,1.8,0.15475,228961.68234105737,301.81006198800844,228370.14548938908,229553.21919272566,181792.10300758854,239.4090592205408,181322.86987394365,182261.33614123342,0.4427083333333333,0.4427083333333333,0.0,1.3104007223224197,42656.875,56.52179463692796,42546.09431817005,42767.65568182995,4420.402101900118,5.857181516842086,4408.9222370761945,4431.881966724042,23.040078790915004,0.03075047233656525,22.97980897262774,23.100348609202268,0.0,0.0,0.0,0.0,0.0,0.0,0.0,0.0,68.81944444444444,1.0475642627343706,66.76625621799383,70.87263267089506,0.0,0.0,0.0,0.0,118.49131944444446,0.15700498510257765,118.18359532825016,118.79904356063875,118.49131944444446,0.15700498510257765,118.18359532825016,118.79904356063875,2.525944058228639,0.0033469608667669047,2.519384135472111,2.5325039809851675,288.0009848864375,0.3843809042070655,287.24761215784673,288.75435761502825,1.3506836965832771,0.002359592789546547,1.3460589796975855,1.3553084134689688,0.0,0.0,0.0,0.0,6.881944444444444,0.10475642627343708,6.676625621799381,7.087263267089506,213.28437499999998,0.2826089731846397,212.73047159085024,213.83827840914972,0.7679687500000001,0.03550177427344301,0.6983865510367812,0.837550948963219,213.31119791666666,0.2809177756874509,212.76060919370215,213.86178663963116,213.31041666666667,0.2809168410054839,212.75982977564516,213.86100355768818,0.00026041666666666666,0.00026041666666666655,0.0,0.0007708239543073056,0.0010416666666666667,0.0005167268303652458,2.8900689305246885e-05,0.002054432644028086,0.9999987988161131,1.201183886839069e-06,0.9999964445389561,1.0000011530932702
packaging_logistics_dominant,family_four,2.0,0.15475,223967.88221713438,295.38854290509295,223388.93131159464,224546.8331226741,181313.7803819444,238.80219016796488,180845.7366897859,181781.82407410291,1.9184027777777777,0.8385263854826686,0.2749212621451973,3.5618842934103583,38393.75,51.01385385697021,38293.76468372775,38493.73531627225,4159.489990109204,5.526722825328631,4148.657812419025,4170.322167799383,27.15524785851458,0.03148898834729242,27.093530575444287,27.216965141584875,0.0,0.0,0.0,0.0,0.0,0.0,0.0,0.0,71.78819444444444,1.0644675590226267,69.70187636604884,73.87451252284005,0.0,0.0,0.0,0.0,106.64930555555556,0.14170514960269504,106.37156856591041,106.9270425452007,106.64930555555556,0.14170514960269504,106.37156856591041,106.9270425452007,2.3768514229195454,0.003158127328759218,2.3706616070965856,2.3830412387425053,339.4405982314322,0.3936123543411552,338.66913219305354,340.21206426981087,1.5920398574843964,0.0028883852294674574,1.5863787264611626,1.59770098850763,0.0,0.0,0.0,0.0,7.178819444444444,0.10644675590226267,6.970187636604883,7.387451252284005,213.29861111111111,0.28341029920539007,212.74313713182082,213.8540850904014,0.9330729166666666,0.03892979841040579,0.8567719138568666,1.0093739194764666,213.3103298611111,0.2809437531387822,212.75969022327757,213.8609694989446,213.31041666666667,0.2809168410054839,212.75982977564516,213.86100355768818,0.0011284722222222223,0.0004932508149898049,0.00016171838949717533,0.0020952260549472693,0.0010416666666666667,0.0005167268303652459,2.890068930524667e-05,0.0020544326440280866,0.9999947008570084,2.3201195839845157e-06,0.9999901535061839,0.9999992482078328
packaging_logistics_dominant,family_four,2.1,0.15475,221793.9972375743,292.3005541605742,221221.09867875848,222366.89579639013,181093.1380172301,238.42966304951972,180625.82446480702,181560.4515696532,2.65625,1.0701215518801728,0.5588502992347504,4.75364970076525,36568.75,48.42944009111883,36473.83004162997,36663.66995837003,4045.73867824686,5.357931538334733,4035.2373254000927,4056.2400310936277,27.37748654177771,0.030849432777819933,27.317022764589694,27.437950318965726,0.0,0.0,0.0,0.0,0.0,0.0,0.0,0.0,56.33680555555555,0.9903548501415971,54.395745717363454,58.277865393747646,0.0,0.0,0.0,0.0,101.5798611111111,0.13452622247533008,101.31619456008323,101.84352766213897,101.5798611111111,0.13452622247533008,101.31619456008323,101.84352766213897,2.3118506732839195,0.0030616751647627016,2.305849900228624,2.317851446339215,342.21858177222134,0.3856179097227492,341.46278455737115,342.97437898707153,1.6051813689835575,0.0028374618141644528,1.5996200460202874,1.6107426919468275,0.0,0.0,0.0,0.0,5.6336805555555545,0.09903548501415971,5.439574571736345,5.827786539374764,213.31770833333334,0.282505067198193,212.7640085761748,213.87140809049188,0.9296875,0.04582414469907575,0.8398738267674595,1.0195011732325405,213.3109375,0.28084805150410014,212.76048543392372,213.86138956607627,213.31041666666667,0.2809168410054839,212.75982977564516,213.86100355768818,0.0015624999999999999,0.0006294832658118664,0.0003287354701380883,0.0027962645298619114,0.0020833333333333333,0.0007229462294854069,0.0006663847607829068,0.0035002819058837596,0.9999927074294179,2.9381821123527515e-06,0.9999869486982977,0.9999984661605381
packaging_logistics_dominant,family_four,2.25,0.15475,218887.67529332556,288.31830783501283,218322.58179388542,219452.7687927657,180779.96176290893,238.14571654086473,180313.20473541637,181246.7187904015,1.328125,0.7627681366474913,0.0,2.8231230763838093,34130.625,45.3123025361287,34041.814518972606,34219.435481027394,3891.258531582343,5.166090097364206,3881.1331810506204,3901.3838821140657,29.55395716760297,0.036524486138746655,29.482370490217193,29.625543844988748,0.0,0.0,0.0,0.0,0.0,0.0,0.0,0.0,54.947916666666664,0.9108029982236029,53.162775593137304,56.733057740196024,0.0,0.0,0.0,0.0,94.80729166666667,0.12586750704480193,94.56059588603502,95.05398744729833,94.80729166666667,0.12586750704480193,94.56059588603502,95.05398744729833,2.2235763037613387,0.002952051484208113,2.2177903891717827,2.2293622183508948,369.42446459503714,0.45655607673433346,368.52963112771494,370.31929806235934,1.7329224235505236,0.002872739583356319,1.7272919574301826,1.7385528896708646,0.0,0.0,0.0,0.0,5.494791666666667,0.09108029982236031,5.316277559313731,5.673305774019603,213.31640625,0.2832018908508043,212.76134074357878,213.87147175642122,1.0414062499999999,0.0482496078686796,0.9468387563092074,1.1359737436907922,213.31041666666667,0.28099885367459065,212.75966903376744,213.8611642995659,213.31041666666667,0.2809168410054839,212.75982977564516,213.86100355768818,0.0007812499999999999,0.00044868713920440654,0.0,0.0016606606331669464,0.0007812499999999999,0.00044868713920440654,0.0,0.0016606606331669464,0.9999962905634566,2.1304284365662053e-06,0.9999921150004493,1.0000004661264639
packaging_logistics_dominant,family_four,2.4,0.15475,216326.48521335315,284.69677107869273,215768.48979552407,216884.48063118223,180488.07959834448,237.7026227604332,180022.19101870334,180953.96817798563,0.8854166666666666,0.6244430146119605,0.0,2.109302485703728,32000.625,42.056096256426876,31918.196566007053,32083.053433992947,3754.104423436427,4.93374666865789,3744.4344576570134,3763.774389215841,31.766469349995663,0.03775998664212764,31.69246113612038,31.840477563870948,0.0,0.0,0.0,0.0,0.0,0.0,0.0,0.0,51.02430555555554,0.9445925062203663,49.1729382632972,52.87567284781389,0.0,0.0,0.0,0.0,88.890625,0.11682248960118576,88.66165712779737,89.11959287220263,88.890625,0.11682248960118576,88.66165712779737,89.11959287220263,2.145202527677959,0.0028192838106616495,2.1396768329468654,2.1507282224090525,397.0808668749458,0.471999833026596,396.1557642015047,398.0059695483869,1.8623825682771953,0.0034469258818493687,1.8556267176913916,1.869138418862999,0.0,0.0,0.0,0.0,5.1024305555555545,0.09445925062203661,4.91729382632972,5.287567284781389,213.3375,0.28037397504284584,212.7879771067137,213.88702289328631,1.125,0.049774524329734275,1.0274437249661081,1.2225562750338919,213.31119791666666,0.28093063720218464,212.7605839855965,213.86181184773682,213.31041666666667,0.2809168410054839,212.75982977564516,213.86100355768818,0.0005208333333333333,0.0003673194203599767,0.0,0.0012407661680610164,0.0013020833333333333,0.0005761796261316658,0.00017279201748951478,0.0024313746491771517,0.9999975640835865,1.7179822087979446e-06,0.9999941969003312,1.0000009312668419
packaging_logistics_dominant,family_four,3.0,0.15475,208476.65489234336,275.3730193577416,207936.93369208815,209016.37609259857,179475.9431296368,236.45790636494894,179012.49414930178,179939.39210997184,1.7708333333333333,0.878435611620918,0.04913117181891935,3.492535494847747,25593.75,34.65695290727034,25525.82362048785,25661.67637951215,3324.4376088977665,4.501680201405745,3315.614477833094,3333.260739962439,40.54498714216665,0.04303660533077755,40.46063694570146,40.629337338631835,0.0,0.0,0.0,0.0,0.0,0.0,0.0,0.0,40.208333333333336,0.8313767752632732,38.57886479623427,41.8378018704324,0.0,0.0,0.0,0.0,71.09375,0.09626931363130649,70.90506561246625,71.28243438753375,71.09375,0.09626931363130649,70.90506561246625,71.28243438753375,1.8996786336558669,0.002572388686517569,1.8946368444760542,1.9047204228356795,506.8123392770831,0.5379575666347186,505.7579618212682,507.86671673289794,2.3770626250739313,0.003959171372123262,2.3693027917759477,2.384822458371915,0.0,0.0,0.0,0.0,4.020833333333333,0.08313767752632734,3.8578864796234265,4.18378018704324,213.28125,0.2888079408939195,212.71519683739874,213.84730316260126,1.2453125,0.061649045858008865,1.1244825904370446,1.3661424095629555,213.31041666666667,0.2810345144385312,212.75959913995445,213.8612341933789,213.31041666666667,0.2809168410054839,212.75982977564516,213.86100355768818,0.0010416666666666667,0.0005167268303652459,2.890068930524667e-05,0.0020544326440280866,0.0010416666666666667,0.0005167268303652459,2.890068930524667e-05,0.0020544326440280866,0.9999950712868921,2.4451684626224625e-06,0.9999902788447692,0.9999998637290151
packaging_logistics_dominant,family_four,4.5,0.15475,197494.7314523986,260.4804859403689,196984.19908128,198005.26382351722,177638.24895920398,234.00077562304082,177179.6158666284,178096.88205177957,0.8854166666666666,0.6244430146119605,0.0,2.109302485703728,17066.875,23.154696511717408,17021.492628764077,17112.257371235923,2698.9117129731576,3.661624147702073,2691.7350615187393,2706.088364427576,62.39716911035155,0.06442752825053454,62.270893475367565,62.52344474533553,0.0,0.0,0.0,0.0,0.0,0.0,0.0,0.0,27.413194444444443,0.6873627702663696,26.06598817040868,28.760400718480206,0.0,0.0,0.0,0.0,47.407986111111114,0.06431860142143725,47.28192396878911,47.53404825343312,47.407986111111114,0.06431860142143725,47.28192396878911,47.53404825343312,1.54223526455609,0.0020923566558297556,1.5381343208678508,1.546336208244329,779.9646138793945,0.8053441031316814,778.3861684420947,781.5430593166943,3.6581086913961074,0.005667111431265978,3.647001357094451,3.669216025697764,0.0,0.0,0.0,0.0,2.741319444444444,0.06873627702663695,2.606598817040868,2.8760400718480206,213.3359375,0.2894337063964676,212.76865785955098,213.90321714044902,2.165625,0.0911089039497606,1.98705482958755,2.34419517041245,213.3106770833333,0.2809916455416048,212.7599435781151,213.8614105885515,213.31041666666667,0.2809168410054839,212.75982977564516,213.86100355768818,0.0005208333333333333,0.0003673194203599767,0.0,0.0012407661680610164,0.0007812499999999999,0.00044868713920440654,0.0,0.0016606606331669464,0.9999975198137122,1.749169351873582e-06,0.9999940915047797,1.0000009481226448
packaging_logistics_dominant,family_four,5.0,0.15475,195178.086858634,256.9324237224431,194674.50856167742,195681.66515559057,177160.3769688184,233.33367570308747,176703.05136806,177617.7025695768,0.5902777777777778,0.465922014111581,0.0,1.5034681450408394,15356.25,20.457584456140093,15316.15387125528,15396.34612874472,2561.6476984188707,3.4126250964448293,2554.9590761371014,2568.33632070064,70.95802473001451,0.05988699734573658,70.84064837207463,71.0754010879544,0.0,0.0,0.0,0.0,0.0,0.0,0.0,0.0,28.263888888888886,0.6918764327466013,26.907835998953498,29.619941778824273,0.0,0.0,0.0,0.0,42.65625,0.05682662348927804,42.544871864597994,42.767628135402006,42.65625,0.05682662348927804,42.544871864597994,42.767628135402006,1.463798684810783,0.0019500714836827616,1.459976614935486,1.4676207546860798,886.9753091251814,0.7485874668217074,885.5081046509328,888.4425135994301,4.159579825779548,0.00651476888413782,4.1468111133990355,4.17234853816006,0.0,0.0,0.0,0.0,2.826388888888889,0.06918764327466012,2.69078359989535,2.9619941778824277,213.28125,0.28413311744639025,212.72435932298998,213.83814067701002,2.3369791666666666,0.1004451870415992,2.1401102176447426,2.5338481156885906,213.3103298611111,0.2809459100478849,212.7596859958134,213.86097372640876,213.31041666666667,0.2809168410054839,212.75982977564516,213.86100355768818,0.00034722222222222224,0.00027407177300681234,0.0,0.0008843930264946114,0.00026041666666666666,0.0002604166666666666,0.0,0.0007708239543073056,0.9999983609773787,1.2920588142155976e-06,0.9999958285886369,1.0000008933661204
packaging_logistics_dominant,family_four,9.0,0.15475,185213.5927780893,244.30783218848524,184734.75822585882,185692.4273303198,174496.52848394823,229.83619791704137,174046.05781368722,174946.99915420925,0.0,0.0,0.0,0.0,8533.125,12.226641235026584,8509.161223527455,8557.088776472545,1947.1238322326087,2.789925676335238,1941.655678387448,1952.5919860777694,128.2182396862532,0.11152519172257118,127.99965432710805,128.43682504539836,0.0,0.0,0.0,0.0,94.8125,0.1358515692780732,94.54623581697173,95.07876418302827,13.784722222222221,0.4573900755305548,12.88825414729628,14.681190297148163,0.0,0.0,0.0,0.0,23.703125,0.0339628923195183,23.636558954242933,23.769691045757067,23.703125,0.0339628923195183,23.636558954242933,23.769691045757067,1.112642189847205,0.001594243243620142,1.1095175305071132,1.1157668491872967,1602.7279960781652,1.3940648965321407,1599.9956790888507,1605.4603130674798,7.514398194132741,0.011826092046530342,7.491219479643686,7.537576908621796,0.0,0.0,0.0,0.0,1.378472222222222,0.045739007553055475,1.2888254147296279,1.4681190297148163,213.328125,0.3056660308756646,212.7290305881864,213.9272194118136,4.3671875,0.18542946952068112,4.003752418067097,4.730622581932903,213.3109375,0.2809601731052749,212.76026567962353,213.86160932037646,213.31041666666667,0.2809168410054839,212.75982977564516,213.86100355768818,0.0,0.0,0.0,0.0,0.0005208333333333333,0.0003673194203599767,0.0,0.0012407661680610164,1.0,0.0,1.0,1.0
packaging_logistics_dominant,family_four,10.0,0.15475,184059.39651074362,242.28559694959412,183584.52546674962,184534.26755473763,174018.44857710815,229.1955173124968,173569.23361775762,174467.66353645868,0.5902777777777778,0.465922014111581,0.0,1.5034681450408394,7682.5,10.632792799754592,7661.660109057404,7703.339890942596,1858.8454107614587,2.572693537182081,1853.8030240853227,1863.8877974375946,143.81780065178168,0.11983865083963682,143.5829212121801,144.05268009138325,0.0,0.0,0.0,0.0,341.4444444444444,0.4725685688779817,340.5182270692179,342.3706618196709,13.75,0.5305414308156396,12.710157903294997,14.789842096705003,0.0,0.0,0.0,0.0,21.340277777777775,0.029535535554873857,21.28238919182612,21.39816636372943,21.340277777777775,0.029535535554873857,21.28238919182612,21.39816636372943,1.0621973775779765,0.0014701105926754722,1.0593160137630417,1.0650787413929113,1797.7225081472714,1.49798313549546,1794.786515152252,1800.6585011422908,8.434612970711397,0.013247339579491086,8.408648662244623,8.460577279178171,0.0,0.0,0.0,0.0,1.375,0.05305414308156396,1.2710157903294999,1.4789842096705001,213.40277777777774,0.2953553555487387,212.82389191826118,213.9816636372943,4.8890625000000005,0.21405103487086125,4.469530180799585,5.308594819200416,213.3103298611111,0.2809459100478849,212.7596859958134,213.86097372640876,213.31041666666667,0.2809168410054839,212.75982977564516,213.86100355768818,0.00034722222222222224,0.00027407177300681234,0.0,0.0008843930264946114,0.00026041666666666666,0.0002604166666666666,0.0,0.0007708239543073056,0.9999983609773787,1.2920588142155976e-06,0.9999958285886369,1.0000008933661204
consumer_inconvenience_dominant,single_low,1.8,0.1905,29757.32452312077,58.61590941710158,29642.43945174219,29872.20959449935,27276.139952575657,54.519279976616126,27169.284127358434,27382.99577779288,0.2310907855442836,0.22183861513582387,0.0,0.6658864815907405,2133.5416666666665,4.5714933139880145,2124.5817044156843,2142.5016289176488,132.6554568447616,0.28423796146306973,132.0983606772549,133.2125530122683,25.27202833758903,0.047763512101670874,25.178413574094613,25.36564310108345,0.039883466108846334,0.006619065159591565,0.026910336784723002,0.052856595432969666,0.0,0.0,0.0,0.0,189.44444444444443,9.87994314015612,170.08011172043487,208.808777168454,0.00020171261725381137,3.3389364901757466e-05,0.00013627066457970097,0.0002671545699279218,17.779513888888886,0.03809577761656679,17.704847536797367,17.854180240980405,17.779513888888886,0.03809577761656679,17.704847536797367,17.854180240980405,0.37901559098503307,0.0008121084613230568,0.3774238876492996,0.3806072943207665,315.9003542198629,0.5970439012708858,314.73016967618264,317.07053876354314,9.885514650558472,0.02950192317517315,9.827691943660465,9.943337357456478,0.039883466108846334,0.006619065159591565,0.026910336784723002,0.052856595432969666,2.3680555555555554,0.12349928925195153,2.1260013965054356,2.610109714605675,32.003125000000004,0.0685723997098202,31.868725566235273,32.13752443376474,0.8539321180996219,0.03914010417519589,0.7772189235650921,0.9306453126341516,32.00507239757713,0.06397978643500471,31.879674320425956,32.130470474728305,32.005208333333336,0.06396990774180503,31.87982961806505,32.130587048601626,0.00013593575620251977,0.00013049330302107294,0.0,0.00039169793034749456,0.0,0.0,0.0,0.0,0.9999956327499642,4.199225441614692e-06,0.9999874024193356,1.0000038630805927
consumer_inconvenience_dominant,single_low,2.0,0.1905,29504.786114370992,57.866807509582486,29391.3692557519,29618.202972990086,27205.252705768915,54.34149622717516,27098.745330297632,27311.760081240198,0.0022280928625392784,0.0022280928625392784,0.0,0.006595074627327018,1921.25,4.060045069772796,1913.292457887636,1929.207542112364,124.88626628288164,0.2639135300997503,124.3690052688533,125.40352729690997,28.35146216836672,0.03620976216532608,28.28049233863392,28.42243199809952,0.18234094685183364,0.01566554666939908,0.15163703958168004,0.21304485412198723,0.0,0.0,0.0,0.0,224.8611111111111,5.341035362982205,214.39287415951114,235.32934806271103,0.0009183275942613038,7.912065690285529e-05,0.000763253956298557,0.0010734012322240506,16.010416666666668,0.03383370891477328,15.944103815730301,16.076729517603034,16.010416666666668,0.03383370891477328,15.944103815730301,16.076729517603034,0.356817903665376,0.000754038657427858,0.3553400150538665,0.35829579227688557,354.393277104584,0.4526220270665758,353.506154232924,355.280399976244,11.079417963852984,0.0260476912233296,11.028365427174839,11.13047050053113,0.18234094685183364,0.01566554666939908,0.15163703958168004,0.21304485412198723,2.810763888888889,0.06676294203727758,2.6799109269938897,2.941616850783888,32.020833333333336,0.06766741782954656,31.888207631460602,32.15345903520607,0.9654780681449462,0.0425081072974711,0.8821637087909386,1.0487924274989537,32.00526132625152,0.0639659383707491,31.879890390807542,32.130632261695496,32.005208333333336,0.06396990774180503,31.87982961806505,32.130587048601626,1.3106428603172223e-06,1.3106428603172228e-06,0.0,3.8794556631335395e-06,5.430356105277115e-05,4.4185487943916464e-05,0.0,0.00014090552606217617,0.9999999601325366,3.986746343181204e-08,0.9999998819937441,1.000000038271329
consumer_inconvenience_dominant,single_low,2.1,0.1905,29432.664159772004,58.55646937796458,29317.89558872937,29547.43273081464,27172.51237742181,54.27050681586706,27066.144138639975,27278.88061620364,0.052580928243068176,0.050082159607855885,0.0,0.15074015734245233,1828.9583333333333,3.85361388187149,1821.4053889145416,1836.511277752125,121.40673340054411,0.25580389922406205,120.90536697096003,121.9080998301282,30.125942205960694,0.04296870939369566,30.04172508308688,30.210159328834507,0.30263692655797936,0.022056432424754253,0.2594071133780196,0.34586673973793913,0.0,0.0,0.0,0.0,279.30555555555554,7.227527194271483,265.1398625574996,293.4712485536115,0.0015228653738091676,0.0001111396383339987,0.0013050356854197231,0.0017406950621986121,15.241319444444443,0.03211344901559575,15.178378240954512,15.304260647934374,15.241319444444443,0.03211344901559575,15.178378240954512,15.304260647934374,0.34687638114441177,0.0007308682834973187,0.34544390563131444,0.3483088566575091,376.5742775745087,0.5371088674211959,375.52156353858607,377.62699161043133,11.773910630802343,0.030485748185038596,11.71415966231791,11.833661599286776,0.30263692655797936,0.022056432424754253,0.2594071133780196,0.34586673973793913,3.491319444444444,0.09034408992839355,3.314248281968745,3.6683906069201435,32.00677083333333,0.06743824293275097,31.87459430600447,32.13894736066218,1.0486930999527226,0.043738425239113636,0.9629673617435622,1.1344188381618832,32.00517906116038,0.06397387881017447,31.879792562741113,32.13056555957966,32.005208333333336,0.06396990774180503,31.87982961806505,32.130587048601626,3.0929957790040104e-05,2.946009388697406e-05,0.0,8.867068078967788e-05,1.6577848371240755e-06,1.657784837124075e-06,0.0,4.906983412003862e-06,0.9999989831127148,9.698174264736353e-07,0.9999970823054873,1.0000008839199424
consumer_inconvenience_dominant,single_low,2.25,0.1905,29259.75891488517,58.249131250656696,29145.592715503135,29373.925114267204,27127.31577303479,54.14502076304613,27021.193482397044,27233.438063672533,0.1551486403165917,0.08340443877934983,0.0,0.31861833647489324,1707.2916666666667,3.5547315742350074,1700.3245208064588,1714.2588125268746,116.78977335720226,0.24316659127795848,116.3131755960541,117.26637111835043,32.21088415808971,0.043105081382878274,32.1263997510286,32.295368565150824,0.7178912503223503,0.03482627560636413,0.6496330044182108,0.7861494962264899,0.0,0.0,0.0,0.0,275.27777777777777,5.5210900081559195,264.4566402063882,286.0989153491673,0.0036215202899697574,0.00017573969520908527,0.003277076816705904,0.003965963763233611,14.227430555555555,0.029622763118625058,14.169371006720489,14.285490104390622,14.227430555555555,0.029622763118625058,14.169371006720489,14.285490104390622,0.3336850667348636,0.0006947616893655957,0.33232335884586883,0.33504677462385835,402.63605197612134,0.5388135172859787,401.5799968878575,403.6921070643852,12.584869418620862,0.028164490387971898,12.529668031817513,12.64007080542421,0.7178912503223503,0.03482627560636413,0.6496330044182108,0.7861494962264899,3.440972222222222,0.069013625101949,3.3057080025798524,3.5762364418645913,32.01171875,0.06665121701690639,31.881084765121102,32.1423527348789,1.1220321825543875,0.04667926904661855,1.0305424963983598,1.2135218687104152,32.005119792440674,0.0639740771923278,31.879732905199525,32.13050667968182,32.005208333333336,0.06396990774180503,31.87982961806505,32.130587048601626,9.126390606858336e-05,4.906143457608813e-05,0.0,0.0001874225508675842,2.7230134132894234e-06,2.723013413289424e-06,0.0,8.060021632756175e-06,0.9999970927931244,1.5743082105092335e-06,0.9999940072057313,1.0000001783805177
consumer_inconvenience_dominant,single_low,2.4,0.1905,29076.939794516813,57.82776089587695,28963.599465854302,29190.280123179324,27086.65393845117,53.9855313829066,26980.844241254417,27192.463635647924,0.0961463053511374,0.07230416800291664,0.0,0.23785987056898739,1598.9583333333333,3.373685457051101,1592.3460313423466,1605.57063532432,112.54761215552266,0.2374672525476989,112.08218489302149,113.01303941802382,34.29732687567901,0.04757810028914401,34.20407551265946,34.390578238698566,1.4697707290882367,0.05912704964683147,1.3538838412683354,1.585657616908138,0.0,0.0,0.0,0.0,242.91666666666666,5.480062626232893,232.1759412862262,253.65739204710712,0.007389558224029484,0.00029911351328401067,0.00680330651070358,0.007975809937355388,13.324652777777777,0.028114045475425835,13.269550261186222,13.379755294369332,13.324652777777777,0.028114045475425835,13.269550261186222,13.379755294369332,0.3215646061586362,0.0006784778644219971,0.32023481398006143,0.32289439833721095,428.7165859459876,0.5947262536142999,427.55094390824314,429.8822279837321,13.401054916220232,0.03088018621551152,13.34053086340194,13.461578969038525,1.4697707290882367,0.05912704964683147,1.3538838412683354,1.585657616908138,3.0364583333333335,0.06850078282791117,2.9021992660778277,3.170717400588839,31.979166666666668,0.06747370914102199,31.846920626846934,32.111412706486405,1.09485913987123,0.0494405029874582,0.997957534638267,1.191760745104193,32.005176656803805,0.06396658424435106,31.87980445547083,32.13054885813678,32.005208333333336,0.06396990774180503,31.87982961806505,32.130587048601626,5.6556650206551413e-05,4.253186353112744e-05,0.0,0.00013991757092293378,2.4880120679632078e-05,1.6609475223382218e-05,0.0,5.7434093919571596e-05,0.9999982841036853,1.289700528867669e-06,0.9999957563370979,1.0000008118702728
consumer_inconvenience_dominant,single_low,3.0,0.1905,28543.315565281493,56.04288384968148,28433.473531346357,28653.15759921663,26971.498017681446,53.2808244768167,26867.069520640285,27075.926514722607,0.298235968814017,0.2107374222522295,0.0,0.7112737266231965,1281.0416666666667,2.7621680003659255,1275.6279168667006,1286.4554164666329,99.83866596880277,0.2152710372456654,99.41674248888668,100.26058944871886,42.89343879654282,0.05287434064249244,42.78980699317723,42.997070599908405,10.106651310328937,0.16674865316244492,9.779829955659984,10.43347266499789,0.0,0.0,0.0,0.0,137.63888888888889,3.9875577081701694,129.82341939460028,145.4543583831775,0.051070833064888445,0.0008418023308126421,0.0494209308143938,0.05272073531538309,10.675347222222221,0.023018066669716057,10.630232640555835,10.720461803888607,10.675347222222221,0.023018066669716057,10.630232640555835,10.720461803888607,0.2852533313394365,0.000615060106416187,0.2840478356825334,0.28645882699633957,536.1679849567852,0.6609292580311558,534.8725874147153,537.463382498855,16.718541751031548,0.03669482621867821,16.646621213223984,16.790462288839112,10.106651310328937,0.16674865316244492,9.779829955659984,10.43347266499789,1.720486111111111,0.049844471352127113,1.6227927424325033,1.8181794797897186,32.026041666666664,0.06905420000914812,31.89069792166751,32.16138541166582,1.4053540253803145,0.061238891187973356,1.2853280041987194,1.5253800465619096,32.00504420916198,0.0639857743931837,31.879634395828436,32.13045402249553,32.005208333333336,0.06396990774180503,31.87982961806505,32.130587048601626,0.00017543292283177467,0.00012396318956013505,0.0,0.000418396309778351,1.130875147861035e-05,1.1308751478610348e-05,0.0,3.347349708680071e-05,0.9999943295792376,4.001365505200761e-06,0.9999864870469585,1.0000021721115169
consumer_inconvenience_dominant,single_low,4.5,0.1905,28207.936885400835,53.095837197473244,28103.870956764786,28312.002814036885,27002.35128557785,51.529461603207544,26901.355396692823,27103.347174462877,0.12297580764221065,0.12297580764221068,0.0,0.3640039615906691,863.9583333333334,2.026437305468869,859.986589197686,867.9300774689807,81.97448913245456,0.19227334984298028,81.59764029157546,82.35133797333367,65.06740995433334,0.0875867734006283,64.89574303294604,65.23907687572064,82.03009992855726,0.5077237120243188,81.03497973889262,83.02522011822191,21.598958333333332,0.05066093263672171,21.499664729942147,21.698251936724517,90.83333333333333,3.266676461145697,84.43076512034301,97.23590154632365,0.4195208412573539,0.002622480730797479,0.41438087347484054,0.42466080903986725,7.199652777777776,0.016886977545573893,7.166554909980714,7.232750645574837,7.199652777777776,0.016886977545573893,7.166554909980714,7.232750645574837,0.23421282609272734,0.0005493524281228008,0.233136115118787,0.23528953706666766,813.3426244291668,1.0948346675078542,811.1967879118255,815.4884609465081,24.94200094640306,0.05946886707966456,24.825444108725517,25.0585577840806,82.03009992855726,0.5077237120243188,81.03497973889262,83.02522011822191,1.1354166666666667,0.04083345576432121,1.0553845640042878,1.2154487693290457,32.3984375,0.07599139895508257,32.249497094913224,32.547377905086776,2.2204551567076045,0.09693717099852965,2.030461792787286,2.410448520627923,32.00530809798439,0.0639663979128861,31.879936261854375,32.130679934114404,32.005208333333336,0.06396990774180503,31.87982961806505,32.130587048601626,7.233871037777097e-05,7.233871037777098e-05,0.0,0.00021411997740627595,0.00017210336143151268,0.00012589026638548217,0.0,0.00041884374955121115,0.9999977429419539,2.2570580461081517e-06,0.9999933191894724,1.0000021666944352
consumer_inconvenience_dominant,single_low,5.0,0.1905,28292.96042663345,52.59399076811216,28189.878098924717,28396.042754342183,27078.832282050465,50.971070288085755,26978.930820032358,27178.733744068573,0.10669926343070076,0.09232085302956422,0.0,0.28764481039066214,783.75,1.9850279471922758,779.8594167151977,787.6405832848023,78.44459618601377,0.19867906313932995,78.05519237777852,78.83399999424901,72.45424461512273,0.09004715216340643,72.27775543997205,72.63073379027341,116.55316007396944,0.6267733133114556,115.32470695340814,117.78161319453073,78.375,0.19850279471922758,77.98594167151977,78.76405832848023,84.44444444444444,3.267727465645756,78.03981630048642,90.84907258840246,0.5991161158500217,0.003189617609004586,0.5928645802119179,0.6053676514881254,6.53125,0.016541899559935628,6.498828472626647,6.563671527373353,6.53125,0.016541899559935628,6.498828472626647,6.563671527373353,0.2241274176743251,0.0005676544661123715,0.22301483536508154,0.22523999998356864,905.6780576890343,1.12558940204258,903.4719429996509,907.8841723784177,27.647055389852543,0.06432304752654561,27.520984533324654,27.773126246380432,116.55316007396944,0.6267733133114556,115.32470695340814,117.78161319453073,1.0555555555555556,0.040846593320571944,0.9754977037560802,1.135613407355031,32.65625,0.08270949779967812,32.494142363133236,32.818357636866764,2.579569480818804,0.10803603117571232,2.3678227506817615,2.7913162109558467,32.005209666063074,0.06396261431260014,31.87984524565335,32.1305740864728,32.005208333333336,0.06396990774180503,31.87982961806505,32.130587048601626,6.276427260629456e-05,5.430638413503778e-05,0.0,0.00016920282964156597,6.40970023477756e-05,6.409700234777557e-05,0.0,0.00018972481846639503,0.9999980276380431,1.7075256837328468e-06,0.9999946809492003,1.0000013743268859
consumer_inconvenience_dominant,single_low,9.0,0.1905,30352.317246053088,52.41279382263328,30249.590057831603,30455.044434274572,28044.806587956653,50.00994012793594,27946.788906436894,28142.824269476412,0.0,0.0,0.0,0.0,466.4583333333333,1.3696216670168706,463.7739241935345,469.1427424731321,63.86303757956217,0.1875155694302409,63.49551381693838,64.23056134218596,131.21327840409882,0.18066335753811055,130.85918472999805,131.56737207819958,431.0801754461059,1.1304864244785109,428.8644627691166,433.2958881230952,1166.1458333333333,3.424054167542176,1159.4348104838364,1172.8568561828301,48.75,2.457030866450228,43.93430799285431,53.56569200714569,2.277606290339724,0.005564013094428285,2.266701025065135,2.2885115556143125,3.8871527777777772,0.011413513891807258,3.8647827016127874,3.909522853942767,3.8871527777777772,0.011413513891807258,3.8647827016127874,3.909522853942767,0.18246582165589195,0.0005357587698006874,0.18141575376268113,0.18351588954910278,1640.1659800512352,2.258291969226382,1635.7398091249754,1644.592150977495,47.41482572036728,0.10342909703336067,47.2121084152284,47.617543025506166,431.0801754461059,1.1304864244785109,428.8644627691166,433.2958881230952,0.6093749999999999,0.030712885830627857,0.5491788499106788,0.669571150089321,34.984375,0.10272162502626528,34.783044314515095,35.185705685484905,4.892310975394757,0.19364111932619538,4.512781355589391,5.271840595200123,32.00539084007891,0.06397637669271794,31.879999445899816,32.13078223425801,32.005208333333336,0.06396990774180503,31.87982961806505,32.130587048601626,0.0,0.0,0.0,0.0,0.00018250674557363617,0.0001154049832823701,0.0,0.0004086963564435286,1.0,5.797529028300176e-19,1.0,1.0
consumer_inconvenience_dominant,single_low,10.0,0.1905,31047.79166005251,52.61120487256706,30944.67559331902,31150.907726785998,28377.139553838886,48.54931289515571,28281.984649090216,28472.294458587556,0.1897098188314658,0.11431326308131075,0.0,0.4137596974260871,412.9166666666667,1.3533483565909321,410.264152629212,415.5691807041214,59.94519368905322,0.19647240209389796,59.56011485699311,60.33027252111333,144.58835423503078,0.1838013940033036,144.22811012247604,144.94859834758552,517.9010706929289,1.0254275550686116,515.8912696162395,519.9108717696183,1486.5,4.872054083727355,1476.9509494651631,1496.0490505348369,48.61111111111111,2.1661594549585033,44.365516594621525,52.85670562760069,2.7793588643144553,0.00726796909115271,2.7651139066550456,2.793603821973865,3.440972222222222,0.011277902971591106,3.418867938576766,3.4630765058676776,3.440972222222222,0.011277902971591106,3.418867938576766,3.4630765058676776,0.1712719819687235,0.0005613497202682793,0.17017175673426604,0.17237220720318097,1807.354427937885,2.297517425041295,1802.8513765309508,1811.8574793448192,52.59894717001102,0.10363842962656877,52.39581958052866,52.80207475949339,517.9010706929289,1.0254275550686116,515.8912696162395,519.9108717696183,0.6076388888888888,0.027076993186981296,0.5545689574327691,0.6607088203450086,34.409722222222214,0.11277902971591108,34.18867938576766,34.63076505867677,4.150917895438341,0.22553131757822587,3.708884635599153,4.592951155277529,32.005096739322255,0.06396020550368617,31.87973704009125,32.13045643855326,32.005208333333336,0.06396990774180503,31.87982961806505,32.130587048601626,0.00011159401107733282,6.724309593018279e-05,0.0,0.00024338805730946298,0.0,0.0,0.0,0.0,0.9999966227921799,2.0270371890880643e-06,0.999992649872294,1.000000595712066
consumer_inconvenience_dominant,single_average,1.8,0.1905,49441.3295452878,75.58666115349472,49293.182411715316,49589.47667886029,45494.90998886063,68.58820522912033,45360.47957684731,45629.340400873945,0.4427083333333333,0.31222150730598025,0.0,1.054651242851864,3559.1666666666665,5.422452943812886,3548.53885418893,3569.794479144403,221.29536419645615,0.33714737505199277,220.63456748387202,221.95616090904028,24.820372786264528,0.027549073918803606,24.76637759357624,24.874367978952815,0.0,0.0,0.0,0.0,0.0,0.0,0.0,0.0,140.69444444444446,4.6150427073586195,131.64912695090734,149.73976193798157,0.0,0.0,0.0,0.0,29.659722222222225,0.04518710786510738,29.57115711824109,29.74828732620336,29.659722222222225,0.04518710786510738,29.57115711824109,29.74828732620336,0.6322724691327317,0.0009632782144342651,0.6303844785253485,0.6341604597401149,310.25465982830656,0.3443634239850451,309.579719919703,310.9295997369101,5.817286619484464,0.011193471749027066,5.795347817994404,5.839225420974524,0.0,0.0,0.0,0.0,1.7586805555555554,0.05768803384198274,1.6456140868863414,1.8717470242247694,53.387499999999996,0.08133679415719332,53.22808281283395,53.546917187166045,0.8523437500000001,0.03791184020083021,0.7780379086187351,0.926649591381265,53.3828125,0.08048002073977388,53.225074557875004,53.540550442124996,53.38268229166666,0.08045519996936418,53.22499299735774,53.540371585975585,0.00026041666666666666,0.00018365971017998836,0.0,0.0006203830840305082,0.00039062499999999997,0.00022434356960220333,0.0,0.0008303303165834734,0.9999950630569762,3.4818431079557814e-06,0.9999882387698847,1.0000018873440675
consumer_inconvenience_dominant,single_average,2.0,0.1905,49061.45175868188,74.87856181695665,48914.69247430649,49208.211043057265,45375.132378472226,68.3831715994367,45241.103824988706,45509.16093195575,0.5164930555555556,0.28406628895811475,0.0,1.0732527511354086,3204.1666666666665,4.9865292652160695,3194.393248898988,3213.940084434345,208.27919924427667,0.32413742180515587,207.64390157149688,208.91449691705645,28.07924346536977,0.031944548003225395,28.016633301781038,28.141853628958504,0.0,0.0,0.0,0.0,0.0,0.0,0.0,0.0,245.27777777777774,5.677792804926328,234.14950836844147,256.406047187114,0.0,0.0,0.0,0.0,26.70138888888889,0.04155441054346724,26.6199437408249,26.782834036952877,26.70138888888889,0.04155441054346724,26.6199437408249,26.782834036952877,0.5950834264122188,0.0009261069194433014,0.5932682902042766,0.5968985626201609,350.9905433171221,0.39930685004031713,350.20791627226293,351.7731703619813,6.579039353933268,0.012518916367983648,6.554502728726551,6.603575979139985,0.0,0.0,0.0,0.0,3.065972222222222,0.07097241006157912,2.9268688546055186,3.205075589838925,53.40277777777778,0.08310882108693449,53.2398874816498,53.565668073905755,1.0139322916666667,0.042174998913708135,0.9312708127477828,1.0965937705855504,53.38250868055556,0.08045079011698433,53.22482802939848,53.54018933171264,53.38268229166666,0.08045519996936418,53.22499299735774,53.540371585975585,0.00030381944444444445,0.00016709781703418513,0.0,0.0006313251477267109,0.00013020833333333333,9.68480989065059e-05,0.0,0.00032002711916125786,0.9999943063379119,3.132748813754614e-06,0.9999881662630643,1.0000004464127594
consumer_inconvenience_dominant,single_average,2.1,0.1905,48722.10733819979,74.1461155498327,48576.783622128576,48867.43105427101,45319.71217980034,68.31332391677905,45185.82052525924,45453.60383434145,0.4427083333333333,0.3122215073059803,0.0,1.0546512428518642,3049.5833333333335,4.840290323217279,3040.09653862511,3059.070128041557,202.43214073552397,0.321299739935067,201.80240481700915,203.0618766540388,29.24253155281836,0.03044742093742952,29.182855704358868,29.30220740127785,0.0,0.0,0.0,0.0,0.0,0.0,0.0,0.0,120.69444444444446,3.9185764325628827,113.01417576595375,128.37471312293516,0.0,0.0,0.0,0.0,25.413194444444446,0.04033575269347732,25.334137821875917,25.492251067012976,25.413194444444446,0.04033575269347732,25.334137821875917,25.492251067012976,0.5783775449586397,0.0009179992569573328,0.5765782994771688,0.5801767904401106,365.5316444102295,0.3805927617178691,364.78569630448584,366.27759251597314,6.852061286818302,0.012632148496450602,6.827302730717897,6.8768198429187075,0.0,0.0,0.0,0.0,1.5086805555555554,0.048982205407036024,1.4126771970744216,1.604683914036689,53.36770833333333,0.08470508065630236,53.20168942593942,53.533727240727245,0.98203125,0.045434867888197915,0.8929805452967967,1.0710819547032033,53.382421875,0.08046676604081408,53.22470991160759,53.54013383839241,53.38268229166666,0.08045519996936418,53.22499299735774,53.540371585975585,0.00026041666666666666,0.0001836597101799884,0.0,0.0006203830840305082,0.0,0.0,0.0,0.0,0.9999950595787853,3.4842840388183462e-06,0.9999882305075574,1.0000018886500133
consumer_inconvenience_dominant,single_average,2.25,0.1905,48431.120957483196,73.606567742766,48286.854735681765,48575.387179284626,45241.66899251606,68.18554949811649,45108.02777123368,45375.31021379844,0.0,0.0,0.0,0.0,2848.75,4.415250522085341,2840.096267993991,2857.403732006009,194.87289333573935,0.3020316433667063,194.28092219254916,195.46486447892954,31.384627186943153,0.034465205452367004,31.31707662553674,31.452177748349566,0.0,0.0,0.0,0.0,0.0,0.0,0.0,0.0,114.44444444444444,4.001324840389026,106.60199186683647,122.28689702205241,0.0,0.0,0.0,0.0,23.739583333333332,0.03679375435071117,23.667468899949924,23.81169776671674,23.739583333333332,0.03679375435071117,23.667468899949924,23.81169776671674,0.5567796952449695,0.0008629475524763022,0.555088349121569,0.55847104136837,392.30783983678936,0.4308150681545878,391.46345781920917,393.15222185436954,7.353950882824086,0.014318129183797958,7.32588786529785,7.382013900350322,0.0,0.0,0.0,0.0,1.4305555555555554,0.050016560504862834,1.3325248983354556,1.528586212775655,53.4140625,0.08278594728910013,53.25180502488733,53.57631997511267,1.12109375,0.04751280606987111,1.0279703612986166,1.2142171387013834,53.38268229166666,0.08045519996936418,53.22499299735774,53.540371585975585,53.38268229166666,0.08045519996936418,53.22499299735774,53.540371585975585,0.0,0.0,0.0,0.0,0.0,0.0,0.0,0.0,1.0,0.0,1.0,1.0
consumer_inconvenience_dominant,single_average,2.4,0.1905,48161.89972786902,73.15242090769613,48018.52361750802,48305.27583823002,45168.45765591502,68.0752097311097,45035.03269660204,45301.88261522801,0.0,0.0,0.0,0.0,2670.2083333333335,4.2883359379072346,2661.8033493414264,2678.6133173252406,187.9508462537243,0.3018477466676782,187.35923554144108,188.54245696600753,33.61622570027048,0.0336947872372838,33.55018513081867,33.6822662697223,0.0,0.0,0.0,0.0,0.0,0.0,0.0,0.0,101.66666666666667,3.9367946041032233,93.95069102809273,109.38264230524061,0.0,0.0,0.0,0.0,22.25173611111111,0.03573613281589361,22.18169457784522,22.321777644377,22.25173611111111,0.03573613281589361,22.18169457784522,22.321777644377,0.5370024178677838,0.0008624221333362221,0.5353121015469746,0.538692734188593,420.202821253381,0.4211848404660475,419.3773141352333,421.0283283715287,7.876091090888235,0.014417426939439506,7.847833453337197,7.904348728439274,0.0,0.0,0.0,0.0,1.2708333333333333,0.04920993255129029,1.174383637851159,1.3672830288155076,53.40416666666666,0.08576671875814462,53.23606698682852,53.572266346504804,1.2734375,0.049839068357906045,1.1757547209954744,1.3711202790045256,53.38268229166666,0.08045519996936418,53.22499299735774,53.540371585975585,53.38268229166666,0.08045519996936418,53.22499299735774,53.540371585975585,0.0,0.0,0.0,0.0,0.0,0.0,0.0,0.0,1.0,0.0,1.0,1.0
consumer_inconvenience_dominant,single_average,3.0,0.1905,47370.10334203377,72.31387253066788,47228.37075629104,47511.8359277765,44915.13423049592,67.69741958284851,44782.44972626724,45047.8187347246,0.4427083333333333,0.31222150730598025,0.0,1.054651242851864,2136.875,3.5003622662182265,2130.0144160253694,2143.7355839746306,166.5384935504976,0.2728026013206152,166.00381027702036,167.07317682397485,42.49585581510344,0.04864370204075532,42.40051591102886,42.59119571917802,0.005942727796570627,0.003034774435703362,0.0,0.011890776391752083,0.0,0.0,0.0,0.0,108.6111111111111,6.197854668753586,96.46353917894065,120.75868304328155,3.056000973222852e-05,1.530278233205261e-05,5.671074981495453e-07,6.055291196630749e-05,17.807291666666668,0.029169685551818564,17.750120133544744,17.86446319978859,17.807291666666668,0.029169685551818564,17.750120133544744,17.86446319978859,0.47582426728713617,0.0007794360037731855,0.4742966007914869,0.47735193378278545,531.1981976887929,0.6080462755094417,530.0064488878606,532.3899464897252,9.95592942078943,0.019355172669523028,9.91799397944261,9.993864862136249,0.005942727796570627,0.003034774435703362,0.0,0.011890776391752083,1.3576388888888886,0.07747318335941983,1.205794239736758,1.5094835380410192,53.421875,0.08750905665545566,53.25036040063423,53.59338959936577,1.6334931790335123,0.06257558615523927,1.51084728385776,1.7561390742092646,53.382421875,0.08046231808799252,53.224718629434925,53.54012512056507,53.38268229166666,0.08045519996936418,53.22499299735774,53.540371585975585,0.00026041666666666666,0.00018365971017998836,0.0,0.0006203830840305082,0.0,0.0,0.0,0.0,0.9999950841580998,3.466914049067151e-06,0.9999882891314261,1.0000018791847736
consumer_inconvenience_dominant,single_average,4.5,0.1905,46275.46648839095,69.39592935847782,46139.45296617465,46411.48001060725,44475.34970184725,66.70463946185531,44344.611010900284,44606.08839279421,0.0,0.0,0.0,0.0,1426.0416666666667,2.46811951636509,1421.2042413050508,1430.8790920282827,135.3063366558118,0.23418124308294425,134.8473498535144,135.7653234581092,64.74946805551325,0.06245187334708269,64.6270646329859,64.87187147804059,4.757162387914794,0.11002884856528093,4.541509807466431,4.972814968363156,35.651041666666664,0.061702987909127247,35.530106032626264,35.771977300707064,133.6111111111111,4.130832921071554,125.51482735965845,141.70739486256372,0.02395713788433483,0.0005555774383679806,0.022868226114510566,0.025046049654159096,11.883680555555557,0.020567662636375755,11.84336867754209,11.923992433569024,11.883680555555557,0.020567662636375755,11.84336867754209,11.923992433569024,0.3865895333023193,0.0006690892659512697,0.38527814243861247,0.3879009241660262,809.3683506939155,0.7806484168385341,807.8383079123238,810.8983934755073,15.16980264775672,0.02767380097009631,15.115562994540001,15.224042300973439,4.757162387914794,0.11002884856528093,4.541509807466431,4.972814968363156,1.6701388888888886,0.051635411513394416,1.5689353419957308,1.7713424357820464,53.4765625,0.09255448186369088,53.295159048939404,53.657965951060596,2.3502270153958382,0.10106906654221846,2.1521352850220077,2.5483187457696688,53.38271070535614,0.0804571322232625,53.22501762389917,53.54040378681311,53.38268229166666,0.08045519996936418,53.22499299735774,53.540371585975585,0.0,0.0,0.0,0.0,2.8413689472608256e-05,2.841368947260826e-05,0.0,8.410349750682532e-05,1.0,0.0,1.0,1.0
consumer_inconvenience_dominant,single_average,5.0,0.1905,46146.85899968913,67.68082011219134,46014.207029825106,46279.51096955316,44393.453207987186,66.21020651623009,44263.683587806416,44523.222828167956,0.18333954092838547,0.1833395409283855,0.0,0.5426784380901283,1282.9166666666667,2.1604404432124094,1278.6822812072267,1287.1510521261068,128.40558833425644,0.21623588918881065,127.98177377928137,128.8294028892315,72.21064426129803,0.0691173117528272,72.07517681955426,72.3461117030418,13.758997343237363,0.1913647608582588,13.383929304045056,14.13406538242967,128.29166666666666,0.2160440443212409,127.86822812072265,128.71510521261067,127.63888888888887,3.814195319457974,120.16320343275,135.11457434502773,0.0694576036668402,0.0009661843338856786,0.06756391716999745,0.07135129016368295,10.690972222222223,0.01800367036010343,10.65568567672689,10.726258767717557,10.690972222222223,0.01800367036010343,10.65568567672689,10.726258767717557,0.366873109526447,0.0006178168262537446,0.36566221079794686,0.3680840082549472,902.6330532662254,0.8639663969103406,900.9397102444283,904.3263962880225,16.860215275085412,0.03060958841229215,16.800221584215727,16.920208965955098,13.758997343237363,0.1913647608582588,13.383929304045056,14.13406538242967,1.595486111111111,0.04767744149322467,1.502040042909375,1.688932179312847,53.45486111111111,0.0900183518005171,53.278428383634434,53.63129383858778,2.5070646711463023,0.09422624510320511,2.3223846243455766,2.691744717947028,53.38257444487789,0.08045883513583768,53.2248780257736,53.54027086398218,53.38268229166666,0.08045519996936418,53.22499299735774,53.540371585975585,0.00010784678878140324,0.00010784678878140325,0.0,0.00031922261064125195,0.0,0.0,0.0,0.0,0.9999979603444201,2.0396555797900827e-06,0.9999939626929428,1.0000019579958974
consumer_inconvenience_dominant,single_average,9.0,0.1905,47772.48781472325,66.22661572609633,47642.68603308213,47902.289596364375,44684.253469814,63.541302136456444,44559.71480609577,44808.79213353223,0.0,0.0,0.0,0.0,726.875,1.6088775991805133,723.7216578500729,730.0283421499271,99.51681023452096,0.2202722156192174,99.08508462511246,99.94853584392946,131.59002716367002,0.124965625674463,131.34509903804255,131.83495528929748,239.87056306662123,0.7744866616900332,238.3525971032021,241.38852903004036,1817.1875,4.022193997951283,1809.3041446251823,1825.0708553748177,73.19444444444444,2.716287859137043,67.87061806889243,78.51827081999646,1.2408909901329601,0.0038811298413127773,1.2332841154246634,1.2484978648412568,6.057291666666667,0.013407313326504276,6.031013815417275,6.083569517916059,6.057291666666667,0.013407313326504276,6.031013815417275,6.083569517916059,0.2843337435272028,0.0006293491874834784,0.28310024178603566,0.28556724526836996,1644.8753395458752,1.5620703209307871,1641.813737975532,1647.9369411162186,29.75971722199354,0.048369874450199954,29.664914010134424,29.854520433852656,239.87056306662123,0.7744866616900332,238.3525971032021,241.38852903004036,0.9149305555555555,0.03395359823921304,0.8483827258611554,0.9814783852499556,54.515625,0.12066581993853849,54.27912433875547,54.75212566124453,4.597954075996646,0.18911948480773275,4.2272866969987195,4.968621454994572,53.38277448875053,0.08044980679141087,53.22509576487616,53.5404532126249,53.38268229166666,0.08045519996936418,53.22499299735774,53.540371585975585,0.0,0.0,0.0,0.0,9.2197083860486e-05,9.219708386048602e-05,0.0,0.0002729000477066577,1.0,0.0,1.0,1.0
consumer_inconvenience_dominant,single_average,10.0,0.1905,48560.41284039875,67.12556088744938,48428.8491586173,48691.9765221802,44898.83552669109,62.540132176615025,44776.25912003655,45021.411933345626,0.0,0.0,0.0,0.0,660.4166666666666,1.4766827397594355,657.5224216801462,663.3109116531871,95.87601614243124,0.21437747613035987,95.45584401011914,96.29618827474334,145.67856167440402,0.15029900626161483,145.3839810352191,145.97314231358894,318.772735890826,0.97803555193644,316.85582143343083,320.6896503482212,2377.5,5.316057863133967,2367.0807180485263,2387.9192819514737,63.333333333333336,2.54873004075209,58.337914247143935,68.32875241952274,1.653927302829733,0.005368358637762932,1.6434055132436232,1.6644490924158428,5.503472222222221,0.012305689497995285,5.479353514001218,5.527590930443225,5.503472222222221,0.012305689497995285,5.479353514001218,5.527590930443225,0.27393147469266066,0.0006125070746581712,0.2727309828860547,0.27513196649926663,1820.9820209300499,1.8787375782701852,1817.2997629402382,1824.6642789198615,33.003634500669875,0.057449576456779713,32.89103539988751,33.116233601452244,318.772735890826,0.97803555193644,316.85582143343083,320.6896503482212,0.7916666666666666,0.03185912550940113,0.7292239280892991,0.8541094052440341,55.03472222222222,0.12305689497995304,54.79353514001219,55.275909304432254,5.021878616945162,0.20872876695725215,4.612777751171493,5.43097948271883,53.38268229166666,0.08045519996936418,53.22499299735774,53.540371585975585,53.38268229166666,0.08045519996936418,53.22499299735774,53.540371585975585,0.0,0.0,0.0,0.0,0.0,0.0,0.0,0.0,1.0,0.0,1.0,1.0
consumer_inconvenience_dominant,two_person_low,1.8,0.15475,69195.49731591993,107.79314573740734,68984.22663249433,69406.76799934552,63633.17287319456,99.74991229024351,63437.66663764466,63828.679108744465,0.4427083333333333,0.31222150730598025,0.0,1.054651242851864,4979.166666666667,7.781698297196957,4963.9148182656045,4994.4185150677295,309.5855305721904,0.4838362234825968,308.63722899974863,310.5338321446322,24.518426042058877,0.028396893842783225,24.462769152854214,24.57408293126354,0.0,0.0,0.0,0.0,0.0,0.0,0.0,0.0,248.6111111111111,5.61857077331437,237.59891475082557,259.62330747139663,0.0,0.0,0.0,0.0,41.49305555555555,0.06484748580997467,41.36595681888003,41.62015429223107,41.49305555555555,0.06484748580997467,41.36595681888003,41.62015429223107,0.8845300873491154,0.0013823892099502765,0.8818206542849961,0.8872395204132347,306.4803255257359,0.35496117303479013,305.78461441067765,307.17603664079417,4.107967097640496,0.007895100952156531,4.0924929841199615,4.123441211161031,0.0,0.0,0.0,0.0,3.107638888888888,0.0702321346664296,2.969986434385319,3.245291343392457,74.68749999999999,0.11672547445795432,74.45872227398405,74.91627772601592,0.8898437500000002,0.038553746861320674,0.8142797946827375,0.9654077053172628,74.66588541666665,0.11704454115823759,74.4364823314095,74.89528850192382,74.66562499999999,0.11708534305287652,74.43614194449884,74.89510805550114,0.00026041666666666666,0.0001836597101799884,0.0,0.0006203830840305082,0.0005208333333333333,0.00025836341518262293,1.4450344652623334e-05,0.0010272163220140433,0.9999965253960864,2.4504991118212894e-06,0.9999917225060831,1.0000013282860898
consumer_inconvenience_dominant,two_person_low,2.0,0.15475,68606.02939172479,107.21170639105692,68395.89830847723,68816.16047497235,63465.965711805555,99.51338625549727,63270.923058765155,63661.008364845955,0.14756944444444445,0.14756944444444445,0.0,0.4368002407741399,4477.291666666667,6.965759536413747,4463.63902885033,4490.944304483004,291.0356483068108,0.4527925570993301,290.14819120242834,291.92310541119326,27.838795501319265,0.02988648424326098,27.78021906857795,27.89737193406058,0.0,0.0,0.0,0.0,0.0,0.0,0.0,0.0,343.75,6.5384753853289865,330.93482373095355,356.56517626904645,0.0,0.0,0.0,0.0,37.310763888888886,0.058047996136781216,37.19699190708607,37.4245358706917,37.310763888888886,0.058047996136781216,37.19699190708607,37.4245358706917,0.8315304237337449,0.0012936930202838007,0.8289948320069378,0.8340660154605519,347.9849437664907,0.37358105304076245,347.25273835722425,348.71714917575713,4.663872456735761,0.009289924060719728,4.645664540157638,4.682080373313884,0.0,0.0,0.0,0.0,4.296875,0.08173094231661233,4.136685296636919,4.457064703363081,74.62152777777777,0.11609599227356243,74.39398381417215,74.8490717413834,0.8914062499999998,0.04117179518576002,0.8107110142570506,0.9721014857429491,74.66584201388888,0.1170745720652909,74.43638006913547,74.89530395864229,74.66562499999999,0.11708534305287652,74.43614194449884,74.89510805550114,8.680555555555556e-05,8.680555555555556e-05,0.0,0.00025694131810243524,0.00030381944444444445,0.00016709781703418513,0.0,0.0006313251477267109,0.9999988464377999,1.153562200073797e-06,0.9999965854974339,1.000001107378166
consumer_inconvenience_dominant,two_person_low,2.1,0.15475,68191.71744964532,107.265003357255,67981.48190626354,68401.95299302711,63388.7002290953,99.37724641798071,63193.9244052333,63583.4760529573,0.22135416666666666,0.22135416666666669,0.0,0.6552003611612099,4265.625,6.743244065899308,4252.408484491874,4278.841515508126,283.15330520288654,0.4476183079968679,282.2759894403919,284.03062096538116,28.87867229157153,0.034609853085541174,28.810838226013647,28.94650635712941,0.0,0.0,0.0,0.0,0.0,0.0,0.0,0.0,225.13888888888889,5.575942451179092,214.21024250470987,236.0675352730679,0.0,0.0,0.0,0.0,35.546875,0.05619370054916088,35.43673737076561,35.65701262923439,35.546875,0.05619370054916088,35.43673737076561,35.65701262923439,0.8090094434368188,0.0012789094514196215,0.8065028269725485,0.8115160599010891,360.9834036446441,0.4326231635692647,360.1354778251706,361.83132946411763,4.8371825203162295,0.009447380381074897,4.818665995021073,4.855699045611386,0.0,0.0,0.0,0.0,2.8142361111111107,0.06969928063973864,2.677628031308873,2.9508441909133483,74.6484375,0.11800677115323789,74.4171484786078,74.8797265213922,0.9269531250000002,0.04075794382968479,0.8470690230099114,1.006837226990089,74.66601562499999,0.11705718853671349,74.43658775133652,74.89544349866345,74.66562499999999,0.11708534305287652,74.43614194449884,74.89510805550114,0.00013020833333333333,0.00013020833333333333,0.0,0.0003854119771536529,0.0005208333333333333,0.00025836341518262293,1.4450344652623334e-05,0.0010272163220140433,0.9999982114239927,1.788576007326001e-06,0.9999947058794347,1.0000017169685507
consumer_inconvenience_dominant,two_person_low,2.25,0.15475,67774.19776130763,106.54046327765477,67565.38229038722,67983.01323222804,63278.90144060177,99.22517215722604,63084.423676813814,63473.37920438972,0.4427083333333333,0.31222150730598025,0.0,1.054651242851864,3982.5,6.305382891081347,3970.1416766247457,3994.8583233752543,272.4287135443903,0.4313289012987063,271.5833244323536,273.274102656427,31.03600993924567,0.034068678287021745,30.969236556802226,31.102783321689113,0.0,0.0,0.0,0.0,0.0,0.0,0.0,0.0,208.88888888888889,5.2523421863247615,198.59448736921198,219.1832904085658,0.0,0.0,0.0,0.0,33.1875,0.052544857425677875,33.08451397187288,33.29048602812712,33.1875,0.052544857425677875,33.08451397187288,33.29048602812712,0.7783677529839723,0.0012323682894248764,0.7759523555210103,0.7807831504469344,387.9501242405709,0.42585847858777165,387.11545696002787,388.78479152111396,5.19826278754148,0.009734237149811753,5.179184033310877,5.2173415417720825,0.0,0.0,0.0,0.0,2.6111111111111107,0.06565427732905953,2.4824310921151493,2.739791130107072,74.671875,0.11822592920777526,74.44015643671398,74.90359356328602,1.09375,0.046168874300642,1.0032606691639847,1.1842393308360153,74.66562499999999,0.11708024833215923,74.43615192996795,74.89509807003203,74.66562499999999,0.11708534305287652,74.43614194449884,74.89510805550114,0.00026041666666666666,0.00018365971017998836,0.0,0.0006203830840305082,0.00026041666666666666,0.0001836597101799884,0.0,0.0006203830840305082,0.99999657341152,2.416631814523083e-06,0.9999918369001997,1.0000013099228404
consumer_inconvenience_dominant,two_person_low,2.4,0.15475,67390.72934013406,105.43260550832534,67184.08523054152,67597.3734497266,63176.391576371,99.04527907237933,62982.26639655042,63370.51675619159,0.4427083333333333,0.31222150730598025,0.0,1.054651242851864,3733.3333333333335,5.92516841192847,3721.720216643619,3744.946450023048,262.78217717615195,0.41706124698801544,261.96475215270806,263.59960219959584,33.33510047578645,0.03507944061153342,33.26634603559003,33.40385491598286,0.0,0.0,0.0,0.0,0.0,0.0,0.0,0.0,184.44444444444443,5.140392135838788,174.3694609917875,194.51942789710137,0.0,0.0,0.0,0.0,31.11111111111111,0.04937640343273724,31.014335138696826,31.207887083525396,31.11111111111111,0.04937640343273724,31.014335138696826,31.207887083525396,0.7508062205032914,0.0011916035628229025,0.7484707204363089,0.7531417205702738,416.68875594733055,0.438493007644168,415.82932544487534,417.54818644978576,5.58445212037973,0.010284015045303959,5.564295821274466,5.604608419484994,0.0,0.0,0.0,0.0,2.3055555555555554,0.06425490169798485,2.1796182623973435,2.4314928487137673,74.66666666666666,0.11850336823856941,74.43440433287238,74.89892900046094,1.13984375,0.05059741947747708,1.0406746301134795,1.2390128698865206,74.66549479166666,0.11705740996267759,74.43606648401627,74.89492309931705,74.66562499999999,0.11708534305287652,74.43614194449884,74.89510805550114,0.00026041666666666666,0.00018365971017998836,0.0,0.0006203830840305082,0.00013020833333333333,0.00013020833333333328,0.0,0.0003854119771536528,0.9999965951920847,2.4018863804215733e-06,0.9999918875812841,1.0000013028028854
consumer_inconvenience_dominant,two_person_low,3.0,0.15475,66238.41543629556,104.15109402860763,66034.28304304904,66442.54782954208,62822.671363989386,98.50303109891794,62629.608970667476,63015.733757311296,0.0,0.0,0.0,0.0,2986.25,4.79652515657548,2976.8489834421716,2995.6510165578284,232.73498747712128,0.3738197479277664,232.002314234473,233.46766071976955,42.03686260683866,0.04558283594443821,41.94752189007436,42.12620332360296,0.0,0.0,0.0,0.0,0.0,0.0,0.0,0.0,154.7222222222222,4.8046563904389155,145.30526873887172,164.13917570557268,0.0,0.0,0.0,0.0,24.885416666666668,0.03997104297146233,24.807074862018098,24.963758471315238,24.885416666666668,0.03997104297146233,24.807074862018098,24.963758471315238,0.6649571070774895,0.0010680564226507594,0.6628637549556373,0.6670504591993416,525.4607825854832,0.5697854493054776,524.3440236259295,526.577541545037,7.042745153030577,0.014127463821100703,7.015055832748327,7.070434473312827,0.0,0.0,0.0,0.0,1.9340277777777777,0.06005820488048644,1.8163158592358966,2.051739696319659,74.65625,0.119913128914387,74.4212245860543,74.8912754139457,1.4484375,0.0621981215770699,1.3265314218028994,1.5703435781971007,74.66588541666665,0.11707264071298344,74.43642725729421,74.8953435760391,74.66562499999999,0.11708534305287652,74.43614194449884,74.89510805550114,0.0,0.0,0.0,0.0,0.00026041666666666666,0.00018365971017998836,0.0,0.0006203830840305082,1.0,0.0,1.0,1.0
consumer_inconvenience_dominant,two_person_low,4.5,0.15475,64568.56976033035,100.67294918172695,64371.25440571673,64765.885114943965,62179.3664352242,97.49756728937551,61988.27471475675,62370.458155691646,0.00595667298152765,0.005956672981527649,0.0,0.017631537493004664,1990.625,3.358022387399427,1984.0433970614179,1997.2066029385821,188.87539032085928,0.31861741368979624,188.25091166517998,189.49986897653858,64.24747078407133,0.08557358815955847,64.07974963325073,64.41519193489192,0.03284066156457733,0.0050407487304447865,0.02296097559778955,0.04272034753136511,0.0,0.0,0.0,0.0,145.41666666666666,5.962812371258241,133.72976917243062,157.1035641609027,0.00016470854781159224,2.5298428762313035e-05,0.00011512453857200647,0.000214292557051178,16.588541666666668,0.027983519894995215,16.533694975511818,16.643388357821518,16.588541666666668,0.027983519894995215,16.533694975511818,16.643388357821518,0.5396439723453121,0.0009103354676851315,0.5378597476147998,0.5414281970758245,803.0933848008916,1.0696698519944818,800.9968704156341,805.1898991861491,10.759001942998102,0.022837338265709425,10.714241582494553,10.803762303501651,0.03284066156457733,0.0050407487304447865,0.02296097559778955,0.04272034753136511,1.817708333333333,0.07453515464072802,1.6716221146553827,1.9637945520112834,74.6484375,0.1259258395274785,74.40162738980317,74.89524761019683,2.205632284287647,0.08928934251240798,2.030628388760066,2.3806361798152276,74.66575230325765,0.11707859725883853,74.43628246926986,74.89522213724544,74.66562499999999,0.11708534305287652,74.43614194449884,74.89510805550114,3.5039252832515586e-06,3.5039252832515586e-06,0.0,1.0371492642943922e-05,0.00013080718294184772,0.00013020657508727569,0.0,0.00038600738066321835,0.9999999542269721,4.577302786743418e-08,0.999999864513486,1.0000000439404582
consumer_inconvenience_dominant,two_person_low,5.0,0.15475,64233.31014909762,100.88766788825944,64035.57395355239,64431.04634464285,62013.032891613526,97.21549983582923,61822.49401319624,62203.57177003081,0.0,0.0,0.0,0.0,1793.75,2.9340667713089164,1787.999334799999,1799.500665200001,179.53428313704907,0.29366721921292327,178.9587059639517,180.10986031014644,71.76951213340142,0.07855298018567776,71.6155511213592,71.92347314544364,0.2234622136484369,0.01712951622473196,0.18988897877536776,0.25703544852150606,0.0,0.0,0.0,0.0,175.0,4.21280447487574,166.74305495533437,183.25694504466563,0.0011257748466910306,8.647085428266914e-05,0.000956295086584588,0.0012952546067974732,14.947916666666666,0.0244505564275743,14.899994456666656,14.995838876666676,14.947916666666666,0.0244505564275743,14.899994456666656,14.995838876666676,0.5129550946772828,0.0008390491977512102,0.5113105884684332,0.5145996008861324,897.1189016675179,0.981912252320972,895.1943890169902,899.0434143180456,12.027865387271655,0.023473319830175247,11.981858525806922,12.073872248736388,0.2234622136484369,0.01712951622473196,0.18988897877536776,0.25703544852150606,2.1875,0.052660055935946755,2.08428818694168,2.29071181305832,74.73958333333333,0.12225278213787152,74.49997228333328,74.97919438333338,2.5532765450597936,0.10627303988950362,2.344985214348778,2.761567875770809,74.66579878315562,0.11707689921768667,74.43633227726733,74.89526528904392,74.66562499999999,0.11708534305287652,74.43614194449884,74.89510805550114,0.0,0.0,0.0,0.0,0.00017378315562412974,0.00013711440908374258,0.0,0.00044252245918975685,1.0,0.0,1.0,1.0
consumer_inconvenience_dominant,two_person_low,9.0,0.15475,63850.01761007014,96.15714943835417,63661.55306031493,64038.482159825355,61497.79346959388,93.46130189689654,61314.61268392774,61680.97425526002,0.0,0.0,0.0,0.0,1000.0,1.7968364676420938,996.4782652373133,1003.5217347626867,136.91048699504174,0.24600575583532935,136.42832457361493,137.39264941646854,130.62734739617008,0.13488139276382385,130.36298472416837,130.8917100681718,100.51963941839028,0.6509528484097455,99.24379527987342,101.79548355690714,900.0,1.6171528208778843,896.830438713582,903.169561286418,84.16666666666667,3.080311161373522,78.12936772919782,90.20396560413552,0.511526621025942,0.0033193947247118255,0.5050207269150346,0.5180325151368494,8.33333333333333,0.014973637230350771,8.303985543644275,8.362681123022385,8.33333333333333,0.014973637230350771,8.303985543644275,8.362681123022385,0.39117281998583353,0.0007028735881009416,0.3897952130674712,0.39255042690419584,1632.8418424521262,1.6860174095477987,1629.537309052105,1636.1463758521475,21.66782490805637,0.038310975904922356,21.59273677507014,21.742913041042602,100.51963941839028,0.6509528484097455,99.24379527987342,101.79548355690714,1.0520833333333333,0.03850388951716903,0.9766170966149726,1.127549570051694,75.0,0.13476273507315703,74.7358698927985,75.2641301072015,4.577830188654539,0.18718827424308798,4.210947912809879,4.944712464499198,74.66562499999999,0.11708534305287652,74.43614194449884,74.89510805550114,74.66562499999999,0.11708534305287652,74.43614194449884,74.89510805550114,0.0,0.0,0.0,0.0,0.0,0.0,0.0,0.0,1.0,0.0,1.0,1.0
consumer_inconvenience_dominant,two_person_low,10.0,0.15475,64451.58999302448,95.59521239980516,64264.226819626405,64638.95316642255,61576.08830914237,92.49449433898364,61394.80243146972,61757.37418681502,0.18085675834404344,0.1808567583440435,0.0,0.5353294910590326,907.2916666666666,1.7428461565559243,903.875750969223,910.7075823641103,131.71610419567446,0.25301776086773003,131.22019849692475,132.21200989442417,145.37688614489772,0.1545380676891724,145.07399709798653,145.67977519180891,159.40839233874945,0.8317639198147011,157.77816501227278,161.03861966522612,1451.6666666666667,2.788553850489479,1446.2012015507569,1457.1321317825766,79.8611111111111,3.2208923606250974,73.54827808620571,86.17394413601649,0.8139251819670678,0.004377234136026137,0.8053459607085572,0.8225044032255783,7.560763888888889,0.014523717971299364,7.532297924743525,7.5892298530342535,7.560763888888889,0.014523717971299364,7.532297924743525,7.5892298530342535,0.37633172627335565,0.0007229078881935149,0.37491485284835646,0.37774859969835484,1817.2110768112213,1.9317258461146547,1813.4249637248315,1820.9971898976112,24.02212600657889,0.043463997601033685,23.936938136656728,24.107313876501053,159.40839233874945,0.8317639198147011,157.77816501227278,161.03861966522612,0.998263888888889,0.04026115450781372,0.9193534760775716,1.0771743017002062,75.60763888888887,0.1452371797129936,75.32297924743523,75.89229853034252,5.0436901123586635,0.20995159293245766,4.632192551714232,5.455187673003095,74.66551861367155,0.11708891462005501,74.43602855802736,74.89500866931574,74.66562499999999,0.11708534305287652,74.43614194449884,74.89510805550114,0.0001063863284376726,0.0001063863284376726,0.0,0.00031489970062296025,0.0,0.0,0.0,0.0,0.9999985608883538,1.4391116460963737e-06,0.9999957402813577,1.00000138149535
consumer_inconvenience_dominant,two_person_average,1.8,0.15475,98843.38122402811,141.6165986297645,98565.81779110071,99120.94465695551,90868.19838313667,129.00930657493242,90615.34478857931,91121.05197769402,0.6640625,0.38138406832374566,0.0,1.4115615381919047,7110.0,10.262692732862309,7089.885491859189,7130.114508140811,442.0725936137119,0.63809496397708,440.8219504656004,443.32323676182335,24.39062922217545,0.026261785642192437,24.33915706814704,24.44210137620386,0.0,0.0,0.0,0.0,0.0,0.0,0.0,0.0,398.0555555555555,7.324945182381349,383.6989268093579,412.4121843017531,0.0,0.0,0.0,0.0,59.25,0.08552243944051922,59.08237909882657,59.41762090117343,59.25,0.08552243944051922,59.08237909882657,59.41762090117343,1.263064553182034,0.0018231284685059422,1.2594912870445727,1.2666378193194952,304.8828652771931,0.3282723205274057,304.239463351838,305.5262672025482,2.859974887205522,0.0049760510735838235,2.850222006316066,2.8697277680949784,0.0,0.0,0.0,0.0,4.975694444444444,0.09156181477976685,4.796236585116974,5.155152303771914,106.64999999999999,0.15394039099293463,106.34828237788783,106.95171762211216,0.85703125,0.03671248345212001,0.7850761046508221,0.9289863953491779,106.62291666666665,0.15137692601943548,106.32622334357818,106.91960998975513,106.62265624999999,0.15137499210196678,106.3259667173201,106.91934578267988,0.00039062499999999997,0.00022434356960220333,0.0,0.0008303303165834734,0.0006510416666666666,0.00028808981306583287,8.63960087447575e-05,0.0012156873245885757,0.9999964012532555,2.0670412392319816e-06,0.999992349926872,1.0000004525796389
consumer_inconvenience_dominant,two_person_average,2.0,0.15475,97973.09944725079,139.98727836327728,97698.72942336499,98247.46947113659,90629.40538194444,128.6652670396247,90377.22609248555,90881.58467140333,0.22135416666666666,0.16464176814106,0.0,0.5440461025741383,6399.166666666667,9.218874018106655,6381.098005613166,6417.235327720168,415.9625412215346,0.5992508811729893,414.78803107673167,417.1370513663375,27.649058807035885,0.02679042169907488,27.59655054537506,27.70156706869671,0.0,0.0,0.0,0.0,0.0,0.0,0.0,0.0,500.69444444444434,7.829591139677568,485.34872779700237,516.0401610918863,0.0,0.0,0.0,0.0,53.326388888888886,0.07682395015088879,53.17581671344304,53.47696106433473,53.326388888888886,0.07682395015088879,53.17581671344304,53.47696106433473,1.1884644034900986,0.0017121453747799683,1.1851086602192331,1.1918201467609641,345.61323508794857,0.33488027123843606,344.9568818171882,346.2695883587089,3.2421997530152034,0.005703420679207306,3.231021253895276,3.2533782521351307,0.0,0.0,0.0,0.0,6.2586805555555545,0.09786988924596962,6.0668590974625305,6.4505020136485784,106.65277777777777,0.15364790030177758,106.35163342688608,106.95392212866946,0.9864583333333332,0.039028544724359605,0.9099637913045777,1.0629528753620887,106.6228298611111,0.15137090239955833,106.32614834410064,106.91951137812156,106.62265624999999,0.15137499210196678,106.3259667173201,106.91934578267988,0.00013020833333333333,9.684809890650587e-05,0.0,0.00032002711916125786,0.00030381944444444445,0.00017807023434984875,0.0,0.0006528306904887552,0.999998776045011,9.105712937025954e-07,0.99999699135807,1.000000560731952
consumer_inconvenience_dominant,two_person_average,2.1,0.15475,97384.69492622792,138.99473874219433,97112.27024425266,97657.11960820318,90519.15457165737,128.50858106137204,90267.28238107274,90771.026762242,0.4427083333333333,0.31222150730598025,0.0,1.054651242851864,6094.583333333333,8.709183450910725,6077.5136474347955,6111.6530192318705,404.56003860343066,0.5781178795003435,403.4269483807913,405.69312882607,28.732052078218327,0.027293039208501926,28.678558704341025,28.78554545209563,0.0,0.0,0.0,0.0,0.0,0.0,0.0,0.0,337.22222222222223,6.335455794911217,324.80495703855064,349.6394874058938,0.0,0.0,0.0,0.0,50.788194444444436,0.07257652875758935,50.645947061956626,50.930441826932245,50.788194444444436,0.07257652875758935,50.645947061956626,50.930441826932245,1.1558858245812302,0.0016517653700009786,1.1526484239451178,1.1591232252173427,359.1506509777291,0.34116299010627427,358.48198380426277,359.8193181511954,3.3699112945669825,0.005984429227867011,3.358182028812334,3.381640560321631,0.0,0.0,0.0,0.0,4.215277777777778,0.07919319743639021,4.060061962981883,4.3704935925736725,106.6552083333333,0.15241071039093762,106.3564888301089,106.95392783655771,1.069140625,0.04363033160084908,0.983626746428796,1.154654503571204,106.62317708333335,0.15137120159896877,106.32649497990282,106.91985918676387,106.62265624999999,0.15137499210196678,106.3259667173201,106.91934578267988,0.00026041666666666666,0.0001836597101799884,0.0,0.0006203830840305082,0.0007812499999999999,0.0003147416329059332,0.00016436773506904416,0.0013981322649309557,0.9999975940548738,1.6968892339624965e-06,0.9999942682130895,1.0000009198966582
consumer_inconvenience_dominant,two_person_average,2.25,0.15475,96790.2051269324,138.03479614308716,96519.66189787863,97060.74835598617,90362.50343607522,128.31253683493094,90111.01548511378,90613.99138703666,0.4427083333333333,0.31222150730598025,0.0,1.054651242851864,5686.875,8.36380499982177,5670.482243426633,5703.267756573367,389.0189680697438,0.5721382640144602,387.8975976780982,390.1403384613894,30.94834778742158,0.031060649165053796,30.887470033721637,31.00922554112152,0.0,0.0,0.0,0.0,0.0,0.0,0.0,0.0,320.4166666666667,6.615500459177897,307.4505240269698,333.3828093063636,0.0,0.0,0.0,0.0,47.390625,0.06969837499851475,47.254018695221944,47.527231304778056,47.390625,0.06969837499851475,47.254018695221944,47.527231304778056,1.1114827659135538,0.0016346807543270265,1.108278850508852,1.1146866813182554,386.8543473427697,0.3882581145631726,386.0933754215205,387.6153192640189,3.6289188427647416,0.0065200221798222225,3.6161398341138877,3.6416978514155955,0.0,0.0,0.0,0.0,4.005208333333333,0.08269375573972372,3.843131550337122,4.167285116329544,106.62890625,0.1568213437466582,106.32154206424937,106.93627043575063,1.091015625,0.04357947224564208,1.0056014289332786,1.1764298210667214,106.62278645833334,0.1514017396004991,106.32604450151965,106.91952841514703,106.62265624999999,0.15137499210196678,106.3259667173201,106.91934578267988,0.00026041666666666666,0.0001836597101799884,0.0,0.0006203830840305082,0.00039062499999999997,0.00022434356960220327,0.0,0.0008303303165834732,0.9999975376890435,1.7365646742174893e-06,0.9999941340848253,1.0000009412932618
consumer_inconvenience_dominant,two_person_average,2.4,0.15475,96249.7254130894,137.28500963984564,95980.65173857808,96518.79908760072,90216.16612811359,128.09179213450798,89965.11082881477,90467.22142741241,0.4427083333333333,0.31222150730598025,0.0,1.054651242851864,5331.25,7.867834145184154,5315.829328439105,5346.670671560895,375.25646841170357,0.5538017641961678,374.17103689930434,376.3418999241028,33.137886008535666,0.03478437017524471,33.069709895767275,33.20606212130406,0.0,0.0,0.0,0.0,0.0,0.0,0.0,0.0,293.47222222222223,6.334044832614314,281.0577224738361,305.88672197060833,0.0,0.0,0.0,0.0,44.427083333333336,0.06556528454320128,44.29857773699254,44.55558892967413,44.427083333333336,0.06556528454320128,44.29857773699254,44.55558892967413,1.0721613383191533,0.0015822907548461937,1.069060105426584,1.0752625712117225,414.2235751066958,0.43480462719055907,413.371373697091,415.07577651630066,3.8864385365669776,0.0072544561631682596,3.8722200637597433,3.900657009374212,0.0,0.0,0.0,0.0,3.6684027777777772,0.07917556040767892,3.513221530922951,3.8235840246326034,106.625,0.15735668290368318,106.31658656878209,106.93341343121791,1.1597656250000001,0.04913520909962287,1.0634623847918945,1.2560688652081058,106.62265624999999,0.15138625046213391,106.32594465133965,106.91936784866033,106.62265624999999,0.15137499210196678,106.3259667173201,106.91934578267988,0.00026041666666666666,0.00018365971017998836,0.0,0.0006203830840305082,0.00026041666666666666,0.00018365971017998836,0.0,0.0006203830840305082,0.9999975667677563,1.7160450853972901e-06,0.999994203381193,1.0000009301543196
consumer_inconvenience_dominant,two_person_average,3.0,0.15475,94584.71176914603,134.6811048926863,94320.74165415831,94848.68188413375,89710.80187746418,127.35445118733176,89461.19173986615,89960.41201506222,0.22135416666666666,0.22135416666666666,0.0,0.6552003611612098,4265.625,6.126228640527625,4253.6178125035085,4277.6321874964915,332.44376088977657,0.4774508985969621,331.50797432414026,333.3795474554129,41.86977662539551,0.036653684731074,41.79793672342192,41.9416165273691,0.0,0.0,0.0,0.0,0.0,0.0,0.0,0.0,233.74999999999997,5.779298685019912,222.42278272146126,245.07721727853868,0.0,0.0,0.0,0.0,35.546875,0.051051905337730207,35.4468151041959,35.6469348958041,35.546875,0.051051905337730207,35.4468151041959,35.6469348958041,0.9498393168279332,0.0013641454245627497,0.9471656409261151,0.9525129927297513,523.3722078174438,0.4581710591384249,522.474209042774,524.2702065921137,4.909920934738452,0.008517552512551995,4.893226838577421,4.926615030899482,0.0,0.0,0.0,0.0,2.921875,0.07224123356274888,2.780284784018266,3.063465215981734,106.640625,0.1531557160131906,106.3404453125877,106.9408046874123,1.434375,0.059942350003589946,1.3168901528442694,1.5518598471557306,106.62291666666665,0.15136307726491327,106.32625048663827,106.91958284669504,106.62265624999999,0.15137499210196678,106.3259667173201,106.91934578267988,0.00013020833333333333,0.0001302083333333333,0.0,0.0003854119771536528,0.00039062499999999997,0.00022434356960220327,0.0,0.0008303303165834732,0.999998814941221,1.1850587789153746e-06,0.9999964922686948,1.0000011376137472
consumer_inconvenience_dominant,two_person_average,4.5,0.15475,92129.99596323795,131.02655955735705,91873.18862548734,92386.80330098855,88791.9077216646,126.06574067911589,88544.82341024917,89038.99203308002,0.22135416666666666,0.22135416666666666,0.0,0.6552003611612098,2843.3333333333335,4.304441203913965,2834.896783600092,2851.769883066575,269.7824518157077,0.408415956045181,268.9819712511476,270.5829323802678,63.77888003541051,0.05864629494751168,63.663935409486676,63.89382466133434,0.0,0.0,0.0,0.0,0.0,0.0,0.0,0.0,160.9722222222222,4.707345333677134,151.74599490542232,170.19844953902208,0.0,0.0,0.0,0.0,23.694444444444443,0.03587034336594971,23.624139863334097,23.76474902555479,23.694444444444443,0.03587034336594971,23.624139863334097,23.76474902555479,0.7708070051877364,0.0011669027315576608,0.768519917860422,0.7730940925150508,797.2360004426313,0.7330786868438963,795.7991926185833,798.6728082666792,7.478390609593062,0.012867213747220677,7.4531713340671315,7.503609885118993,0.0,0.0,0.0,0.0,2.012152777777778,0.05884181667096418,1.8968249363177798,2.1274806192377764,106.625,0.16141654514677367,106.30862938500344,106.94137061499656,2.2624999999999997,0.09128522593400308,2.083584244848752,2.4414157551512474,106.62265624999999,0.1513816346357359,106.32595369819315,106.91935880180684,106.62265624999999,0.15137499210196678,106.3259667173201,106.91934578267988,0.00013020833333333333,0.0001302083333333333,0.0,0.0003854119771536528,0.00013020833333333333,0.0001302083333333333,0.0,0.0003854119771536528,0.9999987643337288,1.2356662712533402e-06,0.9999963424723403,1.0000011861951175
consumer_inconvenience_dominant,two_person_average,5.0,0.15475,91645.60264187597,129.43519870355163,91391.91431408522,91899.29096966672,88553.26122635056,125.71093667561826,88306.87231800354,88799.65013469757,0.2951388888888889,0.2329610070557905,0.0,0.7517340725204197,2557.9166666666665,3.8029517255210328,2550.463018249701,2565.3703150836322,256.0188070100683,0.38063287071566443,255.27278029213352,256.7648337280031,71.44412580247793,0.06242420315924024,71.3217766125222,71.56647499243365,1.0490677252028118e-05,1.0490677252028121e-05,0.0,3.1052026839436855e-05,0.0,0.0,0.0,0.0,206.66666666666666,5.116445100966509,196.6386185398959,216.6947147934374,5.248513307893393e-08,5.2485133078933924e-08,0.0,1.5535410363743626e-07,21.31597222222222,0.03169126437934193,21.253858485414174,21.37808595903027,21.31597222222222,0.03169126437934193,21.253858485414174,21.37808595903027,0.7314823057430523,0.001087522487759041,0.7293508008346672,0.7336138106514374,893.0515725309742,0.7803025394905033,891.5222076565277,894.5809374054207,8.379091810430246,0.013583029588248636,8.352469561636337,8.405714059224156,1.0490677252028118e-05,1.0490677252028121e-05,0.0,3.1052026839436855e-05,2.5833333333333335,0.06395556376208136,2.457982731748699,2.708683934917968,106.57986111111113,0.15845632189670966,106.2692924270709,106.89042979515136,2.231380050877934,0.10596350624920745,2.0236953949539025,2.4390647068019655,106.62274305555555,0.1513625262701142,106.32607795545712,106.91940815565397,106.62265624999999,0.15137499210196678,106.3259667173201,106.91934578267988,0.00017361111111111112,0.00013703588650340614,0.0,0.0004421965132473056,0.00026041666666666666,0.00018365971017998836,0.0,0.0006203830840305082,0.999998406828595,1.2513416633800396e-06,0.9999959542440024,1.0000008594131875
consumer_inconvenience_dominant,two_person_average,9.0,0.15475,90416.45055544154,127.90360535299259,90165.76409545685,90667.13701542623,87252.92586375195,123.26275776454892,87011.33529789835,87494.51642960556,0.15214117076376427,0.1521411707637643,0.0,0.4503323860265005,1422.5,2.4111615096214383,1417.7742102802329,1427.2257897197671,194.75516775044684,0.33011329650597104,194.10815757847735,195.40217792241634,130.16105601052283,0.10933533236118251,129.9467626968572,130.37534932418845,7.650771202304057,0.18584304025136977,7.2865255366339445,8.01501686797417,1280.25,2.1700453586592943,1275.9967892522095,1284.5032107477905,128.05555555555554,3.9643533975307017,120.28556567440637,135.82554543670472,0.03857314302864446,0.0009406640015513796,0.03672947546405043,0.04041681059323849,11.854166666666666,0.020093012580178655,11.814785085668605,11.893548247664727,11.854166666666666,0.020093012580178655,11.814785085668605,11.893548247664727,0.5564433364298482,0.0009431808471599189,0.5545947359385068,0.5582919369211896,1627.0132001315353,1.3666916545147814,1624.3345337107148,1629.6918665523558,15.261212908393304,0.024783923305868136,15.2126373113182,15.309788505468408,7.650771202304057,0.18584304025136977,7.2865255366339445,8.01501686797417,1.6006944444444444,0.04955441746913378,1.5035695709300798,1.697819317958809,106.6875,0.1808371132216078,106.33306577101746,107.04193422898254,4.451874223696223,0.1963913563533795,4.066954238368628,4.836794209023819,106.62259414390121,0.15137978577886765,106.32589521578724,106.91929307201518,106.62265624999999,0.15137499210196678,106.3259667173201,106.91934578267988,8.949480633162604e-05,8.949480633162602e-05,0.0,0.0002649014035450002,2.7388707552439144e-05,2.7388707552439147e-05,0.0,8.106958793832005e-05,0.9999991446135595,8.55386440446031e-07,0.9999974680869435,1.0000008211401756
consumer_inconvenience_dominant,two_person_average,10.0,0.15475,90890.04082688747,127.33391556980587,90640.47093836019,91139.61071541476,87085.01178108288,122.16789884461666,86845.5670992805,87324.45646288527,0.2754765340910971,0.2754765340910971,0.0,0.8154006194955679,1281.875,2.1964802579491147,1277.5699778016665,1286.1800221983335,186.09625467646038,0.3188741097806851,185.47127290568795,186.7212364472328,144.88865754418742,0.12704174139434662,144.63966030652125,145.1376547818536,24.921434827631515,0.37405355778976407,24.188303326074507,25.654566329188523,2051.0,3.514368412718584,2044.1119644826663,2057.8880355173337,115.97222222222221,3.781966824189787,108.5597034560849,123.38474098835952,0.12555143824625314,0.001899051422862523,0.12182936585265305,0.12927351063985323,10.682291666666666,0.018304002149575973,10.646416481680554,10.718166851652779,10.682291666666666,0.018304002149575973,10.646416481680554,10.718166851652779,0.5317035847898869,0.0009110688850876719,0.52991792258768,0.5334892469920938,1811.1082193023428,1.588021767429332,1807.9957538315157,1814.22068477317,16.957014654949294,0.0283733707092267,16.901403870239207,17.01262543965938,24.921434827631515,0.37405355778976407,24.188303326074507,25.654566329188523,1.4496527777777777,0.04727458530237234,1.3569962932010613,1.542309262354494,106.82291666666667,0.18304002149575965,106.46416481680555,107.1816685165278,5.040134890916172,0.2047719802227593,4.638789184636615,5.441480597195729,106.62251315417188,0.15137253906964174,106.325828429347,106.91919787899677,106.62265624999999,0.15137499210196678,106.3259667173201,106.91934578267988,0.00016204502005358654,0.00016204502005358657,0.0,0.00047964742323268705,1.894919194537022e-05,1.894919194537022e-05,0.0,5.608892569443234e-05,0.9999984862679118,1.5137320883099744e-06,0.9999955194075364,1.000001453128287
consumer_inconvenience_dominant,family_three,1.8,0.15475,147849.5641962285,193.53549328513407,147470.24159965944,148228.88679279754,136139.6175950873,177.29792161080633,135792.1200541963,136487.1151359783,3.0989583333333335,1.1527520350682157,0.8396058614943773,5.358310805172289,10650.208333333334,13.91901092951517,10622.927573211065,10677.489093455602,662.1892011874872,0.8654308385581403,660.492987912803,663.8854144621715,23.33899717593094,0.027779249068323273,23.28455084823946,23.393443503622418,0.0,0.0,0.0,0.0,0.0,0.0,0.0,0.0,371.1111111111111,7.711426447844343,355.99699300390654,386.22522921831563,0.0,0.0,0.0,0.0,88.75173611111113,0.11599175774595977,88.52439644342556,88.9790757787967,88.75173611111113,0.11599175774595977,88.52439644342556,88.9790757787967,1.891969146249964,0.002472659538737542,1.887122822608009,1.8968154698919188,291.73746469913675,0.34724061335404094,291.05688560299325,292.41804379528025,1.8271625613353175,0.003176582660396248,1.8209365737270264,1.8333885489436086,0.0,0.0,0.0,0.0,4.638888888888888,0.09639283059805427,4.449962412548832,4.827815365228945,159.75312499999998,0.20878516394272756,159.34391359816595,160.162336401834,0.77734375,0.03913813848355321,0.7006344081502947,0.8540530918497053,159.74348958333331,0.20803781584152556,159.33574295686154,160.1512362098051,159.74453125,0.20809301744816222,159.33667643036733,160.15238606963266,0.0018229166666666665,0.0006780894323930677,0.0004938858008790459,0.003151947532454287,0.0007812499999999999,0.00044868713920440654,0.0,0.0016606606331669464,0.9999886523102459,4.222406671940164e-06,0.9999803765452409,0.999996928075251
consumer_inconvenience_dominant,family_three,2.0,0.15475,146515.04410104177,190.76250103504233,146141.1564694123,146888.93173267125,135782.8515625,176.85864306338948,135436.21499174114,136129.48813325886,0.7378472222222222,0.4406432103139354,0.0,1.6014920444696439,9581.458333333334,12.507841853767571,9556.943413775627,9605.97325289104,622.8198083513346,0.8130423778132938,621.2262745729157,624.4133421297535,27.315438523786543,0.0307869332464128,27.255097243429134,27.375779804143953,0.0,0.0,0.0,0.0,0.0,0.0,0.0,0.0,499.8611111111111,8.167927734035407,483.8522669240758,515.8699552981464,0.0,0.0,0.0,0.0,79.8454861111111,0.10423201544806307,79.64119511479687,80.04977710742533,79.8454861111111,0.10423201544806307,79.64119511479687,80.04977710742533,1.779485166718099,0.0023229782223236945,1.7749322130654737,1.7840381203707245,341.4429815473318,0.38483666558015994,340.6887155428642,342.19724755179936,2.138322883153341,0.0037991051223617354,2.1308767739400305,2.145768992366652,0.0,0.0,0.0,0.0,6.248263888888888,0.10209909667544259,6.048153336550948,6.448374441226829,159.6909722222222,0.20846403089612614,159.28239022959374,160.09955421485066,0.8231770833333334,0.03937792136423249,0.7459977756733873,0.9003563909932795,159.74453125,0.2080689918392817,159.33672351969545,160.15233898030453,159.74453125,0.20809301744816222,159.33667643036733,160.15238606963266,0.0004340277777777778,0.00025920188841996203,0.0,0.000942054143805673,0.00043402777777777775,0.0002592018884199621,0.0,0.0009420541438056731,0.9999972898710604,1.6192835729716584e-06,0.9999941161335766,1.0000004636085442
consumer_inconvenience_dominant,family_three,2.1,0.15475,145704.8509918053,190.27451990019284,145331.91978562527,146077.7821979853,135616.78770368377,176.6910622419103,135270.4795852995,135963.09582206805,1.328125,0.7627681366474913,0.0,2.8231230763838093,9129.166666666666,12.078706161039092,9105.492837611187,9152.840495722145,605.9964754085707,0.8017876798998241,604.4250004327191,607.5679503844224,27.683132157374775,0.03100555830254578,27.62236237978123,27.74390193496832,0.0,0.0,0.0,0.0,0.0,0.0,0.0,0.0,323.8888888888889,6.608114993186014,310.9372214965452,336.84055628123264,0.0,0.0,0.0,0.0,76.07638888888889,0.10065588467532573,75.87910698009323,76.27367079768455,76.07638888888889,0.10065588467532573,75.87910698009323,76.27367079768455,1.7314185011673455,0.0022908219425709316,1.7269285726649124,1.7359084296697787,346.03915196718475,0.3875694787818222,345.2795297472654,346.7987741871041,2.1673041336221264,0.0038133145015047313,2.159830174537453,2.1747780927068,0.0,0.0,0.0,0.0,4.048611111111111,0.08260143741482519,3.886715268706814,4.210506953515408,159.76041666666666,0.2113773578181841,159.34612465819578,160.17470867513754,0.9445312499999999,0.04436560712615627,0.8575762578804801,1.0314862421195197,159.74401041666667,0.2081257001085635,159.3360915401967,160.15192929313665,159.74453125,0.20809301744816222,159.33667643036733,160.15238606963266,0.0007812499999999999,0.00044868713920440665,0.0,0.0016606606331669468,0.00026041666666666666,0.0002604166666666666,0.0,0.0007708239543073056,0.9999950678203442,2.8332653206040866e-06,0.9999895147223572,1.0000006209183312
consumer_inconvenience_dominant,family_three,2.25,0.15475,144810.34257081922,189.31830848241822,144439.28550457963,145181.3996370588,135383.0286513222,176.33240834695363,135037.42348165496,135728.63382098946,0.8854166666666666,0.6244430146119605,0.0,2.109302485703728,8520.208333333334,11.234830361379828,8498.188470452613,8542.228196214055,582.837261865711,0.7685349359046241,581.3309610704771,584.3435626609448,29.910685409104474,0.03508844762776388,29.841913315480635,29.979457502728312,0.0,0.0,0.0,0.0,0.0,0.0,0.0,0.0,293.4722222222222,6.497258250928959,280.7378300521457,306.20661439229866,0.0,0.0,0.0,0.0,71.0017361111111,0.09362358634483188,70.81823725377176,71.18523496845044,71.0017361111111,0.09362358634483188,70.81823725377176,71.18523496845044,1.665249319616317,0.0021958141025846417,1.660945603058506,1.669553036174128,373.883567613806,0.43860559534704846,373.023916443508,374.743218784104,2.341621034484826,0.004011068879813882,2.3337594839408813,2.349482585028771,0.0,0.0,0.0,0.0,3.6684027777777772,0.08121572813661197,3.5092228756518216,3.827582679903733,159.75390625,0.21065306927587177,159.34103382098647,160.16677867901353,1.01484375,0.04652818774008543,0.9236501777635145,1.1060373222364857,159.74453125,0.20806254813603325,159.33673614912175,160.15232635087824,159.74453125,0.20809301744816222,159.33667643036733,160.15238606963266,0.0005208333333333333,0.0003673194203599768,0.0,0.0012407661680610164,0.0005208333333333333,0.0003673194203599768,0.0,0.0012407661680610164,0.9999967972454448,2.259486433132649e-06,0.9999923687334122,1.0000012257574773
consumer_inconvenience_dominant,family_three,2.4,0.15475,144017.37584999905,187.12762985073195,143650.61243497927,144384.13926501884,135163.7276952043,176.0954019406417,134818.58704955754,135508.86834085104,1.328125,0.7627681366474913,0.0,2.8231230763838093,7986.25,10.366984487532859,7965.93108377615,8006.56891622385,562.1368292338509,0.7297121663531996,560.706619668718,563.5670387989838,32.12764500537666,0.03223888614204892,32.064457949636555,32.19083206111676,0.0,0.0,0.0,0.0,0.0,0.0,0.0,0.0,271.80555555555554,5.835090388859781,260.36898854685455,283.24212256425653,0.0,0.0,0.0,0.0,66.55208333333333,0.08639153739610714,66.38275903146791,66.72140763519874,66.55208333333333,0.08639153739610714,66.38275903146791,66.72140763519874,1.6061052263824314,0.0020848919038662828,1.6020189133391942,1.6101915394256685,401.5955625672082,0.4029860767756118,400.8057243704569,402.3854007639595,2.514779583566856,0.0040296640417151,2.5068815871752985,2.5226775799584136,0.0,0.0,0.0,0.0,3.397569444444444,0.07293862986074727,3.2546123568356817,3.5405265320532067,159.725,0.2073396897506571,159.318621675523,160.131378324477,1.07421875,0.04763290937735152,0.9808599631415308,1.167577536858469,159.74427083333333,0.2081196787021481,159.33636375860308,160.15217790806358,159.74453125,0.20809301744816222,159.33667643036733,160.15238606963266,0.0007812499999999999,0.00044868713920440654,0.0,0.0016606606331669464,0.0005208333333333333,0.0003673194203599768,0.0,0.0012407661680610164,0.9999950919658822,2.8194387333883128e-06,0.9999895659675081,1.0000006179642562
consumer_inconvenience_dominant,family_three,3.0,0.15475,141562.34218236894,184.21028580389665,141201.29665661146,141923.38770812642,134406.03312703563,175.0317349317163,134062.9772304179,134749.08902365336,0.8854166666666666,0.6244430146119605,0.0,2.109302485703728,6390.416666666667,8.18359137727036,6374.377122303024,6406.4562110303095,498.04053340820565,0.6377925614757298,496.79048295810566,499.29058385830564,40.85532748064739,0.041295099083347164,40.774390573706015,40.936264387588764,0.0,0.0,0.0,0.0,0.0,0.0,0.0,0.0,226.1111111111111,5.531506995967308,215.2695566187838,236.95266560343836,0.0,0.0,0.0,0.0,53.25347222222222,0.06819659481058633,53.1198093525252,53.38713509191924,53.25347222222222,0.06819659481058633,53.1198093525252,53.38713509191924,1.422972952594873,0.0018222644613592259,1.4194013798803018,1.4265445253094444,510.69159350809235,0.5161887385418391,509.6798821713252,511.70330484485953,3.1981052986529312,0.005331284772127292,3.187656172508235,3.2085544247976276,0.0,0.0,0.0,0.0,2.826388888888889,0.06914383744959134,2.690869457734798,2.96190832004298,159.76041666666666,0.20458978443175901,159.3594280575756,160.16140527575772,1.4796875,0.06304642922007427,1.3561187693748007,1.6032562306251994,159.74401041666667,0.20802839454202415,159.3362822556026,160.15173857773073,159.74453125,0.20809301744816222,159.33667643036733,160.15238606963266,0.0005208333333333333,0.0003673194203599768,0.0,0.0012407661680610164,0.0,0.0,0.0,0.0,0.9999968371457039,2.230805438346771e-06,0.9999924648473882,1.0000012094440196
consumer_inconvenience_dominant,family_three,4.5,0.15475,137906.08959077482,179.89353097348447,137553.50474901506,138258.67443253458,133029.8742665017,173.266790956507,132690.2775965101,133369.47093649328,0.8854166666666666,0.6244430146119605,0.0,2.109302485703728,4258.75,5.665996136285735,4247.644851636337,4269.855148363663,404.0806623693359,0.5376036329280752,403.026978610839,405.1343461278328,62.77702301491562,0.06177000330148118,62.6559560331198,62.89808999671144,0.0,0.0,0.0,0.0,0.0,0.0,0.0,0.0,149.7222222222222,4.870793564996871,140.17564225869887,159.26880218574553,0.0,0.0,0.0,0.0,35.489583333333336,0.0472166344690478,35.39704043030281,35.58212623636386,35.489583333333336,0.0472166344690478,35.39704043030281,35.58212623636386,1.1545161781981026,0.0015360103797944992,1.1515056531738257,1.1575267032223795,784.7127876864452,0.7721250412685149,783.1994504139974,786.2261249588929,4.914867545398343,0.008120814975097564,4.898951040522038,4.930784050274648,0.0,0.0,0.0,0.0,1.871527777777778,0.060884919562460914,1.7521955282337363,1.9908600273218195,159.703125,0.2124748551107151,159.28668193636264,160.11956806363736,2.0578125000000003,0.09375593076790269,1.8740542523578803,2.24157074764212,159.74427083333333,0.20806136466407615,159.3364780520175,160.15206361464917,159.74453125,0.20809301744816222,159.33667643036733,160.15238606963266,0.0005208333333333333,0.0003673194203599768,0.0,0.0012407661680610164,0.00026041666666666666,0.0002604166666666666,0.0,0.0007708239543073056,0.9999967972454448,2.259486433132649e-06,0.9999923687334122,1.0000012257574773
consumer_inconvenience_dominant,family_three,5.0,0.15475,137169.26503162776,178.36938892057518,136819.66745339902,137518.8626098565,132672.36525713012,172.82534915734846,132333.63379716617,133011.09671709407,0.14756944444444445,0.14756944444444445,0.0,0.4368002407741399,3834.5833333333335,5.143996172815966,3824.5012860980023,3844.6653805686647,383.79884035081585,0.5148563987992977,382.7897403519592,384.8079403496725,71.14780914682939,0.06531786766922759,71.01978847865075,71.27582981500802,0.0,0.0,0.0,0.0,0.0,0.0,0.0,0.0,207.22222222222226,5.243566594182425,196.94502054708735,217.49942389735716,0.0,0.0,0.0,0.0,31.954861111111104,0.04286663477346637,31.87084405081668,32.03887817140553,31.954861111111104,0.04286663477346637,31.87084405081668,32.03887817140553,1.0965681152880453,0.0014710182822837065,1.0936849724341693,1.0994512581419214,889.3476143353673,0.8164733458653449,887.7473559831343,890.9478726876004,5.569683968470869,0.008293373830591673,5.553429254452583,5.5859386824891555,0.0,0.0,0.0,0.0,2.590277777777778,0.06554458242728033,2.461812756838592,2.7187427987169643,159.77430555555554,0.21433317386733194,159.3542202540834,160.19439085702768,2.3742187500000003,0.10292672353187741,2.172486078830809,2.5759514211691914,159.74444444444444,0.2080907303759252,159.336594107391,160.1522947814979,159.74453125,0.20809301744816222,159.33667643036733,160.15238606963266,8.680555555555556e-05,8.680555555555556e-05,0.0,0.00025694131810243524,0.0,0.0,0.0,0.0,0.9999994601644554,5.398355444995405e-07,0.9999984021062306,1.00000051822268
consumer_inconvenience_dominant,family_three,9.0,0.15475,133522.92593545315,173.87372057844757,133182.13970526142,133863.7121656449,130676.95483658077,170.1895057450283,130343.38953477384,131010.5201383877,0.4427083333333333,0.4427083333333333,0.0,1.3104007223224197,2129.1666666666665,2.953365479518871,2123.378176693626,2134.955156639707,291.5052452269429,0.4043467060752722,290.712740245768,292.29775020811786,128.60300087319902,0.11870204095804579,128.37034914802985,128.8356525983682,0.0034777722352697022,0.0015487772937459565,0.0004422245194542155,0.006513319951085189,212.91666666666666,0.2953365479518871,212.33781766936258,213.49551566397074,83.33333333333333,3.470141901529954,76.53198018509129,90.13468648157537,1.742281030963058e-05,7.763273068061046e-06,2.207074694081162e-06,3.2638545925179996e-05,17.743055555555554,0.024611378995990606,17.694818139113547,17.79129297199756,17.743055555555554,0.024611378995990606,17.694818139113547,17.79129297199756,0.8328721292198372,0.001155276303072207,0.8306078292736231,0.8351364291660514,1607.5375109149875,1.4837755119755724,1604.629364350373,1610.445657479602,10.066143449486558,0.016697612972709955,10.033416729432258,10.09887016954086,0.0034777722352697022,0.0015487772937459565,0.0004422245194542155,0.006513319951085189,1.0416666666666667,0.04337677376912443,0.9566497523136411,1.1266835810196925,159.6875,0.22150241096391532,159.25336325202193,160.12163674797807,4.447579030470595,0.1890315698709875,4.077083961582392,4.818074099358798,159.74427083333333,0.2080466197626712,159.3365069514932,160.15203471517347,159.74453125,0.20809301744816222,159.33667643036733,160.15238606963266,0.00026041666666666666,0.0002604166666666666,0.0,0.0007708239543073056,0.0,0.0,0.0,0.0,0.9999984392168614,1.5607831385476326e-06,0.9999953801381222,1.0000014982956007
consumer_inconvenience_dominant,family_three,10.0,0.15475,133538.78071010843,173.53465216621439,133198.65904179297,133878.9023784239,130319.76073083623,169.74901449047456,129987.05877602374,130652.46268564873,0.14756944444444445,0.14756944444444445,0.0,0.4368002407741399,1916.0416666666667,2.7163761635488655,1910.7176672176479,1921.3656661156856,278.16142601323037,0.3943500187840927,277.38851417911087,278.93433784734987,144.5605150287649,0.13648801066833044,144.29300344353345,144.82802661399637,0.08102434130531978,0.013935692240681481,0.05371088641394979,0.10833779619668978,766.4166666666666,1.086550465419546,764.287066887059,768.5462664462742,113.6111111111111,3.7700512129515458,106.22194651385452,121.00027570836768,0.0004066113798108805,7.002426154145872e-05,0.0002693663491456082,0.0005438564104761527,15.967013888888891,0.02263646802957386,15.922647226813734,16.01138055096405,15.967013888888891,0.02263646802957386,15.922647226813734,16.01138055096405,0.7947469314663724,0.001126714339383119,0.7925386119403167,0.7969552509924281,1807.0064378595616,1.7061001333541312,1803.6625430441686,1810.3503326749546,11.319494173614194,0.018007132660336975,11.284200842135098,11.35478750509329,0.08102434130531978,0.013935692240681481,0.05371088641394979,0.10833779619668978,1.4201388888888886,0.04712564016189433,1.3277743314231814,1.5125034463545959,159.67013888888889,0.2263646802957387,159.22647226813731,160.11380550964046,4.664422913367436,0.2058361526192743,4.260991467517369,5.067854359217503,159.74444444444444,0.2080907303759252,159.336594107391,160.1522947814979,159.74453125,0.20809301744816222,159.33667643036733,160.15238606963266,8.680555555555556e-05,8.680555555555556e-05,0.0,0.00025694131810243524,0.0,0.0,0.0,0.0,0.9999994601644554,5.398355444995405e-07,0.9999984021062306,1.00000051822268
consumer_inconvenience_dominant,family_four,1.8,0.15475,197469.18010398172,260.0554729072116,196959.48074310104,197978.8794648624,181792.10300758854,239.4090592205408,181322.86987394365,182261.33614123342,0.4427083333333333,0.4427083333333333,0.0,1.3104007223224197,14218.958333333334,18.84059821230932,14182.031439390017,14255.88522727665,884.0804203800238,1.1714363033684172,881.784447415239,886.3763933448087,23.040078790915004,0.03075047233656525,22.97980897262774,23.100348609202268,0.0,0.0,0.0,0.0,0.0,0.0,0.0,0.0,550.5555555555555,8.380514101874965,534.1300497439506,566.9810613671605,0.0,0.0,0.0,0.0,118.49131944444446,0.15700498510257765,118.18359532825016,118.79904356063875,118.49131944444446,0.15700498510257765,118.18359532825016,118.79904356063875,2.525944058228639,0.0033469608667669047,2.519384135472111,2.5325039809851675,288.0009848864375,0.3843809042070655,287.24761215784673,288.75435761502825,1.3506836965832771,0.002359592789546547,1.3460589796975855,1.3553084134689688,0.0,0.0,0.0,0.0,6.881944444444444,0.10475642627343708,6.676625621799381,7.087263267089506,213.28437499999998,0.2826089731846397,212.73047159085024,213.83827840914972,0.7679687500000001,0.03550177427344301,0.6983865510367812,0.837550948963219,213.31119791666666,0.2809177756874509,212.76060919370215,213.86178663963116,213.31041666666667,0.2809168410054839,212.75982977564516,213.86100355768818,0.00026041666666666666,0.00026041666666666655,0.0,0.0007708239543073056,0.0010416666666666667,0.0005167268303652458,2.8900689305246885e-05,0.002054432644028086,0.9999987988161131,1.201183886839069e-06,0.9999964445389561,1.0000011530932702
consumer_inconvenience_dominant,family_four,2.0,0.15475,195546.9742528248,258.4257028686203,195040.46918252285,196053.47932312672,181313.7803819444,238.80219016796488,180845.7366897859,181781.82407410291,1.9184027777777777,0.8385263854826686,0.2749212621451973,3.5618842934103583,12797.916666666666,17.004617952323404,12764.58822790925,12831.245105424083,831.897998021841,1.105344565065727,829.7315624838051,834.0644335598769,27.15524785851458,0.03148898834729242,27.093530575444287,27.216965141584875,0.0,0.0,0.0,0.0,0.0,0.0,0.0,0.0,574.3055555555555,8.515740472181013,557.6150109283907,590.9961001827204,0.0,0.0,0.0,0.0,106.64930555555556,0.14170514960269504,106.37156856591041,106.9270425452007,106.64930555555556,0.14170514960269504,106.37156856591041,106.9270425452007,2.3768514229195454,0.003158127328759218,2.3706616070965856,2.3830412387425053,339.4405982314322,0.3936123543411552,338.66913219305354,340.21206426981087,1.5920398574843964,0.0028883852294674574,1.5863787264611626,1.59770098850763,0.0,0.0,0.0,0.0,7.178819444444444,0.10644675590226267,6.970187636604883,7.387451252284005,213.29861111111111,0.28341029920539007,212.74313713182082,213.8540850904014,0.9330729166666666,0.03892979841040579,0.8567719138568666,1.0093739194764666,213.3103298611111,0.2809437531387822,212.75969022327757,213.8609694989446,213.31041666666667,0.2809168410054839,212.75982977564516,213.86100355768818,0.0011284722222222223,0.0004932508149898049,0.00016171838949717533,0.0020952260549472693,0.0010416666666666667,0.0005167268303652459,2.890068930524667e-05,0.0020544326440280866,0.9999947008570084,2.3201195839845157e-06,0.9999901535061839,0.9999992482078328
consumer_inconvenience_dominant,family_four,2.1,0.15475,194572.597267199,257.2477905599928,194068.4008625989,195076.79367179907,181093.1380172301,238.42966304951972,180625.82446480702,181560.4515696532,2.65625,1.0701215518801728,0.5588502992347504,4.75364970076525,12189.583333333334,16.143146697039608,12157.94334720999,12221.223319456678,809.1477356493721,1.0715863076669478,807.0474650800186,811.2480062187255,27.37748654177771,0.030849432777819933,27.317022764589694,27.437950318965726,0.0,0.0,0.0,0.0,0.0,0.0,0.0,0.0,450.6944444444444,7.922838801132777,435.16596573890763,466.22292314998117,0.0,0.0,0.0,0.0,101.5798611111111,0.13452622247533008,101.31619456008323,101.84352766213897,101.5798611111111,0.13452622247533008,101.31619456008323,101.84352766213897,2.3118506732839195,0.0030616751647627016,2.305849900228624,2.317851446339215,342.21858177222134,0.3856179097227492,341.46278455737115,342.97437898707153,1.6051813689835575,0.0028374618141644528,1.5996200460202874,1.6107426919468275,0.0,0.0,0.0,0.0,5.6336805555555545,0.09903548501415971,5.439574571736345,5.827786539374764,213.31770833333334,0.282505067198193,212.7640085761748,213.87140809049188,0.9296875,0.04582414469907575,0.8398738267674595,1.0195011732325405,213.3109375,0.28084805150410014,212.76048543392372,213.86138956607627,213.31041666666667,0.2809168410054839,212.75982977564516,213.86100355768818,0.0015624999999999999,0.0006294832658118664,0.0003287354701380883,0.0027962645298619114,0.0020833333333333333,0.0007229462294854069,0.0006663847607829068,0.0035002819058837596,0.9999927074294179,2.9381821123527515e-06,0.9999869486982977,0.9999984661605381
consumer_inconvenience_dominant,family_four,2.25,0.15475,193405.55388472634,253.36727813904338,192908.96314471288,193902.1446247398,180779.96176290893,238.14571654086473,180313.20473541637,181246.7187904015,1.328125,0.7627681366474913,0.0,2.8231230763838093,11376.875,15.10410084537623,11347.271506324201,11406.478493675799,778.2517063164686,1.033218019472841,776.226636210124,780.2767764228132,29.55395716760297,0.036524486138746655,29.482370490217193,29.625543844988748,0.0,0.0,0.0,0.0,0.0,0.0,0.0,0.0,439.5833333333333,7.286423985788823,425.30220474509844,453.8644619215682,0.0,0.0,0.0,0.0,94.80729166666667,0.12586750704480193,94.56059588603502,95.05398744729833,94.80729166666667,0.12586750704480193,94.56059588603502,95.05398744729833,2.2235763037613387,0.002952051484208113,2.2177903891717827,2.2293622183508948,369.42446459503714,0.45655607673433346,368.52963112771494,370.31929806235934,1.7329224235505236,0.002872739583356319,1.7272919574301826,1.7385528896708646,0.0,0.0,0.0,0.0,5.494791666666667,0.09108029982236031,5.316277559313731,5.673305774019603,213.31640625,0.2832018908508043,212.76134074357878,213.87147175642122,1.0414062499999999,0.0482496078686796,0.9468387563092074,1.1359737436907922,213.31041666666667,0.28099885367459065,212.75966903376744,213.8611642995659,213.31041666666667,0.2809168410054839,212.75982977564516,213.86100355768818,0.0007812499999999999,0.00044868713920440654,0.0,0.0016606606331669464,0.0007812499999999999,0.00044868713920440654,0.0,0.0016606606331669464,0.9999962905634566,2.1304284365662053e-06,0.9999921150004493,1.0000004661264639
consumer_inconvenience_dominant,family_four,2.4,0.15475,192346.62181349285,253.89792546240758,191848.9910238371,192844.2526031486,180488.07959834448,237.7026227604332,180022.19101870334,180953.96817798563,0.8854166666666666,0.6244430146119605,0.0,2.109302485703728,10666.875,14.018698752142294,10639.398855335685,10694.351144664315,750.8208846872855,0.986749333731579,748.8868915314026,752.7548778431683,31.766469349995663,0.03775998664212764,31.69246113612038,31.840477563870948,0.0,0.0,0.0,0.0,0.0,0.0,0.0,0.0,408.19444444444434,7.55674004976293,393.3835061063776,423.0053827825111,0.0,0.0,0.0,0.0,88.890625,0.11682248960118576,88.66165712779737,89.11959287220263,88.890625,0.11682248960118576,88.66165712779737,89.11959287220263,2.145202527677959,0.0028192838106616495,2.1396768329468654,2.1507282224090525,397.0808668749458,0.471999833026596,396.1557642015047,398.0059695483869,1.8623825682771953,0.0034469258818493687,1.8556267176913916,1.869138418862999,0.0,0.0,0.0,0.0,5.1024305555555545,0.09445925062203661,4.91729382632972,5.287567284781389,213.3375,0.28037397504284584,212.7879771067137,213.88702289328631,1.125,0.049774524329734275,1.0274437249661081,1.2225562750338919,213.31119791666666,0.28093063720218464,212.7605839855965,213.86181184773682,213.31041666666667,0.2809168410054839,212.75982977564516,213.86100355768818,0.0005208333333333333,0.0003673194203599767,0.0,0.0012407661680610164,0.0013020833333333333,0.0005761796261316658,0.00017279201748951478,0.0024313746491771517,0.9999975640835865,1.7179822087979446e-06,0.9999941969003312,1.0000009312668419
consumer_inconvenience_dominant,family_four,3.0,0.15475,189036.06313855853,248.9058874786899,188548.21656356033,189523.90971355673,179475.9431296368,236.45790636494894,179012.49414930178,179939.39210997184,1.7708333333333333,0.878435611620918,0.04913117181891935,3.492535494847747,8531.25,11.552317635756781,8508.60787349595,8553.89212650405,664.8875217795531,0.9003360402811489,663.1228955666187,666.6521479924876,40.54498714216665,0.04303660533077755,40.46063694570146,40.629337338631835,0.0,0.0,0.0,0.0,0.0,0.0,0.0,0.0,321.6666666666667,6.651014202106186,308.63091836987417,334.7024149634592,0.0,0.0,0.0,0.0,71.09375,0.09626931363130649,70.90506561246625,71.28243438753375,71.09375,0.09626931363130649,70.90506561246625,71.28243438753375,1.8996786336558669,0.002572388686517569,1.8946368444760542,1.9047204228356795,506.8123392770831,0.5379575666347186,505.7579618212682,507.86671673289794,2.3770626250739313,0.003959171372123262,2.3693027917759477,2.384822458371915,0.0,0.0,0.0,0.0,4.020833333333333,0.08313767752632734,3.8578864796234265,4.18378018704324,213.28125,0.2888079408939195,212.71519683739874,213.84730316260126,1.2453125,0.061649045858008865,1.1244825904370446,1.3661424095629555,213.31041666666667,0.2810345144385312,212.75959913995445,213.8612341933789,213.31041666666667,0.2809168410054839,212.75982977564516,213.86100355768818,0.0010416666666666667,0.0005167268303652459,2.890068930524667e-05,0.0020544326440280866,0.0010416666666666667,0.0005167268303652459,2.890068930524667e-05,0.0020544326440280866,0.9999950712868921,2.4451684626224625e-06,0.9999902788447692,0.9999998637290151
consumer_inconvenience_dominant,family_four,4.5,0.15475,184149.57777646455,242.2791475626678,183674.71937303664,184624.43617989245,177638.24895920398,234.00077562304082,177179.6158666284,178096.88205177957,0.8854166666666666,0.6244430146119605,0.0,2.109302485703728,5688.958333333333,7.718232170572469,5673.830876254692,5704.085790411974,539.7823425946316,0.7323248295404144,538.347012303748,541.2176728855152,62.39716911035155,0.06442752825053454,62.270893475367565,62.52344474533553,0.0,0.0,0.0,0.0,0.0,0.0,0.0,0.0,219.30555555555554,5.498902162130957,208.52790536326944,230.08320574784165,0.0,0.0,0.0,0.0,47.407986111111114,0.06431860142143725,47.28192396878911,47.53404825343312,47.407986111111114,0.06431860142143725,47.28192396878911,47.53404825343312,1.54223526455609,0.0020923566558297556,1.5381343208678508,1.546336208244329,779.9646138793945,0.8053441031316814,778.3861684420947,781.5430593166943,3.6581086913961074,0.005667111431265978,3.647001357094451,3.669216025697764,0.0,0.0,0.0,0.0,2.741319444444444,0.06873627702663695,2.606598817040868,2.8760400718480206,213.3359375,0.2894337063964676,212.76865785955098,213.90321714044902,2.165625,0.0911089039497606,1.98705482958755,2.34419517041245,213.3106770833333,0.2809916455416048,212.7599435781151,213.8614105885515,213.31041666666667,0.2809168410054839,212.75982977564516,213.86100355768818,0.0005208333333333333,0.0003673194203599767,0.0,0.0012407661680610164,0.0007812499999999999,0.00044868713920440654,0.0,0.0016606606331669464,0.9999975198137122,1.749169351873582e-06,0.9999940915047797,1.0000009481226448
consumer_inconvenience_dominant,family_four,5.0,0.15475,183089.1159221211,241.14156703244197,182616.48713556197,183561.74470868023,177160.3769688184,233.33367570308747,176703.05136806,177617.7025695768,0.5902777777777778,0.465922014111581,0.0,1.5034681450408394,5118.75,6.819194818713364,5105.38462375176,5132.11537624824,512.329539683774,0.6825250192889661,510.9918152274201,513.6672641401278,70.95802473001451,0.05988699734573658,70.84064837207463,71.0754010879544,0.0,0.0,0.0,0.0,0.0,0.0,0.0,0.0,226.1111111111111,5.53501146197281,215.26268799162798,236.9595342305942,0.0,0.0,0.0,0.0,42.65625,0.05682662348927804,42.544871864597994,42.767628135402006,42.65625,0.05682662348927804,42.544871864597994,42.767628135402006,1.463798684810783,0.0019500714836827616,1.459976614935486,1.4676207546860798,886.9753091251814,0.7485874668217074,885.5081046509328,888.4425135994301,4.159579825779548,0.00651476888413782,4.1468111133990355,4.17234853816006,0.0,0.0,0.0,0.0,2.826388888888889,0.06918764327466012,2.69078359989535,2.9619941778824277,213.28125,0.28413311744639025,212.72435932298998,213.83814067701002,2.3369791666666666,0.1004451870415992,2.1401102176447426,2.5338481156885906,213.3103298611111,0.2809459100478849,212.7596859958134,213.86097372640876,213.31041666666667,0.2809168410054839,212.75982977564516,213.86100355768818,0.00034722222222222224,0.00027407177300681234,0.0,0.0008843930264946114,0.00026041666666666666,0.0002604166666666666,0.0,0.0007708239543073056,0.9999983609773787,1.2920588142155976e-06,0.9999958285886369,1.0000008933661204
consumer_inconvenience_dominant,family_four,9.0,0.15475,178253.26176785878,234.49947728726062,177793.6512379823,178712.87229773527,174496.52848394823,229.83619791704137,174046.05781368722,174946.99915420925,0.0,0.0,0.0,0.0,2844.375,4.075547078342194,2836.3870745091517,2852.3629254908483,389.4247664465218,0.5579851352670488,388.33113567748967,390.51839721555393,128.2182396862532,0.11152519172257118,127.99965432710805,128.43682504539836,0.0,0.0,0.0,0.0,284.4375,0.4075547078342195,283.6387074509152,285.2362925490848,110.27777777777777,3.659120604244438,103.10603317837024,117.4495223771853,0.0,0.0,0.0,0.0,23.703125,0.0339628923195183,23.636558954242933,23.769691045757067,23.703125,0.0339628923195183,23.636558954242933,23.769691045757067,1.112642189847205,0.001594243243620142,1.1095175305071132,1.1157668491872967,1602.7279960781652,1.3940648965321407,1599.9956790888507,1605.4603130674798,7.514398194132741,0.011826092046530342,7.491219479643686,7.537576908621796,0.0,0.0,0.0,0.0,1.378472222222222,0.045739007553055475,1.2888254147296279,1.4681190297148163,213.328125,0.3056660308756646,212.7290305881864,213.9272194118136,4.3671875,0.18542946952068112,4.003752418067097,4.730622581932903,213.3109375,0.2809601731052749,212.76026567962353,213.86160932037646,213.31041666666667,0.2809168410054839,212.75982977564516,213.86100355768818,0.0,0.0,0.0,0.0,0.0005208333333333333,0.0003673194203599767,0.0,0.0012407661680610164,1.0,0.0,1.0,1.0
consumer_inconvenience_dominant,family_four,10.0,0.15475,178229.79240435667,234.74868085333438,177769.69344446584,178689.8913642475,174018.44857710815,229.1955173124968,173569.23361775762,174467.66353645868,0.5902777777777778,0.465922014111581,0.0,1.5034681450408394,2560.8333333333335,3.5442642665848645,2553.886703019135,2567.779963647532,371.7690821522917,0.5145387074364158,370.7606048170645,372.77755948751883,143.81780065178168,0.11983865083963682,143.5829212121801,144.05268009138325,0.0,0.0,0.0,0.0,1024.3333333333333,1.4177057066339456,1021.5546812076539,1027.1119854590127,110.0,4.244331446525117,101.68126322635997,118.31873677364003,0.0,0.0,0.0,0.0,21.340277777777775,0.029535535554873857,21.28238919182612,21.39816636372943,21.340277777777775,0.029535535554873857,21.28238919182612,21.39816636372943,1.0621973775779765,0.0014701105926754722,1.0593160137630417,1.0650787413929113,1797.7225081472714,1.49798313549546,1794.786515152252,1800.6585011422908,8.434612970711397,0.013247339579491086,8.408648662244623,8.460577279178171,0.0,0.0,0.0,0.0,1.375,0.05305414308156396,1.2710157903294999,1.4789842096705001,213.40277777777774,0.2953553555487387,212.82389191826118,213.9816636372943,4.8890625000000005,0.21405103487086125,4.469530180799585,5.308594819200416,213.3103298611111,0.2809459100478849,212.7596859958134,213.86097372640876,213.31041666666667,0.2809168410054839,212.75982977564516,213.86100355768818,0.00034722222222222224,0.00027407177300681234,0.0,0.0008843930264946114,0.00026041666666666666,0.0002604166666666666,0.0,0.0007708239543073056,0.9999983609773787,1.2920588142155976e-06,0.9999958285886369,1.0000008933661204
no_discrete_consumption_quantum,single_low,1.8,0.1905,29575.536178258466,53.001152376874664,29471.655828460673,29679.41652805626,27256.675439845432,48.883444409266424,27160.865649363004,27352.48523032786,0.06426112077039274,0.06426112077039273,0.0,0.1902106030865413,2131.0416666666665,3.95419780292903,2123.2915813851782,2138.791751948155,132.50001641100152,0.24585688866420252,132.0181457638686,132.98188705813445,25.34659009473025,0.037019719651447285,25.27403277749564,25.419147411964857,0.04709300875257505,0.007310578850982226,0.032764537498509674,0.061421480006640425,0.0,0.0,0.0,0.0,29.861111111111114,0.6083980444303545,28.66867285576302,31.053549366459208,0.00023672582510601324,3.6818746600605814e-05,0.0001645624078129193,0.0003088892423991072,17.758680555555554,0.03295164835774192,17.69409651154315,17.823264599567956,17.758680555555554,0.03295164835774192,17.69409651154315,17.823264599567956,0.37857147546000425,0.0007024482533262932,0.37719470218248163,0.37994824873752686,316.8323761841281,0.46274649564309084,315.92540971869556,317.7393426495607,9.915053401458104,0.02296851343661715,9.870035942343911,9.960070860572298,0.04709300875257505,0.007310578850982226,0.032764537498509674,0.061421480006640425,2.9861111111111107,0.060839804443035446,2.8668672855763013,3.10535493664592,31.965625,0.05931296704393547,31.849373720777674,32.08187627922232,0.7980568082089462,0.03501988275618249,0.7294190992640133,0.8666945171538791,31.9821981165537,0.05736753357837597,31.869759816858192,32.09463641624921,31.98211469354862,0.0573623176999404,31.869686616786993,32.09454277031025,3.780065927670161e-05,3.7800659276701615e-05,0.0,0.00011188859005090666,0.00012122366435433262,8.416546320514953e-05,0.0,0.0002861849409785568,0.9999988457262661,1.1542737338798424e-06,0.9999965833913194,1.0000011080612128
no_discrete_consumption_quantum,single_low,2.0,0.1905,29285.47680358551,52.56740514071475,29182.44658274898,29388.507024422037,27185.779174754105,48.74256730219255,27090.24549832779,27281.31285118042,0.047290509256555376,0.044284969642280944,0.0,0.13408745481187567,1920.4166666666667,3.7712699095473603,1913.0251134679743,1927.8082198653592,124.8320974404254,0.24514239070831484,124.35162718355306,125.31256769729774,28.273337106602686,0.037866356033805344,28.199120412550656,28.347553800654715,0.15601488623117654,0.013230436806854458,0.13008370659000867,0.1819460658723444,0.0,0.0,0.0,0.0,25.972222222222225,0.6284847265572483,24.740414793336516,27.204029651107934,0.0007860741065137204,6.6694299605724e-05,0.0006553556813123774,0.0009167925317150633,16.00347222222222,0.031427249246227994,15.941875945566451,16.06506849887799,16.00347222222222,0.031427249246227994,15.941875945566451,16.06506849887799,0.3566631355440724,0.0007004068305951851,0.35529036338158,0.35803590770656485,353.41671383253356,0.47332945042256663,352.4890051568832,354.3444225081839,11.060833938814307,0.025793096731224312,11.01028039817135,11.111387479457264,0.15601488623117654,0.013230436806854458,0.13008370659000867,0.1819460658723444,2.597222222222222,0.06284847265572482,2.4740414793336507,2.720402965110793,32.00694444444444,0.06285449849245599,31.883751891132903,32.13013699775598,0.988517987652922,0.04063531840136189,0.9088742270859349,1.068161748219909,31.98248354325126,0.057366693206494665,31.870046890654372,32.09492019584815,31.98211469354862,0.0573623176999404,31.869686616786993,32.09454277031025,2.7817946621503167e-05,2.6049982142518213e-05,0.0,7.887497341875042e-05,0.000396667649259165,0.00018426406322211123,3.551672169881543e-05,0.0007578185768195146,0.9999991511705423,7.935947575335657e-07,0.9999975957533992,1.0000007065876855
no_discrete_consumption_quantum,single_low,2.1,0.1905,29157.044477864343,52.316318334165224,29054.506378125647,29259.58257760304,27152.933669916627,48.65953903757002,27057.562725898668,27248.304613934586,0.24509521663236514,0.15967431196498416,0.0,0.5580511173399472,1827.2916666666667,3.591364179469319,1820.2527222195397,1834.3306111137938,121.29609963050147,0.2383956952624743,120.82885265371763,121.76334660728531,29.67066194518975,0.03730153809472422,29.59755227395614,29.74377161642336,0.2947844887257631,0.021368286637462073,0.25290341650500897,0.3366655609465173,0.0,0.0,0.0,0.0,25.3125,0.5975052006916735,24.141411326068944,26.483588673931056,0.0014821325326217188,0.00010770211241897759,0.0012710402712216387,0.001693224794021799,15.227430555555555,0.029928034828910988,15.16877268516283,15.28608842594828,15.227430555555555,0.029928034828910988,15.16877268516283,15.28608842594828,0.34656028465857575,0.0006811305578927823,0.3452252932963362,0.34789527602081527,370.88327431487187,0.46626922618405287,369.96940342445174,371.797145205292,11.602330220771094,0.026095644239623583,11.551183697908062,11.653476743634126,0.2947844887257631,0.021368286637462073,0.25290341650500897,0.3366655609465173,2.53125,0.05975052006916735,2.4141411326068942,2.6483588673931058,31.977604166666666,0.06284887314071298,31.854422638841942,32.10078569449139,1.029622516101597,0.043541364189759575,0.9442830104519262,1.114962021751268,31.982157890614747,0.05736800520322585,31.869718666551517,32.094597114677974,31.98211469354862,0.0573623176999404,31.869686616786993,32.09454277031025,0.0001441736568425677,9.392606586175539e-05,0.0,0.00032826536314114536,0.00018737072297000793,0.00011242882625862486,0.0,0.0004077271732610238,0.9999954813285145,2.953027909724477e-06,0.9999896935001661,1.000001269156863
no_discrete_consumption_quantum,single_low,2.25,0.1905,28986.493522170906,51.96662148714923,28884.64081565787,29088.346228683942,27108.020766328522,48.56210712829645,27012.840785343684,27203.20074731336,0.12237299768084092,0.12237299768084094,0.0,0.3622196658154927,1706.25,3.363600585759784,1699.657463993533,1712.842536006467,116.71851663154199,0.23009199760343932,116.26754460310838,117.1694886599756,31.89392519510802,0.04216604281699576,31.811281269816135,31.97656912039991,0.6928021291633725,0.032839178051702694,0.628438522900137,0.7571657354266079,0.0,0.0,0.0,0.0,22.795138888888886,0.6059849300940567,21.607430250730513,23.98284752704726,0.0034884306023582126,0.0001658435591927149,0.0031633831992725547,0.0038134780054438705,14.21875,0.028030004881331522,14.163812199946108,14.273687800053892,14.21875,0.028030004881331522,14.163812199946108,14.273687800053892,0.33348147609011997,0.0006574057074383978,0.33219298458030966,0.3347699675999303,398.6740649388503,0.5270755352124474,397.6410158727017,399.70711400499886,12.46550119666702,0.027584792242829455,12.411435997350054,12.519566395983986,0.6928021291633725,0.032839178051702694,0.628438522900137,0.7571657354266079,2.279513888888889,0.06059849300940567,2.1607430250730513,2.3982847527047264,31.9921875,0.06306751098299594,31.868577449878742,32.11579755012126,1.1259191719476824,0.0460761317977368,1.0356116130771975,1.2162267308181673,31.98248583494029,0.05738153646445558,31.870020090092385,32.094951579788194,31.98211469354862,0.0573623176999404,31.869686616786993,32.09454277031025,7.19841162828476e-05,7.198411628284762e-05,0.0,0.00021307039165617222,0.00044312550795628765,0.00018629611897116082,7.799182431322333e-05,0.000808259191599352,0.9999976137971762,2.3862028238631476e-06,0.9999929369255817,1.0000022906687709
no_discrete_consumption_quantum,single_low,2.4,0.1905,28834.275038081705,51.45892162767327,28733.417405008197,28935.132671155214,27066.572763824817,48.42298902428753,26971.665449313434,27161.4800783362,0.06377414126960838,0.0637741412696084,0.0,0.18876916130301036,1598.9583333333333,3.1322632288563876,1592.8192102146756,1605.0974564519909,112.54761215552266,0.22047400466991554,112.11549104684231,112.979733264203,34.11139586648658,0.04656924261794823,34.020121828168094,34.20266990480507,1.3440754269484652,0.047252212062462946,1.2514627931161886,1.4366880607807417,0.0,0.0,0.0,0.0,20.677083333333332,0.5828132095397127,19.534790432921298,21.819376233745366,0.006755948017581423,0.00023790719625765312,0.006289658481253521,0.007222237553909325,13.324652777777777,0.026102193573803226,13.27349341845563,13.375812137099924,13.324652777777777,0.026102193573803226,13.27349341845563,13.375812137099924,0.3215646061586362,0.0006299257276283303,0.32032997441954947,0.3227992378977229,426.3924483310823,0.5821155327243528,425.2515228521012,427.5333738100634,13.332522157115895,0.029325146888372084,13.275045925373337,13.389998388858452,1.3440754269484652,0.047252212062462946,1.2514627931161886,1.4366880607807417,2.067708333333333,0.05828132095397127,1.9534790432921298,2.1819376233745365,31.979166666666668,0.06264526457712774,31.856384204293516,32.101949129039824,1.2137528978825456,0.05036021792800132,1.1150486844900747,1.3124571112750165,31.98207717934787,0.057359429081919634,31.869654764173525,32.09449959452221,31.98211469354862,0.0573623176999404,31.869686616786993,32.09454277031025,3.751420074682846e-05,3.7514200746828476e-05,0.0,0.00011104068311941788,0.0,0.0,0.0,0.0,0.9999988572955146,1.1427044853777474e-06,0.9999966176358783,1.000001096955151
no_discrete_consumption_quantum,single_low,3.0,0.1905,28405.024539266276,50.10464889243548,28306.821231979076,28503.227846553476,26952.23159607437,47.77427547290401,26858.59573675998,27045.867455388758,0.02935277426809585,0.029352774268095853,0.0,0.08688315467989777,1282.0833333333333,2.5537773298347934,1277.078021742322,1287.0886449243444,99.9198488163949,0.1990299991221286,99.52975718627249,100.30994044651732,42.8647102434472,0.05284587956049274,42.761134222777294,42.968286264117104,10.06583691335206,0.16065802052575415,9.750952979294086,10.380720847410034,0.0,0.0,0.0,0.0,17.82986111111111,0.5138957060338983,16.822644035474887,18.837078186747334,0.0509170624305596,0.0008167205112790831,0.049316319643017456,0.052517805218101746,10.684027777777777,0.021281477748623295,10.642316847852685,10.725738707702869,10.684027777777777,0.021281477748623295,10.642316847852685,10.725738707702869,0.2854852823325569,0.0005686571403489389,0.2843707348179214,0.28659982984719234,535.80887804309,0.6605734945061597,534.5141777847161,537.1035783014638,16.729300250117266,0.03506942177937029,16.660565446471054,16.798035053763478,10.06583691335206,0.16065802052575415,9.750952979294086,10.380720847410034,1.782986111111111,0.051389570603389834,1.6822644035474885,1.8837078186747334,32.052083333333336,0.06384443324586983,31.92695054355806,32.177216123108614,1.5405522140891454,0.06328613693155993,1.4165136649826178,1.6645907631956731,31.982299487948225,0.057380411246393946,31.869835948487196,32.09476302740926,31.98211469354862,0.0573623176999404,31.869686616786993,32.09454277031025,1.7266337804762265e-05,1.726633780476227e-05,0.0,5.110773804699869e-05,0.00020206073740999003,0.0001611394766619588,0.0,0.0005178883081550619,0.9999994773087505,5.226912495234329e-07,0.9999984528527264,1.0000005017647746
no_discrete_consumption_quantum,single_low,4.5,0.1905,28095.404433588235,47.41200414588614,28002.478613027433,28188.330254149038,26984.688071515342,46.25603457312746,26894.027909684373,27075.34823334631,0.0,0.0,0.0,0.0,862.7083333333334,1.8343221789837818,859.1131279264821,866.3035387401846,81.85588606160945,0.17404499467743578,81.51476414035221,82.1970079828667,65.04186149054827,0.08736792048565696,64.87062351299222,65.21309946810432,82.16757285407523,0.4600470386956504,81.26589722703746,83.06924848111301,7.189236111111112,0.015286018158198175,7.159276066054018,7.219196156168206,11.753472222222223,0.42347183872435495,10.923482669855533,12.583461774588914,0.42128695315180353,0.0023507628297290625,0.4166795426693391,0.42589436363426797,7.189236111111112,0.015286018158198175,7.159276066054018,7.219196156168206,7.189236111111112,0.015286018158198175,7.159276066054018,7.219196156168206,0.233873960176027,0.0004972714133641023,0.23289932611529202,0.23484859423676196,813.0232686318535,1.092099006070712,810.8827939124029,815.1637433513041,24.94079815934249,0.0519585953117377,24.83896118384419,25.042635134840786,82.16757285407523,0.4600470386956504,81.26589722703746,83.06924848111301,1.175347222222222,0.042347183872435495,1.092348266985553,1.258346177458891,32.3515625,0.06878708171189182,32.21674229724308,32.48638270275692,2.2814853541225038,0.09709216976160406,2.091188198208911,2.4717825100360966,31.982331733381315,0.05735062261543639,31.86992657856411,32.09473688819852,31.98211469354862,0.0573623176999404,31.869686616786993,32.09454277031025,0.0,0.0,0.0,0.0,0.0002170398326990688,0.00011482691432871264,0.0,0.00044209644923921186,1.0,9.294146065311043e-18,1.0,1.0
no_discrete_consumption_quantum,single_low,5.0,0.1905,28148.02469584953,46.96771280024286,28055.969670324834,28240.079721374226,27062.777705763034,45.838502177444745,26972.93589238998,27152.619519136086,0.15537582390928745,0.15537582390928747,0.0,0.4599068428397283,780.8333333333334,1.7465581544434243,777.4101422537195,784.2565244129472,78.15267052237628,0.17481090799451843,77.81004743860228,78.49529360615028,72.47708451493601,0.09540999226405772,72.29008436633322,72.6640846635388,117.16672033638089,0.5299381355352992,116.1280606766974,118.20537999606438,26.027777777777775,0.05821860514811412,25.91367140845731,26.14188414709824,10.434027777777777,0.36832120148253883,9.71213148812948,11.155924067426074,0.6028951794010334,0.0027913038611916668,0.5974243243631902,0.6083660344388767,6.506944444444444,0.01455465128702853,6.478417852114328,6.53547103677456,6.506944444444444,0.01455465128702853,6.478417852114328,6.53547103677456,0.22329334434964657,0.0004994597371271959,0.22231442125314943,0.2242722674461437,905.9635564367001,1.1926249033007215,903.626054579165,908.3010582942351,27.695327885873954,0.05560354014290738,27.58634694978093,27.80430882196698,117.16672033638089,0.5299381355352992,116.1280606766974,118.20537999606438,1.0434027777777777,0.03683212014825388,0.971213148812948,1.1155924067426073,32.53472222222222,0.07277325643514262,32.392089260571645,32.6773551838728,2.278904405867077,0.10894016396625308,2.065385608023333,2.492423203710821,31.98210005568073,0.05735512365186906,31.869686078994224,32.094514032367236,31.98211469354862,0.0573623176999404,31.869686616786993,32.09454277031025,9.139754347605144e-05,9.139754347605143e-05,0.0,0.00027053343696454603,7.675967558670453e-05,7.675967558670451e-05,0.0,0.0002272058752016238,0.9999971872121484,2.812787851675403e-06,0.9999916742492629,1.0000027001750338
no_discrete_consumption_quantum,single_low,9.0,0.1905,29512.921573039133,45.37889206894011,29423.98057892568,29601.862567152588,28024.04381533843,44.46359200109182,27936.89677639301,28111.190854283854,0.0,0.0,0.0,0.0,467.5,1.3736805504917444,464.80763559477305,470.19236440522695,64.005652670182,0.18807127314344202,63.637039748294264,64.37426559206975,131.3159247762632,0.18743172549839823,130.94856534472612,131.68328420780026,430.6047913653717,1.1411710869981544,428.3681371346569,432.8414455960865,389.5833333333333,1.1447337920764549,387.3396963289775,391.82697033768915,5.8680555555555545,0.29487410272612163,5.290112934238792,6.445998176872317,2.2755012643574553,0.0057277912147704994,2.26427499986554,2.2867275288493705,3.8958333333333335,0.011447337920764545,3.8733969632897756,3.9182697033768914,3.8958333333333335,0.011447337920764545,3.8733969632897756,3.9182697033768914,0.1828732933433772,0.0005373464946955478,0.18182011356655509,0.18392647312019933,1641.4490597032898,2.3428965687299788,1636.8570668090765,1646.041052597503,47.467351447512065,0.10069315292999631,47.26999649427949,47.66470640074464,430.6047913653717,1.1411710869981544,428.3681371346569,432.8414455960865,0.5868055555555555,0.029487410272612164,0.5290112934238792,0.6445998176872317,35.0625,0.10302604128688085,34.860572669607976,35.264427330392024,5.126691896711153,0.18999188754848345,4.754314639761342,5.499069153660965,31.98211469354862,0.05736231769994039,31.869686616786993,32.09454277031025,31.98211469354862,0.0573623176999404,31.869686616786993,32.09454277031025,0.0,0.0,0.0,0.0,0.0,0.0,0.0,0.0,1.0,7.864150991335877e-18,1.0,1.0
no_discrete_consumption_quantum,single_low,10.0,0.1905,29989.91228397083,45.63046117077474,29900.478223478156,30079.3463444635,28352.71202438993,43.772681372817516,28266.91914539246,28438.5049033874,0.0,0.0,0.0,0.0,413.3333333333333,1.3643853602577356,410.65918716619444,416.0074795004722,60.005683289143086,0.1980746995450867,59.617464011786126,60.393902566500046,144.32568121933022,0.20639960098285245,143.9211454349804,144.73021700368005,518.0147284057575,1.0828221320810425,515.8924360252158,520.1370207862992,496.0,1.637262432309283,492.79102459943334,499.20897540056666,5.520833333333333,0.27484223664075164,4.982152448087025,6.059514218579641,2.772397852860227,0.007237122300359464,2.758213353799811,2.7865823519206434,3.444444444444444,0.011369878002147803,3.4221598930516204,3.466728995837268,3.444444444444444,0.011369878002147803,3.4221598930516204,3.466728995837268,0.1714448093975517,0.0005659277129859613,0.17033561146224607,0.1725540073328573,1804.071015241628,2.5799950122856545,1799.014317937255,1809.1277125460008,52.59732516245864,0.09742439616657747,52.40637685475659,52.78827347016069,518.0147284057575,1.0828221320810425,515.8924360252158,520.1370207862992,0.5520833333333334,0.027484223664075155,0.4982152448087026,0.6059514218579641,34.444444444444436,0.11369878002147805,34.221598930516194,34.66728995837268,4.2671915799279185,0.23447815173616762,3.807622847363512,4.726760312492325,31.98211469354862,0.057362317699940386,31.869686616786993,32.09454277031025,31.98211469354862,0.0573623176999404,31.869686616786993,32.09454277031025,0.0,0.0,0.0,0.0,0.0,0.0,0.0,0.0,1.0,6.135528011024084e-18,1.0,1.0
no_discrete_consumption_quantum,single_average,1.8,0.1905,49381.856050647075,69.41347262699718,49245.808144256305,49517.903957037845,45529.007778085645,64.06940514807435,45403.43405148452,45654.58150468677,0.1536035577524748,0.10360241722460876,0.0,0.35666056422400017,3561.25,5.012255921646837,3551.426158912275,3571.073841087725,221.42489789125617,0.31164289383095656,220.81408904330965,222.03570673920268,25.29754889019846,0.027678490068471742,25.243300046517806,25.351797733879113,0.0,0.0,0.0,0.0,0.0,0.0,0.0,0.0,44.72222222222222,0.8507250516866889,43.05483176017034,46.389612684274105,0.0,0.0,0.0,0.0,29.677083333333332,0.04176879934705696,29.59521799093562,29.758948675731045,29.677083333333332,0.04176879934705696,29.59521799093562,29.758948675731045,0.6326425654035891,0.0008904082680884471,0.6308973972665991,0.6343877335405791,316.2193611274808,0.34598112585589685,315.54125058147264,316.89747167348895,5.917910328548344,0.010474072055383253,5.897381524548315,5.938439132548373,0.0,0.0,0.0,0.0,4.472222222222222,0.08507250516866889,4.305483176017034,4.638961268427411,53.418749999999996,0.07518383882470257,53.271392383684116,53.566107616315875,0.8869529724891256,0.03742672849269591,0.8135979325842826,0.9603080123939687,53.42282216018635,0.07517775159558773,53.2754764746203,53.5701678457524,53.42249073886336,0.07516913981228564,53.275161932082426,53.56981954564429,9.035503397204402e-05,6.0942598367416956e-05,0.0,0.00020980033189647076,0.0004217763569654776,0.0002181016782160224,0.0,0.0008492477912366255,0.9999982969194315,1.153400118000093e-06,0.9999960362967405,1.0000005575421227
no_discrete_consumption_quantum,single_average,2.0,0.1905,48892.31861534014,68.65064920909326,48757.76581537502,49026.87141530526,45409.180886513575,63.88889086753859,45283.96096140099,45534.40081162616,0.1525894708247311,0.15258947082473112,0.0,0.4516593380612294,3205.4166666666665,4.559473035032053,3196.480263729522,3214.353069603811,208.360452507961,0.29637765182179887,207.77956298456775,208.94134203135428,28.235797958900083,0.02850910465922391,28.17992114053652,28.291674777263644,0.0,0.0,0.0,0.0,0.0,0.0,0.0,0.0,40.97222222222222,0.7998786953149004,39.40448878740413,42.539955657040316,0.0,0.0,0.0,0.0,26.711805555555554,0.03799560862526712,26.63733553107935,26.786275580031756,26.711805555555554,0.03799560862526712,26.63733553107935,26.786275580031756,0.5953155785941742,0.0008467932909194244,0.5936558942416219,0.5969752629467264,352.9474744862511,0.3563638082402986,352.2490142567066,353.64593471579565,6.609517863438032,0.011956095007603034,6.5860843478273905,6.632951379048673,0.0,0.0,0.0,0.0,4.097222222222222,0.07998786953149005,3.9404488787404133,4.253995565704032,53.42361111111111,0.07599121725053425,53.2746710621587,53.57255116006351,0.9921595162572924,0.04178786771851156,0.9102568005382857,1.074062231976299,53.422565748839496,0.07516340102063364,53.27524818988351,53.56988330779548,53.42249073886336,0.07516913981228564,53.275161932082426,53.56981954564429,8.975851224984183e-05,8.975851224984183e-05,0.0,0.0002656819635654291,0.0001647684883858107,8.718648993473406e-05,0.0,0.00033565086859635337,0.999998324977101,1.6750228990566593e-06,0.9999950419925455,1.0000016079616565
no_discrete_consumption_quantum,single_average,2.1,0.1905,48676.76882528535,68.64035218004605,48542.23620712631,48811.30144344438,45353.86032003638,63.82823366669992,45228.75928085284,45478.96135921992,0.539313098913046,0.4084700430230787,0.0,1.3398996720018066,3052.2916666666665,4.561341615440747,3043.351601379219,3061.231731954114,202.6119206118433,0.30278305162116237,202.01847673553667,203.2053644881499,29.72254931599693,0.03327054035840948,29.65734025514826,29.7877583768456,0.0,0.0,0.0,0.0,0.0,0.0,0.0,0.0,37.74305555555555,0.7289935111171131,36.31425452880261,39.17185658230849,0.0,0.0,0.0,0.0,25.435763888888886,0.03801118012867288,25.36126334482682,25.51026443295095,25.435763888888886,0.03801118012867288,25.36126334482682,25.51026443295095,0.5788912017481235,0.0008650944332033197,0.5771956478158189,0.5805867556804281,371.5318664499616,0.41588175448011844,370.71675318935326,372.34697971057,6.952928189737481,0.013553635019105535,6.926363553240433,6.979492826234528,0.0,0.0,0.0,0.0,3.7743055555555554,0.07289935111171131,3.6314254528802614,3.9171856582308493,53.41510416666667,0.07982347827021304,53.258653024136336,53.57155530919701,1.0266961363852916,0.04456039418749244,0.9393593686408984,1.1140329041296848,53.42264522022106,0.07518374528977129,53.27528778723027,53.570002653211844,53.42249073886336,0.07516913981228564,53.275161932082426,53.56981954564429,0.00031724299936061533,0.0002402764958959286,0.0,0.0007881762776481215,0.0004717243570530965,0.0001918790470425613,9.564833546180952e-05,0.0008478003786443834,0.9999940809352618,4.497917794938021e-06,0.9999852651783783,1.0000028966921453
no_discrete_consumption_quantum,single_average,2.25,0.1905,48388.048612998595,67.87286129994432,48255.020249323024,48521.076976674165,45275.496490726095,63.709469133882315,45150.62822574952,45400.36475570267,0.19415776030668833,0.19415776030668833,0.0,0.574699977826758,2849.7916666666665,4.079782398396566,2841.795440101049,2857.787893232284,194.94415006139965,0.2790834577115439,194.39715653560413,195.49114358719518,31.910342228579122,0.03276242485238859,31.84612905582224,31.974555401336005,0.0,0.0,0.0,0.0,0.0,0.0,0.0,0.0,35.71180555555555,0.7553788744307294,34.23129016698891,37.19232094412219,0.0,0.0,0.0,0.0,23.748263888888886,0.03399818665330472,23.68162866750874,23.81489911026903,23.748263888888886,0.03399818665330472,23.68162866750874,23.81489911026903,0.5569832858897132,0.0007973813077472679,0.5554204472445832,0.5585461245348433,398.87927785723906,0.4095303106548579,398.07661319777804,399.6819425167001,7.467945233595654,0.012740907878391862,7.442973513023664,7.492916954167645,0.0,0.0,0.0,0.0,3.5711805555555554,0.07553788744307294,3.423129016698892,3.719232094412219,53.43359375,0.07649591996993561,53.28366450189467,53.58352299810533,1.1120245387289274,0.04583623502998645,1.0221871688832407,1.201861908574614,53.422596879918615,0.07517367120800464,53.27525919176527,53.56993456807196,53.42249073886336,0.07516913981228564,53.275161932082426,53.56981954564429,0.00011421044723922845,0.00011421044723922845,0.0,0.00033805881048632825,0.0002203515024907809,0.00011606039442079055,0.0,0.0004478256955870438,0.9999978409830432,2.159016956783096e-06,0.9999936093875659,1.0000020725785206
no_discrete_consumption_quantum,single_average,2.4,0.1905,48131.51478998397,67.67307593020494,47998.877998437725,48264.15158153022,45202.29171939796,63.58856978749368,45077.66041278606,45326.923026009856,0.09771227064943838,0.09553128850235434,0.0,0.28495015551075825,2673.5416666666665,3.9741463332333775,2665.7524829842373,2681.3308503490957,188.1854731976316,0.27973254264205943,187.63720748874937,188.73373890651385,34.15166122644947,0.03765684760134457,34.07785516137952,34.22546729151942,2.9446836566376694e-05,2.9446836566376694e-05,0.0,8.716157569511212e-05,0.0,0.0,0.0,0.0,33.24652777777777,0.7127892116496758,31.84948659437571,34.64356896117983,1.4740537092096228e-07,1.4740537092096228e-07,0.0,4.363145890538162e-07,22.27951388888889,0.03311788611027814,22.214604024868645,22.344423752909133,22.27951388888889,0.03311788611027814,22.214604024868645,22.344423752909133,0.5376727805646616,0.0007992358361201682,0.5361063071107123,0.539239254018611,426.89576533061836,0.470710595016807,425.973189517244,427.8183411439927,7.98748011164719,0.014818375303749276,7.958436629742444,8.016523593551936,2.9446836566376694e-05,2.9446836566376694e-05,0.0,8.716157569511212e-05,3.3246527777777772,0.07127892116496759,3.184948659437571,3.4643568961179834,53.47083333333333,0.07948292666466746,53.315049659684746,53.62661700698192,1.21497889858989,0.04834530897406766,1.1202238341792563,1.3097339630005236,53.42266918732804,0.07515263919714381,53.275372721158504,53.569965653497576,53.42249073886336,0.07516913981228564,53.275161932082426,53.56981954564429,5.747780626437551e-05,5.619487558962018e-05,0.0,0.0001676177385357401,0.00023592627093855722,0.0001556460276841275,0.0,0.0005409868795361714,0.9999989455382136,1.0304986464959468e-06,0.9999969257979803,1.0000009652784467
no_discrete_consumption_quantum,single_average,3.0,0.1905,47323.699682770144,66.44093738906427,47193.4778383885,47453.92152715179,44948.93074399876,63.245087199691646,44824.97265088827,45072.888837109254,0.0,0.0,0.0,0.0,2138.125,3.13719261929213,2131.9762154536224,2144.2737845463776,166.63591296760816,0.24449878106798525,166.15670416245098,167.11512177276535,42.831598798703816,0.042856419676908036,42.74760175963074,42.91559583777689,0.006288116187557909,0.0015550539329866485,0.0032402664848867153,0.009335965890229104,0.0,0.0,0.0,0.0,27.17013888888889,0.6985668345648254,25.800973052347683,28.539304725430096,3.1539276054214844e-05,7.805349984868046e-06,1.624107119714322e-05,4.683748091128647e-05,17.817708333333332,0.026143271827434433,17.76646846211352,17.868948204553146,17.817708333333332,0.026143271827434433,17.76646846211352,17.868948204553146,0.47610260847888064,0.000698567945908529,0.4747334404641458,0.4774717764936155,535.3949849837976,0.5357052459613503,534.3450219953842,536.444947972211,10.026718086485708,0.017894261799244502,9.991645977829258,10.061790195142159,0.006288116187557909,0.0015550539329866485,0.0032402664848867153,0.009335965890229104,2.717013888888889,0.06985668345648255,2.580097305234768,2.8539304725430097,53.453125,0.07842981548230324,53.29940538634057,53.60684461365943,1.5021989858302998,0.06295979718921095,1.3788000508655003,1.6255979207950992,53.42258866558328,0.07516886822372136,53.275260391106144,53.56991694006041,53.42249073886336,0.07516913981228564,53.275161932082426,53.56981954564429,0.0,0.0,0.0,0.0,9.792671991203387e-05,7.310418223742263e-05,0.0,0.00024120828421663498,1.0,1.5653328376410477e-17,1.0,1.0
no_discrete_consumption_quantum,single_average,4.5,0.1905,46168.79035555866,64.51301885395164,46042.34716207096,46295.23354904636,44508.159672456044,62.30999661478291,44386.034323214255,44630.28502169783,0.21219339252783817,0.21219339252783817,0.0,0.6280847996397716,1426.4583333333333,2.3352783435442217,1421.8812718861102,1431.0353947805563,135.34587101276017,0.22157694625796603,134.9115881782902,135.78015384723014,64.78291822606904,0.06174473386613658,64.6619007714564,64.90393568068168,4.669908804595623,0.10004207824472643,4.473829934297422,4.865987674893825,11.887152777777777,0.019460652862868518,11.849010599050919,11.925294956504635,17.274305555555554,0.5082637683981344,16.278126874848603,18.270484236262504,0.02351149592312903,0.0005044910630071961,0.022522711609112598,0.02450028023714546,11.887152777777777,0.019460652862868518,11.849010599050919,11.925294956504635,11.887152777777777,0.019460652862868518,11.849010599050919,11.925294956504635,0.3867024886078862,0.000633076989308475,0.38546168050940055,0.38794329670637184,809.786477825863,0.7718091733267076,808.273759643205,811.299196008521,15.14591288537793,0.024839519731559,15.097228321310803,15.194597449445057,4.669908804595623,0.10004207824472643,4.473829934297422,4.865987674893825,1.7274305555555554,0.050826376839813434,1.6278126874848602,1.8270484236262505,53.4921875,0.0875729378829083,53.32054769572914,53.66382730427086,2.262004702956655,0.09204961092442329,2.0815907807538605,2.442418625159449,53.42255505275747,0.07516514553363596,53.27523407461883,53.569876030896104,53.42249073886336,0.07516913981228564,53.275161932082426,53.56981954564429,0.00012481964266343424,0.00012481964266343424,0.0,0.0003694616468469245,0.0001891335367731833,0.0001340404655281537,0.0,0.00045184802167934715,0.9999976667674132,2.3332325868024386e-06,0.9999930937155755,1.000002239819251
no_discrete_consumption_quantum,single_average,5.0,0.1905,45984.42546203645,63.56907994436741,45859.832354815146,46109.01856925776,44425.82242620111,61.80741564839327,44304.682117552766,44546.96273484946,0.0,0.0,0.0,0.0,1284.7916666666667,2.0703675941690785,1280.7338207473365,1288.849512585997,128.5932548323091,0.20722060590903033,128.18710990787284,128.99939975674536,72.06516732694136,0.07242424311607341,71.92321841882628,72.20711623505645,13.555724787194587,0.18127929985930372,13.200423888327714,13.911025686061459,42.82638888888889,0.06901225313896937,42.69112735824455,42.961650419533235,16.770833333333332,0.4977810041649106,15.795200492981925,17.74646617368474,0.06844410952075702,0.0009166663493840476,0.06664747649012448,0.07024074255138957,10.706597222222223,0.017253063284742343,10.672781839561138,10.740412604883309,10.706597222222223,0.017253063284742343,10.672781839561138,10.740412604883309,0.36740929952088314,0.0005920588740258006,0.3662488854510652,0.36856971359070106,900.8145915867668,0.9053030389509181,899.0402302353284,902.5889529382052,16.817787760637938,0.02735309678425638,16.764176676075156,16.87139884520072,13.555724787194587,0.18127929985930372,13.200423888327714,13.911025686061459,1.6770833333333333,0.04977810041649106,1.5795200492981925,1.774646617368474,53.532986111111114,0.08626531642371166,53.36390919780569,53.70206302441654,2.5925091694723346,0.1022683266818381,2.392066932416755,2.792951406527914,53.42256216527422,0.07515972189468842,53.27525181727258,53.56987251327586,53.42249073886336,0.07516913981228564,53.275161932082426,53.56981954564429,0.0,0.0,0.0,0.0,7.142641085037463e-05,7.142641085037461e-05,0.0,0.00021141960366206978,1.0,1.280716022503966e-17,1.0,1.0
no_discrete_consumption_quantum,single_average,9.0,0.1905,46534.67642944244,60.54365908630863,46416.013038141005,46653.33982074388,44716.30512208928,58.70648836326979,44601.242519238454,44831.36772494011,0.12850702395421962,0.12850702395421962,0.0,0.38037616266491603,729.375,1.8023293658780732,725.8424993546,732.9075006454,99.85908645200857,0.2467577912078315,99.37545006833656,100.34272283568058,131.64792252381798,0.1340699964382149,131.38515015939166,131.9106948882443,240.03440246450086,0.8068880230141917,238.45293099983633,241.6158739291654,607.8124999999999,1.5019411382317263,604.8687494621666,610.7562505378331,9.513888888888888,0.378132586265126,8.772762638428256,10.255015139349519,1.240284896505709,0.004339884844829956,1.231778878512791,1.248790914498627,6.078125,0.015019411382317275,6.048687494621667,6.107562505378333,6.078125,0.015019411382317275,6.048687494621667,6.107562505378333,0.28531167557716736,0.0007050222605938045,0.2839298573381045,0.2866934938162302,1645.599031547725,1.6758749554776864,1642.314376992396,1648.8836861030538,29.734367247771104,0.04942946956298557,29.637487267652734,29.831247227889474,240.03440246450086,0.8068880230141917,238.45293099983633,241.6158739291654,0.951388888888889,0.0378132586265126,0.8772762638428258,1.0255015139349521,54.703125,0.1351747024408555,54.438187451595006,54.968062548404994,4.847921046294759,0.19019259380386905,4.475150412312919,5.220691680276598,53.42256169420083,0.07518145911333111,53.27520874203353,53.56991464636813,53.42249073886336,0.07516913981228564,53.275161932082426,53.56981954564429,7.55923670318939e-05,7.559236703189391e-05,0.0,0.0002237506839205389,0.00014654770449399286,0.0001465477044939928,0.0,0.0004337759273192374,0.9999985550872453,1.4449127545915884e-06,0.9999957231102855,1.000001387064205
no_discrete_consumption_quantum,single_average,10.0,0.1905,46960.593962900086,60.291045638379785,46842.4256848586,47078.76224094157,44939.29673968499,58.483227695320345,44824.67171970251,45053.92175966748,0.0,0.0,0.0,0.0,660.0,1.476990478168478,657.1051518572812,662.8948481427188,95.81552654234137,0.21442215206626855,95.39526684680392,96.23578623787883,145.7603988210921,0.1458651933596164,145.47450829550928,146.04628934667494,319.8740756294401,0.8842017807091377,318.141071984184,321.60707927469616,792.0,1.7723885738021736,788.5261822287374,795.4738177712626,7.847222222222221,0.32838673823420894,7.203596042282589,8.490848402161854,1.6637158653804642,0.004960720605365694,1.6539930316565816,1.6734386991043468,5.5,0.012308253984737305,5.475876265477344,5.524123734522656,5.5,0.012308253984737305,5.475876265477344,5.524123734522656,0.27375864726383253,0.0006126347201893389,0.27255790527658263,0.27495938925108243,1822.0049852636519,1.8233149169952043,1818.4313536938666,1825.578616833437,33.05329445623547,0.05092890229395273,32.95347564196717,33.15311327050377,319.8740756294401,0.8842017807091377,318.141071984184,321.60707927469616,0.7847222222222222,0.0328386738234209,0.720359604228259,0.8490848402161855,55.0,0.12308253984737325,54.758762654773435,55.241237345226565,4.877457195344481,0.22646917285267273,4.433585772944666,5.321328617744295,53.42249073886336,0.07516913981228562,53.275161932082426,53.56981954564429,53.42249073886336,0.07516913981228564,53.275161932082426,53.56981954564429,0.0,0.0,0.0,0.0,0.0,0.0,0.0,0.0,1.0,9.82163702920912e-18,1.0,1.0
no_discrete_consumption_quantum,two_person_low,1.8,0.15475,68953.04568968032,97.69615466864968,68761.56474510171,69144.52663425893,63587.02618070573,90.14356174618182,63410.34804624505,63763.70431516641,0.30392726011183696,0.23913997468346,0.0,0.7726329977552389,4976.25,7.108951722291961,4962.316710656473,4990.183289343527,309.4041833994703,0.4420074157170562,308.53786478376526,310.27050201517534,25.078759426125192,0.030628156082310377,25.018729343290993,25.13878950895939,0.0,0.0,0.0,0.0,0.0,0.0,0.0,0.0,54.982638888888886,0.9546627722509993,53.11153423789576,56.85374353988201,0.0,0.0,0.0,0.0,41.46875,0.059241264352433,41.35263925547061,41.58486074452939,41.46875,0.059241264352433,41.35263925547061,41.58486074452939,0.8840119525699152,0.0012628783306201604,0.8815367565250436,0.8864871486147867,313.4844928265649,0.3828519510288796,312.7341167911374,314.2348688619924,4.202952802969745,0.007465076543621582,4.188321521802411,4.217584084137078,0.0,0.0,0.0,0.0,5.498263888888889,0.09546627722509995,5.311153423789577,5.685374353988202,74.64375,0.10663427583437943,74.4347506598471,74.8527493401529,0.9168475340258194,0.038917581449980414,0.8405704760184537,0.9931245920331851,74.61173781568822,0.10577264260896077,74.40442724562503,74.8190483857514,74.61156254580298,0.1057726980387073,74.40425186709949,74.81887322450648,0.00017878074124225702,0.00014067057334321174,0.0,0.00045448999867955223,0.0003540506264943217,0.00020128591494441488,0.0,0.0007485637703805675,0.9999975701997373,1.9193250154434995e-06,0.9999938083918325,1.0000013320076422
no_discrete_consumption_quantum,two_person_low,2.0,0.15475,68267.6107149977,96.66982546105719,68078.14133870226,68457.08009129314,63419.98330849473,89.88542793830457,63243.811107000685,63596.15550998878,0.7480510866108391,0.39682197981342726,0.0,1.5258078753190367,4477.708333333333,6.520105138349003,4464.929162086754,4490.487504579912,291.0627327280389,0.4238238576448859,290.2320532312661,291.8934122248117,28.004122688341408,0.03088664389983576,27.943585978694415,28.0646593979884,0.0,0.0,0.0,0.0,0.0,0.0,0.0,0.0,50.104166666666664,0.8730730499576438,48.392974932877145,51.815358400456184,0.0,0.0,0.0,0.0,37.31423611111111,0.054334209486241715,37.20774301738962,37.4207292048326,37.31423611111111,0.054334209486241715,37.20774301738962,37.4207292048326,0.8316078077943967,0.0012109253075568173,0.8292344378036173,0.8339811777851761,350.05153360426766,0.38608304874794697,349.2948247336803,350.80824247485504,4.6921621473030966,0.00869798756475628,4.675114404938197,4.709209889667996,0.0,0.0,0.0,0.0,5.010416666666667,0.08730730499576439,4.839297493287715,5.181535840045619,74.62847222222221,0.10866841897248343,74.41548603477924,74.8414584096652,1.014506281954935,0.040805808437402113,0.9345283670575862,1.0944841968522838,74.61174506881733,0.10574756228035836,74.40448365529492,74.81900648233973,74.61156254580298,0.1057726980387073,74.40425186709949,74.81887322450648,0.00044003005094755233,0.00023342469400789836,0.0,0.0008975340443053157,0.0006225530653023375,0.00027956594020053533,7.461389120520985e-05,0.001170492239399465,0.9999941097653479,3.1240546765575613e-06,0.9999879867306961,1.0000002327999997
no_discrete_consumption_quantum,two_person_low,2.1,0.15475,67966.6248981452,96.31661238044086,67777.84780676663,68155.40198952376,63342.52365918764,89.8052358454816,63166.50863130737,63518.53868706791,0.3778434959810988,0.26647724685214225,0.0,0.9001293025106871,4263.958333333333,6.111670921395003,4251.979678442038,4275.936988224628,283.04267143284386,0.4056943171763493,282.24752518244566,283.83781768324206,29.517529584291648,0.03575034357915053,29.44746019844158,29.587598970141716,0.0,0.0,0.0,0.0,0.0,0.0,0.0,0.0,47.20486111111111,0.8463201965669699,45.54610400645099,48.863618215771226,0.0,0.0,0.0,0.0,35.53298611111111,0.05093059101162504,35.43316398701698,35.63280823520523,35.53298611111111,0.05093059101162504,35.43316398701698,35.63280823520523,0.8086933469509828,0.0011591266205038546,0.8064215005212736,0.8109651933806921,368.9691198036455,0.4468792947393817,368.09325248051965,369.8449871267714,4.9468600328396155,0.008807096280733468,4.9295984413210014,4.96412162435823,0.0,0.0,0.0,0.0,4.720486111111111,0.084632019656697,4.554610400645099,4.886361821577123,74.61927083333332,0.10695424112441253,74.40964437273566,74.82889729393098,1.0576029744420592,0.04286973313301826,0.9735798414744999,1.1416261074096186,74.61162390411324,0.10578224697164207,74.4042945098451,74.81895329838139,74.61156254580298,0.1057726980387073,74.40425186709949,74.81887322450648,0.00022226087998888163,0.00015675132167773076,0.0,0.0005294878250062865,0.00028361919026055014,0.00020073644630737167,0.0,0.0006770553954075569,0.9999969920586466,2.1213778012583014e-06,0.9999928342345585,1.0000011498827346
no_discrete_consumption_quantum,two_person_low,2.25,0.15475,67562.49795941282,95.70500916622626,67374.91958830695,67750.0763305187,63233.27423339855,89.6618269040325,63057.54028187858,63409.00818491852,0.5922727948847119,0.3118280629153507,0.0,1.2034445675676892,3979.7916666666665,5.620311859281372,3968.776057840592,3990.807275492741,272.24344605767357,0.3844656194707604,271.489907290217,272.99698482513014,31.665784939497225,0.034231157557581826,31.59869310353525,31.7328767754592,0.0,0.0,0.0,0.0,0.0,0.0,0.0,0.0,44.930555555555564,0.7999260426919126,43.362729321583764,46.498381789527365,0.0,0.0,0.0,0.0,33.16493055555555,0.04683593216067809,33.07313381533826,33.25672729577284,33.16493055555555,0.04683593216067809,33.07313381533826,33.25672729577284,0.7778384173076388,0.0010984731984878878,0.77568544940062,0.7799913852146576,395.8223117437154,0.42788946946977346,394.98366379419065,396.6609596932401,5.305780284520725,0.00963241942451903,5.286901089364683,5.324659479676766,0.0,0.0,0.0,0.0,4.493055555555555,0.07999260426919126,4.3362729321583755,4.649838178952735,74.62109375,0.10538084736152573,74.4145510845111,74.8276364154889,1.0884501290871833,0.047644769282352825,0.9950680972420515,1.181832160932315,74.61178740381432,0.1057960266695764,74.40443100183451,74.81914380579413,74.61156254580298,0.1057726980387073,74.40425186709949,74.81887322450648,0.00034839576169688925,0.00018342827230314744,0.0,0.0007079085691574641,0.0005732537730457602,0.00027720006558552845,2.9951627985983593e-05,0.0011165559181055369,0.9999953386792967,2.463638265514323e-06,0.9999905100370253,1.000000167321568
no_discrete_consumption_quantum,two_person_low,2.4,0.15475,67202.02884404859,95.15803471290405,67015.52252317169,67388.53516492549,63130.77848671988,89.51999361516864,62955.32252333789,63306.23445010187,0.6141590732581519,0.32116390387003113,0.0,1.243628757977697,3732.2916666666665,5.466340728747985,3721.577835711096,3743.005497622237,262.7088562561809,0.38476524586260724,261.9547302317875,263.46298228057435,33.79539755482805,0.03590425767187689,33.725026502899524,33.865768606756575,0.0,0.0,0.0,0.0,0.0,0.0,0.0,0.0,41.84027777777778,0.7833851551579389,40.3048710876449,43.37568446791066,0.0,0.0,0.0,0.0,31.102430555555554,0.04555283940623319,31.013148630925798,31.19171248018531,31.102430555555554,0.04555283940623319,31.013148630925798,31.19171248018531,0.750596732160517,0.001099329273893165,0.7484420863765359,0.7527513779444982,422.44246943535063,0.44880322089846136,421.5628312862441,423.32210758445717,5.663138526168171,0.009155236622886377,5.645194592117372,5.6810824602189705,0.0,0.0,0.0,0.0,4.184027777777778,0.07833851551579388,4.03048710876449,4.337568446791066,74.64583333333333,0.1093268145749597,74.43155671422191,74.86010995244474,1.233020001931372,0.05242544155679772,1.130268024606439,1.335771979256305,74.61158661769853,0.10579987951580566,74.40422266427888,74.8189505711182,74.61156254580298,0.1057726980387073,74.40425186709949,74.81887322450648,0.0003612700430930305,0.00018891994345295946,0.0,0.0007315463282221746,0.0003853419386593533,0.00019889127499269195,0.0,0.0007751616744842815,0.9999951109997949,2.5656211417573304e-06,0.9999900824747591,1.0000001395248308
no_discrete_consumption_quantum,two_person_low,3.0,0.15475,66069.86071448706,93.46560093105366,65886.6715028688,66253.04992610532,62776.78835850342,88.98625086021184,62602.37851169816,62951.19820530868,0.7096488897869774,0.30691677755840807,0.10810305952140642,1.3111947200525482,2982.9166666666665,4.285712121526366,2974.516825260368,2991.316508072965,232.47520236482646,0.33400926142619886,231.82055624192827,233.12984848772464,42.595838062360365,0.043887083849795984,42.509820958628275,42.681855166092454,0.0,0.0,0.0,0.0,0.0,0.0,0.0,0.0,34.375,0.7086070374251603,32.986155727455056,35.763844272544944,0.0,0.0,0.0,0.0,24.857638888888886,0.03571426767938639,24.787640210503067,24.927637567274704,24.857638888888886,0.03571426767938639,24.787640210503067,24.927637567274704,0.6642148638995042,0.0009543121755034238,0.6623444464055095,0.666085281393499,532.4479757795044,0.5485885481224501,531.3727619828533,533.5231895761556,7.139483625303291,0.012890900626898849,7.114217924346285,7.1647493262602975,0.0,0.0,0.0,0.0,3.4375,0.070860703742516,3.298615572745506,3.576384427254494,74.57291666666667,0.10714280303815915,74.36292063150921,74.78291270182413,1.3425635133723046,0.06385926273678527,1.2174016583289247,1.4677253684156846,74.61135263167353,0.10576177462895793,74.40406336245972,74.81864190088733,74.61156254580298,0.1057726980387073,74.40425186709949,74.81887322450648,0.0004174405234041044,0.00018053928091671062,6.359003501259209e-05,0.0007712910117956167,0.00020752639395883298,0.0001517677916227724,0.0,0.0005049857995526466,0.9999944481588052,2.4151469696707997e-06,0.9999897145577273,0.9999991817598831
no_discrete_consumption_quantum,two_person_low,4.5,0.15475,64399.204475676255,91.20041158041191,64220.45495360342,64577.95399774909,62134.491944400936,88.0977363064603,61961.82355412077,62307.1603346811,0.06832609497340504,0.04814477926858323,0.0,0.1626881283834588,1988.9583333333333,2.9860772892006158,1983.105729391447,1994.8109372752194,188.71725289306576,0.28332634902406023,188.16194345310737,189.27256233302415,64.49213666959514,0.06858727264045178,64.35770808542203,64.62656525376825,0.028565617682137417,0.004490437809962579,0.01976452129979385,0.037366714064480985,0.0,0.0,0.0,0.0,22.447916666666668,0.5750611011726732,21.320817619458285,23.57501571387505,0.00014326053956266384,2.2542525540944942e-05,9.907800138183746e-05,0.00018744307774349022,16.574652777777775,0.02488397741000512,16.525881078262056,16.623424477293494,16.574652777777775,0.02488397741000512,16.525881078262056,16.623424477293494,0.539192151123045,0.0008095038543544569,0.5376055527231639,0.540778749522926,806.1517083699395,0.857340908005648,804.4713510677756,807.8320656721033,10.800896593458504,0.0194222157326724,10.7628297501225,10.838963436794508,0.028565617682137417,0.004490437809962579,0.01976452129979385,0.037366714064480985,2.2447916666666665,0.05750611011726732,2.132081761945828,2.357501571387505,74.5859375,0.1119778983450231,74.36646485217926,74.80541014782074,2.0829536828067607,0.0920423869448166,1.9025539193438206,2.263353446269701,74.61188778876983,0.10579119454983785,74.40454085757068,74.81923471996899,74.61156254580298,0.1057726980387073,74.40425186709949,74.81887322450648,4.01918205725912e-05,2.832045839328426e-05,0.0,9.569889904909344e-05,0.000365434787442014,0.00021266022376042071,0.0,0.0007822411669566676,0.9999994679399035,3.75198392137889e-07,0.9999987325645678,1.000000203315239
no_discrete_consumption_quantum,two_person_low,5.0,0.15475,64029.260791627625,90.60891815775052,63851.670575360295,64206.851007894955,61967.89839297236,87.8320963843988,61795.75064737229,62140.046138572434,0.34750619385077436,0.23495852744384552,0.0,0.8080164455012775,1790.2083333333333,2.751287114833526,1784.8159096771303,1795.6007569895362,179.17980197406072,0.2753730229217202,178.64008076682023,179.7195231813012,71.74601031187984,0.07000665535934561,71.60879978869741,71.88322083506228,0.2279690643595205,0.017291925556041803,0.1940775130463308,0.2618606156727102,0.0,0.0,0.0,0.0,19.652777777777775,0.5342169802422859,18.605731736573148,20.699823818982402,0.0011517105155496442,8.67204216489148e-05,0.0009817416123936436,0.0013216794187056449,14.918402777777777,0.02292739262361271,14.873465913976087,14.963339641579466,14.918402777777777,0.02292739262361271,14.873465913976087,14.963339641579466,0.511942291354459,0.0007867800654906297,0.5104002307623433,0.5134843519465747,896.825128898498,0.8750831919918205,895.1099973587176,898.5402604382783,12.026500152671579,0.019791232513464166,11.987710049735531,12.065290255607627,0.2279690643595205,0.017291925556041803,0.1940775130463308,0.2618606156727102,1.9652777777777777,0.05342169802422859,1.860573173657315,2.06998238189824,74.5920138888889,0.11463696311806354,74.36732956988045,74.81669820789735,2.5042135455084984,0.10852741362124715,2.2915037234755724,2.7169233675414244,74.61142855810337,0.1057750653415845,74.40411323957149,74.81874387663525,74.61156254580298,0.1057726980387073,74.40425186709949,74.81887322450648,0.0002044154081475143,0.0001382108984963797,0.0,0.0004753037914713396,7.042770854948363e-05,7.042770854948365e-05,0.0,0.00020846348082015522,0.9999972648278782,1.860883860675629e-06,0.9999936175625319,1.0000009120932245
no_discrete_consumption_quantum,two_person_low,9.0,0.15475,63134.50449478775,85.53951677766402,62966.85012264857,63302.158866926926,61453.909701048804,84.27313934220973,61288.737383073945,61619.08201902366,0.12481884415293139,0.12481884415293139,0.0,0.3694592832845948,1000.8333333333334,1.6958612316592399,997.5095063965035,1004.1571602701632,137.0245790675376,0.23218118710247757,136.56951230292898,137.4796458321462,130.52692729474884,0.12033582395303971,130.29107341375092,130.76278117574677,100.63721853249517,0.6326861510002414,99.39717646301743,101.8772606019729,300.25,0.508758369497772,299.252851918951,301.247148081049,11.197916666666666,0.4015597336200661,10.410874051129838,11.984959282203494,0.5120173746381509,0.003190530715682745,0.5057640493438439,0.5182706999324579,8.340277777777777,0.014132176930493654,8.31257921997086,8.367976335584693,8.340277777777777,0.014132176930493654,8.31257921997086,8.367976335584693,0.3914987973358217,0.0006633748202927935,0.3901986065797971,0.3927989880918463,1631.5865911843605,1.5041977994129958,1628.6384176718866,1634.5347646968344,21.642685925444372,0.036889432239583034,21.57038396684466,21.714987884044085,100.63721853249517,0.6326861510002414,99.39717646301743,101.8772606019729,1.1197916666666667,0.0401559733620066,1.041087405112984,1.1984959282203496,75.0625,0.127189592374443,74.81321297973776,75.31178702026224,4.730179750135912,0.18956431349009706,4.358640522941261,5.101718977330563,74.61148912295347,0.10577846804985133,74.40416713523594,74.818811110671,74.61156254580298,0.1057726980387073,74.40425186709949,74.81887322450648,7.342284950172435e-05,7.342284950172437e-05,0.0,0.00021732899016740876,0.0,0.0,0.0,0.0,0.9999989946329615,1.0053670385161088e-06,0.9999970241497748,1.0000009651161483
no_discrete_consumption_quantum,two_person_low,10.0,0.15475,63368.41135708131,84.61125320518086,63202.57634811236,63534.24636605027,61532.19251103381,83.43007776764834,61368.67256338184,61695.71245868578,0.23514458218900672,0.16925885917576877,0.0,0.5668858502378503,906.25,1.5534752461221055,903.2052444667262,909.2947555332738,131.5648801954498,0.22552583132982262,131.1228576884599,132.0069027024397,145.07316828688457,0.14422839851780486,144.79048582024177,145.35585075352736,159.2762085385286,0.831358063752439,157.6467766753169,160.90564040174033,483.3333333333333,0.8285201312651227,481.7094637155873,484.95720295107935,10.486111111111112,0.3907426419388243,9.720269605686987,11.251952616535238,0.8141930319036943,0.004244937840473815,0.8058731066197544,0.8225129571876342,7.552083333333333,0.012945627051017542,7.526710370556051,7.577456296110615,7.552083333333333,0.012945627051017542,7.526710370556051,7.577456296110615,0.37589965770128525,0.0006443595180852077,0.37463673625274263,0.37716257914982787,1813.414603586057,1.80285498147256,1809.8810727530222,1816.9481344190917,23.969147077506786,0.04141201915041631,23.887981011444886,24.050313143568687,159.2762085385286,0.831358063752439,157.6467766753169,160.90564040174033,1.048611111111111,0.039074264193882435,0.9720269605686984,1.1251952616535235,75.52083333333331,0.12945627051017536,75.2671037055605,75.77456296110613,4.999517959279934,0.21308730870856377,4.58187450864858,5.417161409911287,74.61144366885152,0.10577276910447979,74.40413285086167,74.81875448684137,74.61156254580298,0.1057726980387073,74.40425186709949,74.81887322450648,0.0001383203424641216,9.956403480927577e-05,0.0,0.00033346226484579436,1.944339101572012e-05,1.9443391015720128e-05,0.0,5.755173714386123e-05,0.9999981387583725,1.3412694107436026e-06,0.9999955099186338,1.000000767598111
no_discrete_consumption_quantum,two_person_average,1.8,0.15475,98614.88431297982,137.11103386267536,98346.15162472593,98883.61700123371,90952.66949757944,126.55897284465514,90704.61846888353,91200.72052627534,0.7463905183924097,0.38071974329238245,0.00019353333600524714,1.492587503448814,7113.75,9.945998388505478,7094.256201368235,7133.243798631765,442.3057542643521,0.618404121474602,441.0937044583708,443.51780407033345,24.90919839542656,0.02881109411747483,24.852729688601116,24.965667102252006,0.0,0.0,0.0,0.0,0.0,0.0,0.0,0.0,80.50347222222221,1.1337792491407974,78.28130572748739,82.72563871695704,0.0,0.0,0.0,0.0,59.28125,0.08288331990421235,59.118801678068635,59.443698321931365,59.28125,0.08288331990421235,59.118801678068635,59.443698321931365,1.2637307264695774,0.0017668689184988623,1.2602677270239164,1.2671937259152384,311.364979942832,0.36013867646843556,310.65912110751395,312.07083877815006,2.9189879865843493,0.005256332107334766,2.9086857649631916,2.929290208205507,0.0,0.0,0.0,0.0,8.050347222222223,0.11337792491407972,7.828130572748741,8.272563871695706,106.70625000000001,0.1491899758275822,106.41384302052354,106.99865697947648,0.8626964600051235,0.03748084957868787,0.7892353447209319,0.936157575289315,106.72203337367996,0.1485017536953702,106.430975284796,107.01309146256392,106.72187332823842,0.1485595131684157,106.43070203286752,107.01304462360932,0.00043905324611318215,0.00022395279017198966,1.1384313882665002e-07,0.0008779926490875376,0.0005990986876723348,0.00028584273132500085,3.885722903277408e-05,0.0011593401463118956,0.9999959832952694,2.040145477572105e-06,0.9999919846836102,0.9999999819069286
no_discrete_consumption_quantum,two_person_average,2.0,0.15475,97633.38605604833,135.8966924509447,97367.03343322636,97899.7386788703,90713.76042395194,126.26564758033707,90466.28430220985,90961.23654569403,0.2882380934074568,0.21358981513555975,0.0,0.706866438537722,6403.541666666667,9.01205027988841,6385.878372691222,6421.204960642112,416.2469276444299,0.5858067981828816,415.09876741809273,417.39508787076704,27.84741080298512,0.028734289853496967,27.79109262975093,27.90372897621931,0.0,0.0,0.0,0.0,0.0,0.0,0.0,0.0,71.70138888888889,1.0848005411419157,69.57521889784117,73.8275588799366,0.0,0.0,0.0,0.0,53.36284722222223,0.07510041899907008,53.21565310576018,53.510041338684275,53.36284722222223,0.07510041899907008,53.21565310576018,53.510041338684275,1.1892769361269424,0.0016737337090939458,1.1859964783374077,1.192557393916477,348.092635037314,0.3591786231687122,347.3886578718866,348.79661220274136,3.2629611345948013,0.00542481484499897,3.252328692875805,3.2735935763137975,0.0,0.0,0.0,0.0,7.170138888888888,0.10848005411419157,6.9575218897841165,7.38275588799366,106.72569444444446,0.15020083799814016,106.43130621152036,107.02008267736855,0.9900129557257379,0.04093420512000001,0.9097833879547628,1.070242523496713,106.72207108700229,0.1485478206827495,106.43092270848219,107.0132194655224,106.72187332823842,0.1485595131684157,106.43070203286752,107.01304462360932,0.00016955181965144515,0.00012564106772679987,0.0,0.00041580378737513066,0.00036731058352302924,0.00022918173289523396,0.0,0.0008164985259121664,0.9999984015268115,1.174185727858746e-06,0.9999961001650738,1.0000007028885494
no_discrete_consumption_quantum,two_person_average,2.1,0.15475,97203.44042116124,135.37483710933228,96938.11061601398,97468.77022630851,90602.37477909472,126.12677576259506,90355.17084111388,90849.57871707556,1.3422941762896752,0.5074315258206383,0.3477466610610176,2.336841691518333,6096.875,8.654781398501434,6079.91194016487,6113.83805983513,404.7121600372393,0.5745066570066854,403.5861476806277,405.8381723938509,29.316743408535686,0.028475884115727764,29.260931701240924,29.372555115830448,0.0,0.0,0.0,0.0,0.0,0.0,0.0,0.0,68.81944444444444,1.0137573926378622,66.832516465813,70.80637242307589,0.0,0.0,0.0,0.0,50.807291666666664,0.0721231783208453,50.66593283470725,50.94865049862608,50.807291666666664,0.0721231783208453,50.66593283470725,50.94865049862608,1.1563204572492547,0.0016414475914476685,1.1531032790875073,1.159537635411002,366.459292606696,0.3559485514465971,365.7616462655115,367.1569389478805,3.435774342929078,0.006069729788175813,3.423877891148363,3.4476707947097927,0.0,0.0,0.0,0.0,6.881944444444444,0.10137573926378622,6.6832516465813,7.080637242307588,106.6953125,0.15145867447377506,106.39845895288522,106.99216604711478,0.9606230546955302,0.04577483961556611,0.8709060176509233,1.050340091740137,106.72120277697233,0.14856565564185892,106.4300194425747,107.01238611136996,106.72187332823842,0.1485595131684157,106.43070203286752,107.01304462360932,0.0007895848095821617,0.00029848913283566964,0.0002045568594476572,0.0013746127597166662,0.00011903354349386017,0.00011903354349386018,0.0,0.0003523350016940082,0.999992592486532,2.8002855828432506e-06,0.9999871040276432,0.9999980809454209
no_discrete_consumption_quantum,two_person_average,2.25,0.15475,96625.36788715281,134.69871185585473,96361.36326315139,96889.37251115423,90446.67170732263,125.9102029668886,90199.8922442214,90693.45117042387,0.30321852864759824,0.22219948328199735,0.0,0.7387215132637228,5693.125,8.149797706779664,5677.151690013425,5709.098309986575,389.44650842370555,0.5574987834036432,388.35383088680953,390.53918596060157,31.481175100040332,0.02737557068708525,31.427519967437416,31.534830232643248,0.0,0.0,0.0,0.0,0.0,0.0,0.0,0.0,64.34027777777777,0.9387380595499878,62.50038499014278,66.18017056541277,0.0,0.0,0.0,0.0,47.442708333333336,0.06791498088983053,47.309597416778544,47.57581924988813,47.442708333333336,0.06791498088983053,47.309597416778544,47.57581924988813,1.1127043097820157,0.0015928536668675497,1.1095823739623127,1.1158262456017187,393.51468875050415,0.34219463358856583,392.8439995929677,394.1853779080406,3.688696156667048,0.005651447211164785,3.6776195236726354,3.6997727896614605,0.0,0.0,0.0,0.0,6.434027777777779,0.09387380595499878,6.25003849901428,6.6180170565412775,106.74609375,0.15280870700211868,106.44659418775171,107.04559331224829,1.1267581417879264,0.04776793020080504,1.0331347189783253,1.2203815645975276,106.72210039133131,0.1485671177023232,106.43091419134784,107.01328659131478,106.72187332823842,0.1485595131684157,106.43070203286752,107.01304462360932,0.00017836384038094014,0.00013070557840117494,0.0,0.00043454206662571943,0.0004054269332649598,0.00026240887647339793,0.0,0.0009197388803764397,0.9999983512991006,1.2078899282556485e-06,0.999995983878344,1.0000007187198574
no_discrete_consumption_quantum,two_person_average,2.4,0.15475,96107.61414805173,133.75863266301386,95845.4520454109,96369.77625069255,90300.20854763318,125.69832978675007,90053.84434833431,90546.57274693206,0.9012786919414585,0.4185001044882829,0.0810335596181746,1.7215238242647424,5335.833333333333,7.4611169695946495,5321.2098127884865,5350.45685387818,375.5790804595761,0.5251737218132184,374.54975887919534,376.6084020399569,33.650935711468,0.03399708029382863,33.584302658512584,33.71756876442342,0.0,0.0,0.0,0.0,0.0,0.0,0.0,0.0,61.44097222222222,0.8708678629313816,59.73410257558335,63.14784186886109,0.0,0.0,0.0,0.0,44.46527777777777,0.062175974746622086,44.34341510657072,44.587140448984826,44.46527777777777,0.062175974746622086,44.34341510657072,44.587140448984826,1.0730830870273602,0.0015004963480377657,1.0701421682262724,1.076024005828448,420.63669639334995,0.4249635036728579,419.8037832314072,421.4696095552927,3.943642030505412,0.006876946394026668,3.930163463249507,3.957120597761317,0.0,0.0,0.0,0.0,6.144097222222222,0.08708678629313817,5.973410257558335,6.31478418688611,106.71666666666665,0.14922233939189303,106.42419625576973,107.00913707756358,1.1348447920760922,0.05220311375733794,1.0325285692308626,1.237161014921322,106.7219824172651,0.1485575189375655,106.43081503051484,107.01314980401536,106.72187332823842,0.1485595131684157,106.43070203286752,107.01304462360932,0.0005301639364361521,0.0002461765320519311,4.7666799775396816e-05,0.0010126610730969074,0.0006392529630922582,0.0002997509139371985,5.175196744238385e-05,0.0012267539587421325,0.9999950774834695,2.274581143649493e-06,0.999990619386348,0.999999535580591
no_discrete_consumption_quantum,two_person_average,3.0,0.15475,94487.53106035576,131.64622015653907,94229.50921014811,94745.5529105634,89793.87381139006,125.0176807206349,89548.84365974688,90038.90396303324,0.583429005985724,0.36646223686406654,0.0,1.301681791933281,4269.791666666667,6.18396984606247,4257.6713084869025,4281.912024846431,332.76849228014515,0.4819509902661345,331.8238856969101,333.7130988633802,42.440744346228506,0.04179372752150658,42.35883014550667,42.52265854695034,0.0,0.0,0.0,0.0,0.0,0.0,0.0,0.0,48.072916666666664,0.8794724414770082,46.34918235597622,49.79665097735711,0.0,0.0,0.0,0.0,35.58159722222222,0.05153308205052059,35.480594237390854,35.68260020705359,35.58159722222222,0.05153308205052059,35.480594237390854,35.68260020705359,0.9507671208004149,0.0013770028293318137,0.9480682448483149,0.953465996752515,530.5093043278563,0.5224215940188328,529.4853768188334,531.5332318368792,4.973783230515699,0.008038045087086415,4.958028951638901,4.989537509392497,0.0,0.0,0.0,0.0,4.807291666666667,0.08794724414770082,4.634918235597622,4.979665097735712,106.74479166666667,0.15459924615156176,106.44178271217257,107.04780062116077,1.5217838808655824,0.06312779146754922,1.398055683165631,1.6455120785655337,106.72164916824897,0.14858578314285134,106.4304263846743,107.01287195182364,106.72187332823842,0.1485595131684157,106.43070203286752,107.01304462360932,0.0003431935329327788,0.000215566021684745,0.0,0.0007656951717254593,0.00011903354349385781,0.00011903354349385781,0.0,0.0003523350016940012,0.9999967244944553,2.0590035051894347e-06,0.9999926889217411,1.0000007600671694
no_discrete_consumption_quantum,two_person_average,4.5,0.15475,92086.19578258375,128.2803477113901,91834.77092114514,92337.62064402235,88874.74436232548,123.72693344002478,88632.24402886545,89117.24469578551,0.19417442117535258,0.1941744211753526,0.0,0.5747492933979553,2845.2083333333335,4.248728336937261,2836.8809788128415,2853.5356878538255,269.9603564219754,0.4031297823579629,269.17023656745835,270.75047627649246,64.33508385956752,0.05699852789767845,64.22336879771626,64.44679892141878,0.0,0.0,0.0,0.0,0.0,0.0,0.0,0.0,31.753472222222218,0.6857077957891146,30.409509638557207,33.097434805887225,0.0,0.0,0.0,0.0,23.710069444444446,0.03540606947447717,23.64067482344035,23.779464065448543,23.710069444444446,0.03540606947447717,23.64067482344035,23.779464065448543,0.7713153040627869,0.0011517993781656084,0.7690578187641667,0.7735727893614072,804.1885482445938,0.712481598720981,802.7921099714531,805.5849865177345,7.53913689802313,0.011910683903378384,7.515792386541267,7.562481409504993,0.0,0.0,0.0,0.0,3.175347222222222,0.06857077957891144,3.040950963855721,3.3097434805887227,106.6953125,0.1593273126351473,106.38303670548156,107.00758829451844,2.239846961010034,0.09710892118503342,2.04951697290983,2.4301769491102383,106.72212773212847,0.14857315977932986,106.43092968989167,107.01332577436527,106.72187332823842,0.1485595131684157,106.43070203286752,107.01304462360932,0.0001142202477502074,0.0001142202477502074,0.0,0.000338087819645856,0.00036862413780644433,0.0002600885026867384,0.0,0.0008783882358654007,0.9999989449450091,1.0550549909508017e-06,0.9999968770752251,1.0000010128147931
no_discrete_consumption_quantum,two_person_average,5.0,0.15475,91554.31982379589,127.32791259420401,91304.76170088458,91803.87794670719,88635.6308943176,123.3881483368608,88393.79456745826,88877.46722117694,0.1221947925286601,0.0982124473010839,0.0,0.3146876520723226,2561.6666666666665,3.7578693850770803,2554.3013780133097,2569.0319553200234,256.3941400061736,0.3761206334062594,255.65695711085493,257.13132290149224,71.63440023512379,0.06737322554477895,71.50235113953373,71.76644933071385,0.0,0.0,0.0,0.0,0.0,0.0,0.0,0.0,28.871527777777775,0.662589973179135,27.57287529382931,30.17018026172624,0.0,0.0,0.0,0.0,21.347222222222218,0.03131557820897567,21.28584481677758,21.408599627666856,21.347222222222218,0.03131557820897567,21.28584481677758,21.408599627666856,0.7325546857319246,0.0010746303811607408,0.730448448888157,0.7346609225756923,895.4300029390473,0.842165319309737,893.7793892441715,897.0806166339231,8.393754294848605,0.014190311006808431,8.365941796345838,8.421566793351372,0.0,0.0,0.0,0.0,2.8871527777777772,0.06625899731791351,2.7572875293829306,3.017018026172624,106.7361111111111,0.15657789104487832,106.4292240838879,107.0429981383343,2.4011782714692855,0.10491029004448618,2.195557881374442,2.606798661564129,106.7219204824922,0.14856576325371001,106.43073693717922,107.01310402780517,106.72187332823842,0.1485595131684157,106.43070203286752,107.01304462360932,7.187928972274123e-05,5.777202782416701e-05,0.0,0.00018511038357195447,0.00011903354349385071,0.0001190335434938507,0.0,0.00035233500169398014,0.9999993190561135,5.465646223938888e-07,0.9999982478091384,1.0000003903030885
no_discrete_consumption_quantum,two_person_average,9.0,0.15475,89537.44301191966,123.64983103071239,89295.09379640501,89779.79222743431,87333.68666486144,120.97559478746992,87096.57885606968,87570.7944736532,0.1290103789441255,0.1290103789441255,0.0,0.381866075306476,1426.4583333333333,2.2593106918285026,1422.0301657474631,1430.8865009192034,195.29710509480222,0.3093233270913451,194.69084251412508,195.90336767547936,130.09011001390041,0.1075776471958581,129.87926169985496,130.30095832794586,7.576927126123894,0.16954576067204644,7.244623541475235,7.909230710772553,427.9375,0.6777932075485508,426.60904972423896,429.26595027576104,16.26736111111111,0.5123087405866078,15.263254430596286,17.271467791625934,0.03809480372952235,0.0008544995160985904,0.03642001545316221,0.03976959200588249,11.887152777777777,0.01882758909857086,11.850251381228858,11.924054174326695,11.887152777777777,0.01882758909857086,11.850251381228858,11.924054174326695,0.5579917288422921,0.0008837809345467016,0.5562595500403574,0.5597239076442267,1626.1263751737554,1.3447205899482269,1623.4907712481875,1628.7619790993233,15.239434598530233,0.024628608324585678,15.191163413224702,15.287705783835763,7.576927126123894,0.16954576067204644,7.244623541475235,7.909230710772553,1.626736111111111,0.05123087405866078,1.5263254430596285,1.7271467791625934,106.984375,0.1694483018871377,106.65226243105974,107.31648756894026,4.853707381998207,0.18414455610713637,4.492790684079105,5.21462407991731,106.72179743978022,0.14855313605342466,106.43063864332503,107.01295623623541,106.72187332823842,0.1485595131684157,106.43070203286752,107.01304462360932,7.588845820242677e-05,7.58884582024268e-05,0.0,0.00022462710312145653,0.0,0.0,0.0,0.0,0.9999993044997453,6.955002547140686e-07,0.9999979413442948,1.0000006676551958
no_discrete_consumption_quantum,two_person_average,10.0,0.15475,89502.5240831913,122.44583976448753,89262.53464719614,89742.51351918645,87166.13078371382,119.98071390305496,86930.97290562443,87401.2886618032,0.0,0.0,0.0,0.0,1282.2916666666667,1.9635619553879344,1278.4431559526934,1286.1401773806401,186.15674427655026,0.28506018583940046,185.59803657887875,186.71545197422176,144.7218274807094,0.12006078265743368,144.48651267074516,144.95714229067366,24.907088831341138,0.3520050730388926,24.21717156580952,25.597006096872757,683.888888888889,1.0472330428735663,681.8363498414366,685.9414279363415,14.427083333333334,0.46587290078763727,13.513989226416363,15.340177440250304,0.12562624564687694,0.0017745384228159363,0.12214821424897519,0.12910427704477867,10.685763888888891,0.016363016294899474,10.653692966272446,10.717834811505336,10.685763888888891,0.016363016294899474,10.653692966272446,10.717834811505336,0.5318764122187151,0.0008144576738268587,0.5302801045110822,0.5334727199263479,1809.0228435088677,1.5007597832179216,1806.0814083843145,1811.964278633421,16.932460405741207,0.026651138739768702,16.88022513366428,16.984695677818134,24.907088831341138,0.3520050730388926,24.21717156580952,25.597006096872757,1.4427083333333333,0.046587290078763735,1.351398922641636,1.5340177440250304,106.85763888888887,0.16363016294899466,106.53692966272442,107.17834811505332,4.637306815235507,0.19856193717516335,4.248132569671682,5.026481060799332,106.72187332823842,0.14855951316841587,106.43070203286752,107.01304462360932,106.72187332823842,0.1485595131684157,106.43070203286752,107.01304462360932,0.0,0.0,0.0,0.0,0.0,0.0,0.0,0.0,1.0,1.1106467854395395e-17,1.0,1.0
no_discrete_consumption_quantum,family_three,1.8,0.15475,148028.9621856143,196.78645936551365,147643.26781261276,148414.65655861585,136577.39255433143,181.5800222336985,136221.5022504414,136933.28285822144,1.7791945340522426,0.7743249989088665,0.26154542386184754,3.296843644242638,10683.333333333334,14.275197658147292,10655.354460051174,10711.312206615494,664.2487869348087,0.8875771663974071,662.5091676551697,665.9884062144477,25.038177591827235,0.029946154940707532,24.979484206667994,25.096870976986477,0.0,0.0,0.0,0.0,0.0,0.0,0.0,0.0,77.17013888888887,1.0979376213854732,75.01822069370176,79.32205708407598,0.0,0.0,0.0,0.0,89.02777777777777,0.1189599804845608,88.79462050042645,89.2609350551291,89.02777777777777,0.1189599804845608,88.79462050042645,89.2609350551291,1.8978536769565961,0.002535934761135447,1.8928833361576274,1.9028240177555649,312.97721989784037,0.37432693675884426,312.2435525833498,313.71088721233093,1.9533522855344572,0.0033735221739098946,1.9467403035725466,1.9599642674963678,0.0,0.0,0.0,0.0,7.717013888888889,0.10979376213854732,7.50182206937018,7.932205708407599,160.25,0.2141279648722094,159.8303169007676,160.6696830992324,0.8164847569743797,0.036340343500240624,0.7452589925280939,0.8877105214206655,160.25716591706484,0.21306234660142728,159.83957139126446,160.67476044286522,160.25798932363907,0.21307876008549181,159.84036262800106,160.67561601927707,0.0010465850200307308,0.0004554852934758039,0.00015385024933049839,0.0019393197907309632,0.00022317844583396012,0.0001852724599240327,0.0,0.0005863057946122047,0.9999934757809164,2.83464738309161e-06,0.9999879199741366,0.9999990315876961
no_discrete_consumption_quantum,family_three,2.0,0.15475,146559.0191583782,194.88280242468002,146177.05588441962,146940.9824323368,136219.5557003401,181.12956970031115,135864.54826719227,136574.56313348794,0.6317528536802748,0.37244650028029974,0.0,1.3617345803976493,9616.041666666666,12.801545690354953,9590.951098167126,9641.132235166206,625.067815313269,0.8321338940367711,623.4368628506418,626.6987677758962,27.930556537801113,0.031373871738317766,27.86906487913843,27.992048196463795,0.0,0.0,0.0,0.0,0.0,0.0,0.0,0.0,69.79166666666667,1.1295799089913803,67.57773072738354,72.0056026059498,0.0,0.0,0.0,0.0,80.13368055555554,0.10667954741962461,79.92459248472605,80.34276862638504,80.13368055555554,0.10667954741962461,79.92459248472605,80.34276862638504,1.7859080437521968,0.0023775254115336298,1.7812481795732622,1.7905679079311314,349.1319567225139,0.3921733967289722,348.3633109892304,349.9006024557974,2.179062794741025,0.0038504286709680965,2.171516093220887,2.186609496261163,0.0,0.0,0.0,0.0,6.979166666666667,0.11295799089913804,6.757773072738353,7.2005602605949806,160.2673611111111,0.21335909483924922,159.8491849694521,160.68553725277008,0.9498765265580372,0.041291729461304154,0.8689462239545096,1.0308068291615649,160.25830082392955,0.21309361141213093,159.8406450202262,160.6759566276329,160.25798932363907,0.21307876008549181,159.84036262800106,160.67561601927707,0.0003716193256942792,0.00021908617663547037,0.0,0.0008010203414103818,0.0006831196161876203,0.000429933602070175,0.0,0.0015257739919887383,0.9999977080433805,1.3391859139137343e-06,0.9999950832872206,1.0000003327995404
no_discrete_consumption_quantum,family_three,2.1,0.15475,145914.73740207942,193.94816972247833,145534.60597455592,146294.86882960293,136052.71553285327,180.91630655208687,135698.12608779516,136407.30497791138,1.024657632955661,0.597855963959325,0.0,2.1964337902584146,9156.041666666666,12.213773216370083,9132.103111047241,9179.98022228609,607.7804449505084,0.8107534664237193,606.1913973559768,609.3694925450399,29.310516642700872,0.03373342497191017,29.244400344680745,29.376632940721,0.0,0.0,0.0,0.0,0.0,0.0,0.0,0.0,67.86458333333333,1.0550985553820202,65.79662816464433,69.93253850202233,0.0,0.0,0.0,0.0,76.30034722222221,0.10178144346975065,76.100859258727,76.49983518571743,76.30034722222221,0.10178144346975065,76.100859258727,76.49983518571743,1.7365155570014528,0.002316438475496347,1.731975421017077,1.7410556929858285,366.3814580337608,0.4216678121488772,365.5550043085092,367.2079117590124,2.2869602910403297,0.0040925878478577805,2.2789389662549624,2.294981615825697,0.0,0.0,0.0,0.0,6.786458333333333,0.10550985553820205,6.579662816464433,6.993253850202233,160.23072916666663,0.21374103128647648,159.81180444332668,160.6496538900066,0.9464032212665624,0.04355396757388509,0.8610390134379222,1.0317674290952026,160.257493008777,0.21310264641828278,159.839819496787,160.67516652076702,160.25798932363907,0.21307876008549181,159.84036262800106,160.67561601927707,0.0006027397840915653,0.00035167997879960287,0.0,0.0012920198766225967,0.00010642492203800755,7.653310911247695e-05,0.0,0.0002564270595233366,0.9999962122542918,2.2047281476376332e-06,0.9999918910665268,1.000000533442057
no_discrete_consumption_quantum,family_three,2.25,0.15475,145044.0159936121,192.84328538591785,144666.0500995953,145421.98188762888,135817.85656582663,180.56444621337758,135463.95675436,136171.75637729326,1.3693292104488155,0.6898493280024239,0.017249372804905905,2.721409048092725,8546.875,11.524933371754724,8524.286545667137,8569.463454332863,584.6614340426141,0.7883798549031896,583.116237920867,586.2066301643613,31.534914532397192,0.03189192909625528,31.472407499971027,31.597421564823357,0.0,0.0,0.0,0.0,0.0,0.0,0.0,0.0,61.71875,1.0274190142649129,59.70504573500913,63.73245426499087,0.0,0.0,0.0,0.0,71.22395833333333,0.09604111143128939,71.0357212138928,71.41219545277386,71.22395833333333,0.09604111143128939,71.0357212138928,71.41219545277386,1.670461240121755,0.002252513871151972,1.6660463940596202,1.6748760861838896,394.1864316549648,0.39864911370319095,393.40509374963773,394.96776956029186,2.460380703567512,0.003831146631665634,2.4528717941499556,2.4678896129850685,0.0,0.0,0.0,0.0,6.171875,0.10274190142649128,5.970504573500913,6.373245426499087,160.25390625,0.21609250072040107,159.83037273125882,160.67743976874118,1.0852927152268443,0.04776558883736323,0.9916738814052639,1.1789115490484248,160.25760428484708,0.21305612016599054,159.8400219626359,160.67518660705827,160.25798932363907,0.21307876008549181,159.84036262800106,160.67561601927707,0.0008054877708522446,0.00040579372235436696,1.0146689885239153e-05,0.00160082885181925,0.000420448978878171,0.0002489206322387861,0.0,0.0009083244530751315,0.9999950327396112,2.4985907004355073e-06,0.9999901355918263,0.9999999298873962
no_discrete_consumption_quantum,family_three,2.4,0.15475,144266.9529346724,191.84380000351018,143890.9459960082,144642.95987333657,135597.89765492885,180.34568334837158,135244.42661079878,135951.36869905892,2.110727363882718,0.8988561308589633,0.34900172011612796,3.872453007649308,8011.25,10.814984797056281,7990.0530193044215,8032.4469806955785,563.8965313131556,0.7612460494010984,562.4045164729561,565.3885461533552,33.72510439982211,0.038741414107220644,33.6491726234618,33.801036176182414,0.0,0.0,0.0,0.0,0.0,0.0,0.0,0.0,58.072916666666664,0.9776857814070444,56.156687746911956,59.98914558642137,0.0,0.0,0.0,0.0,66.76041666666667,0.09012487330880231,66.58377516087019,66.93705817246315,66.76041666666667,0.09012487330880231,66.58377516087019,66.93705817246315,1.6111329466090158,0.0021749887125745646,1.6068700470655886,1.6153958461524431,421.56380499777634,0.4842676763402577,420.61465779327256,422.51295220228013,2.6310577130439707,0.004489530988583127,2.6222583939988713,2.63985703208907,0.0,0.0,0.0,0.0,5.807291666666667,0.09776857814070444,5.615668774691196,5.998914558642138,160.225,0.21629969594112558,159.80106038608844,160.64893961391155,1.104569814909375,0.049491602371370624,1.0075680567243115,1.2015715730944385,160.25739787426798,0.21314290583483966,159.8396454552715,160.67515029326447,160.25798932363907,0.21307876008549181,159.84036262800106,160.67561601927707,0.0012416043316957166,0.0005287389005052725,0.0002052951294800754,0.0022779135339113577,0.0006501549606375387,0.0004082094285703502,0.0,0.0014502307387851009,0.9999921853523454,3.3204882945705905e-06,0.9999856773148769,0.9999986933898138
no_discrete_consumption_quantum,family_three,3.0,0.15475,141836.80510082727,188.50675424599117,141467.33865166258,142206.27154999197,134838.8165540814,179.27583667473272,134487.44237090062,135190.19073726216,0.5147200988404967,0.3774700786213333,0.0,1.2545478581798126,6409.791666666667,8.51929027511913,6393.094164553591,6426.489168779743,499.55053437341934,0.6639554342381961,498.24920563497284,500.85186311186584,42.48926449584544,0.042611181452733904,42.40574811485938,42.5727808768315,0.0,0.0,0.0,0.0,0.0,0.0,0.0,0.0,45.64236111111111,0.8546697343164082,43.96723921317453,47.317483009047685,0.0,0.0,0.0,0.0,53.41493055555555,0.07099408562599278,53.27578470461325,53.55407640649785,53.41493055555555,0.07099408562599278,53.27578470461325,53.55407640649785,1.427287241066912,0.001897015526394846,1.4235691589570647,1.4310053231767592,531.115806198068,0.5326397681591737,530.0718514357422,532.1597609603937,3.31462186595998,0.005462484457255824,3.3039155931576487,3.3253281387623113,0.0,0.0,0.0,0.0,4.564236111111111,0.08546697343164082,4.396723921317453,4.731748300904768,160.24479166666666,0.21298225687797828,159.82735411383976,160.66222921949355,1.439253331500477,0.060114519080500306,1.3214310391547506,1.5570756238462033,160.25838137658343,0.213072586512224,159.84076678092669,160.67599597224017,160.25798932363907,0.21307876008549181,159.84036262800106,160.67561601927707,0.000302776528729704,0.00022204122271843131,0.0,0.0007379693283410661,0.0006948294731004574,0.0004345922071999248,0.0,0.0015466145471740786,0.9999981448621256,1.3562071397107017e-06,0.9999954867449762,1.000000802979275
no_discrete_consumption_quantum,family_three,4.5,0.15475,138233.76712996294,183.89117123917154,137873.3470572593,138594.1872026666,133457.48125577645,177.4028858406007,133109.7779887754,133805.1845227775,0.7526265244930824,0.5386768266099193,0.0,1.8084137039548516,4274.791666666667,5.929136473575254,4263.170772719037,4286.412560614297,405.6027351118484,0.5625710345806819,404.50011614532485,406.70535407837195,64.28815143904846,0.057542103550360046,64.17537098849509,64.40093188960184,0.0,0.0,0.0,0.0,0.0,0.0,0.0,0.0,30.850694444444443,0.6941887527385978,29.49010949060401,32.21127939828487,0.0,0.0,0.0,0.0,35.623263888888886,0.04940947061312712,35.52642310599197,35.720104671785805,35.623263888888886,0.04940947061312712,35.52642310599197,35.720104671785805,1.1588649574624237,0.0016073458130876617,1.1557146175580706,1.1620152973667768,803.6018929881058,0.7192762943795015,802.1921373561885,805.011648620023,5.01603960365184,0.007769932808822661,5.000810815184251,5.031268392119428,0.0,0.0,0.0,0.0,3.085069444444444,0.06941887527385977,2.949010949060401,3.2211279398284876,160.3046875,0.22234261775907202,159.86890397696385,160.74047102303615,2.3615481663692757,0.09339324177327588,2.1785007760942134,2.544595556644338,160.2577477277645,0.2130280495158818,159.84022042301655,160.67527503251245,160.25798932363907,0.21307876008549181,159.84036262800106,160.67561601927707,0.0004427214849959308,0.0003168687215352465,0.0,0.0010637727670322653,0.00020112561045721464,0.00018158278361210311,0.0,0.0005570213265494667,0.9999973024189229,1.9307139966644554e-06,0.999993518289025,1.000001086548821
no_discrete_consumption_quantum,family_three,5.0,0.15475,137430.07392140033,182.6534382016269,137072.07976087273,137788.06808192792,133098.72922505246,176.9664170875392,132751.8814210878,133445.57702901712,0.30673774879571253,0.22075053129719158,0.0,0.7394008397062901,3845.625,5.239479298995973,3835.3558092762246,3855.8941907237754,384.90398750601497,0.5244131902197359,383.87615654016656,385.9318184718634,71.82841553747718,0.07383034942601811,71.68371071163618,71.97312036331819,0.0,0.0,0.0,0.0,0.0,0.0,0.0,0.0,28.680555555555554,0.6718811184150495,27.363692761569567,29.99741834954154,0.0,0.0,0.0,0.0,32.04687499999999,0.043662327491633075,31.961298410635198,32.132451589364784,32.04687499999999,0.043662327491633075,31.961298410635198,32.132451589364784,1.099725678588614,0.0014983234006278158,1.09678901868619,1.1026623384910381,897.8551942184649,0.9228793678252263,896.0463838954524,899.6640045414774,5.602821213172775,0.009084913813181002,5.58501510929629,5.62062731704926,0.0,0.0,0.0,0.0,2.868055555555556,0.06718811184150496,2.736369276156957,2.9997418349541545,160.234375,0.2183116374581656,159.80649205317604,160.66225794682396,2.386802970490594,0.10412599478424411,2.18271977085907,2.590886170122118,160.25780888966918,0.21307679205224334,159.84018605130544,160.67543172803292,160.25798932363907,0.21307876008549181,159.84036262800106,160.67561601927707,0.0001804339698798309,0.00012985325370423037,0.0,0.0004349416704154648,0.0,0.0,0.0,0.0,0.999998877272863,8.082335634761302e-07,0.9999972931641875,1.0000004613815385
no_discrete_consumption_quantum,family_three,9.0,0.15475,133744.10055100248,177.72937159885166,133395.7573836738,134092.44371833117,131097.3485544686,174.29543918726273,130755.73577099197,131438.96133794522,0.0,0.0,0.0,0.0,2137.7083333333335,3.1634487530826023,2131.5080877103533,2143.9085789563137,292.67468897002556,0.4331093093683953,291.8258103222945,293.5235676177566,130.05534325403116,0.10296269131388165,129.85354008730462,130.2571464207577,0.0046031987231950604,0.002001428749654556,0.0006804704562490991,0.008525926990141021,71.25694444444444,0.10544829176942015,71.05026959034511,71.46361929854378,15.052083333333334,0.4892289045444759,14.093212300230178,16.01095436643649,2.306893183071215e-05,1.0033397716130676e-05,3.4038336645295917e-06,4.273402999689471e-05,17.81423611111111,0.026362072942355038,17.762567397586277,17.865904824635944,17.81423611111111,0.026362072942355038,17.762567397586277,17.865904824635944,0.8362133970572163,0.0012374551696239869,0.8337880294922704,0.8386387646221622,1625.6917906753897,1.287033641423521,1623.169251091308,1628.2143302594714,10.146754053501207,0.01589896773794901,10.115592649343462,10.177915457658951,0.0046031987231950604,0.002001428749654556,0.0006804704562490991,0.008525926990141021,1.5052083333333333,0.04892289045444758,1.4093212300230176,1.601095436643649,160.328125,0.23725865648119518,159.8631065782765,160.7931434217235,4.610147197147772,0.19312835832117933,4.231622570444914,4.9886718238506305,160.25816984113737,0.21306655870218205,159.84056705977122,160.67577262250353,160.25798932363907,0.21307876008549181,159.84036262800106,160.67561601927707,0.0,0.0,0.0,0.0,0.0001805174983375426,0.00018051749833754267,0.0,0.0005343252936583953,1.0,1.0531734489254108e-17,1.0,1.0
no_discrete_consumption_quantum,family_three,10.0,0.15475,133354.41762018602,177.2621822816935,133006.99012709293,133701.84511327912,130738.53701250166,173.8170078482309,130397.86193721861,131079.21208778472,0.1223607345457401,0.12236073454574008,0.0,0.36218336737725665,1921.6666666666667,2.8766577788695438,1916.0285210242355,1927.304812309098,278.9780356144435,0.41761890873410423,278.15951759406175,279.7965536348253,144.82787718452357,0.12914987071119471,144.57474808932162,145.08100627972553,0.05302859528917311,0.011736625703706588,0.030025231609881128,0.07603195896846508,256.22222222222223,0.38355437051593877,255.47046946989806,256.9739749745464,14.010416666666666,0.4661167228951531,13.09684467720033,14.923988656133002,0.00026610292584037647,5.89930173027634e-05,0.00015047873658761198,0.00038172711509314096,16.01388888888889,0.023972148157246173,15.966904341868629,16.06087343590915,16.01388888888889,0.023972148157246173,15.966904341868629,16.06087343590915,0.7970801017555528,0.0011931968820974382,0.7947414788401763,0.7994187246709292,1810.3484648065448,1.6143733838899328,1807.1843511165205,1813.5125784965692,11.300853514004023,0.01671166052836422,11.26809926124657,11.333607766761476,0.05302859528917311,0.011736625703706588,0.030025231609881128,0.07603195896846508,1.4010416666666667,0.046611672289515314,1.309684467720033,1.4923988656133005,160.13888888888889,0.23972148157246184,159.66904341868627,160.6087343590915,4.729180526163737,0.21680598346441218,4.304248606940702,5.1541124453867715,160.25791734673638,0.2130774371766805,159.84029324395198,160.67554144952078,160.25798932363907,0.21307876008549181,159.84036262800106,160.67561601927707,7.197690267396477e-05,7.197690267396477e-05,0.0,0.00021304903963368044,0.0,0.0,0.0,0.0,0.999999552974243,4.470257570171224e-07,0.9999986768198591,1.0000004291286269
no_discrete_consumption_quantum,family_four,1.8,0.15475,197228.45771066533,250.88392497037793,196736.73425342335,197720.1811679073,181991.01649910165,231.463716122351,181537.35595177405,182444.67704642925,2.3964532179220606,0.9728204299724162,0.4897602117513551,4.303146224092766,14235.833333333334,18.123000180541876,14200.312905687659,14271.35376097901,885.1296433079045,1.126818803639089,882.9211190356694,887.3381675801396,24.810948371182786,0.029186630489073287,24.753743626594122,24.86815311577145,0.0,0.0,0.0,0.0,0.0,0.0,0.0,0.0,89.27083333333333,1.232155509732771,86.8558529109045,91.68581375576215,0.0,0.0,0.0,0.0,118.63194444444444,0.15102500150451564,118.33594088073049,118.9279480081584,118.63194444444444,0.15102500150451564,118.33594088073049,118.9279480081584,2.528941838022584,0.0032194822961116813,2.5226317686733406,2.535251907371827,310.13685463978476,0.3648328811134162,309.4217953324265,310.85191394714303,1.4527629165822045,0.002607805832289059,1.4476517110722444,1.4578741220921645,0.0,0.0,0.0,0.0,8.927083333333332,0.12321555097327708,8.68558529109045,9.168581375576215,213.5375,0.2718450027081281,213.00469358531487,214.07030641468512,0.8067570123661504,0.03778938448806375,0.7326911797716088,0.880822844960692,213.5445990075527,0.2715948698730932,213.0122828442156,214.0769151708898,213.54441974436028,0.2716517002036796,213.01199219562199,214.07684729309858,0.0014096783634835652,0.0005722473117484801,0.00028809424220667965,0.002531262484760451,0.0015889415559328605,0.0006069333664023586,0.0003993740167685851,0.002778509095097136,0.9999934660249887,2.650928900809929e-06,0.9999882702998175,0.99999866175016
no_discrete_consumption_quantum,family_four,2.0,0.15475,195270.13570218277,248.7026904090146,194782.68738612288,195757.58401824266,181512.70702354176,230.8863021672027,181060.1781867704,181965.2358603131,1.6201418109224217,0.9633399843171571,0.0,3.50825348505143,12814.583333333334,16.47950650569733,12782.284094099174,12846.882572567494,832.9813748709661,1.071210949996614,830.8818399891278,835.0809097528044,27.740356403565134,0.031408406744693,27.67879705753375,27.801915749596517,0.0,0.0,0.0,0.0,0.0,0.0,0.0,0.0,80.50347222222221,1.0792899820366348,78.38810272855552,82.6188417158889,0.0,0.0,0.0,0.0,106.78819444444446,0.13732922088081104,106.51903411749312,107.0573547713958,106.78819444444446,0.13732922088081104,106.51903411749312,107.0573547713958,2.379946785345617,0.0030606027142760384,2.37394811425465,2.3859454564365836,346.7544550445641,0.3926050843086626,345.98496321917185,347.5239468699564,1.6242162239542008,0.0027999633224897362,1.6187283966840877,1.629704051224314,0.0,0.0,0.0,0.0,8.050347222222221,0.10792899820366349,7.838810272855553,8.26188417158889,213.5763888888889,0.2746584417616221,213.03806823498624,214.1147095427916,0.9835120510596805,0.04011438841089225,0.9048892945124808,1.0621348076068804,213.54436120416676,0.27163094372612107,213.01197433737693,214.0767480709566,213.54441974436028,0.2716517002036796,213.01199219562199,214.07684729309858,0.0009530245946602483,0.0005666705790100926,0.0,0.002063678520618489,0.0008944844011314791,0.0004644027580202239,0.0,0.0018046970811721875,0.9999955624611984,2.6489838910619385e-06,0.9999903705481763,1.0000007543742204
no_discrete_consumption_quantum,family_four,2.1,0.15475,194410.95895367852,247.18955401098216,193926.47633046246,194895.44157689458,181291.50783008794,230.58963753398638,180839.56044531317,181743.4552148627,1.0651068088351237,0.6716337211619584,0.0,2.3814847131151793,12203.333333333334,15.56199484439383,12172.832383910723,12233.834282755945,810.0604642522239,1.0330092954116676,808.0358032375219,812.085125266926,29.1762469739918,0.03573771125050881,29.10620234705091,29.246291600932686,0.0,0.0,0.0,0.0,0.0,0.0,0.0,0.0,75.81597222222221,1.1388287796375909,73.58390882957484,78.04803561486959,0.0,0.0,0.0,0.0,101.69444444444446,0.12968329036994858,101.4402698659227,101.94861902296621,101.69444444444446,0.12968329036994858,101.4402698659227,101.94861902296621,2.314458469292067,0.002951455129747613,2.308673723535776,2.3202432150483583,364.70308717489746,0.44672139063136,363.82752933813634,365.5786450116586,1.7083716312691195,0.0030227850093370295,1.7024470815178114,1.7142961810204276,0.0,0.0,0.0,0.0,7.581597222222221,0.1138828779637591,7.358390882957483,7.80480356148696,213.5583333333333,0.2723349097768921,213.02456671843763,214.092099948229,0.9512825775265852,0.044424984362049114,0.8642112081632138,1.0383539468899565,213.54459875970153,0.27161322786001924,213.01224661537123,214.07695090403183,213.54441974436028,0.2716517002036796,213.01199219562199,214.07684729309858,0.0006265334169618374,0.0003950786595070345,0.0,0.0014008733606559881,0.0008055487582155126,0.0003870454868144459,4.695354368042628e-05,0.0015641439727505989,0.9999970831648751,1.83791670427504e-06,0.9999934809143282,1.0000006854154222
no_discrete_consumption_quantum,family_four,2.25,0.15475,193251.40262716042,246.06352816681095,192769.12697404463,193733.67828027622,180978.11767916507,230.28470372847272,180526.76795366677,181429.46740466336,1.1770423560926313,0.7086632518809864,0.0,2.5659968069464014,11388.541666666666,14.691779218316864,11359.746308529951,11417.33702480338,779.0497816438638,1.0050125579721982,777.0799932262278,781.0195700614997,31.33937399541613,0.03400510786779885,31.27272520870484,31.406022782127415,0.0,0.0,0.0,0.0,0.0,0.0,0.0,0.0,73.17708333333333,1.0719603336030685,71.07607968661577,75.27808698005089,0.0,0.0,0.0,0.0,94.90451388888887,0.12243149348597386,94.66455257108291,95.14447520669484,94.90451388888887,0.12243149348597386,94.66455257108291,95.14447520669484,2.2258565189824675,0.0028714644513491328,2.220228552074936,2.231484485889999,391.7421749427015,0.4250638483474859,390.90906510881047,392.5752847765926,1.8349603381480204,0.003187315779310453,1.8287133140132157,1.841207362282825,0.0,0.0,0.0,0.0,7.317708333333333,0.10719603336030686,7.107607968661577,7.527808698005089,213.53515625,0.27547086034344126,212.9952432849366,214.0750692150634,1.0296051108452746,0.04426799499037988,0.9428414349963306,1.1163687866942187,213.5442297544081,0.2717232907079799,213.01166189085976,214.07679761795643,213.54441974436028,0.2716517002036796,213.01199219562199,214.07684729309858,0.0006923778565250772,0.0004168607364005801,0.0,0.0015094098864390595,0.0005023879043415989,0.00031235695239557534,0.0,0.0011145962813576187,0.9999967095743582,1.9936001250422244e-06,0.9999928021899135,1.0000006169588027
no_discrete_consumption_quantum,family_four,2.4,0.15475,192216.90932208704,244.54664418053306,191737.60670695305,192696.21193722103,180684.81118434542,229.85011569843786,180234.31323573412,181135.30913295673,1.9277912441493044,0.9178857727073594,0.12876818772116194,3.7268143005774466,10677.5,13.68310317109847,10650.6816105879,10704.3183894121,751.56875807099,0.9631274040608495,749.6810630465072,753.4564530954729,33.48006064873584,0.04024735448118828,33.40117728347969,33.55894401399198,0.0,0.0,0.0,0.0,0.0,0.0,0.0,0.0,67.62152777777777,1.0686576992024175,65.52699717553959,69.71605838001595,0.0,0.0,0.0,0.0,88.97916666666667,0.11402585975915391,88.75568008823251,89.20265324510083,88.97916666666667,0.11402585975915391,88.75568008823251,89.20265324510083,2.147339308774257,0.002751792583030993,2.141945894418592,2.152732723129922,418.50075810919793,0.5030919310148536,417.5147160434961,419.48680017489977,1.960263204384835,0.0035261037888937633,1.953352167952853,1.967174240816817,0.0,0.0,0.0,0.0,6.762152777777778,0.10686576992024176,6.55269971755396,6.9716058380015955,213.54999999999998,0.2736620634219694,213.013632211758,214.08636778824197,1.2340549618241985,0.050194775460823134,1.1356750097089103,1.3324349139394867,213.54370662511596,0.27165009251595995,213.0112822273877,214.0761310228442,213.54441974436028,0.2716517002036796,213.01199219562199,214.07684729309858,0.0011339948494995908,0.0005399328074749172,7.574599277715421e-05,0.0021922437062220274,0.00042087560520574443,0.00021422433791786486,1.003618274791028e-06,0.0008407475921366978,0.9999946886414279,2.5279996060713293e-06,0.9999897338532471,0.9999996434296088
no_discrete_consumption_quantum,family_four,3.0,0.15475,188978.2276787339,240.4639871171372,188506.92692440542,189449.5284330624,179672.64102606408,228.55859861066884,179224.67440443023,180120.60764769794,1.0283703638859858,0.5704190427117982,0.0,2.146371143696925,8542.291666666666,10.936453348907104,8520.856611984205,8563.726721349127,665.7480599640297,0.852338328405865,664.0775075377112,667.4186123903482,42.29980567522509,0.04615157042694395,42.20935025935832,42.39026109109186,0.0,0.0,0.0,0.0,0.0,0.0,0.0,0.0,54.21875,0.8310492849771216,52.58992333206708,55.84757666793292,0.0,0.0,0.0,0.0,71.18576388888887,0.09113711124089253,71.0071384332017,71.36438934457604,71.18576388888887,0.09113711124089253,71.0071384332017,71.36438934457604,1.9021373141829425,0.002435252366873902,1.8973643072506037,1.9069103211152814,528.7475709403135,0.5768946303367992,527.6168782419788,529.8782636386481,2.4765643504321377,0.004202662027052882,2.46832728421992,2.4848014166443555,0.0,0.0,0.0,0.0,5.421875,0.08310492849771216,5.258992333206708,5.584757666793292,213.55729166666666,0.2734113337226777,213.02141529960514,214.09316803372818,1.482467748506087,0.058429486784856516,1.3679480587726092,1.596987438239565,213.54419568747983,0.2716460437662995,213.0117792251551,214.07661214980456,213.54441974436028,0.2716517002036796,213.01199219562199,214.07684729309858,0.0006049237434623446,0.0003355406133598813,0.0,0.001262571260998191,0.00038086686302095976,0.00026897396011664427,0.0,0.0009080461376286954,0.9999971953193683,1.557511767144612e-06,0.9999941426523992,1.0000002479863375
no_discrete_consumption_quantum,family_four,4.5,0.15475,184169.75084920748,234.52543357567603,183710.0894459405,184629.41225247446,177833.1448847906,226.23373659586485,177389.7349089748,178276.55486060644,0.3588607888134033,0.3588607888134033,0.0,1.062215010351308,5695.416666666667,7.552836477761333,5680.613379189134,5710.2199541442,540.3951251273312,0.716631679882848,538.9905528445804,541.799697410082,64.15058961182241,0.0642733858627164,64.02461609036705,64.27656313327778,0.0,0.0,0.0,0.0,0.0,0.0,0.0,0.0,36.28472222222222,0.7771722729794525,34.761492557399365,37.80795188704508,0.0,0.0,0.0,0.0,47.46180555555555,0.06294030398134444,47.338444826576115,47.585166284534985,47.46180555555555,0.06294030398134444,47.338444826576115,47.585166284534985,1.543986071792375,0.002047519085379567,1.5399730081273726,1.5479991354573774,801.8823701477801,0.8034173232839561,800.3077011295879,803.4570391659722,3.75638624120428,0.006308038015549086,3.7440227138806943,3.768749768527866,0.0,0.0,0.0,0.0,3.6284722222222228,0.07771722729794525,3.476149255739937,3.7807951887045084,213.578125,0.28323136791604997,213.02300171959254,214.13324828040746,2.153161261020665,0.09719735309598605,1.9626579495599095,2.3436645724814205,213.54471103768296,0.2716648684340457,213.01225767968742,214.0771643956785,213.54441974436028,0.2716517002036796,213.01199219562199,214.07684729309858,0.0002110945816549431,0.0002110945816549431,0.0,0.0006248323590301811,0.0005023879043415934,0.0003123569523955744,0.0,0.0011145962813576115,0.9999990318756296,9.681243704195252e-07,0.999997134386731,1.0000009293645282
no_discrete_consumption_quantum,family_four,5.0,0.15475,183097.12343898998,232.89920204211853,182640.6493909593,183553.59748702066,177354.82417580628,225.60286938730047,176912.65067699828,177796.99767461428,0.24793617274961613,0.24628819248694045,0.0,0.7306521598414877,5126.041666666667,6.653411096390208,5113.001220543403,5139.082112789931,513.0593538428678,0.6659319256342873,511.7541512524692,514.3645564332664,71.52669539028564,0.07195230477086985,71.38567146433009,71.66771931624119,0.0,0.0,0.0,0.0,0.0,0.0,0.0,0.0,31.42361111111111,0.6899167042034356,30.071399218539803,32.77582300368242,0.0,0.0,0.0,0.0,42.717013888888886,0.05544509246991841,42.60834350452835,42.82568427324942,42.717013888888886,0.05544509246991841,42.60834350452835,42.82568427324942,1.4658838681224793,0.001902662644669393,1.4621547178641976,1.469613018380761,894.0836923785704,0.8994038096358724,892.320893304126,895.8464914530148,4.188245440630628,0.006744634063432094,4.175026200777399,4.201464680483857,0.0,0.0,0.0,0.0,3.1423611111111107,0.06899167042034356,3.00713992185398,3.2775823003682416,213.58506944444443,0.277225462349592,213.04171752264176,214.1284213662471,2.6425488450315324,0.10715315170004035,2.4325325268694966,2.8525651631935682,213.54445443553814,0.27163761620968063,213.01205449092086,214.07685438015542,213.54441974436028,0.2716517002036796,213.01199219562199,214.07684729309858,0.00014584480749977422,0.0001448754073452591,0.0,0.00042979538814205166,0.0001805359853472128,0.0001805359853472128,0.0,0.0005343800145412008,0.9999993207803303,6.746654944014444e-07,0.9999979984602596,1.000000643100401
no_discrete_consumption_quantum,family_four,9.0,0.15475,178168.7760845197,226.69108982402753,177724.46971284845,178613.08245619092,174687.51710999807,222.23124027232828,174251.95188282462,175123.0823371715,0.35886078881336836,0.35886078881336836,0.0,1.0622150103512047,2848.125,3.9581036950014266,2840.367259310722,2855.882740689278,389.9381807727532,0.5419059044595192,388.8760647170029,391.00029682850345,130.13901629341763,0.12194772256346273,129.90000314919655,130.3780294376387,0.0,0.0,0.0,0.0,94.9375,0.1319367898333809,94.67890864369075,95.19609135630925,17.760416666666668,0.5337663119050725,16.714253919171952,18.806579414161384,0.0,0.0,0.0,0.0,23.734375,0.03298419745834522,23.669727160922687,23.799022839077313,23.734375,0.03298419745834522,23.669727160922687,23.799022839077313,1.114109087922152,0.0015483025841700562,1.1110744706200084,1.1171437052242956,1626.7377036677206,1.5243465320432839,1623.7500393649573,1629.7253679704838,7.619808616888407,0.012172010026347182,7.595951915617306,7.643665318159508,0.0,0.0,0.0,0.0,1.7760416666666667,0.05337663119050724,1.6714253919171953,1.8806579414161382,213.609375,0.29685777712510697,213.02754444830418,214.19120555169582,4.5906612610206645,0.19162485903969517,4.215083438760297,4.966239083281032,213.54440898065627,0.2716635947782697,213.01195811898017,214.07685984233237,213.54441974436028,0.2716517002036796,213.01199219562199,214.07684729309858,0.00021109458165492257,0.00021109458165492257,0.0,0.0006248323590301204,0.00020033087767374938,0.0002003308776737493,0.0,0.0005929721829055972,0.9999990318756296,9.681243704195312e-07,0.999997134386731,1.0000009293645282
no_discrete_consumption_quantum,family_four,10.0,0.15475,177648.03551770406,225.8963460109394,177205.2868152834,178090.7842201247,174209.44727483692,221.60181637134292,173775.11569584042,174643.7788538334,0.24793617274966176,0.24628819248698075,0.0,0.7306521598416124,2563.5416666666665,3.5293261032205234,2556.624314614657,2570.459018718676,372.1622645528758,0.5123700589692494,371.1580376905394,373.1664914152122,144.70234769705962,0.13190166273685697,144.44382518859445,144.9608702055248,0.0,0.0,0.0,0.0,341.8055555555555,0.4705768137627363,340.88324194862093,342.72786916249004,16.128472222222218,0.519284285048849,15.110693725788842,17.146250718655594,0.0,0.0,0.0,0.0,21.362847222222218,0.02941105086017102,21.30520262178881,21.420491822655627,21.362847222222218,0.02941105086017102,21.30520262178881,21.420491822655627,1.0633207558653595,0.0014639144541978542,1.0604515362586842,1.0661899754720348,1808.7793462132452,1.648770784210712,1805.5478148574302,1812.01087756906,8.471680548291696,0.012995736636122357,8.446209372532328,8.497151724051063,0.0,0.0,0.0,0.0,1.612847222222222,0.0519284285048849,1.5110693725788846,1.7146250718655596,213.62847222222226,0.29411050860171023,213.05202621788814,214.20491822655637,5.1165071783648655,0.20845434571779428,4.707944168337128,5.525070188392603,213.54445443553814,0.2716376162096807,213.01205449092086,214.07685438015542,213.54441974436028,0.2716517002036796,213.01199219562199,214.07684729309858,0.00014584480749980106,0.0001448754073452828,0.0,0.00042979538814212495,0.00018053598534721753,0.00018053598534721756,0.0,0.0005343800145412149,0.9999993207803303,6.746654944012829e-07,0.9999979984602596,1.000000643100401
randomized_non_lattice_usage,single_low,1.8,0.1905,29624.211442258576,53.74838846623986,29518.866536637677,29729.556347879476,27300.502432867273,49.58951050955883,27203.308778257568,27397.69608747698,0.2654633219738323,0.19315567324505623,0.0,0.6440414849437295,2135.625,4.080896225737137,2127.62659037291,2143.62340962709,132.78499053956168,0.2537345117834073,132.28768003483134,133.282301044292,25.327457168748168,0.03307795707348262,25.26262556420198,25.392288773294357,0.03595947212664963,0.004790206000791891,0.02657084088656988,0.04534810336672938,0.0,0.0,0.0,0.0,29.670138888888886,0.6215655568123044,28.451892783506185,30.888384994271586,0.00018056110811344583,2.407842719249113e-05,0.00013336825801179333,0.00022775395821509833,17.796875,0.03400746854780947,17.730221586440916,17.863528413559084,17.796875,0.03400746854780947,17.730221586440916,17.863528413559084,0.3793856872558905,0.0007249557479525925,0.3779648000995181,0.3808065744122629,316.59321460935206,0.41347446341853294,315.7828195525247,317.4036096661794,9.883376092377459,0.021398134955358486,9.841436518528628,9.92531566622629,0.03595947212664963,0.004790206000791891,0.02657084088656988,0.04534810336672938,2.967013888888889,0.06215655568123045,2.8451892783506185,3.088838499427159,32.034375,0.06121344338605705,31.914398855593642,32.15435114440635,0.8736782568532816,0.03605287135745362,0.8030159274534168,0.9443405862531464,32.0336799935426,0.058192586790744835,31.919624619265516,32.14773536781968,32.03341028284496,0.058191312300135675,31.919357406523574,32.14746315916635,0.00015615489527872492,0.0001136209842617978,0.0,0.0003788479323198409,0.00042586559292264223,0.0001888519240063951,5.572262345901257e-05,0.0007960085623862718,0.9999951486806555,3.546527545183534e-06,0.9999881976143968,1.0000020997469143
randomized_non_lattice_usage,single_low,2.0,0.1905,29331.346108978567,53.25959336408673,29226.95922415371,29435.732993803424,27228.995314021144,49.452208230741114,27132.070766932917,27325.91986110937,0.1748869204513659,0.17405497787315966,0.0,0.5160284084126748,1922.2916666666667,3.703506378663397,1915.0329275479721,1929.5504057853614,124.95397733595193,0.2407375842738356,124.48214034105004,125.42581433085383,28.185032025221087,0.04000032022192335,28.106632838216047,28.263431212226127,0.14800978690907504,0.01142502625204732,0.12561714693263765,0.17040242688551244,0.0,0.0,0.0,0.0,26.597222222222218,0.6202961116881397,25.381464183563228,27.812980260881208,0.0007430393351103498,5.7529920016031556e-05,0.0006302827638454579,0.0008557959063752416,16.01909722222222,0.030862553155528282,15.958607729566433,16.07958671487801,16.01909722222222,0.030862553155528282,15.958607729566433,16.07958671487801,0.35701136381700554,0.0006878216693538161,0.35566325811728583,0.35835946951672526,352.31290031526356,0.5000040027740419,351.3329104777006,353.29289015282654,11.002080018459415,0.025506966504510568,10.952087282755704,11.052072754163126,0.14800978690907504,0.01142502625204732,0.12561714693263765,0.17040242688551244,2.659722222222222,0.06202961116881396,2.538146418356323,2.7812980260881206,32.03819444444444,0.061725106311056564,31.917215459132866,32.15917342975602,0.980651909284096,0.03999791359348432,0.9022574391841216,1.0590463793840703,32.033369094807405,0.058196504996000174,31.919306040989138,32.14743214862567,32.03341028284496,0.058191312300135675,31.919357406523574,32.14746315916635,0.00010287465908903876,0.00010238528110185862,0.0,0.00030354612259569106,6.168662153768247e-05,6.168662153768247e-05,0.0,0.0001825901780794929,0.9999967600046226,3.2245097348014365e-06,0.9999904400816746,1.0000030799275705
randomized_non_lattice_usage,single_low,2.1,0.1905,29205.2900489848,53.00765363669262,29101.39695695191,29309.18314101769,27196.236803473887,49.36384189417078,27099.485451222783,27292.98815572499,0.33325942647248946,0.2350502650164271,0.0,0.7939494804612816,1831.4583333333333,3.59515860992013,1824.4119519391807,1838.5047147274859,121.57268405560808,0.23864757055003685,121.10494341233202,122.04042469888414,29.644526773020385,0.0393267662139476,29.56744772761262,29.72160581842815,0.28055303359442346,0.01867125987549022,0.24395803669247482,0.3171480304963721,0.0,0.0,0.0,0.0,25.763888888888886,0.6139133685915948,24.560640796821698,26.967136980956074,0.001415378219948197,9.457582377283644e-05,0.0012300130115452303,0.0016007434283511635,15.262152777777777,0.029959655082667746,15.203432932826505,15.320872622729048,15.262152777777777,0.029959655082667746,15.203432932826505,15.320872622729048,0.34735052587316595,0.0006818502015715326,0.34601412403523435,0.34868692771109755,370.55658466275463,0.49158457767434494,369.5930965951576,371.52007273035167,11.569020160759655,0.027256703084698033,11.515598004376345,11.622442317142964,0.28055303359442346,0.01867125987549022,0.24395803669247482,0.3171480304963721,2.576388888888889,0.061391336859159484,2.4560640796821698,2.696713698095608,32.05052083333333,0.06291527567360217,31.92720915893566,32.173832507731,1.0564392522773305,0.04259915080581173,0.9729464509259491,1.1399320536287119,32.03323172403004,0.058190150916093385,31.919181123979545,32.14728232408053,32.03341028284496,0.058191312300135675,31.919357406523574,32.14746315916635,0.0001960349567485232,0.0001382648617743689,0.0,0.0004670291061536951,1.747614182615129e-05,1.747614182615129e-05,0.0,5.172875039412187e-05,0.9999938906496301,4.309790275017331e-06,0.9999854436159101,1.00000233768335
randomized_non_lattice_usage,single_low,2.25,0.1905,29033.585684994963,52.471274808273506,28930.743876147844,29136.427493842082,27151.00237302457,49.25688078907314,27054.460660687204,27247.544085361937,0.2623993709969213,0.22619275114204918,0.0,0.7057290167993688,1709.5833333333333,3.215494546322344,1703.2810798300566,1715.88558683661,116.94653815365488,0.21996058823944778,116.51542332268733,117.37765298462244,31.9076528148891,0.04159583016851455,31.826126485851766,31.989179143926435,0.6368605197350178,0.03305622626489708,0.5720715067910125,0.7016495326790231,0.0,0.0,0.0,0.0,23.246527777777775,0.6001759565985892,22.070204518457665,24.422851037097885,0.003213787683289497,0.0001665351475698064,0.0028873847918926133,0.003540190574686381,14.246527777777779,0.02679578788601953,14.194008998583806,14.299046556971751,14.246527777777779,0.02679578788601953,14.194008998583806,14.299046556971751,0.33413296615329974,0.000628458823541279,0.3329012094933924,0.33536472281320706,398.84566018611366,0.5199478771064322,397.826581073147,399.8647392990803,12.44863928424563,0.0282599254225459,12.393250848211652,12.504027720279607,0.6368605197350178,0.03305622626489708,0.5720715067910125,0.7016495326790231,2.3246527777777777,0.06001759565985894,2.2070204518457666,2.442285103709789,32.0546875,0.060290522743543955,31.93652024681356,32.17285475318644,1.1196291059916936,0.046867900414307946,1.0277697091486402,1.211488502834747,32.03347641088606,0.058193164438323675,31.919419904440527,32.14753291733159,32.03341028284496,0.058191312300135675,31.919357406523574,32.14746315916635,0.0001543525711746596,0.00013305455949532303,0.0,0.0004151347157643346,0.0002204806122776138,0.00010369884150380316,1.723461769163225e-05,0.0004237266068635954,0.9999951520329194,4.188190235236362e-06,0.999986943330898,1.000003360734941
randomized_non_lattice_usage,single_low,2.4,0.1905,28882.581226865343,52.02452308822774,28780.615035299543,28984.547418431142,27110.156150924482,49.10197236661697,27013.91805351603,27206.394248332934,0.11641902964728197,0.08356673095512071,0.0,0.280206812625067,1601.875,3.0166649190549646,1595.9624454052268,1607.7875545947732,112.75291073144153,0.21233726122504915,112.33673734686457,113.1690841160185,34.15368850149918,0.04746540583504636,34.06065801555091,34.24671898744745,1.304835456053914,0.04842424013357124,1.2099256894133952,1.3997452226944327,0.0,0.0,0.0,0.0,22.222222222222218,0.541749631927297,21.160412455006885,23.28403198943755,0.006577888989865536,0.0002452521640045928,0.0060972035812860235,0.007058574398445049,13.348958333333334,0.025138874325458034,13.299687045043557,13.398229621623111,13.348958333333334,0.025138874325458034,13.299687045043557,13.398229621623111,0.3221511735184044,0.0006066778892144264,0.3209621067053273,0.32334024033148145,426.9211062687398,0.5933175729380794,425.7582251943864,428.08398734309316,13.323727884188854,0.031137606653026253,13.262699296584147,13.38475647179356,1.304835456053914,0.04842424013357124,1.2099256894133952,1.3997452226944327,2.222222222222222,0.0541749631927297,2.1160412455006887,2.328403198943755,32.037499999999994,0.060333298381099264,31.91924890810453,32.15575109189546,1.1705099117864741,0.04962307655787269,1.0732504689309699,1.2677693546419784,32.033764593077485,0.05818122540815491,31.919731486701096,32.147797699453875,32.03341028284496,0.058191312300135675,31.919357406523574,32.14746315916635,6.848178214546e-05,4.915690056183572e-05,0.0,0.00016482753683827475,0.0004227920146716424,0.00017422292324880992,8.132135982268887e-05,0.0007642626695205959,0.9999978937956575,1.5131992832127755e-06,0.999994927979561,1.000000859611754
randomized_non_lattice_usage,single_low,3.0,0.1905,28447.575468560335,50.870018598791056,28347.87206421382,28547.27887290685,26994.56328801542,48.40965726500879,26899.682103272073,27089.444472758765,0.2886077102397086,0.20791724627804062,0.0,0.6961180247094128,1282.2916666666667,2.595218045652301,1277.2051327651598,1287.3782005681737,99.93608538591333,0.20225970342579727,99.53966365167501,100.33250712015165,42.81617210083727,0.055947820947752545,42.70651638676618,42.92582781490836,9.884509792370105,0.1638613040213363,9.563347538028518,10.205672046711692,0.0,0.0,0.0,0.0,17.79513888888889,0.5390382349405105,16.738643362115447,18.851634415662332,0.049957093757033215,0.0008343704223241226,0.04832175777951246,0.05159242973455397,10.685763888888888,0.021626817047102516,10.64337610637633,10.728151671401445,10.685763888888888,0.021626817047102516,10.64337610637633,10.728151671401445,0.28553167253118095,0.0005778848669308495,0.28439903900478575,0.28666430605757615,535.2021512604659,0.6993477618469066,533.8314548345774,536.5728476863545,16.664329630076356,0.03791848709801228,16.590010761016003,16.73864849913671,9.884509792370105,0.1638613040213363,9.563347538028518,10.205672046711692,1.7795138888888886,0.053903823494051054,1.6738643362115446,1.8851634415662326,32.057291666666664,0.06488045114130754,31.93012831912899,32.18445501420434,1.4094639528742132,0.06043103144195326,1.2910213076993773,1.5279065980490492,32.0335714409952,0.05819195246651715,31.919517309970765,32.14762557201964,32.03341028284496,0.058191312300135675,31.919357406523574,32.14746315916635,0.00016976924131747564,0.0001223042625164945,0.0,0.00040948119100553697,0.0003309273915629662,0.00017320208618954835,0.0,0.0006703972425416832,0.9999945183587347,3.939717939744951e-06,0.9999867966534635,1.0000022400640058
randomized_non_lattice_usage,single_low,4.5,0.1905,28137.69546437245,48.16408107877074,28043.29560010959,28232.095328635307,27025.37095752107,46.88404967344612,26933.479908711728,27117.262006330413,0.036749908573987786,0.036749908573987786,0.0,0.10877840581414358,863.9583333333334,1.8928518017985045,860.2484119737366,867.6682546929302,81.97448913245456,0.17959842907842208,81.62248267978089,82.32649558512824,65.14627629416528,0.08215146269132247,64.98526238601299,65.30729020231756,81.71733873840996,0.44118072181071905,80.85264041298757,82.58203706383236,7.199652777777778,0.015773765014987527,7.168736766447804,7.2305687891077515,12.291666666666664,0.40794017710180625,11.492118611700233,13.091214721633095,0.41908264176397836,0.002381462796216696,0.4144150604528716,0.42375022307508514,7.199652777777778,0.015773765014987527,7.168736766447804,7.2305687891077515,7.199652777777778,0.015773765014987527,7.168736766447804,7.2305687891077515,0.23421282609272734,0.0005131383687954918,0.23320709337080253,0.23521855881465215,814.3284536770661,1.0268932836415314,812.3157798251626,816.3411275289697,24.891139968581417,0.04863860476051759,24.795810054992526,24.986469882170308,81.71733873840996,0.44118072181071905,80.85264041298757,82.58203706383236,1.2291666666666665,0.04079401771018062,1.1492118611700235,1.3091214721633095,32.3984375,0.07098194256744392,32.25931544901512,32.53755955098488,2.2090366225414737,0.08955995827298979,2.0335023298695036,2.3845709152134438,32.033388665251685,0.058190509465642505,31.91933736245699,32.147439968046385,32.03341028284496,0.058191312300135675,31.919357406523574,32.14746315916635,2.1617593278816343e-05,2.1617593278816347e-05,0.0,6.398729753773152e-05,0.0,0.0,0.0,0.0,0.999999333782335,6.662176650820032e-07,0.9999980280197055,1.0000006395449643
randomized_non_lattice_usage,single_low,5.0,0.1905,28184.863254537693,47.61402358122253,28091.541483159457,28278.18502591593,27100.095187478175,46.45984784868145,27009.03555896755,27191.1548159888,0.041365320883241775,0.03381129254358013,0.0,0.10763423653940651,781.6666666666666,1.768281062895216,778.2008994688478,785.1324338644855,78.23607785484414,0.1769851278114071,77.88919337853456,78.58296233115372,72.355281152444,0.08479542585511143,72.18908517171424,72.52147713317375,115.70131495356601,0.5501432939067976,114.62305391117245,116.77957599595958,26.055555555555554,0.05894270209650716,25.940029982294927,26.17108112881618,10.711805555555555,0.3908698371412248,9.945714752115718,11.477896358995393,0.5965414782544919,0.002901831668209248,0.590853992695604,0.6022289638133798,6.513888888888888,0.01473567552412679,6.485007495573732,6.542770282204045,6.513888888888888,0.01473567552412679,6.485007495573732,6.542770282204045,0.22353165101384043,0.0005056717937468777,0.22254055251009877,0.22452274951758208,904.44101440555,1.0599428231888934,902.3635646464281,906.518464164672,27.568325914979493,0.05686695995993727,27.456868721547735,27.67978310841125,115.70131495356601,0.5501432939067976,114.62305391117245,116.77957599595958,1.0711805555555556,0.039086983714122475,0.9945714752115719,1.1477896358995392,32.569444444444436,0.07367837762063395,32.42503747786865,32.71385141102022,2.247677965458736,0.10539028297154061,2.0411168065140313,2.4542391244034407,32.03338595030326,0.05819134087381176,31.9193330179785,32.14743888262803,32.03341028284496,0.058191312300135675,31.919357406523574,32.14746315916635,2.4332541696024578e-05,1.9888995613870664e-05,0.0,6.331425678788619e-05,0.0,0.0,0.0,0.0,0.9999992401183508,6.20309857734373e-07,0.9999980243333704,1.0000004559033313
randomized_non_lattice_usage,single_low,9.0,0.1905,29558.091045762372,45.70906465847258,29468.502925264755,29647.67916625999,28066.082136778074,44.76380306604397,27978.346694957585,28153.817578598562,0.0,0.0,0.0,0.0,468.3333333333333,1.3483016701886947,465.6907106194683,470.97595604719834,64.11974474267788,0.18459663828176262,63.75794197997846,64.4815475053773,131.27527741657926,0.17245027924024156,130.93728108014452,131.613273753014,431.8048590472625,1.2475154086170612,429.3597737762143,434.24994431831067,390.2777777777778,1.1235847251572473,388.07559218289026,392.4799633726654,6.197916666666667,0.3060788948308405,5.598013056370396,6.797820276962938,2.27545729560125,0.0060944182266026116,2.2635124553703845,2.2874021358321155,3.9027777777777772,0.011235847251572463,3.880755921828902,3.9247996337266526,3.9027777777777772,0.011235847251572463,3.880755921828902,3.9247996337266526,0.1831992706933654,0.0005274189665193209,0.18216554851422417,0.1842329928725066,1640.940967707241,2.1556284905030196,1636.7160135018066,1645.1659219126755,47.47261810128415,0.11026419252493833,47.25650425515088,47.688731947417416,431.8048590472625,1.2475154086170612,429.3597737762143,434.24994431831067,0.6197916666666666,0.03060788948308405,0.5598013056370396,0.6797820276962937,35.125,0.10112262526415211,34.92680329646012,35.32319670353988,5.1769929971760895,0.19004048759743863,4.804520485880679,5.5494655084715,32.03354784371219,0.05818801755780528,31.91950142496711,32.147594262457275,32.03341028284496,0.058191312300135675,31.919357406523574,32.14746315916635,0.0,0.0,0.0,0.0,0.0001375608672353653,7.615497357242402e-05,0.0,0.000286821872680916,1.0,6.908553164321464e-18,1.0,1.0
randomized_non_lattice_usage,single_low,10.0,0.1905,30024.965010836506,46.496156179729724,29933.834219304685,30116.095802368327,28391.183591444886,44.6413619251582,28303.688129850758,28478.679053039014,0.03205900403491335,0.03205900403491335,0.0,0.09489349732356779,412.9166666666667,1.3533483565909321,410.264152629212,415.5691807041214,59.94519368905322,0.19647240209389796,59.56011485699311,60.33027252111333,144.2068339310027,0.17832750888391138,143.8573184361375,144.55634942586792,515.2431661008612,1.0801930300040092,513.1260266657022,517.3603055360203,495.5,1.6240180279091183,492.31698315505434,498.68301684494566,5.9375,0.28855572072908864,5.371941179837989,6.503058820162011,2.768279240529002,0.006868601452696105,2.754817029057558,2.781741452000446,3.440972222222222,0.011277902971591106,3.418867938576766,3.4630765058676776,3.440972222222222,0.011277902971591106,3.418867938576766,3.4630765058676776,0.17127198196872354,0.0005613497202682792,0.17017175673426607,0.172372207203181,1802.585424137534,2.2290938610488924,1798.2164804517188,1806.954367823349,52.39281124405957,0.0955412456500364,52.205553843547406,52.58006864457174,515.2431661008612,1.0801930300040092,513.1260266657022,517.3603055360203,0.59375,0.028855572072908866,0.5371941179837988,0.6503058820162012,34.409722222222214,0.11277902971591108,34.18867938576766,34.63076505867677,4.332985307341114,0.22896944002059053,3.884213451340453,4.7817571633417755,32.03339142460729,0.0581916291407874,31.919337927289632,32.147444921924944,32.03341028284496,0.058191312300135675,31.919357406523574,32.14746315916635,1.8858237667596088e-05,1.8858237667596088e-05,0.0,5.581970430798105e-05,0.0,0.0,0.0,0.0,0.9999994078762436,5.921237564375194e-07,0.9999982473350066,1.0000005684174806
randomized_non_lattice_usage,single_average,1.8,0.1905,49390.397827255074,71.08445519053333,49251.07485522098,49529.72079928917,45536.7464188676,65.57928961079395,45408.213373098726,45665.27946463648,0.2895630844636068,0.18497346712298118,0.0,0.6521044181201536,3562.2916666666665,5.236008496625141,3552.0292785905353,3572.5540547427977,221.48966473865622,0.3255549727547831,220.85158871706892,222.1277407602435,25.379125008793533,0.030334934999911387,25.319669628720344,25.438580388866722,0.0,0.0,0.0,0.0,0.0,0.0,0.0,0.0,44.201388888888886,0.8378620340121108,42.55920947821168,45.843568299566094,0.0,0.0,0.0,0.0,29.685763888888886,0.043633404138542844,29.600243988254462,29.77128378952331,29.685763888888886,0.043633404138542844,29.600243988254462,29.77128378952331,0.6328276135390177,0.0009301570650136658,0.6310045391916255,0.63465068788641,317.23906260991913,0.37918668749889217,316.49587035900424,317.982254860834,5.9400668107414205,0.01157100517189052,5.917388057339588,5.962745564143253,0.0,0.0,0.0,0.0,4.420138888888889,0.08378620340121108,4.255920947821168,4.584356829956611,53.43437499999999,0.07854012744937713,53.280439178858025,53.58831082114195,0.8846732527827851,0.038625725382838885,0.8089682221556863,0.9603782834098838,53.431902525659524,0.07694941966108691,53.281084434492534,53.58272061682651,53.43182311315045,0.07697515715514908,53.28095457742205,53.58269164887885,0.00017033122615506282,0.00010880792183704774,0.0,0.0003835908341883257,0.00024974373523539397,0.00015047009459339381,0.0,0.0005446597013887809,0.9999968698378042,1.9966901826825574e-06,0.9999929563969578,1.0000007832786506
randomized_non_lattice_usage,single_average,2.0,0.1905,48899.25143947252,70.26081244569612,48761.54277755444,49036.96010139061,45417.04964617788,65.42888358187663,45288.81139080874,45545.287901547024,0.0,0.0,0.0,0.0,3205.0,4.66598100173495,3195.8548452840514,3214.1451547159486,208.3333680867329,0.3033009477441963,207.7389091526774,208.92782702078838,28.243425207907027,0.03130399604409445,28.18207050308842,28.304779912725635,0.0,0.0,0.0,0.0,0.0,0.0,0.0,0.0,40.62499999999999,0.7736107259866841,39.10875083901221,42.141249160987776,0.0,0.0,0.0,0.0,26.708333333333332,0.03888317501445792,26.632123710700426,26.784542955966238,26.708333333333332,0.03888317501445792,26.632123710700426,26.784542955966238,0.5952381945335224,0.0008665741364119886,0.593539740436221,0.5969366486308239,353.04281509883793,0.39129995055118055,352.2758812886053,353.80974890907055,6.609593147886797,0.012310956217121728,6.585464117085989,6.633722178687606,0.0,0.0,0.0,0.0,4.0625,0.0773610725986684,3.9108750839012214,4.214124916098778,53.416666666666664,0.07776635002891584,53.26424742140085,53.569085911932476,0.9268705924376532,0.0415550979713115,0.8454240970398492,1.0083170878354573,53.43182311315045,0.07697515715514901,53.28095457742205,53.58269164887885,53.43182311315045,0.07697515715514908,53.28095457742205,53.58269164887885,0.0,0.0,0.0,0.0,0.0,0.0,0.0,0.0,1.0,1.677280356769372e-17,1.0,1.0
randomized_non_lattice_usage,single_average,2.1,0.1905,48687.28527504234,70.01383944433901,48550.060671312065,48824.50987877262,45361.60889481963,65.33959007757028,45233.54565150298,45489.67213813627,0.3294059238364662,0.2157390082691183,0.0,0.752246610104327,3055.2083333333335,4.505401023202265,3046.377909591947,3064.03875707472,202.8055297094179,0.29906970045050557,202.2193638676677,203.39169555116808,29.694222367227372,0.03177745420429608,29.63193970146658,29.756505032988162,0.0,0.0,0.0,0.0,0.0,0.0,0.0,0.0,37.63888888888889,0.7338995337432743,36.20047223448134,39.07730554329645,0.0,0.0,0.0,0.0,25.460069444444446,0.03754500852668555,25.386482579932892,25.533656308956,25.460069444444446,0.03754500852668555,25.386482579932892,25.533656308956,0.5794443705983366,0.0008544848584300141,0.577769611050479,0.5811191301461943,371.17777959034214,0.397218177553701,370.39924626833226,371.956312912352,6.9483976656808215,0.012362200654385489,6.9241681976285685,6.9726271337330745,0.0,0.0,0.0,0.0,3.763888888888889,0.07338995337432744,3.6200472234481333,3.9077305543296443,53.466145833333336,0.07884451790603962,53.31161341785907,53.6206782488076,1.0331810636757959,0.041911965950010954,0.9510351198925053,1.1153270074590864,53.43177232337583,0.07696398310788627,53.28092568837763,53.582618958374034,53.43182311315045,0.07697515715514908,53.28095457742205,53.58269164887885,0.00019376819049203892,0.00012690529898183432,0.0,0.0004424980059437218,0.00014297841587790117,8.817475683159682e-05,0.0,0.000315797763613408,0.9999964079015689,2.353926746636553e-06,0.9999917942899232,1.0000010215132145
randomized_non_lattice_usage,single_average,2.25,0.1905,48394.773274735744,69.74661742318358,48258.07241654281,48531.47413292868,45283.26806494433,65.23919021749072,45155.40160173749,45411.13452815117,0.09554491216976428,0.0955449121697643,0.0,0.282809498928545,2848.9583333333335,4.267300234850741,2840.594578561807,2857.32208810486,194.8871446808714,0.2919108884590239,194.3150098527966,195.45927950894617,31.904464642812073,0.039743591551292826,31.82656863475527,31.982360650868877,0.0,0.0,0.0,0.0,0.0,0.0,0.0,0.0,35.65972222222222,0.7075863457358668,34.27287846862762,37.046565975816826,0.0,0.0,0.0,0.0,23.741319444444443,0.035560835290422844,23.671621488015052,23.811017400873833,23.741319444444443,0.035560835290422844,23.671621488015052,23.811017400873833,0.5568204133739183,0.0008340311098829243,0.5551857424365618,0.5584550843112748,398.80580803515096,0.49679489439116065,397.8321079344409,399.779508135861,7.46290442297195,0.014621228209250171,7.434247342272078,7.4915615036718215,0.0,0.0,0.0,0.0,3.5659722222222228,0.07075863457358668,3.4272878468627623,3.704656597581683,53.41796875,0.08001187940345138,53.26114834803387,53.57478915196613,1.0624558677728546,0.04558750180736201,0.9731060060852704,1.1518057294604387,53.43176691026094,0.07697865799164082,53.2808915130191,53.58264230750278,53.43182311315045,0.07697515715514908,53.28095457742205,53.58269164887885,5.620288951162604e-05,5.620288951162605e-05,0.0,0.00016635852878149705,0.0,0.0,0.0,0.0,0.9999989299044948,1.0700955051869773e-06,0.9999968325558446,1.000001027253145
randomized_non_lattice_usage,single_average,2.4,0.1905,48137.768985926705,69.15849609953774,48002.22082434666,48273.31714750675,45209.96673593633,65.10663158774072,45082.36008286964,45337.57338900302,0.5388378890146058,0.3079125316354602,0.0,1.1423353614086578,2671.0416666666665,3.9153888877766314,2663.367645461156,2678.715687872177,188.00950298970113,0.2755967186842649,187.46934334682257,188.5496626325797,34.115020222772756,0.04068589956186611,34.03527732495289,34.194763120592626,0.0,0.0,0.0,0.0,0.0,0.0,0.0,0.0,34.09722222222222,0.7322980146963577,32.661944487467174,35.53249995697727,0.0,0.0,0.0,0.0,22.258680555555557,0.032628240731471934,22.19473037884297,22.322630732268145,22.258680555555557,0.032628240731471934,22.19473037884297,22.322630732268145,0.5371700085420033,0.0007874191962407551,0.5356266952766359,0.5387133218073706,426.4377527846594,0.5085737445233262,425.440966561911,427.43453900740775,7.984134969895018,0.014124004677956816,7.956452429408747,8.011817510381288,0.0,0.0,0.0,0.0,3.409722222222222,0.07322980146963577,3.2661944487467176,3.553249995697726,53.42083333333334,0.07830777775553255,53.26735290922313,53.574313757443555,1.1382381494966987,0.04923520524850683,1.041738920438188,1.2347373785552094,53.43174011090586,0.07694676350485946,53.28092722570941,53.5825529961023,53.43182311315045,0.07697515715514908,53.28095457742205,53.58269164887885,0.0003169634641262387,0.0001811250186090942,0.0,0.0006719619772992104,0.00023396121953562368,0.00016556473585795,0.0,0.0005584621389270929,0.9999940912899067,3.3806359390992997e-06,0.9999874653652212,1.0000007172145922
randomized_non_lattice_usage,single_average,3.0,0.1905,47330.644090634036,68.11353573697679,47197.14401372988,47464.144167538194,44956.69921837138,64.76468492192483,44829.762768454326,45083.635668288436,0.0,0.0,0.0,0.0,2136.875,3.3081166048378936,2130.391210597859,2143.358789402141,166.5384935504976,0.2578198331016505,166.03317596311825,167.04381113787696,42.78232943741267,0.043368064496376146,42.69732959292056,42.86732928190478,0.005993719185946377,0.0017924176232367198,0.0024806451991475223,0.00950679317274523,0.0,0.0,0.0,0.0,27.743055555555554,0.636225820088366,26.496075862147897,28.99003524896321,3.006453182642089e-05,8.99596160496839e-06,1.2432771074377704e-05,4.769629257846407e-05,17.807291666666668,0.027567638373649124,17.753260088315493,17.861323245017843,17.807291666666668,0.027567638373649124,17.753260088315493,17.861323245017843,0.4758242672871362,0.0007366280945761439,0.47438050275176663,0.4772680318225058,534.7791179676583,0.5421008062047021,533.716619911507,535.8416160238096,10.010633468535168,0.017634101550937253,9.976071264595609,10.045195672474728,0.005993719185946377,0.0017924176232367198,0.0024806451991475223,0.00950679317274523,2.7743055555555554,0.06362258200883661,2.6496075862147896,2.899003524896321,53.421875,0.08270291512094734,53.25978026494647,53.58396973505353,1.4371892124318606,0.06102016560583737,1.3175918855137496,1.5567865393499716,53.43182311315045,0.07697515715514917,53.280954577422044,53.58269164887886,53.43182311315045,0.07697515715514908,53.28095457742205,53.58269164887885,0.0,0.0,0.0,0.0,0.0,0.0,0.0,0.0,1.0,1.60979331980851e-17,1.0,1.0
randomized_non_lattice_usage,single_average,4.5,0.1905,46173.76052891122,66.01727029428282,46044.36905677678,46303.15200104566,44515.94825674783,63.79230143471081,44390.917643444875,44640.97887005079,0.0942808824287112,0.0942808824287112,0.0,0.27906801641964035,1423.75,2.328895992633123,1419.1854477306995,1428.3145522693005,135.08889769259574,0.22097137312415202,134.65580175965803,135.52199362553344,64.80035714466639,0.06690119295620087,64.66923321594948,64.93148107338331,4.696791999246964,0.11043472646789075,4.480343912727365,4.913240085766562,11.864583333333334,0.019407466605276032,11.82654539775583,11.902621268910838,17.51736111111111,0.5428190608885309,16.453455301647736,18.581266920574485,0.023651543857629066,0.0005585072533624905,0.022556889755934197,0.024746197959323934,11.864583333333334,0.019407466605276032,11.82654539775583,11.902621268910838,11.864583333333334,0.019407466605276032,11.82654539775583,11.902621268910838,0.385968279121702,0.0006313467803547206,0.38473086217045144,0.3872056960729526,810.0044643083297,0.8362649119525111,808.3654151993683,811.6435134172912,15.14880709492508,0.02611472364729788,15.09762317711016,15.199991012740002,4.696791999246964,0.11043472646789075,4.480343912727365,4.913240085766562,1.7517361111111114,0.054281906088853096,1.645345530164774,1.8581266920574488,53.390625,0.0873335997237421,53.21945428990123,53.56179571009877,2.1429435238188828,0.09686553163570123,1.9530905704695831,2.3327964771681824,53.431767653807846,0.0769815203067606,53.28088664653146,53.582648661084235,53.43182311315045,0.07697515715514908,53.28095457742205,53.58269164887885,5.545934260512425e-05,5.5459342605124255e-05,0.0,0.00016415765671743557,0.0,0.0,0.0,0.0,0.9999989283256134,1.071674386627594e-06,0.9999968278824125,1.0000010287688144
randomized_non_lattice_usage,single_average,5.0,0.1905,45992.43256586021,65.32647795071033,45864.39502183997,46120.47010988045,44434.12556938799,63.26975165279282,44310.11913483772,44558.132003938255,0.0,0.0,0.0,0.0,1284.7916666666667,2.2129713552853674,1280.4543225114887,1289.1290108218448,128.5932548323091,0.22149364508654099,128.15913526513498,129.02737439948322,72.24760307401955,0.0699659108814577,72.11047240854636,72.38473373949275,13.702249676995208,0.19500480577093518,13.320047280871947,14.08445207311847,42.82638888888889,0.07376571184284567,42.68181075038296,42.97096702739483,16.145833333333332,0.5078739675250785,15.150418648298713,17.14124801836795,0.06912401516794082,0.0009879897062639227,0.06718759092656723,0.07106043940931442,10.706597222222223,0.018441427960711416,10.67045268759574,10.742741756848707,10.706597222222223,0.018441427960711416,10.67045268759574,10.742741756848707,0.36740929952088314,0.0006328389859615454,0.36616895790038567,0.3686496411413806,903.0950384252443,0.8745738860182208,901.3809051068293,904.8091717436592,16.87258819497411,0.028507021260404736,16.816715459997198,16.928460929951022,13.702249676995208,0.19500480577093518,13.320047280871947,14.08445207311847,1.6145833333333333,0.05078739675250786,1.5150418648298714,1.7141248018367952,53.53298611111111,0.09220713980355703,53.352263437978685,53.71370878424353,2.532371209374618,0.10667576871280822,2.3232905446743892,2.741451874074847,53.43187967689595,0.07696934171166024,53.281022539227344,53.58273681456456,53.43182311315045,0.07697515715514908,53.28095457742205,53.58269164887885,0.0,0.0,0.0,0.0,5.6563745499781306e-05,5.656374549978132e-05,0.0,0.00016742664951004225,1.0,1.1566034086031955e-17,1.0,1.0
randomized_non_lattice_usage,single_average,9.0,0.1905,46540.43135923813,61.7672730651194,46419.36972860724,46661.49298986902,44724.858881763386,60.35767374895822,44606.56001502481,44843.157748501966,0.1566069157797956,0.15660691577979557,0.0,0.4635508304380924,727.7083333333334,1.5612815202443986,724.6482777839265,730.7683888827403,99.63090230701683,0.2137558132730195,99.21194861151564,100.04985600251801,131.81565263474388,0.14136601085882716,131.5385803448225,132.09272492466528,240.37556561720797,0.8119081664603554,238.7842548521917,241.96687638222423,606.4236111111111,1.3010679335369972,603.8735648199386,608.9736574022836,9.461805555555555,0.3584195648179419,8.75931611715787,10.164294993953241,1.2414620735896336,0.004304270032004879,1.233025859347169,1.249898287832098,6.064236111111111,0.013010679335369986,6.038735648199386,6.089736574022836,6.064236111111111,0.013010679335369986,6.038735648199386,6.089736574022836,0.284659720877191,0.00061073089506577,0.2834627103186162,0.2858567314357658,1647.6956579342989,1.7670751357353387,1644.2322543102814,1651.1590615583164,29.78944364965224,0.05046077403909043,29.69054234990361,29.888344949400874,240.37556561720797,0.8119081664603554,238.7842548521917,241.96687638222423,0.9461805555555555,0.03584195648179419,0.8759316117157869,1.016429499395324,54.578125,0.11709611401832991,54.34862083379448,54.80762916620552,4.709211843602372,0.1895791757834631,4.3376434868479965,5.080780200356747,53.43184094574093,0.07698550440541235,53.280952129774676,53.582729761707185,53.43182311315045,0.07697515715514908,53.28095457742205,53.58269164887885,9.212171516458563e-05,9.212171516458565e-05,0.0,0.00027267695908123085,0.00010995430564811051,0.00010995430564811051,0.0,0.00032546078466351615,0.9999982638057322,1.7361942677105785e-06,0.9999948609274973,1.000001666683967
randomized_non_lattice_usage,single_average,10.0,0.1905,46970.63228629783,61.93339704899211,46849.24505864158,47092.019513954074,44945.43266995288,60.10998789127097,44827.61925857485,45063.246081330915,0.0,0.0,0.0,0.0,661.4583333333334,1.4432969526951493,658.6295232870544,664.2871433796123,96.0272401426559,0.2095306931506704,95.61656753042487,96.43791275488692,145.83642201449965,0.15564843460744457,145.531356688419,146.14148734058028,320.26303752112784,0.8800038224152271,318.5382617229364,321.9878133193193,793.75,1.7319563432341791,790.3554279444653,797.1445720555347,7.864583333333333,0.33491260058634786,7.208166698215443,8.520999968451223,1.6619048620753059,0.00490668008699038,1.6522879458211448,1.671521778329467,5.512152777777776,0.012027474605792902,5.488579360725452,5.5357261948301,5.512152777777776,0.012027474605792902,5.488579360725452,5.5357261948301,0.2743635432647311,0.0005986591232876299,0.27319019294407104,0.2755368935853912,1822.9552751812455,1.9456054325930574,1819.1419586052377,1826.7685917572533,33.050814445739846,0.052290571059542275,32.94832680973211,33.15330208174758,320.26303752112784,0.8800038224152271,318.5382617229364,321.9878133193193,0.7864583333333334,0.03349126005863478,0.7208166698215444,0.8520999968451224,55.12152777777777,0.1202747460579292,54.88579360725453,55.357261948301016,4.950878374969169,0.21979654030873677,4.5200850720375385,5.381671677900799,53.43182311315045,0.07697515715514905,53.28095457742205,53.58269164887885,53.43182311315045,0.07697515715514908,53.28095457742205,53.58269164887885,0.0,0.0,0.0,0.0,0.0,0.0,0.0,0.0,1.0,9.276046445280281e-18,1.0,1.0
randomized_non_lattice_usage,two_person_low,1.8,0.15475,69190.04601268384,100.33053251840894,68993.40178239804,69386.69024296965,63808.85408314096,92.55229971330004,63627.45490901654,63990.25325726539,1.1992586612864178,0.4497229960905363,0.31781778592951915,2.0806995366433165,4988.333333333333,7.288814575594158,4974.047519275178,5002.619147391488,310.15547882931077,0.45319059969090486,309.2672415757845,311.043716082837,25.062886496726094,0.028787131337891996,25.006464756085602,25.119308237366585,0.0,0.0,0.0,0.0,0.0,0.0,0.0,0.0,56.44097222222222,0.9457545416184306,54.58732738243491,58.294617062009536,0.0,0.0,0.0,0.0,41.56944444444445,0.06074012146328464,41.45039599395982,41.68849289492908,41.56944444444445,0.06074012146328464,41.45039599395982,41.68849289492908,0.8861585109408878,0.0012948302848311568,0.883620690216527,0.8886963316652486,313.28608120907614,0.35983914172364984,312.58080945106997,313.9913529670823,4.18606155083381,0.007982291741563141,4.170416546506255,4.2017065551613655,0.0,0.0,0.0,0.0,5.644097222222221,0.0945754541618431,5.45873273824349,5.829461706200953,74.82499999999999,0.10933221863391235,74.61071278912766,75.03928721087232,0.7551014321881225,0.03829962680124401,0.6800355430363593,0.8301673213398858,74.87202621555247,0.10859900730100634,74.65917607248569,75.08487635861924,74.87250705362324,0.10861506437920238,74.6596254392615,75.08538866798497,0.0007054462713449516,0.0002645429388767861,0.00018695163878206997,0.0012239409039078333,0.00022460820056120862,0.00016355761657292948,0.0,0.0005451752384413619,0.9999905645266676,3.514193778267787e-06,0.9999836768334275,0.9999974522199077
randomized_non_lattice_usage,two_person_low,2.0,0.15475,68505.38389589907,99.11486555930928,68311.12232907029,68699.64546272784,63641.23602558925,92.27993505409019,63460.37067638754,63822.10137479096,1.1574981461945477,0.5128601672400319,0.15231068929889635,2.162685603090199,4492.916666666667,6.437981641843172,4480.298454515524,4505.53487881781,292.05131410286543,0.4184856159518692,291.2310973675517,292.8715308381792,27.987669171869708,0.033104744434847164,27.922785065060005,28.05255327867941,0.0,0.0,0.0,0.0,0.0,0.0,0.0,0.0,50.03472222222221,0.8509587434166364,48.36687373279614,51.70257071164828,0.0,0.0,0.0,0.0,37.44097222222222,0.05364984701535978,37.335820454296034,37.54612399014841,37.44097222222222,0.05364984701535978,37.335820454296034,37.54612399014841,0.8344323260081868,0.001195673188433913,0.8320888496215763,0.8367758023947974,349.84586464837133,0.41380930543558947,349.03481331325,350.65691598349264,4.6737306539225685,0.00836792582064529,4.657329820688801,4.690131487156336,0.0,0.0,0.0,0.0,5.003472222222222,0.08509587434166363,4.836687373279616,5.170257071164829,74.88194444444444,0.10729969403071957,74.67164090859207,75.09224798029682,0.950861070494823,0.04144950750230071,0.8696215286133909,1.0321006123762553,74.87204238304618,0.10856462947540024,74.65925961927945,75.0848251468129,74.87250705362324,0.10861506437920238,74.6596254392615,75.08538866798497,0.0006808812624673812,0.00030168245131766586,8.959452311699798e-05,0.0012721680018177644,0.00021621068539583437,0.0001365269154384975,0.0,0.00048379852257563496,0.9999910268396558,3.957367052346033e-06,0.9999832705427596,0.999998783136552
randomized_non_lattice_usage,two_person_low,2.1,0.15475,68204.19922471336,98.94308699717253,68010.27433767969,68398.12411174703,63564.11804911105,92.19638700484973,63383.41645107683,63744.81964714527,0.6179490315624964,0.377031843258013,0.0,1.3569178653729526,4277.5,6.256758997980764,4265.236977704011,4289.763022295989,283.94157081444035,0.4153253017169004,283.127548181207,284.75559344767373,29.479989089638753,0.03329814462235882,29.414725925426925,29.54525225385058,0.0,0.0,0.0,0.0,0.0,0.0,0.0,0.0,48.541666666666664,0.8317411345555602,46.91148399847728,50.17184933485605,0.0,0.0,0.0,0.0,35.645833333333336,0.052139658316506396,35.54364148086676,35.74802518579991,35.645833333333336,0.052139658316506396,35.54364148086676,35.74802518579991,0.8112616308984011,0.0011866437191911433,0.8089358519463058,0.8135874098504964,368.4998636204844,0.4162268077794853,367.68407406783655,369.31565317313226,4.921942171650034,0.009348761175352325,4.903618936446278,4.940265406853791,0.0,0.0,0.0,0.0,4.854166666666667,0.08317411345555602,4.691148399847729,5.017184933485605,74.85624999999999,0.10949328246466337,74.64164710982018,75.0708528901798,0.9900130916650802,0.04152708398983319,0.9086215026620372,1.0714046806681232,74.8726415637377,0.10859880148659273,74.65979182405977,75.08549130341564,74.87250705362324,0.10861506437920238,74.6596254392615,75.08538866798497,0.00036349943033088023,0.00022178343721059585,0.0,0.0007981869796311485,0.0004980095447785323,0.00026709571796824303,0.0,0.0010215075324211563,0.9999951844872953,2.924422108905431e-06,0.9999894527252863,1.0000009162493044
randomized_non_lattice_usage,two_person_low,2.25,0.15475,67797.29253550446,98.30347466743882,67604.62126560113,67989.96380540778,63454.15725382589,92.03486344814542,63273.772236145465,63634.54227150632,0.5075242419743723,0.3031952869623352,0.0,1.101776084702836,3992.9166666666665,5.841041404473397,3981.468435881691,4004.364897451642,273.1412808009931,0.3995649455317524,272.35814789826617,273.92441370372006,31.6392544133823,0.03507579615658725,31.57050711618632,31.70800171057828,0.0,0.0,0.0,0.0,0.0,0.0,0.0,0.0,44.930555555555564,0.8824111106353492,43.20106155915229,46.660049551958835,0.0,0.0,0.0,0.0,33.27430555555555,0.048675345037278286,33.17890363234742,33.36970747876368,33.27430555555555,0.048675345037278286,33.17890363234742,33.36970747876368,0.7804036594314091,0.0011416141300907225,0.7781661368521893,0.7826411820106289,395.4906801672787,0.43844745195734086,394.631338952329,396.3500213822284,5.284030059245355,0.009996152468666841,5.264437960422796,5.303622158067913,0.0,0.0,0.0,0.0,4.493055555555556,0.0882411110635349,4.320106155915229,4.666004955195883,74.8671875,0.10951952633387618,74.65253317278172,75.08184182721828,1.0655994743893364,0.04746930841882497,0.9725613395174155,1.1586376092612574,74.87241722507592,0.10859607933610939,74.65957282071489,75.08526162943696,74.87250705362324,0.10861506437920238,74.6596254392615,75.08538866798497,0.00029854367174963077,0.00017835016880137376,0.0,0.0006481035792369626,0.0002087151244250174,0.00015011616574799063,0.0,0.0005029374027883244,0.9999960455814882,2.3403826479384823e-06,0.9999914585157882,1.0000006326471882
randomized_non_lattice_usage,two_person_low,2.4,0.15475,67435.81695474716,97.89497151598378,67243.94633630826,67627.68757318606,63351.30645718994,91.9089470763563,63171.16823106328,63531.44468331659,0.9989719468800947,0.4160234766435118,0.18358091593567116,1.8143629778245183,3744.7916666666665,5.640652709323795,3733.7361905070934,3755.8471428262396,263.5887072958332,0.3970347320492851,262.8105335204051,264.36688107126133,33.89851275895703,0.04019563148877434,33.81973076890319,33.97729474901087,0.0,0.0,0.0,0.0,0.0,0.0,0.0,0.0,41.232638888888886,0.7735117867183398,39.716583645303714,42.74869413247406,0.0,0.0,0.0,0.0,31.206597222222218,0.047005439244364934,31.114468254225777,31.29872619021866,31.206597222222218,0.047005439244364934,31.114468254225777,31.29872619021866,0.7531105922738094,0.0011343849487122444,0.7508872386297291,0.7553339459178897,423.731409486963,0.5024453936096793,422.74663461129,424.716184362636,5.660723841187092,0.011033130629622676,5.639099302516306,5.682348379857879,0.0,0.0,0.0,0.0,4.123263888888888,0.07735117867183398,3.971658364530371,4.274869413247406,74.89583333333333,0.11281305418647593,74.67472381014187,75.11694285652479,1.1672479850450523,0.04979645100722517,1.0696487345129777,1.264847235577127,74.87221926257892,0.10862328217878003,74.65932154162599,75.08511698353186,74.87250705362324,0.10861506437920238,74.6596254392615,75.08538866798497,0.000587630556988291,0.0002447196921432422,0.00010798877407980665,0.0010672723398967754,0.00029983951266496613,0.0001714740010949907,0.0,0.0006359223790961297,0.9999921183990499,3.2568991682880162e-06,0.9999857349939788,0.999998501804121
randomized_non_lattice_usage,two_person_low,3.0,0.15475,66298.75674778568,96.14865495861488,66110.30884690482,66487.20464866653,62996.117267767804,91.36946249922372,62817.03641198254,63175.19812355307,0.9547403410949857,0.45417308465267586,0.06457745242827984,1.8449032297616916,2992.9166666666665,4.460311536139407,2984.1746166960047,3001.6587166373283,233.25455770171092,0.3476167599857563,232.57324137171634,233.9358740317055,42.666293086182854,0.046261187834673846,42.57562282414485,42.75696334822086,0.0,0.0,0.0,0.0,0.0,0.0,0.0,0.0,32.84722222222222,0.7425696559539093,31.39181244054026,34.30263200390418,0.0,0.0,0.0,0.0,24.940972222222218,0.037169262801161715,24.868121805800037,25.0138226386444,24.940972222222218,0.037169262801161715,24.868121805800037,25.0138226386444,0.6664415934334599,0.0009931907428164454,0.664494975347761,0.6683882115191587,533.3286635772856,0.5782648479334231,532.1952853018106,534.4620418527606,7.124131083130489,0.012693033104863088,7.099253195390383,7.149008970870596,0.0,0.0,0.0,0.0,3.284722222222222,0.07425696559539093,3.1391812440540257,3.430263200390418,74.82291666666667,0.11150778840348516,74.60436541740013,75.04146791593321,1.4452949292701371,0.06250544854361723,1.3227865012871258,1.5678033572531485,74.87202902209337,0.10859426492742247,74.65918817390802,75.08486987027872,74.87250705362324,0.10861506437920238,74.6596254392615,75.08538866798497,0.0005616119653499915,0.0002671606380309858,3.798673672251746e-05,0.0010852371939774656,8.358043547561047e-05,8.35804354756105e-05,0.0,0.0002473950788199809,0.999992561395505,3.524148599122577e-06,0.9999856541911745,0.9999994685998355
randomized_non_lattice_usage,two_person_low,4.5,0.15475,64627.62014692522,93.78708035839651,64443.800847207596,64811.43944664284,62351.53346482463,90.43516097639522,62174.28380637481,62528.78312327444,0.35501422453132325,0.2699848646717199,0.0,0.8841748356588146,1998.75,3.1802489557569813,1992.5168265848451,2004.9831734151549,189.64631028135258,0.3017498337638203,189.05489147483453,190.23772908787063,64.5449145656973,0.06352297917355966,64.42041181432643,64.66941731706817,0.030026362339809907,0.005485500544718764,0.01927497883498628,0.040777745844633534,0.0,0.0,0.0,0.0,22.760416666666668,0.5885683315323554,21.60684393442242,23.913989398910914,0.00015060431797091756,2.7542468456467334e-05,9.66220717509111e-05,0.00020458656419092402,16.65625,0.02650207463130818,16.604306888207045,16.708193111792955,16.65625,0.02650207463130818,16.604306888207045,16.708193111792955,0.5418466008038645,0.000862142382182344,0.5401568327852415,0.5435363688224875,806.8114320712162,0.7940372396694962,805.2551476790804,808.367716463352,10.778253760330038,0.01866362228196972,10.741673732836318,10.814833787823758,0.030026362339809907,0.005485500544718764,0.01927497883498628,0.040777745844633534,2.2760416666666665,0.05885683315323555,2.1606843934422417,2.3913989398910913,74.953125,0.11925933584088678,74.71938099693169,75.18686900306831,2.271721736761922,0.0931072029958261,2.089234972188843,2.454208501335001,74.87250716219921,0.10859988433292601,74.65965530018146,75.08535902421697,74.87250705362324,0.10861506437920238,74.6596254392615,75.08538866798497,0.00020883189678313132,0.00015881462627748234,0.0,0.0005201028445051852,0.00020894047274775494,0.0001502407672580321,0.0,0.0005034069655831624,0.9999972296979095,2.0800300589533207e-06,0.9999931529139072,1.0000013064819118
randomized_non_lattice_usage,two_person_low,5.0,0.15475,64254.24869766001,92.90340672820197,64072.16136643166,64436.33602888836,62184.6785652176,90.179579720638,62007.92983682419,62361.42729361101,0.24163722478825803,0.24163722478825808,0.0,0.715237482697453,1797.2916666666667,2.7243952502066326,1791.9519500966098,1802.6313832367237,179.88876430003742,0.2726814484893813,179.35431848174602,180.42321011832883,71.75027463141771,0.07091646931194606,71.61128090565556,71.88926835717986,0.22417850838750017,0.018832276732050637,0.18726792424578925,0.2610890925292111,0.0,0.0,0.0,0.0,20.17361111111111,0.5612021705842757,19.073675068720227,21.273547153501994,0.0011249067871709408,9.457377363842928e-05,0.0009395455969575758,0.0013102679773843058,14.977430555555557,0.02270329375172193,14.93293291747175,15.021928193639365,14.977430555555557,0.02270329375172193,14.93293291747175,15.021928193639365,0.5139678980001068,0.0007790898528268049,0.5124409099478456,0.5154948860523679,896.8784328927213,0.8864558663993257,895.1410113206944,898.6158544647483,11.971862627247281,0.020980203527075747,11.930742183945894,12.01298307054867,0.22417850838750017,0.018832276732050637,0.18726792424578925,0.2610890925292111,2.017361111111111,0.056120217058427554,1.9073675068720228,2.1273547153501995,74.88715277777777,0.11351646875860964,74.66466458735873,75.10964096819681,2.548776266023713,0.10150348769921515,2.3498330858280467,2.7477194462193792,74.8724699907243,0.10859934987152825,74.65961917623164,75.08532080521695,74.87250705362324,0.10861506437920238,74.6596254392615,75.08538866798497,0.00014213954399309298,0.000142139543993093,0.0,0.00042072793099850184,0.00010507664504333691,0.00010507664504333691,0.0,0.00031102308494457644,0.9999981068081665,1.8931918336075203e-06,0.9999943962203568,1.0000018173959762
randomized_non_lattice_usage,two_person_low,9.0,0.15475,63342.250898248254,88.01821228446116,63169.73837218711,63514.7634243094,61662.62031026472,86.5561205914752,61492.97343126392,61832.26718926552,0.0,0.0,0.0,0.0,1001.4583333333334,1.7815320737947098,997.9665946313928,1004.9500720352739,137.11014812190948,0.24391042382052014,136.63209247576737,137.58820376805159,130.67975274406865,0.13804338706120006,130.40919267712476,130.95031281101254,99.28513156201804,0.6476177763924421,98.01582404454093,100.55443907949514,300.4375,0.5344596221384129,299.3899783894178,301.4850216105822,10.659722222222221,0.4279589527227636,9.820938088024125,11.498506356420318,0.5061349249136887,0.0033039173871142677,0.49965936582704906,0.5126104840003284,8.345486111111109,0.014846100614955905,8.316388288594938,8.37458393362728,8.345486111111109,0.014846100614955905,8.316388288594938,8.37458393362728,0.3917432803483128,0.0006968869252014866,0.390377407073621,0.3931091536230046,1633.4969093008579,1.7255423382650015,1630.1149084640595,1636.8789101376562,21.613927099387322,0.03674730866019638,21.54190369788456,21.685950500890083,99.28513156201804,0.6476177763924421,98.01582404454093,100.55443907949514,1.065972222222222,0.04279589527227636,0.9820938088024125,1.1498506356420317,75.109375,0.13361490553460323,74.84749459735445,75.37125540264555,4.208174402641698,0.19552022260102497,3.824961808094435,4.591386997188962,74.87250705362324,0.10861506437920235,74.6596254392615,75.08538866798497,74.87250705362324,0.10861506437920238,74.6596254392615,75.08538866798497,0.0,0.0,0.0,0.0,0.0,0.0,0.0,0.0,1.0,9.257911439771774e-18,1.0,1.0
randomized_non_lattice_usage,two_person_low,10.0,0.15475,63576.134068679006,87.47596873293278,63404.684320449705,63747.58381690831,61739.358475849884,85.8357338499682,61571.12352891738,61907.59342278239,0.0,0.0,0.0,0.0,908.125,1.6979369090004197,904.7971048103379,911.4528951896621,131.83708339585417,0.24649805904780422,131.35395607786145,132.32021071384688,145.35041431135818,0.13955130141981045,145.07689878657965,145.6239298361367,157.87628956635643,0.8034175864054336,156.30162003245567,159.4509591002572,484.3333333333333,0.90556635146689,482.5584558988469,486.10821076781974,9.253472222222221,0.4240081102302697,8.422431597018004,10.084512847426438,0.8070576241299454,0.0040966885738767615,0.7990282620692702,0.8150869861906206,7.567708333333333,0.014149474241670157,7.539975873419483,7.5954407932471835,7.567708333333333,0.014149474241670157,7.539975873419483,7.5954407932471835,0.376677381131012,0.0007042801687080122,0.3752970173653185,0.3780577448967055,1816.8801788919773,1.744391267747631,1813.4612348322457,1820.2991229517088,23.938186732680748,0.04010553294166653,23.859581332534297,24.0167921328272,157.87628956635643,0.8034175864054336,156.30162003245567,159.4509591002572,0.9253472222222222,0.04240081102302697,0.8422431597018004,1.0084512847426441,75.67708333333331,0.14149474241670154,75.3997587341948,75.95440793247182,4.835327250772826,0.2014512684749207,4.4404900199220725,5.2301644816235795,74.87252134913858,0.10861422527495429,74.65964137939095,75.08540131888621,74.87250705362324,0.10861506437920238,74.6596254392615,75.08538866798497,0.0,0.0,0.0,0.0,1.429551533292756e-05,1.4295515332927562e-05,0.0,4.23142105259057e-05,1.0,7.864150991335877e-18,1.0,1.0
randomized_non_lattice_usage,two_person_average,1.8,0.15475,98564.65145187132,137.9537629041115,98294.26704504748,98835.03585869516,90902.65588119764,127.37523434795152,90653.0050093533,91152.30675304198,0.8541823610516261,0.4379192725314504,0.0,1.7124883633492496,7111.875,9.945484309917404,7092.3822089437535,7131.3677910562465,442.18917393903195,0.6183721580351151,440.9771867802408,443.4011610978231,24.889714373590355,0.027133924685356345,24.836532858447836,24.942895888732874,0.0,0.0,0.0,0.0,0.0,0.0,0.0,0.0,82.1875,1.0425479837771485,80.14414349964194,84.23085650035806,0.0,0.0,0.0,0.0,59.265625,0.08287903591597838,59.10318507453128,59.42806492546872,59.265625,0.08287903591597838,59.10318507453128,59.42806492546872,1.2633976398258056,0.0017667775943860417,1.2599348193721165,1.2668604602794946,311.1214296698794,0.3391740585669543,310.4566607305979,311.78619860916086,2.9182485570713936,0.005244685016785603,2.907969163328237,2.92852795081455,0.0,0.0,0.0,0.0,8.21875,0.10425479837771484,8.014414349964195,8.423085650035805,106.67812499999998,0.14918226464876105,106.38573313415628,106.97051686584368,0.8916977199235996,0.03797327962601804,0.8172714594817356,0.9661239803654635,106.66334840196755,0.14945953852870875,106.3704130893053,106.9562837146298,106.66326313004453,0.1494679191900938,106.3703113915878,106.95621486850125,0.0005024602123833095,0.0002575995720773238,0.0,0.0010073460960877939,0.000587732135406869,0.00027487311422778036,4.8990731202055125e-05,0.0011264735396116828,0.9999952997912042,2.4007575902258152e-06,0.9999905943927917,1.0000000051896165
randomized_non_lattice_usage,two_person_average,2.0,0.15475,97578.73345047918,136.72590436959797,97310.7556021611,97846.71129879727,90663.58997183487,127.03832752656558,90414.5994252266,90912.58051844314,0.6789268103531825,0.30912614009054357,0.07305070909583378,1.284802911610531,6400.0,9.066363817958177,6382.230253446065,6417.769746553935,416.01671006399084,0.5893373199672127,414.86163014210973,417.17178998587195,27.92700843666452,0.02631809893222354,27.8754259106158,27.978590962713238,0.0,0.0,0.0,0.0,0.0,0.0,0.0,0.0,70.52083333333333,1.1346731618682566,68.29691480184736,72.74475186481929,0.0,0.0,0.0,0.0,53.333333333333336,0.07555303181631814,53.18525211205054,53.48141455461613,53.333333333333336,0.07555303181631814,53.18525211205054,53.48141455461613,1.1886191716114023,0.001683820914192034,1.1853189432631706,1.191919399959634,349.08760545830654,0.3289762366527941,348.44282388269755,349.73238703391553,3.274179141897777,0.005690240632377814,3.26302647519495,3.2853318086006036,0.0,0.0,0.0,0.0,7.052083333333333,0.11346731618682566,6.829691480184736,7.27447518648193,106.66666666666667,0.1511060636326363,106.37050422410108,106.96282910923226,0.9799301120890336,0.04140154491497793,0.8987845751513595,1.0610756490267077,106.66304702568807,0.1494568559136066,106.37011697085481,106.95597708052134,106.66326313004453,0.1494679191900938,106.3703113915878,106.95621486850125,0.0003993687119724603,0.00018183890593561377,4.297100535049066e-05,0.0007557664185944299,0.00018326435553606588,0.00013811766187622293,0.0,0.0004539699984423437,0.9999962745949414,1.6905700912805043e-06,0.9999929611384492,0.9999995880514337
randomized_non_lattice_usage,two_person_average,2.1,0.15475,97153.11097316006,136.09941196599317,96886.36102738963,97419.86091893048,90552.82436592878,126.89679669104679,90304.11121466084,90801.53751719673,0.9712555584899943,0.46625697599496796,0.057408677999300606,1.885102438980688,6096.041666666667,8.617628224507202,6079.151425714477,6112.931907618857,404.65684315221796,0.5720404195818656,403.5356645321363,405.7780217722996,29.31128629835702,0.030208054062564105,29.252079600351358,29.370492996362685,0.0,0.0,0.0,0.0,0.0,0.0,0.0,0.0,69.30555555555556,1.0244234052850627,67.29772257627695,71.31338853483416,0.0,0.0,0.0,0.0,50.80034722222222,0.07181356853756003,50.65959521428731,50.941099230157135,50.80034722222222,0.07181356853756003,50.65959521428731,50.941099230157135,1.1561624090063367,0.0016344011988053274,1.1529590415203892,1.1593657764922842,366.3910787294628,0.3776006757820513,365.650995004392,367.1311624545336,3.4363529687706253,0.006041558876031179,3.424511730963126,3.448194206578125,0.0,0.0,0.0,0.0,6.9305555555555545,0.10244234052850626,6.729772257627694,7.131338853483415,106.68072916666667,0.15080849392887605,106.38514995000334,106.97630838333,1.0747168196837849,0.044974764055380506,0.9865679019220525,1.1628657374455171,106.66283698132891,0.14947266894971278,106.3698759335144,106.95579802914342,106.66326313004453,0.1494679191900938,106.3703113915878,106.95621486850125,0.0005713267991117613,0.00027426880940880467,3.376981058782387e-05,0.0011088837876356986,0.0001451780835115972,0.00011726172930409712,0.0,0.0003750068497125126,0.9999946351778136,2.5577551779258416e-06,0.9999896220697836,0.9999996482858436
randomized_non_lattice_usage,two_person_average,2.25,0.15475,96573.07024092991,135.20651401667956,96308.07034298201,96838.07013887781,90397.18514754662,126.6633400975592,90148.92956279386,90645.4407322994,0.3998516633346243,0.39985166333462435,0.0,1.183546522628923,5691.041666666667,7.971288442089675,5675.418228409791,5706.665104923543,389.30399497238494,0.5452875971298831,388.235250920794,390.3727390239759,31.441663414250574,0.03231659913990365,31.378324043833544,31.505002784667603,0.0,0.0,0.0,0.0,0.0,0.0,0.0,0.0,63.69791666666666,0.9607856685012842,61.8148113595419,65.58102197379141,0.0,0.0,0.0,0.0,47.42534722222223,0.06642740368408064,47.295151903414926,47.55554254102953,47.42534722222223,0.06642740368408064,47.295151903414926,47.55554254102953,1.1122971284925285,0.0015579645632282355,1.1092435740594115,1.1153506829256454,393.0207926781322,0.4039574892487956,392.2290505479193,393.81253480834505,3.6856708165390923,0.006393982792305779,3.673138840548404,3.6982027925297807,0.0,0.0,0.0,0.0,6.369791666666667,0.09607856685012843,6.181481135954192,6.558102197379142,106.70703125,0.14946165828918143,106.41409178268357,106.99997071731643,1.1604272098688047,0.04614902280699312,1.0699767872453805,1.2508776324922288,106.66370897127412,0.14945577811348743,106.37078102889028,106.95663691365796,106.66326313004453,0.1494679191900938,106.3703113915878,106.95621486850125,0.00023520686078507314,0.0002352068607850732,0.0,0.000696203836840543,0.0006810480903907816,0.0003109058505399799,7.16838207496281e-05,0.0012904123600319352,0.999997838076056,2.1619239440058064e-06,0.9999936007829885,1.0000020753691237
randomized_non_lattice_usage,two_person_average,2.4,0.15475,96054.70641781145,134.64363927574084,95790.8097340836,96318.60310153931,90250.68780513275,126.45143700639832,90002.84754280688,90498.52806745862,0.16298540680231452,0.16298540680231455,0.0,0.48243093414046057,5333.125,7.5495111690623755,5318.328230007754,5347.921769992246,375.3884460676515,0.5313956200772916,374.34692979075766,376.42996234454534,33.675514537589294,0.03346973191614732,33.60991506846143,33.741114006717154,0.0,0.0,0.0,0.0,0.0,0.0,0.0,0.0,61.666666666666664,1.0948121003172049,59.52087438020629,63.81245895312704,0.0,0.0,0.0,0.0,44.442708333333336,0.0629125930755198,44.319401916731294,44.56601474993538,44.442708333333336,0.0629125930755198,44.319401916731294,44.56601474993538,1.072538417336147,0.0015182732002208313,1.0695626565450218,1.0755141781272721,420.94393171986616,0.41837164895184153,420.1239383557679,421.7639250839644,3.9473185212914466,0.007356944310188134,3.932899175407211,3.961737867175682,0.0,0.0,0.0,0.0,6.166666666666667,0.1094812100317205,5.952087438020629,6.381245895312705,106.66250000000001,0.15099022338124746,106.3665646001551,106.95843539984492,1.1748529605925715,0.04816416313510628,1.0804529355022514,1.2692529856828916,106.66345595430973,0.14944758438421632,106.37054407134015,106.9563678372793,106.66326313004453,0.1494679191900938,106.3703113915878,106.95621486850125,9.587376870724382e-05,9.587376870724384e-05,0.0,0.000283782902435565,0.000288698033918268,0.00020526490793156585,0.0,0.0006910098607540671,0.9999991029425903,8.970574096508743e-07,0.9999973447423753,1.0000008611428053
randomized_non_lattice_usage,two_person_average,3.0,0.15475,94432.26772651837,132.31476211036028,94172.93555815908,94691.59989487767,89744.88191531146,125.7599497528397,89498.39694309833,89991.3668875246,0.2378776671298327,0.2202546812906099,0.0,0.6695689098857762,4264.166666666667,6.03189843417362,4252.344362977283,4275.988970356051,332.33010490314757,0.47009922362182127,331.40872735568854,333.2514824506066,42.352550858847664,0.043000609685306945,42.2682712125512,42.43683050514413,0.0,0.0,0.0,0.0,0.0,0.0,0.0,0.0,48.29861111111111,0.9041297155537731,46.52654943127327,50.07067279094895,0.0,0.0,0.0,0.0,35.53472222222222,0.05026582028478014,35.43620302481069,35.633241419633755,35.53472222222222,0.05026582028478014,35.43620302481069,35.633241419633755,0.9495145854375648,0.0013431406389194903,0.9468820781591105,0.9521470927160192,529.4068857355957,0.5375076210663368,528.3533901568899,530.4603813143015,4.966231416951562,0.009155156319539474,4.94828764029243,4.984175193610693,0.0,0.0,0.0,0.0,4.829861111111111,0.09041297155537732,4.6526549431273265,5.007067279094895,106.60416666666667,0.15079746085434048,106.30860907443207,106.89972425890127,1.4062351234049137,0.06483251413332818,1.2791657306764064,1.5333045161334211,106.66342141034681,0.14946798336298894,106.37046954611353,106.9563732745801,106.66326313004453,0.1494679191900938,106.3703113915878,106.95621486850125,0.00013992803948813687,0.0001295615772297705,0.0,0.0003938640646386918,0.00029820834177709117,0.00021285355430461313,0.0,0.0007153936421954735,0.9999987096497885,1.1926604020447241e-06,0.9999963720783548,1.0000010472212224
randomized_non_lattice_usage,two_person_average,4.5,0.15475,92037.75288276427,128.81178345302393,91785.28642641197,92290.21933911656,88825.63285807094,124.45532537884186,88581.7049026442,89069.56081349768,0.3998516633346431,0.3998516633346431,0.0,1.1835465226289785,2844.7916666666665,4.062367150018252,2836.829573360652,2852.753759972681,269.92082206502704,0.3854473751140139,269.1653590918681,270.676285038186,64.26462874275659,0.05770575060338183,64.15152754987311,64.37772993564006,0.0,0.0,0.0,0.0,0.0,0.0,0.0,0.0,32.74305555555556,0.7005935941199474,31.36991734328099,34.116193767830126,0.0,0.0,0.0,0.0,23.706597222222218,0.03385305958348544,23.640246444672098,23.772947999772338,23.706597222222218,0.03385305958348544,23.640246444672098,23.772947999772338,0.77120234875722,0.001101278214611468,0.769043883119623,0.7733608143948171,803.3078592844573,0.7213218825422738,801.8940943734139,804.7216241955008,7.538327985625407,0.011861464818062275,7.515079941778116,7.561576029472698,0.0,0.0,0.0,0.0,3.2743055555555554,0.07005935941199473,3.1369917343280984,3.4116193767830123,106.6796875,0.15233876812568445,106.38110900102446,106.97826599897554,2.250270959868805,0.09870698724456452,2.056808819847004,2.443733099890606,106.66315390027358,0.14944782375829538,106.37024154813943,106.95606625240774,106.66326313004453,0.1494679191900938,106.3703113915878,106.95621486850125,0.00023520686078508415,0.0002352068607850842,0.0,0.0006962038368405755,0.00012597708985698987,0.0001259770898569899,0.0,0.0003728876488538562,0.9999978374593299,2.1625406700313614e-06,0.9999935989575015,1.0000020759611583
randomized_non_lattice_usage,two_person_average,5.0,0.15475,91501.81594653193,128.28101405242288,91250.3897790889,91753.24211397496,88586.76653769835,124.13341860410897,88343.46950795646,88830.06356744024,0.3023966661737802,0.19073792466490427,0.0,0.6762361290029066,2558.125,3.809250503433157,2550.65900620518,2565.59099379482,256.03965884318524,0.38126330783181384,255.29239649120828,256.7869211951622,71.62401999086443,0.06760412635935827,71.49151833799378,71.75652164373507,0.0,0.0,0.0,0.0,0.0,0.0,0.0,0.0,28.958333333333332,0.6566773599941991,27.671269358281858,30.245397308384806,0.0,0.0,0.0,0.0,21.317708333333332,0.03174375419527631,21.255491718376497,21.379924948290167,21.317708333333332,0.03174375419527631,21.255491718376497,21.379924948290167,0.7315418824091008,0.0010893237366623248,0.7294068471177381,0.7336769177004635,895.3002498858051,0.8450515794919785,893.6439792249222,896.956520546688,8.396032941457277,0.015045492339676217,8.366544318341838,8.425521564572716,0.0,0.0,0.0,0.0,2.8958333333333335,0.06566773599941991,2.7671269358281863,3.0245397308384807,106.58854166666667,0.15871877097638154,106.2774585918825,106.89962474145084,2.3750989804620506,0.09916298349910535,2.1807431042042644,2.5694548567198368,106.66308524965264,0.14946310750902483,106.3701429419175,106.95602755738777,106.66326313004453,0.1494679191900938,106.3703113915878,106.95621486850125,0.00017788039186692956,0.00011219877921464952,0.0,0.00039778595823700385,0.0,0.0,0.0,0.0,0.9999983443951802,1.0436813026203968e-06,0.9999962988174157,1.0000003899729446
randomized_non_lattice_usage,two_person_average,9.0,0.15475,89485.2526882186,124.2883195836323,89241.65205813569,89728.85331830152,87285.26243828156,121.66578268808814,87046.80188606202,87523.72299050109,0.3679450515828911,0.3076779811245812,0.0,0.9709828134230649,1423.3333333333333,2.275396391321337,1418.873638355791,1427.7930283108756,194.86925982294272,0.3115256280425648,194.25868081171808,195.47983883416737,130.01249136682137,0.11139806394954871,129.79415517353277,130.23082756010996,7.462775917914864,0.19448842499542104,7.081585609513919,7.843966226315809,427.0,0.682618917396401,425.66209150673734,428.33790849326266,16.944444444444443,0.4692227567748665,16.024784740439106,17.86410414844978,0.03750488941508947,0.0009714526755237458,0.035600877158377855,0.03940890167180108,11.861111111111109,0.018961636594344477,11.823946986298257,11.898275235923961,11.861111111111109,0.018961636594344477,11.823946986298257,11.898275235923961,0.5567693137798364,0.0008900732229787582,0.5550248023191946,0.5585138252404782,1625.1561420852674,1.3924757993693595,1622.42693966916,1627.885344501375,15.238437801301648,0.024994073832883303,15.189450316762262,15.287425285841035,7.462775917914864,0.19448842499542104,7.081585609513919,7.843966226315809,1.6944444444444444,0.04692227567748665,1.6024784740439109,1.786410414844978,106.75,0.17065472934910025,106.41552287668434,107.08447712331566,4.539776683110635,0.18718546042223594,4.172899922253506,4.906653443967765,106.6631918087207,0.14949498913714301,106.37018701414269,106.95619660329871,106.66326313004453,0.1494679191900938,106.3703113915878,106.95621486850125,0.0002164382656369948,0.00018098704772034189,0.0,0.000571166360837097,0.00014511694183479268,0.00014511694183479268,0.0,0.0004295409213775802,0.9999978908961417,1.7751638808430578e-06,0.9999944116388686,1.0000013701534147
randomized_non_lattice_usage,two_person_average,10.0,0.15475,89451.23362271348,123.24566948643482,89209.67654926954,89692.79069615742,87118.31514775647,120.58328401514667,86881.97625394922,87354.65404156371,0.0,0.0,0.0,0.0,1280.4166666666667,2.088562373141818,1276.3231596358432,1284.5101736974902,185.88454107614587,0.30320712651379583,185.29026602832295,186.47881612396878,144.73459437196937,0.11585182114242128,144.50752897498685,144.96165976895188,24.861839508895685,0.37417315350835006,24.12847360403754,25.595205413753828,682.888888888889,1.1138999323423042,680.7056851391166,685.0720926386615,14.131944444444443,0.46996877676885335,13.210822568119147,15.053066320769739,0.12554351789882198,0.0019013553829475345,0.12181692982643345,0.12927010597121052,10.670138888888891,0.017404686442848503,10.636026330298696,10.704251447479086,10.670138888888891,0.017404686442848503,10.636026330298696,10.704251447479086,0.5310986887889882,0.0008663060757537027,0.5294007600809227,0.5327966174970538,1809.1824296496172,1.448147764280264,1806.3441121873357,1812.0207471118988,16.93515528918262,0.028004885605663662,16.880266722004357,16.990043856360884,24.861839508895685,0.37417315350835006,24.12847360403754,25.595205413753828,1.4131944444444444,0.04699687767688533,1.3210822568119147,1.5053066320769741,106.70138888888887,0.1740468644284849,106.36026330298692,107.04251447479082,4.587241622013642,0.19779249958259792,4.199575446419597,4.974907797607687,106.66334405730487,0.14946415333479987,106.37039969978889,106.95628841482085,106.66326313004453,0.1494679191900938,106.3703113915878,106.95621486850125,0.0,0.0,0.0,0.0,8.092726034194115e-05,8.092726034194115e-05,0.0,0.00023954177597964243,1.0,1.1838889289866251e-17,1.0,1.0
randomized_non_lattice_usage,family_three,1.8,0.15475,148059.99103041322,213.0634235479487,147642.39439383644,148477.58766699,136605.07336939708,196.6116571640003,136219.7216024149,136990.42513637926,0.3699176306652932,0.24809764764069447,0.0,0.856180084690163,10686.25,15.331292782880881,10656.201218309114,10716.298781690886,664.4301341075287,0.9532411201096115,662.5618158435312,666.2984523715262,24.90927594462164,0.028120426832220487,24.854160920800595,24.964390968442686,0.0,0.0,0.0,0.0,0.0,0.0,0.0,0.0,78.95833333333333,1.0410847705711683,76.91784467816069,80.99882198850597,0.0,0.0,0.0,0.0,89.05208333333333,0.127760773190674,88.80167681924262,89.30248984742404,89.05208333333333,0.127760773190674,88.80167681924262,89.30248984742404,1.8983718117357962,0.002723546057456031,1.8930337595529463,1.903709863918646,311.3659493077705,0.35150533540275614,310.67701151000745,312.05488710553357,1.942982538795227,0.00363172087319805,1.9358644966818566,1.9501005809085976,0.0,0.0,0.0,0.0,7.895833333333332,0.10410847705711682,7.691784467816069,8.099882198850596,160.29375,0.22996939174321315,159.8430182746367,160.74448172536327,0.883747440607904,0.03680957492908121,0.8116019994606763,0.9558928817551317,160.28964602881493,0.23070016474963823,159.8374820146782,160.74181004295167,160.2893279972234,0.23071257879633394,159.83713965200224,160.74151634244458,0.00021759860627370187,0.00014593979272982033,0.0,0.0005036353439353901,0.0005356301977783516,0.0003126217785449472,0.0,0.0011483576245093048,0.9999986612427069,8.990415097318869e-07,0.9999968991537271,1.0000004233316866
randomized_non_lattice_usage,family_three,2.0,0.15475,146587.45133596976,210.96650876495787,146173.96457684628,147000.93809509324,136246.0369017179,196.12304057212629,135861.64280565805,136630.43099777773,0.6540203407390991,0.46568239955440044,0.0,1.5667410720999153,9618.541666666666,13.769710276632008,9591.553530446916,9645.529802886416,625.2303218406377,0.8950671199716842,623.4760225217472,626.9846211595282,27.856480959372405,0.030129880186874923,27.797427479347622,27.915534439397188,0.0,0.0,0.0,0.0,0.0,0.0,0.0,0.0,69.13194444444444,1.0079218842288906,67.15645385212606,71.10743503676282,0.0,0.0,0.0,0.0,80.15451388888889,0.11474758563860005,79.9296127537243,80.37941502405347,80.15451388888889,0.11474758563860005,79.9296127537243,80.37941502405347,1.7863723481161078,0.002557334628490525,1.7813600643478493,1.7913846318843663,348.20601199215497,0.3766235023359366,347.4678434918452,348.94418049246474,2.1729941180931687,0.004147495992155243,2.1648651753225203,2.181123060863817,0.0,0.0,0.0,0.0,6.913194444444444,0.10079218842288908,6.715645385212606,7.110743503676281,160.30902777777777,0.2294951712772001,159.8592255074486,160.75883004810694,1.0144571316648967,0.041384135609937,0.9333457163380986,1.0955685469916947,160.28945517849164,0.23073298890838395,159.83722683018593,160.74168352679735,160.2893279972234,0.23071257879633394,159.83713965200224,160.74151634244458,0.00038471784749358776,0.00027393082326729426,0.0,0.0009216123953528911,0.0005118991157140522,0.0003255222951546775,0.0,0.0011499110903820373,0.9999975929833275,1.7154691301490301e-06,0.9999942307256158,1.0000009552410392
randomized_non_lattice_usage,family_three,2.1,0.15475,145944.89651112165,210.08312965598364,145533.14114323645,146356.65187900685,136080.0527124362,195.84873219107706,135696.19625092388,136463.90917394854,0.47039126126201997,0.3376307603098986,0.0,1.1321353915422967,9160.0,13.197387228857533,9134.133596341411,9185.866403658589,608.0432001543596,0.8760460223046734,606.3261815018429,609.7602188068763,29.298957269798525,0.03592313154600317,29.228549225756463,29.369365313840586,0.0,0.0,0.0,0.0,0.0,0.0,0.0,0.0,67.03125,1.0048697245100293,65.06174153080566,69.00075846919434,0.0,0.0,0.0,0.0,76.33333333333333,0.10997822690714608,76.11777996951174,76.54888669715491,76.33333333333333,0.10997822690714608,76.11777996951174,76.54888669715491,1.7372662861553136,0.0025029886351562156,1.7323605185766944,1.742172053733933,366.2369658724815,0.4490391443250396,365.35686532195575,367.11706642300726,2.285511266703028,0.004514564638060651,2.2766628826065514,2.294359650799505,0.0,0.0,0.0,0.0,6.703125,0.10048697245100294,6.506174153080566,6.900075846919434,160.29999999999998,0.23095427650500686,159.84733793597465,160.75266206402532,1.0276747470148393,0.04365705633925821,0.9421084889188571,1.1132410051108215,160.28969367341452,0.23069166026539475,159.8375463277606,160.74184101906843,160.2893279972234,0.23071257879633394,159.83713965200224,160.74151634244458,0.0002767007419188353,0.00019860632959405795,0.0,0.0006659619950248804,0.0006423769330185083,0.00037777533713028415,0.0,0.0013828029880413421,0.9999982571023174,1.2523580490171554e-06,0.9999958025256456,1.0000007116789893
randomized_non_lattice_usage,family_three,2.25,0.15475,145071.71081555358,208.71848600595848,144662.63010007417,145480.791531033,135844.74479545033,195.55185808222916,135461.4701964993,136228.01939440137,0.8371723456270285,0.5323883310658895,0.0,1.8806343003055588,8548.75,12.32700978165703,8524.58950479088,8572.91049520912,584.7896961488027,0.8432470600542228,583.1369622810272,586.4424300165782,31.530123831044335,0.03882598768751878,31.4540262935126,31.60622136857607,0.0,0.0,0.0,0.0,0.0,0.0,0.0,0.0,61.05902777777777,1.0285488444020348,59.043109086409494,63.07494646914605,0.0,0.0,0.0,0.0,71.23958333333333,0.10272508151380859,71.03824587325732,71.44092079340933,71.23958333333333,0.10272508151380859,71.03824587325732,71.44092079340933,1.6708277032822936,0.0024092773144406376,1.6661056065172206,1.6755498000473665,394.1265478880541,0.4853248460939849,393.17532866890747,395.07776710720077,2.4597650450520816,0.0047932355028805895,2.450370476097017,2.4691596140071463,0.0,0.0,0.0,0.0,6.105902777777779,0.10285488444020349,5.904310908640951,6.3074946469146065,160.2890625,0.23113143340606931,159.83605321482898,160.74207178517102,1.0837907577519539,0.047364153557792325,0.9909587226204563,1.1766227928834514,160.28933091764716,0.23074044225193324,159.83708796105654,160.7415738742378,160.2893279972234,0.23071257879633394,159.83713965200224,160.74151634244458,0.0004924543209570755,0.00031316960650934673,0.0,0.0011062554707679756,0.0004953747446790085,0.0003151062093719778,0.0,0.0011129715663530226,0.9999968420425395,2.0095489108066614e-06,0.9999929033990491,1.0000007806860298
randomized_non_lattice_usage,family_three,2.4,0.15475,144296.98449690724,207.7333372981581,143889.83463741455,144704.13435639994,135625.14175514746,195.19080108073607,135242.5748149157,136007.70869537923,0.29062794205726916,0.28011016066827693,0.0,0.83963376867082,8015.208333333333,11.65090831471446,7992.372972649315,8038.043694017351,564.1751508090455,0.8200851034876068,562.567813541952,565.782488076139,33.696407453159466,0.03815448398986783,33.621626038690614,33.77118886762832,0.0,0.0,0.0,0.0,0.0,0.0,0.0,0.0,58.47222222222222,0.9898264897776553,56.532197951314316,60.41224649313013,0.0,0.0,0.0,0.0,66.79340277777777,0.09709090262262046,66.60310810541095,66.98369745014459,66.79340277777777,0.09709090262262046,66.60310810541095,66.98369745014459,1.6119290023115582,0.002343100295678874,1.6073366101198625,1.616521394503254,421.20509316449335,0.476931049873348,420.2703254836327,422.139860845354,2.6280596452615073,0.004850382436811664,2.618553070374111,2.6375662201489036,0.0,0.0,0.0,0.0,5.847222222222221,0.09898264897776553,5.653219795131431,6.041224649313012,160.30416666666665,0.23301816629428918,159.84745945298627,160.76087388034702,1.1867325176280072,0.04878076862929499,1.0911239679764078,1.2823410672796067,160.28959651955648,0.2306877201724491,159.83745689634281,160.74173614277015,160.2893279972234,0.23071257879633394,159.83713965200224,160.74151634244458,0.0001709576129748642,0.00016477068274604528,0.0,0.0004939022168651883,0.0004394799460308682,0.00024040115585758558,0.0,0.0009106575533535362,0.9999989541385895,1.006720309744522e-06,0.9999969810030399,1.000000927274139
randomized_non_lattice_usage,family_three,3.0,0.15475,141865.4163299199,203.91611327298332,141465.74809203748,142265.08456780235,134864.79913882783,194.12105835203457,134484.32885581703,135245.26942183863,0.11289027667989308,0.08051844992735833,0.0,0.27070353862850716,6412.291666666667,9.197441103240934,6394.265013354387,6430.318319978947,499.7453732076404,0.7168074809491305,498.3404563611312,501.1502900541496,42.46031649664331,0.0421730689283256,42.37765880042627,42.54297419286035,0.0,0.0,0.0,0.0,0.0,0.0,0.0,0.0,46.006944444444436,0.8549549539151737,44.33126352636659,47.68262536252228,0.0,0.0,0.0,0.0,53.435763888888886,0.07664534252700778,53.28554177795321,53.58598599982456,53.435763888888886,0.07664534252700778,53.28554177795321,53.58598599982456,1.427843923450401,0.002048021374140373,1.4238298753175176,1.4318579715832844,530.7539562080414,0.5271633616040698,529.7207350053283,531.7871774107545,3.3123856575085164,0.005997576306696937,3.3006306239528596,3.3241406910641733,0.0,0.0,0.0,0.0,4.600694444444444,0.08549549539151738,4.433126352636659,4.768262536252228,160.30729166666666,0.22993602758102336,159.85662533385965,160.75795799947366,1.4926688629244005,0.06436020472578574,1.366525179624236,1.618812546224565,160.28926215024978,0.23071640198005525,159.8370663117262,160.74145798877336,160.2893279972234,0.23071257879633394,159.83713965200224,160.74151634244458,6.640604510581946e-05,4.736379407491667e-05,0.0,0.00015923737566382774,5.590714528182556e-07,5.590714528182555e-07,0.0,1.6548313651265204e-06,0.9999995788810118,3.0278488889318254e-07,0.9999989854335345,1.000000172328489
randomized_non_lattice_usage,family_three,4.5,0.15475,138259.68893468185,198.9155838248428,137869.8215544214,138649.5563149423,133483.77369769668,192.13621643626226,133107.1936333558,133860.35376203756,0.4615177181431061,0.4412194499790265,0.0,1.32629194938057,4274.583333333333,6.330344545992066,4262.176086013459,4286.990580653207,405.5829679333742,0.6006386421298711,404.4057378270766,406.7601980396718,64.436723555872,0.0655347249318904,64.30827785526876,64.56516925647526,0.0,0.0,0.0,0.0,0.0,0.0,0.0,0.0,30.850694444444443,0.6458010302836089,29.584947683909707,32.116441204979175,0.0,0.0,0.0,0.0,35.62152777777777,0.05275287121660055,35.51813405011215,35.72492150544339,35.62152777777777,0.05275287121660055,35.51813405011215,35.72492150544339,1.1588084798096405,0.0017161104060853451,1.1554449652202188,1.1621719943990623,805.4590444484002,0.8191840616486307,803.8534731908596,807.0646157059407,5.026678616124838,0.008819703953480236,5.009392314021711,5.043964918227965,0.0,0.0,0.0,0.0,3.085069444444444,0.06458010302836088,2.958494768390971,3.2116441204979176,160.296875,0.23738792047470247,159.83160322550472,160.76214677449528,2.2667215878211002,0.09805780960303993,2.074531812596256,2.4589113630459445,160.2893200868766,0.23072005415715097,159.83711709021745,160.74152308353572,160.2893279972234,0.23071257879633394,159.83713965200224,160.74151634244458,0.0002714810106724154,0.0002595408529288391,0.0,0.000780171734929747,0.00026357066382141464,0.0002635706638214147,0.0,0.0007801596722927016,0.99999826960007,1.656024330064656e-06,0.9999950238520255,1.0000015153481145
randomized_non_lattice_usage,family_three,5.0,0.15475,137454.79542856524,197.78424606936954,137067.14542955987,137842.4454275706,133125.04049996648,191.60637002085798,132749.49891551715,133500.5820844158,0.015804929231331064,0.01580492923133107,0.0,0.04678202130294429,3845.0,5.693601932594269,3833.8407452698075,3856.1592547301925,384.84143200666404,0.5698657791977867,383.72451560341455,385.9583484099135,71.65116388507302,0.06702250894565986,71.51980218138601,71.78252558876002,0.0,0.0,0.0,0.0,0.0,0.0,0.0,0.0,28.246527777777775,0.7396983738062356,26.796745605694706,29.696309949860844,0.0,0.0,0.0,0.0,32.041666666666664,0.04744668277161886,31.948672877248395,32.13466045608494,32.041666666666664,0.04744668277161886,31.948672877248395,32.13466045608494,1.0995469485904685,0.0016281879405651042,1.0963557588668984,1.1027381383140387,895.639548563413,0.8377813618207479,893.9975272673254,897.2815698595006,5.590061719239256,0.009490674050662068,5.571460339910949,5.608663098567563,0.0,0.0,0.0,0.0,2.8246527777777772,0.07396983738062356,2.6796745605694703,2.969630994986084,160.20833333333334,0.2372334138580945,159.74336438624198,160.6733022804247,2.268539202507334,0.10742973145963773,2.0579807979776343,2.479097607037034,160.28948903636453,0.23070405861595725,159.83731739039004,160.74166068233902,160.2893279972234,0.23071257879633394,159.83713965200224,160.74151634244458,9.297017194900627e-06,9.297017194900625e-06,0.0,2.7518836060555453e-05,0.00017033615831095703,0.00017033615831095708,0.0,0.0005041888938653459,0.9999999429230964,5.707690361555309e-08,0.9999998310544209,1.0000000547917718
randomized_non_lattice_usage,family_three,9.0,0.15475,133769.88283853128,192.30172810052238,133392.97837728943,134146.78729977313,131122.8428490553,188.73068570730638,130752.93750229143,131492.74819581918,0.02067466349080312,0.020674663490803127,0.0,0.0611962593252624,2137.7083333333335,3.2852318529315396,2131.269397220724,2144.147269445943,292.6746889700256,0.4497826928764791,291.79313109111825,293.556246848933,130.28411673256053,0.1154172185468957,130.05790314101284,130.51033032410822,0.00842577657315602,0.003424592467445932,0.0017136986752348364,0.015137854471077204,71.25694444444444,0.10950772843105139,71.04231324069079,71.4715756481981,15.086805555555555,0.456525000951672,14.192032995648164,15.981578115462947,4.223240417729563e-05,1.7171259048770054e-05,8.577354872498814e-06,7.588745348209244e-05,17.81423611111111,0.027376932107762847,17.760578310172697,17.867893912049524,17.81423611111111,0.027376932107762847,17.760578310172697,17.867893912049524,0.8362133970572162,0.0012850934082185121,0.8336946602603381,0.8387321338540943,1628.551459157007,1.4427152318361967,1625.7237892626606,1631.3791290513534,10.163043327716808,0.016817722081218935,10.130081198135615,10.196005457298002,0.00842577657315602,0.003424592467445932,0.0017136986752348364,0.015137854471077204,1.5086805555555554,0.0456525000951672,1.4192032995648163,1.5981578115462944,160.328125,0.24639238896986548,159.84520479155427,160.81104520844573,4.632972431166161,0.18900212526146185,4.262535072652168,5.003409789680155,160.28931583565668,0.23071248455522736,159.83712767514467,160.7415039961687,160.2893279972234,0.23071257879633394,159.83713965200224,160.74151634244458,1.216156675929595e-05,1.2161566759295954e-05,0.0,3.599779960309552e-05,0.0,0.0,0.0,0.0,0.9999999242892471,7.571075291144264e-08,0.9999997758988982,1.0000000726795961
randomized_non_lattice_usage,family_three,10.0,0.15475,133382.45793755006,191.7806354239797,133006.57479918684,133758.34107591328,130764.38436073317,188.1997046016824,130395.51971781279,131133.24900365353,0.0,0.0,0.0,0.0,1923.5416666666667,3.0088205964492496,1917.644486661684,1929.4388466716496,279.25023881484793,0.4368056510912541,278.3941154704655,280.10636215923034,144.63631695358075,0.13777226066909834,144.36628828460064,144.90634562256085,0.0759099373588476,0.014236443690010663,0.04800702045849419,0.103812854259201,256.4722222222222,0.40117607952656625,255.6859315548911,257.25851288955323,14.097222222222221,0.4532101241703536,13.208946701419402,14.985497743025041,0.0003685752607641064,7.072358168312172e-05,0.00022995958780751115,0.0005071909337207016,16.029513888888886,0.02507350497041039,15.980370722180695,16.078657055597077,16.029513888888886,0.02507350497041039,15.980370722180695,16.078657055597077,0.7978578251852796,0.0012480161459750092,0.795411758487044,0.8003038918835151,1807.9539619197596,1.7221532583637296,1804.5786035575084,1811.329320282011,11.286170411046134,0.019180634273390874,11.248577058669653,11.323763763422615,0.0759099373588476,0.014236443690010663,0.04800702045849419,0.103812854259201,1.409722222222222,0.045321012417035365,1.3208946701419402,1.498549774302504,160.29513888888889,0.25073504970410404,159.80370722180697,160.7865705559708,5.0533954800071905,0.2147725864250137,4.632448945747647,5.474342014266734,160.28949833338174,0.23070460621336641,159.83732561413606,160.74167105262742,160.2893279972234,0.23071257879633394,159.83713965200224,160.74151634244458,0.0,0.0,0.0,0.0,0.0001703361583109365,0.00017033615831093653,0.0,0.0005041888938652851,1.0,1.0008086812436724e-17,1.0,1.0
randomized_non_lattice_usage,family_four,1.8,0.15475,197128.98387044997,273.70376986210414,196592.5343390874,197665.43340181254,181899.59880260527,252.45249007590263,181404.80101424904,182394.3965909615,2.6732746574731157,1.0684089726408526,0.5792315503376049,4.767317764608626,14228.958333333334,19.838318765308045,14190.075943039505,14267.840723627163,884.7021821150643,1.2334707495802117,882.2846238699034,887.1197403602251,24.822111072206326,0.02828147339399067,24.766680402924376,24.877541741488276,0.0,0.0,0.0,0.0,0.0,0.0,0.0,0.0,88.22916666666667,1.142191711749553,85.99051204819739,90.46782128513595,0.0,0.0,0.0,0.0,118.57465277777779,0.16531932304423375,118.25063285866254,118.89867269689303,118.57465277777779,0.16531932304423375,118.25063285866254,118.89867269689303,2.5277205203287547,0.003524202141657745,2.5208132110568666,2.534627829600643,310.27638840257913,0.35351841742488355,309.58350503655475,310.9692717686035,1.454356768030717,0.0026612669768064073,1.4491407806029306,1.4595727554585034,0.0,0.0,0.0,0.0,8.822916666666666,0.11421917117495528,8.599051204819737,9.046782128513595,213.43437500000002,0.29757478147962063,212.85113914559258,214.01761085440745,0.8282352316288609,0.03784610580821632,0.7540582272896648,0.9024122359680571,213.43733132085012,0.29622267515596257,212.85674554614033,214.0179170955599,213.43761181502168,0.2963125808833801,212.85684982832416,214.0183738017192,0.0015725145043959503,0.000628475866259325,0.00034072444137506143,0.002804304567416839,0.0012920203328317917,0.0005633235621464491,0.0001879264393819405,0.002396114226281643,0.9999926957797193,2.919698392409028e-06,0.9999869732760245,0.9999984182834141
randomized_non_lattice_usage,family_four,2.0,0.15475,195171.4473995481,270.9023451680711,194640.48855969126,195702.40623940495,181422.23430639386,251.85928616218098,180928.59917634403,181915.8694364437,2.045725531451504,0.9164794553389617,0.2494588064162544,3.841992256486754,12806.25,17.92863555738108,12771.110520015589,12841.389479984411,832.4396864464034,1.1654081219559305,830.1555285000793,834.7238443927274,27.765875620803623,0.03465262904274198,27.69795771591022,27.833793525697025,0.0,0.0,0.0,0.0,0.0,0.0,0.0,0.0,80.71180555555556,1.107776335431697,78.54060383518367,82.88300727592744,0.0,0.0,0.0,0.0,106.71875,0.149405296311509,106.4259210001299,107.0115789998701,106.71875,0.149405296311509,106.4259210001299,107.0115789998701,2.3783991041325816,0.003329737491302657,2.3718729385716557,2.3849252696935075,347.07344526004516,0.43315786303427495,346.22447144887764,347.9224190712127,1.6270279274319617,0.0031137196085309865,1.6209251491412848,1.6331307057226385,0.0,0.0,0.0,0.0,8.071180555555555,0.11077763354316968,7.854060383518367,8.288300727592745,213.4375,0.298810592623018,212.8518420002598,214.0231579997402,0.9448361253280386,0.044073333177073445,0.8584539796223404,1.0312182710337368,213.43792271340456,0.29630504254374224,212.85717550158122,214.0186699252279,213.43761181502168,0.2963125808833801,212.85684982832416,214.0183738017192,0.0012033679596773555,0.0005391055619640953,0.0001467404743625022,0.0022599954449922088,0.00151426634257197,0.0006480600535180138,0.00024409197785756282,0.002784440707286377,0.9999943307683589,2.535949578216208e-06,0.9999893603985189,0.9999993011381988
randomized_non_lattice_usage,family_four,2.1,0.15475,194312.3571894962,269.66231389282217,193783.82876627852,194840.88561271387,181201.00532148196,251.55928030185976,180707.9581921135,181694.05245085043,0.8518639476080931,0.4405522765059121,0.0,1.7153305428668122,12194.791666666666,16.938118550192073,12161.59356434242,12227.989768990912,809.4934661807553,1.1243567475821739,807.2897674497196,811.6971649117909,29.21834344140709,0.03508227469003577,29.14958344651888,29.2871034362953,0.0,0.0,0.0,0.0,0.0,0.0,0.0,0.0,76.99652777777779,1.0754230534706959,74.88873732483113,79.10431823072445,0.0,0.0,0.0,0.0,101.62326388888887,0.14115098791826725,101.34661303618682,101.89991474159092,101.62326388888887,0.14115098791826725,101.34661303618682,101.89991474159092,2.3128384748021573,0.003212447850234775,2.306542192713484,2.3191347568908305,365.2292930175886,0.43852843362544713,364.36979308148597,366.0887929536912,1.7119093581401692,0.003200324065173375,1.7056368382335725,1.718181878046766,0.0,0.0,0.0,0.0,7.699652777777778,0.1075423053470696,7.488873732483112,7.910431823072443,213.40885416666666,0.29641707462836125,212.82788737599236,213.98982095734095,0.9781459774349818,0.04147390119759624,0.8968586247893205,1.059433330080643,213.43799519002346,0.29631352410995,212.85723135463581,214.0187590254111,213.43761181502168,0.2963125808833801,212.85684982832416,214.0183738017192,0.0005010964397694664,0.0002591483979446542,0.0,0.0010090179663922423,0.0008844714415413123,0.0004252150518029342,5.106525432322794e-05,0.0017178776287593966,0.9999976428522341,1.218145631507803e-06,0.9999952553306685,1.0000000303738
randomized_non_lattice_usage,family_four,2.25,0.15475,193152.39738431908,267.9903737046511,192627.14590365454,193677.6488649836,180887.50491686387,251.11896193017904,180395.32079564562,181379.6890380821,0.9684530263509572,0.5441476157723885,0.0,2.034962755538178,11383.958333333334,15.781171253381771,11353.027806042846,11414.888860623822,778.7362520509583,1.0795340069761497,776.6204042771989,780.8520998247178,31.43776237793801,0.03696305499887079,31.36531612138165,31.510208634494372,0.0,0.0,0.0,0.0,0.0,0.0,0.0,0.0,69.79166666666667,0.9449741653414084,67.93955133627671,71.64378199705664,0.0,0.0,0.0,0.0,94.86631944444444,0.13150976044484805,94.60856505035704,95.12407383853184,94.86631944444444,0.13150976044484805,94.60856505035704,95.12407383853184,2.2249607201455954,0.0030843828770747072,2.218915440791997,2.2310059994991938,392.97202972422514,0.4620381874858849,392.06645151727065,393.8776079311796,1.8420142363266165,0.0033453272821090574,1.8354575153371835,1.8485709573160496,0.0,0.0,0.0,0.0,6.979166666666667,0.09449741653414084,6.793955133627671,7.164378199705663,213.44921875,0.2958969610009082,212.86927136330337,214.02916613669663,1.148664222868057,0.04798060541801897,1.0546239642923125,1.2427044814438015,213.43731167624665,0.29630657004164507,212.85656147058242,214.01806188191088,213.43761181502168,0.2963125808833801,212.85684982832416,214.0183738017192,0.0005696782507946808,0.00032008683280728746,0.0,0.001197036915022458,0.00026953947576509996,0.00015860628830671739,0.0,0.0005804020885678423,0.9999973474806013,1.4920362448025066e-06,0.9999944231432979,1.0000002718179049
randomized_non_lattice_usage,family_four,2.4,0.15475,192118.21941494686,266.64675136629216,191595.60138567432,192640.8374442194,180594.61098803798,250.71062601434232,180103.2271905084,181085.99478556757,1.6918352799802256,0.9084217440944357,0.0,3.472309181178381,10669.583333333334,14.871437371872515,10640.435851686121,10698.730814980547,751.0115190792103,1.0467719706212824,748.9598837167666,753.063154441654,33.52660032746793,0.03900848862022746,33.45014509468095,33.603055560254916,0.0,0.0,0.0,0.0,0.0,0.0,0.0,0.0,67.79513888888889,1.0694725096515394,65.6990112875162,69.89126649026157,0.0,0.0,0.0,0.0,88.91319444444446,0.12392864476560427,88.67029876405101,89.1560901248379,88.91319444444446,0.12392864476560427,88.67029876405101,89.1560901248379,2.1457471973691717,0.002990777058917946,2.139885382047904,2.1516090126904395,419.08250409334914,0.4876061077528434,418.12681368351184,420.03819450318645,1.9643583125737518,0.0034784863473744337,1.9575406046121837,1.97117602053532,0.0,0.0,0.0,0.0,6.779513888888888,0.10694725096515394,6.56990112875162,6.989126649026157,213.39166666666665,0.2974287474374503,212.8087170337224,213.97461629961091,1.0921282797862266,0.0498627228586738,0.9943991388121238,1.1898574207603294,213.4371028429189,0.29630424393992655,212.85635719633026,214.01784848950754,213.43761181502168,0.2963125808833801,212.85684982832416,214.0183738017192,0.0009951972235177798,0.0005343657318202561,0.0,0.002042534812457871,0.0004862251207635422,0.0003338231616440527,0.0,0.0011405064947911782,0.999995370980705,2.4821663471239007e-06,0.999990506024061,1.000000235937349
randomized_non_lattice_usage,family_four,3.0,0.15475,188882.79616190898,262.1726885579708,188368.94713460532,189396.64518921264,179582.33377084552,249.29742163750817,179093.7198029973,180070.94773869374,2.064653168011914,0.8758023835361162,0.3481120387067911,3.781194297317037,8537.916666666666,12.001816265011898,8514.393539038176,8561.439794295156,665.4070920041428,0.9353679558443716,663.5738044983949,667.2403795098907,42.31356255798024,0.04595962620579268,42.223483345873966,42.403641770086516,0.0,0.0,0.0,0.0,0.0,0.0,0.0,0.0,52.760416666666664,0.887446130826959,51.02105421202641,54.49977912130692,0.0,0.0,0.0,0.0,71.14930555555554,0.10001513554176582,70.95327949198479,71.3453316191263,71.14930555555554,0.10001513554176582,70.95327949198479,71.3453316191263,1.9011631200118373,0.0026724798738410626,1.8959251557097008,1.9064010843139738,528.9195319747529,0.5744953275724087,527.7935418234244,530.0455221260813,2.479260028997246,0.004203290754400098,2.4710217305020716,2.4874983274924203,0.0,0.0,0.0,0.0,5.276041666666667,0.0887446130826959,5.102105421202641,5.449977912130693,213.44791666666666,0.3000454066252975,212.8598384759544,214.0359948573789,1.4084111937062822,0.06515936221186788,1.280701190515421,1.5361211968971433,213.436863875189,0.29629451143216373,212.85613730396508,214.01759044641292,213.43761181502168,0.2963125808833801,212.85684982832416,214.0183738017192,0.00121450186353642,0.0005151778726683036,0.00020477178747458301,0.002224231939598257,0.00046656203090329474,0.00024168385775038206,0.0,0.0009402536877387451,0.9999943269871236,2.4025396010668384e-06,0.9999896180960341,0.9999990358782131
randomized_non_lattice_usage,family_four,4.5,0.15475,184077.01116534704,255.4497401696791,183576.33887475435,184577.68345593972,177743.5333306018,246.75000363368935,177259.91221029463,178227.15445090894,0.9684530263508989,0.544147615772373,0.0,2.0349627555380896,5693.125,8.031156946140621,5677.384221631376,5708.865778368624,540.1776861641152,0.7620159010011375,538.6841624425061,541.6712098857244,64.27613999923031,0.06412989650588898,64.15044771174648,64.40183228671414,0.0,0.0,0.0,0.0,0.0,0.0,0.0,0.0,34.93055555555555,0.6605111094201048,33.63597756970355,36.22513354140755,0.0,0.0,0.0,0.0,47.442708333333336,0.06692630788450518,47.311535180261465,47.573881486405206,47.442708333333336,0.06692630788450518,47.311535180261465,47.573881486405206,1.543364817611758,0.002177188288574679,1.5390976069785893,1.5476320282449267,803.451749990379,0.8016237063236133,801.8805963968312,805.0229035839268,3.765748762060328,0.006633432376751654,3.752747473508013,3.778750050612643,0.0,0.0,0.0,0.0,3.4930555555555554,0.06605111094201048,3.3635977569703552,3.6225133541407555,213.4921875,0.3011683854802733,212.90190831117658,214.08246668882342,2.250226722868058,0.09239593038417622,2.0691340269970024,2.4313194187391134,213.4371041376459,0.29630111000196324,212.8563646334628,214.017843641829,213.43761181502168,0.2963125808833801,212.85684982832416,214.0183738017192,0.0005696782507946464,0.00032008683280727824,0.0,0.0011970369150224056,6.200087502710083e-05,6.200087502710083e-05,0.0,0.00018352035709018729,0.9999973474806013,1.4920362448037746e-06,0.9999944231432979,1.0000002718179049
randomized_non_lattice_usage,family_four,5.0,0.15475,183006.2379180286,254.02264340997675,182508.3626856874,183504.1131503698,177265.98747163187,246.12887569205728,176783.5837397201,177748.39120354364,0.5887458289088987,0.44284967964178346,0.0,1.456715251571895,5122.708333333333,7.284183395147858,5108.431596222059,5136.985070444607,512.7257245129964,0.7290651674350751,511.296783042441,514.1546659835518,71.41514272148812,0.07330444676868438,71.27146864591487,71.55881679706138,0.0,0.0,0.0,0.0,0.0,0.0,0.0,0.0,32.8125,0.6398664571943639,31.55838478898381,34.06661521101619,0.0,0.0,0.0,0.0,42.689236111111114,0.06070152829289882,42.570263301850495,42.80820892037173,42.689236111111114,0.06070152829289882,42.570263301850495,42.80820892037173,1.4649306414657037,0.002083043335528787,1.4608479515498312,1.4690133313815763,892.6892840186015,0.9163055846085548,890.8933580739358,894.4852099632672,4.184499912200091,0.007641729349423688,4.169522397895618,4.199477426504564,0.0,0.0,0.0,0.0,3.28125,0.06398664571943638,3.1558384788983807,3.4066615211016193,213.44618055555557,0.30350764146449405,212.85131650925246,214.0410446018587,2.442264984676493,0.1020097236841943,2.2423296001825896,2.6422003691703964,213.43749041234378,0.2963519978931738,212.85665116972666,214.0183296549609,213.43761181502168,0.2963125808833801,212.85684982832416,214.0183738017192,0.00034632107582876397,0.00026049981155399027,0.0,0.000856891324454056,0.00022491839793106804,0.00019643360264138166,0.0,0.0006099211844616281,0.9999983288913402,1.262968024709575e-06,0.9999958535194982,1.0000008042631823
randomized_non_lattice_usage,family_four,9.0,0.15475,178078.90696658645,246.9933877168262,177594.80882224193,178563.00511093097,174599.78591722102,242.39082668319688,174124.70862673907,175074.86320770296,0.8681109358722127,0.5356680119023653,0.0,1.9180009468710217,2846.4583333333335,4.156592314783895,2838.311562097941,2854.605104568726,389.7099966277615,0.5690810780569105,388.5946182104867,390.82537504503625,130.01516402399486,0.11991317582101862,129.78013851811383,130.25018952987588,0.0,0.0,0.0,0.0,94.88194444444446,0.13855307715946322,94.61038540326471,95.1535034856242,17.187499999999996,0.5054820244392669,16.19677343726664,18.178226562733354,0.0,0.0,0.0,0.0,23.720486111111114,0.034638269289865804,23.65259635081618,23.78837587140605,23.720486111111114,0.034638269289865804,23.65259635081618,23.78837587140605,1.1134571332221757,0.0016259459373054606,1.1102703377442478,1.1166439287001035,1625.1895502999357,1.4989146977627326,1622.251731476423,1628.1273691234485,7.618523164186056,0.01230218940362665,7.594411316023957,7.642635012348154,0.0,0.0,0.0,0.0,1.71875,0.0505482024439267,1.619677343726664,1.817822656273336,213.484375,0.3117444236087921,212.87336715734557,214.09538284265443,4.500049648590743,0.1903859782994365,4.126899987962423,4.873199309219062,213.437163162405,0.2963074104133194,212.85641130964257,214.01791501516743,213.43761181502168,0.2963125808833801,212.85684982832416,214.0183738017192,0.0005106534916895369,0.00031509883053080313,0.0,0.001128235851100601,6.200087502710083e-05,6.200087502710083e-05,0.0,0.00018352035709018729,0.9999976164060068,1.4698855118767381e-06,0.9999947354833422,1.0000004973286716
randomized_non_lattice_usage,family_four,10.0,0.15475,177558.05069677558,246.32941987655917,177075.2539054849,178040.84748806627,174122.27523215095,241.761564425668,173648.43127303058,174596.1191912713,0.4029751650505668,0.40297516505056674,0.0,1.1927919752137615,2561.0416666666665,3.7879539001754723,2553.6174134472244,2568.4659198861086,371.7993269523367,0.5499163597930737,370.7215106926329,372.8771432120405,144.53149584060057,0.13682065174258728,144.2633322908438,144.79965939035733,0.0,0.0,0.0,0.0,341.4722222222222,0.5050605200233962,340.48232179296326,342.4621226514811,16.527777777777775,0.49834497597530447,15.5510395729897,17.50451598256585,0.0,0.0,0.0,0.0,21.342013888888886,0.03156628250146226,21.280145112060204,21.403882665717568,21.342013888888886,0.03156628250146226,21.280145112060204,21.403882665717568,1.0622837912923906,0.001571189599408781,1.0592043162646654,1.0653632663201158,1806.6436980075075,1.710258146782342,1803.2916536355478,1809.9957423794672,8.470062734171309,0.01475761167700956,8.441138346786543,8.498987121556075,0.0,0.0,0.0,0.0,1.6527777777777775,0.04983449759753044,1.55510395729897,1.750451598256585,213.42013888888889,0.31566282501462267,212.80145112060205,214.03882665717572,4.837770487426547,0.20992987268042076,4.426315497693843,5.249225477159251,213.43759968920486,0.29634926340885387,212.85676580607853,214.0184335723312,213.43761181502168,0.2963125808833801,212.85684982832416,214.0183738017192,0.00023704421473562753,0.00023704421473562758,0.0,0.0007016423383610364,0.00022491839793108227,0.00019643360264138778,0.0,0.0006099211844616543,0.999998844271329,1.1557286708930879e-06,0.9999965790847581,1.0000011094578998
continuous_no_spoilage,single_low,1.8,0.1905,29575.43824848994,53.01338671543816,29471.533919829188,29679.34257715069,27256.473692886048,48.89084434116614,27160.64939880361,27352.297986968486,0.06426112077039274,0.06426112077039273,0.0,0.1902106030865413,2131.0416666666665,3.95419780292903,2123.2915813851782,2138.791751948155,132.50001641100152,0.24585688866420252,132.0181457638686,132.98188705813445,25.345472742350477,0.037198845556847604,25.27256434479259,25.418381139908366,0.0478608853254577,0.007467226015539736,0.03322539127057929,0.062496379380336115,0.0,0.0,0.0,0.0,29.965277777777775,0.6089735923083087,28.771711469317513,31.158844086238037,0.0,0.0,0.0,0.0,17.758680555555554,0.03295164835774192,17.69409651154315,17.823264599567956,17.758680555555554,0.03295164835774192,17.69409651154315,17.823264599567956,0.37857147546000425,0.0007024482533262932,0.37719470218248163,0.37994824873752686,316.818409279381,0.4649855694605951,315.9070543099074,317.7297642488546,9.914755582173951,0.023009003948305493,9.869658763115133,9.95985240123277,0.0478608853254577,0.007467226015539736,0.03322539127057929,0.062496379380336115,2.9965277777777772,0.06089735923083088,2.877171146931751,3.1158844086238036,31.965625,0.05931296704393547,31.849373720777674,32.08187627922232,0.7989029134588014,0.03500837723509689,0.7302877549208195,0.8675180719967832,31.982198116553693,0.057367533578376005,31.869759816858185,32.0946364162492,31.98211469354862,0.0573623176999404,31.869686616786993,32.09454277031025,3.780065927670161e-05,3.7800659276701615e-05,0.0,0.00011188859005090666,0.00012122366435433262,8.416546320514953e-05,0.0,0.0002861849409785568,0.9999988457262661,1.1542737338797577e-06,0.9999965833913194,1.0000011080612128
continuous_no_spoilage,single_low,2.0,0.1905,29284.235716497835,52.57968807155731,29181.18142155923,29387.29001143644,27185.1099458143,48.76207013426334,27089.538044539528,27280.681847089072,0.03986586491551595,0.03964655037913108,0.0,0.11757167576986569,1920.2083333333333,3.7539670213420933,1912.8506931723516,1927.565973494315,124.81855522981134,0.24401765779803972,124.34028940893536,125.29682105068731,28.27567827643483,0.03836033024749427,28.20049341071468,28.35086314215498,0.1583379790473912,0.013503427036586638,0.13187174838781696,0.18480420970696543,0.0,0.0,0.0,0.0,25.625,0.6350987496105116,24.380229324136977,26.869770675863023,0.0,0.0,0.0,0.0,16.00173611111111,0.031283058511184084,15.94042244310293,16.06304977911929,16.00173611111111,0.031283058511184084,15.94042244310293,16.06304977911929,0.3566244435137466,0.0006971933079943992,0.35525796973981527,0.35799091728767796,353.4459784554354,0.4795041280936785,352.5061676339335,354.3857892769373,11.063143282495261,0.0261196505649942,11.0119497080991,11.114336856891422,0.1583379790473912,0.013503427036586638,0.13187174838781696,0.18480420970696543,2.5625,0.06350987496105116,2.4380229324136975,2.6869770675863025,32.00347222222222,0.06256611702236817,31.88084488620586,32.12609955823858,0.9811515296739594,0.04059552554303579,0.9015857616761334,1.0607172976717854,31.982482289193285,0.05736714133442742,31.87004475828179,32.094919820104785,31.98211469354862,0.0573623176999404,31.869686616786993,32.09454277031025,2.345050877383291e-05,2.332150022301829e-05,0.0,6.91598092763916e-05,0.0003910461534443449,0.0001830603651150546,3.225443082208537e-05,0.0007498378760666044,0.9999992855793761,7.103865675978787e-07,0.9999978932472885,1.0000006779114636
continuous_no_spoilage,single_low,2.1,0.1905,29156.020500944764,52.34425572396537,29053.427644928237,29258.61335696129,27151.69788696351,48.7028307396247,27056.242092768694,27247.153681158325,0.1707753514416089,0.11314405490732704,0.0,0.39253362412479226,1827.2916666666667,3.591364179469319,1820.2527222195397,1834.3306111137938,121.29609963050147,0.2383956952624743,120.82885265371763,121.76334660728531,29.65843881769663,0.03670753625905501,29.586493368667686,29.730384266725576,0.29799462605574484,0.021579402000754234,0.25569977532635496,0.3402894767851347,0.0,0.0,0.0,0.0,25.607638888888886,0.6088841847606583,24.414247816001964,26.801029961775807,0.0,0.0,0.0,0.0,15.227430555555555,0.029928034828910988,15.16877268516283,15.28608842594828,15.227430555555555,0.029928034828910988,15.16877268516283,15.28608842594828,0.34656028465857575,0.0006811305578927823,0.3452252932963362,0.34789527602081527,370.73048522120786,0.4588442032381877,369.83116710834605,371.62980333406966,11.599165618464147,0.025817896549697746,11.548563471070159,11.649767765858135,0.29799462605574484,0.021579402000754234,0.25569977532635496,0.3402894767851347,2.560763888888889,0.060888418476065825,2.4414247816001966,2.680102996177581,31.977604166666666,0.06284887314071298,31.854422638841942,32.10078569449139,1.0350283797482212,0.04359259209837851,0.9495884692426539,1.1204682902537884,31.982184385329386,0.05736742207749865,31.86974630417158,32.094622466487195,31.98211469354862,0.0573623176999404,31.869686616786993,32.09454277031025,0.00010045608908329936,6.655532641607475e-05,0.0,0.00023090213183811313,0.00017014786985267385,0.00010402197511075016,0.0,0.00037402719467046603,0.9999968503719812,2.0927433143257757e-06,0.9999927486704562,1.000000952073506
continuous_no_spoilage,single_low,2.25,0.1905,28983.69885131969,52.01770481625302,28881.746023321397,29085.65167931798,27105.05495700499,48.62756370001282,27009.74668349704,27200.363230512943,0.09099810587567388,0.09099810587567389,0.0,0.2693511160533574,1706.25,3.363600585759784,1699.657463993533,1712.842536006467,116.71851663154199,0.23009199760343932,116.26754460310838,117.1694886599756,31.908681856629343,0.043968818488621685,31.822504555948864,31.994859157309822,0.7069477206501054,0.03381985109176895,0.6406620305477306,0.7732334107524801,0.0,0.0,0.0,0.0,22.96875,0.59455444163081,21.80344470755529,24.13405529244471,0.0,0.0,0.0,0.0,14.21875,0.028030004881331522,14.163812199946108,14.273687800053892,14.21875,0.028030004881331522,14.163812199946108,14.273687800053892,0.33348147609011997,0.0006574057074383978,0.33219298458030966,0.3347699675999303,398.8585232078669,0.5496102311077714,397.7813069493609,399.93573946637287,12.473881946331993,0.0278639330700296,12.4192696410471,12.528494251616886,0.7069477206501054,0.03381985109176895,0.6406620305477306,0.7732334107524801,2.2968749999999996,0.05945544416308099,2.1803444707555286,2.4134055292444705,31.9921875,0.06306751098299594,31.868577449878742,32.11579755012126,1.138793846373693,0.0460871316475067,1.0484647281938237,1.2291229645535624,31.98247477358355,0.0573778519100385,31.870016250329602,32.094933296837496,31.98211469354862,0.0573623176999404,31.869686616786993,32.09454277031025,5.3528297573925814e-05,5.3528297573925814e-05,0.0,0.00015844183297256315,0.00041360833250686865,0.00017451329841114104,7.156855279774117e-05,0.0007556481122159961,0.9999982255894575,1.7744105425370007e-06,0.9999947478087003,1.0000017033702147
continuous_no_spoilage,single_low,2.4,0.1905,28829.257855429245,51.620467562599785,28728.08359814143,28930.43211271706,27060.816390889308,48.53796198500413,26965.683733515725,27155.94904826289,0.1441242069244225,0.11155261294621784,0.0,0.362763310680346,1598.9583333333333,3.1599988931412413,1592.76484931159,1605.1518173550764,112.54761215552266,0.2224262649144336,112.11166468707461,112.9835596239707,34.094786920940834,0.045882516030926065,34.00485884200014,34.18471499988153,1.3771634787694735,0.050251861216823776,1.2786716406283938,1.4756553169105533,0.0,0.0,0.0,0.0,21.319444444444443,0.5192614927946183,20.301710620008485,22.3371782688804,0.0,0.0,0.0,0.0,13.324652777777777,0.026333324109510347,13.273040410929916,13.376265144625638,13.324652777777777,0.026333324109510347,13.273040410929916,13.376265144625638,0.3215646061586362,0.0006355036140412391,0.3203190419630703,0.32281017035420206,426.18483651176047,0.573531450386576,425.06073552500175,427.3089374985192,13.333225413576562,0.0302597841546997,13.273917326453395,13.392533500699729,1.3771634787694735,0.050251861216823776,1.2786716406283938,1.4756553169105533,2.131944444444444,0.05192614927946183,2.0301710620008486,2.2337178268880398,31.97916666666666,0.0631999778628248,31.855296986231796,32.10303634710153,1.2146688483167203,0.05044370102385812,1.115801011063052,1.3135366855703885,31.982029914603373,0.05736495639211079,31.869596666100126,32.094463163106624,31.98211469354862,0.0573623176999404,31.869686616786993,32.09454277031025,8.47789452496603e-05,6.56191840860105e-05,0.0,0.00021339018275314475,0.0,0.0,0.0,0.0,0.9999973196277038,2.0906492805388976e-06,0.9999932220304096,1.000001417224998
continuous_no_spoilage,single_low,3.0,0.1905,28358.39291668065,50.663137812020366,28259.094991225298,28457.690842136,26909.297383655543,48.276050092874975,26814.678064157655,27003.91670315343,0.35102691897695376,0.19117375894373637,0.0,0.7257206012958191,1278.75,2.6073170298682204,1273.6397525251803,1283.8602474748197,99.66006370410007,0.203202644217753,99.26179383986997,100.05833356833017,42.83263009553922,0.057169773745693715,42.72057939799336,42.944680793085084,10.34903452870922,0.1664064586633462,10.022883862934208,10.675185194484232,0.0,0.0,0.0,0.0,17.152777777777775,0.49720369740045256,16.178276437892738,18.127279117662813,0.0,0.0,0.0,0.0,10.656249999999998,0.021727641915568512,10.6136646043765,10.698835395623496,10.656249999999998,0.021727641915568512,10.6136646043765,10.698835395623496,0.2847430391545716,0.0005805789834792944,0.28360512525677134,0.2858809530523719,535.4078761942402,0.7146221718211717,534.0072424749169,536.8085099135635,16.774861099466378,0.03658483771650458,16.703156135161787,16.846566063770968,10.34903452870922,0.1664064586633462,10.022883862934208,10.675185194484232,1.7152777777777777,0.049720369740045255,1.6178276437892738,1.8127279117662816,31.96875,0.0651829257467055,31.840993813129508,32.09650618687049,1.455658970749754,0.06371893737778353,1.3307721483561352,1.5805457931433728,31.982188459479158,0.05737696195246547,31.86973168051,32.094645238448315,31.98211469354862,0.0573623176999404,31.869686616786993,32.09454277031025,0.00020648642292761987,0.00011245515231984491,0.0,0.0004268944713504818,0.00028025235346452933,0.000182751457023662,0.0,0.0006384386273531263,0.9999936507385604,3.452161849960356e-06,0.9999868846256657,1.0000004168514551
continuous_no_spoilage,single_low,4.5,0.1905,27736.873838786774,49.18356971629853,27640.475813511715,27833.271864061833,26633.770263883882,47.780461025446044,26540.12228110929,26727.418246658475,0.09099810587567791,0.09099810587567791,0.0,0.2693511160533693,851.25,2.0123148349014373,847.3059353980375,855.1940646019625,80.76869124552915,0.19093337514120656,80.39446870680571,81.1429137842526,64.88125658310146,0.08185992373500214,64.72081408080366,65.04169908539926,87.23068452393905,0.5160387089677372,86.21926723973374,88.24210180814435,7.09375,0.016769290290845305,7.060882794983646,7.126617205016354,11.788194444444443,0.41838823795760494,10.968168566492363,12.608220322396523,0.0,0.0,0.0,0.0,7.09375,0.016769290290845305,7.060882794983646,7.126617205016354,7.09375,0.016769290290845305,7.060882794983646,7.126617205016354,0.23076768927294045,0.0005455239289748761,0.2296984820194449,0.231836896526436,811.0157072887683,1.0232490466875273,809.0101760100458,813.0212385674909,25.332233801483877,0.05658625205580442,25.221326785434396,25.443140817533358,87.23068452393905,0.5160387089677372,86.21926723973374,88.24210180814435,1.1788194444444444,0.041838823795760496,1.0968168566492364,1.2608220322396524,31.921875,0.0754618063088039,31.773972577426406,32.069777422573594,2.181762596373693,0.09093981512804664,2.003523833961991,2.360001358785395,31.982231313120895,0.05737549515607084,31.869777409019843,32.094685217221944,31.98211469354862,0.0573623176999404,31.869686616786993,32.09454277031025,5.352829757392818e-05,5.3528297573928185e-05,0.0,0.00015844183297257017,0.00017014786985267066,0.00010402197511074867,0.0,0.00037402719467045996,0.9999982255894575,1.7744105425370462e-06,0.9999947478087003,1.0000017033702147
continuous_no_spoilage,single_low,5.0,0.1905,27638.607566675175,48.53468007167242,27543.481341733524,27733.733791616825,26562.174502480168,47.648681079769,26468.784803652987,26655.56420130735,0.0,0.0,0.0,0.0,767.2916666666666,1.6262971955807137,764.10418273517,770.4791505981633,76.7973013697737,0.16277413306000096,76.47826993136137,77.11633280818604,72.09857353278336,0.0913944295289948,71.91944374251895,72.27770332304777,124.35663373689418,0.6385598626622461,123.10507940410334,125.60818806968503,25.57638888888889,0.05420990651935708,25.470139424505668,25.68263835327211,10.312499999999998,0.39244323055550645,9.543325402134657,11.081674597865339,0.0,0.0,0.0,0.0,6.394097222222222,0.01355247662983927,6.367534856126417,6.420659588318028,6.394097222222222,0.01355247662983927,6.367534856126417,6.420659588318028,0.21942086105649636,0.00046506895160000297,0.21850934266103256,0.22033237945196016,901.2321691597919,1.1424303691124347,898.9930467814867,903.471291538097,28.227513347586854,0.06425356656861392,28.101578671234122,28.353448023939585,124.35663373689418,0.6385598626622461,123.10507940410334,125.60818806968503,1.03125,0.03924432305555064,0.9543325402134659,1.108167459786534,31.97048611111111,0.06776238314919632,31.837674280632083,32.10329794159014,2.538372844814304,0.1004142642890255,2.3415645032737276,2.7351811863548807,31.982242880131697,0.057371496112594865,31.86979681401183,32.094688946251566,31.98211469354862,0.0573623176999404,31.869686616786993,32.09454277031025,0.0,0.0,0.0,0.0,0.00012818658307799745,0.00010236312578812915,0.0,0.00032881462296767384,1.0,8.696293542450264e-18,1.0,1.0
continuous_no_spoilage,single_low,9.0,0.1905,27645.76897583016,47.637830907115486,27552.400542950603,27739.137408709717,26162.596503518278,46.92457602851681,26070.626024512574,26254.566982523982,0.0,0.0,0.0,0.0,430.625,1.2260466732658175,428.2219926770338,433.0280073229662,58.95707846223985,0.1678586471154737,58.6280815593999,59.286075365079796,130.02870215289144,0.17612847282345126,129.68349668950543,130.37390761627745,498.68321947452637,1.3734573381209199,495.9912925575071,501.3751463915456,358.8541666666666,1.0217055610548473,356.8516605641948,360.85667276913836,6.0243055555555545,0.28806036922736183,5.459717606496615,6.588893504614494,0.0,0.0,0.0,0.0,3.5885416666666665,0.010217055610548484,3.5685166056419484,3.6085667276913846,3.5885416666666665,0.010217055610548484,3.5685166056419484,3.6085667276913846,0.16844879560639955,0.0004795961346156405,0.16750880445542826,0.16938878675737085,1625.358776911143,2.2016059102931416,1621.0437086188178,1629.673845203468,51.403546093148684,0.11665661398195357,51.17490333118566,51.63218885511171,498.68321947452637,1.3734573381209199,495.9912925575071,501.3751463915456,0.6024305555555555,0.02880603692273619,0.5459717606496616,0.6588893504614494,32.296875,0.09195350049493631,32.11664945077754,32.47710054922246,4.9237895114809715,0.1895293539014873,4.552318803820911,5.295260219141032,31.98211469354862,0.0573623176999404,31.869686616786993,32.09454277031025,31.98211469354862,0.0573623176999404,31.869686616786993,32.09454277031025,0.0,0.0,0.0,0.0,0.0,0.0,0.0,0.0,1.0,7.171147365379843e-18,1.0,1.0
continuous_no_spoilage,single_low,10.0,0.1905,27705.42660129894,48.09816467517428,27611.15593081312,27799.697271784757,26091.0959710228,46.80363465080131,25999.36253276166,26182.829409283942,0.0,0.0,0.0,0.0,372.9166666666667,1.3852118282744306,370.2017013722899,375.63163196104347,54.138192080426485,0.2010981828769602,53.744046884631196,54.532337276221774,145.2922615977586,0.21712524120140358,144.86670394486927,145.71781925064792,589.5703154868419,1.4842604257391412,586.661218508715,592.4794124649687,447.5,1.6622541939293167,444.2420416467479,450.7579583532521,4.913194444444444,0.2627573207987672,4.398199559004623,5.4281893298842645,0.0,0.0,0.0,0.0,3.107638888888889,0.011543431902286912,3.0850141781024156,3.130263599675362,3.107638888888889,0.011543431902286912,3.0850141781024156,3.130263599675362,0.15468054880121848,0.0005745662367913157,0.15355441967037478,0.15580667793206218,1816.1532699719821,2.7140655150175435,1810.8337993108655,1821.4727406330987,56.70834668210076,0.12398633702439821,56.46533792695789,56.95135543724363,589.5703154868419,1.4842604257391412,586.661218508715,592.4794124649687,0.4913194444444445,0.026275732079876723,0.43981995590046236,0.5428189329884265,31.076388888888886,0.11543431902286905,30.850141781024156,31.302635996753615,4.2831645114809715,0.2089387865392913,3.8736520148904585,4.692677008071485,31.982242880131697,0.057371496112594865,31.86979681401183,32.094688946251566,31.98211469354862,0.0573623176999404,31.869686616786993,32.09454277031025,0.0,0.0,0.0,0.0,0.0001281865830780022,0.00010236312578813054,0.0,0.0003288146229676813,1.0,6.507710194132711e-18,1.0,1.0
continuous_no_spoilage,single_average,1.8,0.1905,49381.856050647075,69.41347262699718,49245.808144256305,49517.903957037845,45529.007778085645,64.06940514807435,45403.43405148452,45654.58150468677,0.1536035577524748,0.10360241722460876,0.0,0.35666056422400017,3561.25,5.012255921646837,3551.426158912275,3571.073841087725,221.42489789125617,0.31164289383095656,220.81408904330965,222.03570673920268,25.29754889019846,0.027678490068471742,25.243300046517806,25.351797733879113,0.0,0.0,0.0,0.0,0.0,0.0,0.0,0.0,44.72222222222222,0.8507250516866889,43.05483176017034,46.389612684274105,0.0,0.0,0.0,0.0,29.677083333333332,0.04176879934705696,29.59521799093562,29.758948675731045,29.677083333333332,0.04176879934705696,29.59521799093562,29.758948675731045,0.6326425654035891,0.0008904082680884471,0.6308973972665991,0.6343877335405791,316.2193611274808,0.34598112585589685,315.54125058147264,316.89747167348895,5.917910328548344,0.010474072055383253,5.897381524548315,5.938439132548373,0.0,0.0,0.0,0.0,4.472222222222222,0.08507250516866889,4.305483176017034,4.638961268427411,53.418749999999996,0.07518383882470257,53.271392383684116,53.566107616315875,0.8869529724891256,0.03742672849269591,0.8135979325842826,0.9603080123939687,53.42282216018635,0.07517775159558773,53.2754764746203,53.5701678457524,53.42249073886336,0.07516913981228564,53.275161932082426,53.56981954564429,9.035503397204402e-05,6.0942598367416956e-05,0.0,0.00020980033189647076,0.0004217763569654776,0.0002181016782160224,0.0,0.0008492477912366255,0.9999982969194315,1.153400118000093e-06,0.9999960362967405,1.0000005575421227
continuous_no_spoilage,single_average,2.0,0.1905,48892.31861534014,68.65064920909326,48757.76581537502,49026.87141530526,45409.180886513575,63.88889086753859,45283.96096140099,45534.40081162616,0.1525894708247311,0.15258947082473112,0.0,0.4516593380612294,3205.4166666666665,4.559473035032053,3196.480263729522,3214.353069603811,208.360452507961,0.29637765182179887,207.77956298456775,208.94134203135428,28.235797958900083,0.02850910465922391,28.17992114053652,28.291674777263644,0.0,0.0,0.0,0.0,0.0,0.0,0.0,0.0,40.97222222222222,0.7998786953149004,39.40448878740413,42.539955657040316,0.0,0.0,0.0,0.0,26.711805555555554,0.03799560862526712,26.63733553107935,26.786275580031756,26.711805555555554,0.03799560862526712,26.63733553107935,26.786275580031756,0.5953155785941742,0.0008467932909194244,0.5936558942416219,0.5969752629467264,352.9474744862511,0.3563638082402986,352.2490142567066,353.64593471579565,6.609517863438032,0.011956095007603034,6.5860843478273905,6.632951379048673,0.0,0.0,0.0,0.0,4.097222222222222,0.07998786953149005,3.9404488787404133,4.253995565704032,53.42361111111111,0.07599121725053425,53.2746710621587,53.57255116006351,0.9921595162572924,0.04178786771851156,0.9102568005382857,1.074062231976299,53.422565748839496,0.07516340102063364,53.27524818988351,53.56988330779548,53.42249073886336,0.07516913981228564,53.275161932082426,53.56981954564429,8.975851224984183e-05,8.975851224984183e-05,0.0,0.0002656819635654291,0.0001647684883858107,8.718648993473406e-05,0.0,0.00033565086859635337,0.999998324977101,1.6750228990566593e-06,0.9999950419925455,1.0000016079616565
continuous_no_spoilage,single_average,2.1,0.1905,48676.76882528535,68.64035218004605,48542.23620712631,48811.30144344438,45353.86032003638,63.82823366669992,45228.75928085284,45478.96135921992,0.539313098913046,0.4084700430230787,0.0,1.3398996720018066,3052.2916666666665,4.561341615440747,3043.351601379219,3061.231731954114,202.6119206118433,0.30278305162116237,202.01847673553667,203.2053644881499,29.72254931599693,0.03327054035840948,29.65734025514826,29.7877583768456,0.0,0.0,0.0,0.0,0.0,0.0,0.0,0.0,37.74305555555555,0.7289935111171131,36.31425452880261,39.17185658230849,0.0,0.0,0.0,0.0,25.435763888888886,0.03801118012867288,25.36126334482682,25.51026443295095,25.435763888888886,0.03801118012867288,25.36126334482682,25.51026443295095,0.5788912017481235,0.0008650944332033197,0.5771956478158189,0.5805867556804281,371.5318664499616,0.41588175448011844,370.71675318935326,372.34697971057,6.952928189737481,0.013553635019105535,6.926363553240433,6.979492826234528,0.0,0.0,0.0,0.0,3.7743055555555554,0.07289935111171131,3.6314254528802614,3.9171856582308493,53.41510416666667,0.07982347827021304,53.258653024136336,53.57155530919701,1.0266961363852916,0.04456039418749244,0.9393593686408984,1.1140329041296848,53.42264522022106,0.07518374528977129,53.27528778723027,53.570002653211844,53.42249073886336,0.07516913981228564,53.275161932082426,53.56981954564429,0.00031724299936061533,0.0002402764958959286,0.0,0.0007881762776481215,0.0004717243570530965,0.0001918790470425613,9.564833546180952e-05,0.0008478003786443834,0.9999940809352618,4.497917794938021e-06,0.9999852651783783,1.0000028966921453
continuous_no_spoilage,single_average,2.25,0.1905,48388.048612998595,67.87286129994432,48255.020249323024,48521.076976674165,45275.496490726095,63.709469133882315,45150.62822574952,45400.36475570267,0.19415776030668833,0.19415776030668833,0.0,0.574699977826758,2849.7916666666665,4.079782398396566,2841.795440101049,2857.787893232284,194.94415006139965,0.2790834577115439,194.39715653560413,195.49114358719518,31.910342228579122,0.03276242485238859,31.84612905582224,31.974555401336005,0.0,0.0,0.0,0.0,0.0,0.0,0.0,0.0,35.71180555555555,0.7553788744307294,34.23129016698891,37.19232094412219,0.0,0.0,0.0,0.0,23.748263888888886,0.03399818665330472,23.68162866750874,23.81489911026903,23.748263888888886,0.03399818665330472,23.68162866750874,23.81489911026903,0.5569832858897132,0.0007973813077472679,0.5554204472445832,0.5585461245348433,398.87927785723906,0.4095303106548579,398.07661319777804,399.6819425167001,7.467945233595654,0.012740907878391862,7.442973513023664,7.492916954167645,0.0,0.0,0.0,0.0,3.5711805555555554,0.07553788744307294,3.423129016698892,3.719232094412219,53.43359375,0.07649591996993561,53.28366450189467,53.58352299810533,1.1120245387289274,0.04583623502998645,1.0221871688832407,1.201861908574614,53.422596879918615,0.07517367120800464,53.27525919176527,53.56993456807196,53.42249073886336,0.07516913981228564,53.275161932082426,53.56981954564429,0.00011421044723922845,0.00011421044723922845,0.0,0.00033805881048632825,0.0002203515024907809,0.00011606039442079055,0.0,0.0004478256955870438,0.9999978409830432,2.159016956783096e-06,0.9999936093875659,1.0000020725785206
continuous_no_spoilage,single_average,2.4,0.1905,48131.514674286474,67.67308256237061,47998.87786974142,48264.151478831525,45202.29159467448,63.58857696134079,45077.660274002104,45326.92291534686,0.09771227064943838,0.09553128850235434,0.0,0.28495015551075825,2673.5416666666665,3.9741463332333775,2665.7524829842373,2681.3308503490957,188.1854731976316,0.27973254264205943,187.63720748874937,188.73373890651385,34.151670183919514,0.037657120223088,34.07786358452076,34.225476783318264,2.9515338330276573e-05,2.9515338330276573e-05,0.0,8.736433844913323e-05,0.0,0.0,0.0,0.0,33.24652777777777,0.7127892116496758,31.84948659437571,34.64356896117983,0.0,0.0,0.0,0.0,22.27951388888889,0.03311788611027814,22.214604024868645,22.344423752909133,22.27951388888889,0.03311788611027814,22.214604024868645,22.344423752909133,0.5376727805646616,0.0007992358361201682,0.5361063071107123,0.539239254018611,426.89587729899387,0.4707140027886,425.9732948065095,427.81845979147823,7.987482296529049,0.014818489893549523,7.958438590032421,8.016526003025676,2.9515338330276573e-05,2.9515338330276573e-05,0.0,8.736433844913323e-05,3.3246527777777772,0.07127892116496759,3.184948659437571,3.4643568961179834,53.47083333333333,0.07948292666466746,53.315049659684746,53.62661700698192,1.2149793408060028,0.048345291961951295,1.1202243097385045,1.309734371873501,53.42266918732804,0.07515263919714381,53.275372721158504,53.569965653497576,53.42249073886336,0.07516913981228564,53.275161932082426,53.56981954564429,5.747780626437551e-05,5.619487558962018e-05,0.0,0.0001676177385357401,0.00023592627093855722,0.0001556460276841275,0.0,0.0005409868795361714,0.9999989455382136,1.030498646495953e-06,0.9999969257979803,1.0000009652784467
continuous_no_spoilage,single_average,3.0,0.1905,47323.67229548509,66.4455165060599,47193.441476199056,47453.90311477113,44948.90419121505,63.24587234354801,44824.94455925088,45072.86382317922,0.0,0.0,0.0,0.0,2138.125,3.13719261929213,2131.9762154536224,2144.2737845463776,166.63591296760816,0.24449878106798525,166.15670416245098,167.11512177276535,42.830711978915964,0.04280191865301886,42.746821759886835,42.914602197945094,0.006340434628091195,0.0015709862642003206,0.0032613581300514408,0.00941951112613095,0.0,0.0,0.0,0.0,27.170138888888886,0.7011643581512023,25.795881999669387,28.544395778108385,0.0,0.0,0.0,0.0,17.817708333333332,0.026143271827434433,17.76646846211352,17.868948204553146,17.817708333333332,0.026143271827434433,17.76646846211352,17.868948204553146,0.47610260847888064,0.000698567945908529,0.4747334404641458,0.4774717764936155,535.3838997364495,0.5350239831627355,534.3352719985854,536.4325274743136,10.02652502839291,0.017890956770181494,9.991459397474392,10.06159065931143,0.006340434628091195,0.0015709862642003206,0.0032613581300514408,0.00941951112613095,2.717013888888889,0.07011643581512023,2.5795881999669388,2.854439577810839,53.453125,0.07842981548230324,53.29940538634057,53.60684461365943,1.5023069073872095,0.06295933451856515,1.3789088792402124,1.6257049355342066,53.42258864639384,0.07516886746378251,53.27526037340616,53.56991691938152,53.42249073886336,0.07516913981228564,53.275161932082426,53.56981954564429,0.0,0.0,0.0,0.0,9.790753047685679e-05,7.308693688804094e-05,0.0,0.00024115529451776896,1.0,1.5621086677139908e-17,1.0,1.0
continuous_no_spoilage,single_average,4.5,0.1905,46149.383952131226,64.7779258163516,46022.42155053797,46276.34635372448,44488.60803299532,62.59820734288089,44365.9178011065,44611.298264884135,0.0,0.0,0.0,0.0,1425.8333333333333,2.325185224721076,1421.2760540354952,1430.3906126311713,135.2865694773376,0.22061928634850214,134.85416362179961,135.71897533287557,64.72481119285503,0.06191546770870739,64.60345910606001,64.84616327965004,4.768010687924933,0.10077187196496222,4.570501448218926,4.9655199276309405,11.881944444444443,0.019376543539342303,11.84396711696246,11.919921771926425,18.28125,0.5163464747137257,17.269229506016877,19.293270493983123,0.0,0.0,0.0,0.0,11.881944444444443,0.019376543539342303,11.84396711696246,11.919921771926425,11.881944444444443,0.019376543539342303,11.84396711696246,11.919921771926425,0.38653305564953594,0.0006303408181385781,0.3852976103479988,0.38776850095107307,809.0601399106878,0.7739433463588425,807.54323882575,810.5770409956256,15.14557880952843,0.025425922875995835,15.095744916417786,15.195412702639075,4.768010687924933,0.10077187196496222,4.570501448218926,4.9655199276309405,1.828125,0.05163464747137257,1.7269229506016877,1.9293270493983123,53.46875,0.08719444592704034,53.29785202633108,53.63964797366892,2.2835569073872097,0.09220185274592348,2.1028445966973344,2.464269218077085,53.42258864639384,0.0751688674637825,53.27526037340616,53.56991691938152,53.42249073886336,0.07516913981228564,53.275161932082426,53.56981954564429,0.0,0.0,0.0,0.0,9.790753047686073e-05,7.3086936888043e-05,0.0,0.00024115529451777695,1.0,1.2393701495166935e-17,1.0,1.0
continuous_no_spoilage,single_average,5.0,0.1905,45924.93884959563,64.3417417318386,45798.83135309865,46051.04634609261,44368.98281529071,62.42713018824334,44246.627888463554,44491.33774211786,0.0,0.0,0.0,0.0,1282.7083333333333,2.110802760234121,1278.5712359448066,1286.8454307218599,128.38473650113949,0.211267713116286,127.97065939233542,128.79881360994355,72.10215141273802,0.07450149065716709,71.95613117425543,72.24817165122062,13.944840835478828,0.18888777581345076,13.57462759776459,14.315054073193068,42.756944444444436,0.0703600920078041,42.61904119816022,42.89484769072865,16.059027777777775,0.4704973304121806,15.13686995534766,16.98118560020789,0.0,0.0,0.0,0.0,10.689236111111109,0.017590023001951026,10.654760299540055,10.723711922682163,10.689236111111109,0.017590023001951026,10.654760299540055,10.723711922682163,0.36681353286039853,0.0006036220374751026,0.36563045540667266,0.3679966103141244,901.2768926592256,0.9312686332145887,899.4516396781931,903.1021456402581,16.87373337641289,0.028774300079778083,16.817336784576177,16.930129968249602,13.944840835478828,0.18888777581345076,13.57462759776459,14.315054073193068,1.605902777777778,0.04704973304121805,1.5136869955347663,1.6981185600207895,53.446180555555564,0.08795011500975508,53.27380149770029,53.61855961341084,2.5491819073872097,0.10412808974737779,2.3450946017033947,2.753269213071025,53.42256842001094,0.07516551929148634,53.27524670932038,53.5698901307015,53.42249073886336,0.07516913981228564,53.275161932082426,53.56981954564429,0.0,0.0,0.0,0.0,7.768114757417817e-05,4.887684931293518e-05,0.0,0.0001734780119053224,1.0,1.3194951908970067e-17,1.0,1.0
continuous_no_spoilage,single_average,9.0,0.1905,45507.81104393699,62.696188274042655,45384.92877295193,45630.69331492206,43701.726553153014,61.49101671122726,43581.20637502626,43822.24673127977,0.0,0.0,0.0,0.0,714.5833333333334,1.5973249707700345,711.4526339190176,717.7140327476492,97.8339521652069,0.218690539637466,97.40532658375783,98.26257774665596,130.77771003758542,0.12761329152693657,130.527592582244,131.02782749292683,258.0110230256283,0.880022333450229,256.2862109464749,259.73583510478164,595.4861111111112,1.3311041423083623,592.8771949325147,598.0950272897077,9.39236111111111,0.3743894064568158,8.658571358262424,10.126150863959797,0.0,0.0,0.0,0.0,5.954861111111111,0.013311041423083632,5.928771949325146,5.980950272897076,5.954861111111111,0.013311041423083632,5.928771949325146,5.980950272897076,0.2795255776148769,0.0006248301132499038,0.278300933096451,0.2807502221333028,1634.7213754698178,1.5951661440867069,1631.5949072780502,1637.8478436615853,30.4593668380391,0.05238340800409163,30.356697244963613,30.562036431114585,258.0110230256283,0.880022333450229,256.2862109464749,259.73583510478164,0.939236111111111,0.037438940645681575,0.8658571358262424,1.0126150863959797,53.59375,0.1197993728077526,53.35894754392632,53.82855245607368,4.39293190738721,0.18161484980441076,4.036973342712914,4.748890472061506,53.42258864639384,0.0751688674637825,53.27526037340616,53.56991691938152,53.42249073886336,0.07516913981228564,53.275161932082426,53.56981954564429,0.0,0.0,0.0,0.0,9.790753047685916e-05,7.308693688804306e-05,0.0,0.0002411552945177755,1.0,1.0224053805300895e-17,1.0,1.0
continuous_no_spoilage,single_average,10.0,0.1905,45574.63342898153,62.59223879587605,45451.95489522988,45697.311962733176,43582.0382611334,61.32294249194004,43461.847502423174,43702.229019843624,0.0,0.0,0.0,0.0,637.9166666666666,1.2787559171919185,635.410351123953,640.4229822093803,92.6095777375787,0.18564344170436084,92.2457232778721,92.9734321972853,144.82541896896882,0.1543389219355831,144.52292024056234,145.1279176973753,343.80947669713197,1.0708044530139083,341.7107385347396,345.9082148595243,765.5,1.5345071006303024,762.4924213487436,768.5075786512564,7.934027777777778,0.3262243645775866,7.294639772326244,8.573415783229311,0.0,0.0,0.0,0.0,5.315972222222222,0.010656299309932645,5.2950862593662755,5.336858185078169,5.315972222222222,0.010656299309932645,5.2950862593662755,5.336858185078169,0.2645987935359391,0.0005304098334410318,0.2635592093653488,0.2656383777065294,1810.31773711211,1.9292365241947882,1806.536503007029,1814.098971217191,33.986341906635026,0.06161522489398534,33.86557828494348,34.10710552832657,343.80947669713197,1.0708044530139083,341.7107385347396,345.9082148595243,0.7934027777777777,0.03262243645775866,0.7294639772326242,0.8573415783229311,53.15972222222223,0.1065629930993265,52.950862593662755,53.3685818507817,5.439806907387211,0.20198470588285897,5.043924158428892,5.835689656345529,53.42249073886336,0.0751691398122856,53.275161932082426,53.56981954564429,53.42249073886336,0.07516913981228564,53.275161932082426,53.56981954564429,0.0,0.0,0.0,0.0,0.0,0.0,0.0,0.0,1.0,8.906333088774545e-18,1.0,1.0
continuous_no_spoilage,two_person_low,1.8,0.15475,68953.04568968032,97.69615466864968,68761.56474510171,69144.52663425893,63587.02618070573,90.14356174618182,63410.34804624505,63763.70431516641,0.30392726011183696,0.23913997468346,0.0,0.7726329977552389,4976.25,7.108951722291961,4962.316710656473,4990.183289343527,309.4041833994703,0.4420074157170562,308.53786478376526,310.27050201517534,25.078759426125192,0.030628156082310377,25.018729343290993,25.13878950895939,0.0,0.0,0.0,0.0,0.0,0.0,0.0,0.0,54.982638888888886,0.9546627722509993,53.11153423789576,56.85374353988201,0.0,0.0,0.0,0.0,41.46875,0.059241264352433,41.35263925547061,41.58486074452939,41.46875,0.059241264352433,41.35263925547061,41.58486074452939,0.8840119525699152,0.0012628783306201604,0.8815367565250436,0.8864871486147867,313.4844928265649,0.3828519510288796,312.7341167911374,314.2348688619924,4.202952802969745,0.007465076543621582,4.188321521802411,4.217584084137078,0.0,0.0,0.0,0.0,5.498263888888889,0.09546627722509995,5.311153423789577,5.685374353988202,74.64375,0.10663427583437943,74.4347506598471,74.8527493401529,0.9168475340258194,0.038917581449980414,0.8405704760184537,0.9931245920331851,74.61173781568822,0.10577264260896077,74.40442724562503,74.8190483857514,74.61156254580298,0.1057726980387073,74.40425186709949,74.81887322450648,0.00017878074124225702,0.00014067057334321174,0.0,0.00045448999867955223,0.0003540506264943217,0.00020128591494441488,0.0,0.0007485637703805675,0.9999975701997373,1.9193250154434995e-06,0.9999938083918325,1.0000013320076422
continuous_no_spoilage,two_person_low,2.0,0.15475,68267.6107149977,96.66982546105719,68078.14133870226,68457.08009129314,63419.98330849473,89.88542793830457,63243.811107000685,63596.15550998878,0.7480510866108391,0.39682197981342726,0.0,1.5258078753190367,4477.708333333333,6.520105138349003,4464.929162086754,4490.487504579912,291.0627327280389,0.4238238576448859,290.2320532312661,291.8934122248117,28.004122688341408,0.03088664389983576,27.943585978694415,28.0646593979884,0.0,0.0,0.0,0.0,0.0,0.0,0.0,0.0,50.104166666666664,0.8730730499576438,48.392974932877145,51.815358400456184,0.0,0.0,0.0,0.0,37.31423611111111,0.054334209486241715,37.20774301738962,37.4207292048326,37.31423611111111,0.054334209486241715,37.20774301738962,37.4207292048326,0.8316078077943967,0.0012109253075568173,0.8292344378036173,0.8339811777851761,350.05153360426766,0.38608304874794697,349.2948247336803,350.80824247485504,4.6921621473030966,0.00869798756475628,4.675114404938197,4.709209889667996,0.0,0.0,0.0,0.0,5.010416666666667,0.08730730499576439,4.839297493287715,5.181535840045619,74.62847222222221,0.10866841897248343,74.41548603477924,74.8414584096652,1.014506281954935,0.040805808437402113,0.9345283670575862,1.0944841968522838,74.61174506881733,0.10574756228035836,74.40448365529492,74.81900648233973,74.61156254580298,0.1057726980387073,74.40425186709949,74.81887322450648,0.00044003005094755233,0.00023342469400789836,0.0,0.0008975340443053157,0.0006225530653023375,0.00027956594020053533,7.461389120520985e-05,0.001170492239399465,0.9999941097653479,3.1240546765575613e-06,0.9999879867306961,1.0000002327999997
continuous_no_spoilage,two_person_low,2.1,0.15475,67966.6248981452,96.31661238044086,67777.84780676663,68155.40198952376,63342.52365918764,89.8052358454816,63166.50863130737,63518.53868706791,0.3778434959810988,0.26647724685214225,0.0,0.9001293025106871,4263.958333333333,6.111670921395003,4251.979678442038,4275.936988224628,283.04267143284386,0.4056943171763493,282.24752518244566,283.83781768324206,29.517529584291648,0.03575034357915053,29.44746019844158,29.587598970141716,0.0,0.0,0.0,0.0,0.0,0.0,0.0,0.0,47.20486111111111,0.8463201965669699,45.54610400645099,48.863618215771226,0.0,0.0,0.0,0.0,35.53298611111111,0.05093059101162504,35.43316398701698,35.63280823520523,35.53298611111111,0.05093059101162504,35.43316398701698,35.63280823520523,0.8086933469509828,0.0011591266205038546,0.8064215005212736,0.8109651933806921,368.9691198036455,0.4468792947393817,368.09325248051965,369.8449871267714,4.9468600328396155,0.008807096280733468,4.9295984413210014,4.96412162435823,0.0,0.0,0.0,0.0,4.720486111111111,0.084632019656697,4.554610400645099,4.886361821577123,74.61927083333332,0.10695424112441253,74.40964437273566,74.82889729393098,1.0576029744420592,0.04286973313301826,0.9735798414744999,1.1416261074096186,74.61162390411324,0.10578224697164207,74.4042945098451,74.81895329838139,74.61156254580298,0.1057726980387073,74.40425186709949,74.81887322450648,0.00022226087998888163,0.00015675132167773076,0.0,0.0005294878250062865,0.00028361919026055014,0.00020073644630737167,0.0,0.0006770553954075569,0.9999969920586466,2.1213778012583014e-06,0.9999928342345585,1.0000011498827346
continuous_no_spoilage,two_person_low,2.25,0.15475,67562.49795941282,95.70500916622626,67374.91958830695,67750.0763305187,63233.27423339855,89.6618269040325,63057.54028187858,63409.00818491852,0.5922727948847119,0.3118280629153507,0.0,1.2034445675676892,3979.7916666666665,5.620311859281372,3968.776057840592,3990.807275492741,272.24344605767357,0.3844656194707604,271.489907290217,272.99698482513014,31.665784939497225,0.034231157557581826,31.59869310353525,31.7328767754592,0.0,0.0,0.0,0.0,0.0,0.0,0.0,0.0,44.930555555555564,0.7999260426919126,43.362729321583764,46.498381789527365,0.0,0.0,0.0,0.0,33.16493055555555,0.04683593216067809,33.07313381533826,33.25672729577284,33.16493055555555,0.04683593216067809,33.07313381533826,33.25672729577284,0.7778384173076388,0.0010984731984878878,0.77568544940062,0.7799913852146576,395.8223117437154,0.42788946946977346,394.98366379419065,396.6609596932401,5.305780284520725,0.00963241942451903,5.286901089364683,5.324659479676766,0.0,0.0,0.0,0.0,4.493055555555555,0.07999260426919126,4.3362729321583755,4.649838178952735,74.62109375,0.10538084736152573,74.4145510845111,74.8276364154889,1.0884501290871833,0.047644769282352825,0.9950680972420515,1.181832160932315,74.61178740381432,0.1057960266695764,74.40443100183451,74.81914380579413,74.61156254580298,0.1057726980387073,74.40425186709949,74.81887322450648,0.00034839576169688925,0.00018342827230314744,0.0,0.0007079085691574641,0.0005732537730457602,0.00027720006558552845,2.9951627985983593e-05,0.0011165559181055369,0.9999953386792967,2.463638265514323e-06,0.9999905100370253,1.000000167321568
continuous_no_spoilage,two_person_low,2.4,0.15475,67202.02884404859,95.15803471290405,67015.52252317169,67388.53516492549,63130.77848671988,89.51999361516864,62955.32252333789,63306.23445010187,0.6141590732581519,0.32116390387003113,0.0,1.243628757977697,3732.2916666666665,5.466340728747985,3721.577835711096,3743.005497622237,262.7088562561809,0.38476524586260724,261.9547302317875,263.46298228057435,33.79539755482805,0.03590425767187689,33.725026502899524,33.865768606756575,0.0,0.0,0.0,0.0,0.0,0.0,0.0,0.0,41.84027777777778,0.7833851551579389,40.3048710876449,43.37568446791066,0.0,0.0,0.0,0.0,31.102430555555554,0.04555283940623319,31.013148630925798,31.19171248018531,31.102430555555554,0.04555283940623319,31.013148630925798,31.19171248018531,0.750596732160517,0.001099329273893165,0.7484420863765359,0.7527513779444982,422.44246943535063,0.44880322089846136,421.5628312862441,423.32210758445717,5.663138526168171,0.009155236622886377,5.645194592117372,5.6810824602189705,0.0,0.0,0.0,0.0,4.184027777777778,0.07833851551579388,4.03048710876449,4.337568446791066,74.64583333333333,0.1093268145749597,74.43155671422191,74.86010995244474,1.233020001931372,0.05242544155679772,1.130268024606439,1.335771979256305,74.61158661769853,0.10579987951580566,74.40422266427888,74.8189505711182,74.61156254580298,0.1057726980387073,74.40425186709949,74.81887322450648,0.0003612700430930305,0.00018891994345295946,0.0,0.0007315463282221746,0.0003853419386593533,0.00019889127499269195,0.0,0.0007751616744842815,0.9999951109997949,2.5656211417573304e-06,0.9999900824747591,1.0000001395248308
continuous_no_spoilage,two_person_low,3.0,0.15475,66069.86071448706,93.46560093105366,65886.6715028688,66253.04992610532,62776.78835850342,88.98625086021184,62602.37851169816,62951.19820530868,0.7096488897869774,0.30691677755840807,0.10810305952140642,1.3111947200525482,2982.9166666666665,4.285712121526366,2974.516825260368,2991.316508072965,232.47520236482646,0.33400926142619886,231.82055624192827,233.12984848772464,42.595838062360365,0.043887083849795984,42.509820958628275,42.681855166092454,0.0,0.0,0.0,0.0,0.0,0.0,0.0,0.0,34.375,0.7086070374251603,32.986155727455056,35.763844272544944,0.0,0.0,0.0,0.0,24.857638888888886,0.03571426767938639,24.787640210503067,24.927637567274704,24.857638888888886,0.03571426767938639,24.787640210503067,24.927637567274704,0.6642148638995042,0.0009543121755034238,0.6623444464055095,0.666085281393499,532.4479757795044,0.5485885481224501,531.3727619828533,533.5231895761556,7.139483625303291,0.012890900626898849,7.114217924346285,7.1647493262602975,0.0,0.0,0.0,0.0,3.4375,0.070860703742516,3.298615572745506,3.576384427254494,74.57291666666667,0.10714280303815915,74.36292063150921,74.78291270182413,1.3425635133723046,0.06385926273678527,1.2174016583289247,1.4677253684156846,74.61135263167353,0.10576177462895793,74.40406336245972,74.81864190088733,74.61156254580298,0.1057726980387073,74.40425186709949,74.81887322450648,0.0004174405234041044,0.00018053928091671062,6.359003501259209e-05,0.0007712910117956167,0.00020752639395883298,0.0001517677916227724,0.0,0.0005049857995526466,0.9999944481588052,2.4151469696707997e-06,0.9999897145577273,0.9999991817598831
continuous_no_spoilage,two_person_low,4.5,0.15475,64399.068984994396,91.20591305469237,64220.308680230104,64577.82928975869,62134.37264164619,88.09949324662287,61961.70080782658,62307.044475465795,0.06832609497340504,0.04814477926858323,0.0,0.1626881283834588,1988.9583333333333,2.9860772892006158,1983.105729391447,1994.8109372752194,188.71725289306576,0.28332634902406023,188.16194345310737,189.27256233302415,64.4931092287675,0.06817895575118238,64.35948093099162,64.62673752654337,0.02876624251254308,0.00453743084383681,0.019873041476281744,0.03765944354880441,0.0,0.0,0.0,0.0,22.430555555555554,0.5783351550897582,21.297039480586243,23.564071630524865,0.0,0.0,0.0,0.0,16.574652777777775,0.02488397741000512,16.525881078262056,16.623424477293494,16.574652777777775,0.02488397741000512,16.525881078262056,16.623424477293494,0.539192151123045,0.0008095038543544569,0.5376055527231639,0.540778749522926,806.1638653595937,0.8522369468897808,804.4935116373954,807.8342190817921,10.801015096972641,0.01933799481898557,10.763113323594208,10.838916870351074,0.02876624251254308,0.00453743084383681,0.019873041476281744,0.03765944354880441,2.2430555555555554,0.05783351550897583,2.129703948058624,2.3564071630524865,74.5859375,0.1119778983450231,74.36646485217926,74.80541014782074,2.0836192672638103,0.09203824539197683,1.903227621095276,2.2640109134323443,74.61188778876983,0.10579119454983785,74.40454085757068,74.81923471996899,74.61156254580298,0.1057726980387073,74.40425186709949,74.81887322450648,4.01918205725912e-05,2.832045839328426e-05,0.0,9.569889904909344e-05,0.000365434787442014,0.00021266022376042071,0.0,0.0007822411669566676,0.9999994679399035,3.75198392137816e-07,0.9999987325645678,1.000000203315239
continuous_no_spoilage,two_person_low,5.0,0.15475,64028.247243481164,90.61047753980547,63850.65397088117,64205.84051608116,61966.9614032037,87.84850642335391,61794.78149451829,62139.14131188911,0.2997108316759331,0.19850837242223657,0.0,0.6887800922531808,1790.2083333333333,2.751287114833526,1784.8159096771303,1795.6007569895362,179.17980197406072,0.2753730229217202,178.64008076682023,179.7195231813012,71.73136814678544,0.07031419354069451,71.5935548598437,71.86918143372718,0.23120932493500113,0.017644184617541976,0.19662735854804322,0.265791291321959,0.0,0.0,0.0,0.0,19.635416666666664,0.5412002749461639,18.57468361934901,20.69614971398432,0.0,0.0,0.0,0.0,14.918402777777777,0.02292739262361271,14.873465913976087,14.963339641579466,14.918402777777777,0.02292739262361271,14.873465913976087,14.963339641579466,0.511942291354459,0.0007867800654906297,0.5104002307623433,0.5134843519465747,896.6421018348182,0.878927419258681,894.9194357480465,898.3647679215899,12.024518083618611,0.019617725968903304,11.986068047260984,12.062968119976238,0.23120932493500113,0.017644184617541976,0.19662735854804322,0.265791291321959,1.9635416666666667,0.054120027494616384,1.857468361934901,2.0696149713984324,74.5920138888889,0.11463696311806354,74.36732956988045,74.81669820789735,2.5085067599364224,0.10852482628535667,2.2958020089886575,2.7212115108841872,74.6114520840889,0.1057741815838977,74.40413849769025,74.81876567048754,74.61156254580298,0.1057726980387073,74.40425186709949,74.81887322450648,0.0001763004892211371,0.00011676963083660979,0.0,0.00040516476014893,6.583877514997225e-05,6.583877514997225e-05,0.0,0.00019488040323014852,0.999997643930764,1.5690309389035785e-06,0.9999945686866331,1.0000007191748947
continuous_no_spoilage,two_person_low,9.0,0.15475,62708.96239922265,87.99610519486195,62536.49320226092,62881.431596184375,61035.23142212824,86.52491708939156,60865.645700867724,61204.81714338876,0.0012452026474724025,0.0012452026474724022,0.0,0.0036857549899722364,993.125,1.7886607765233042,989.6192892974549,996.6307107025451,135.96922739695083,0.24488641798273467,135.48925883740165,136.4491959565,130.17635859553698,0.12436956252378618,129.93259873221737,130.4201184588566,105.04595145482578,0.6730656992730726,103.7267669250213,106.36513598463027,297.9375,0.5365982329569913,296.8857867892365,298.9892132107635,11.475694444444443,0.42756606491172866,10.637680356205939,12.313708532682947,0.0,0.0,0.0,0.0,8.276041666666664,0.014905506471027511,8.246827410812122,8.305255922521207,8.276041666666664,0.014905506471027511,8.246827410812122,8.305255922521207,0.3884835068484309,0.0006996754799506718,0.38711216810686183,0.38985484559,1627.204482444212,1.5546195315473277,1624.1574841527167,1630.2514807357074,21.820169457430055,0.03898201323659961,21.743766115441456,21.896572799418653,105.04595145482578,0.6730656992730726,103.7267669250213,106.36513598463027,1.1475694444444444,0.04275660649117287,1.063768035620594,1.2313708532682948,74.484375,0.13414955823924782,74.22144669730912,74.74730330269088,4.31006338921853,0.19137299147749873,3.934979218308942,4.685147560128118,74.61169885899066,0.10577122273894234,74.40439107182158,74.81900664615975,74.61156254580298,0.1057726980387073,74.40425186709949,74.81887322450648,7.324721455720013e-07,7.324721455720014e-07,0.0,2.1680911705719035e-06,0.00013704565984378045,0.0001370456598437805,0.0,0.00040565021737511733,0.9999999899412065,1.005879343187819e-08,0.9999999702263337,1.0000000096560795
continuous_no_spoilage,two_person_low,10.0,0.15475,62691.19523463867,87.60484114207902,62519.49290112884,62862.897568148495,60867.942942015936,86.28853441500557,60698.82052228378,61037.06536174809,0.26741101435612585,0.19609369938013924,0.0,0.6517476027364231,893.75,1.608665723549229,890.5970731186794,896.9029268813206,129.75019219275393,0.2335381111098272,129.29246590596117,130.2079184795467,144.7353431554643,0.13765319440467705,144.46554785207425,145.00513845885436,168.11740181571267,0.845703407387177,166.459853595631,169.77495003579435,476.6666666666667,0.8579550525595881,474.9851056632957,478.34822767003766,9.965277777777779,0.36261510256394325,9.254565236502152,10.675990319053405,0.0,0.0,0.0,0.0,7.447916666666667,0.013405547696243565,7.4216422759889955,7.474191057344338,7.447916666666667,0.013405547696243565,7.4216422759889955,7.474191057344338,0.3707148348364398,0.0006672517460280777,0.3694070454456033,0.3720226242272763,1809.1917894433038,1.7206649300584638,1805.8193481509281,1812.5642307356795,24.298932181720343,0.04175060596787593,24.217102497690583,24.380761865750102,168.11740181571267,0.845703407387177,166.459853595631,169.77495003579435,0.9965277777777777,0.03626151025639433,0.925456523650215,1.0675990319053403,74.47916666666667,0.1340554769624356,74.21642275988997,74.74191057344338,4.7740747602588,0.20626475865714725,4.369803262010945,5.178346258506655,74.6114052452063,0.10577174943115765,74.40409642573944,74.81871406467316,74.61156254580298,0.1057726980387073,74.40425186709949,74.81887322450648,0.00015730059668007406,0.00011534923492949369,0.0,0.0003833809427861313,0.0,0.0,0.0,0.0,0.9999978947849009,1.5506321782509325e-06,0.9999948556016782,1.0000009339681235
continuous_no_spoilage,two_person_average,1.8,0.15475,98614.88431297982,137.11103386267536,98346.15162472593,98883.61700123371,90952.66949757944,126.55897284465514,90704.61846888353,91200.72052627534,0.7463905183924097,0.38071974329238245,0.00019353333600524714,1.492587503448814,7113.75,9.945998388505478,7094.256201368235,7133.243798631765,442.3057542643521,0.618404121474602,441.0937044583708,443.51780407033345,24.90919839542656,0.02881109411747483,24.852729688601116,24.965667102252006,0.0,0.0,0.0,0.0,0.0,0.0,0.0,0.0,80.50347222222221,1.1337792491407974,78.28130572748739,82.72563871695704,0.0,0.0,0.0,0.0,59.28125,0.08288331990421235,59.118801678068635,59.443698321931365,59.28125,0.08288331990421235,59.118801678068635,59.443698321931365,1.2637307264695774,0.0017668689184988623,1.2602677270239164,1.2671937259152384,311.364979942832,0.36013867646843556,310.65912110751395,312.07083877815006,2.9189879865843493,0.005256332107334766,2.9086857649631916,2.929290208205507,0.0,0.0,0.0,0.0,8.050347222222223,0.11337792491407972,7.828130572748741,8.272563871695706,106.70625000000001,0.1491899758275822,106.41384302052354,106.99865697947648,0.8626964600051235,0.03748084957868787,0.7892353447209319,0.936157575289315,106.72203337367996,0.1485017536953702,106.430975284796,107.01309146256392,106.72187332823842,0.1485595131684157,106.43070203286752,107.01304462360932,0.00043905324611318215,0.00022395279017198966,1.1384313882665002e-07,0.0008779926490875376,0.0005990986876723348,0.00028584273132500085,3.885722903277408e-05,0.0011593401463118956,0.9999959832952694,2.040145477572105e-06,0.9999919846836102,0.9999999819069286
continuous_no_spoilage,two_person_average,2.0,0.15475,97633.38605604833,135.8966924509447,97367.03343322636,97899.7386788703,90713.76042395194,126.26564758033707,90466.28430220985,90961.23654569403,0.2882380934074568,0.21358981513555975,0.0,0.706866438537722,6403.541666666667,9.01205027988841,6385.878372691222,6421.204960642112,416.2469276444299,0.5858067981828816,415.09876741809273,417.39508787076704,27.84741080298512,0.028734289853496967,27.79109262975093,27.90372897621931,0.0,0.0,0.0,0.0,0.0,0.0,0.0,0.0,71.70138888888889,1.0848005411419157,69.57521889784117,73.8275588799366,0.0,0.0,0.0,0.0,53.36284722222223,0.07510041899907008,53.21565310576018,53.510041338684275,53.36284722222223,0.07510041899907008,53.21565310576018,53.510041338684275,1.1892769361269424,0.0016737337090939458,1.1859964783374077,1.192557393916477,348.092635037314,0.3591786231687122,347.3886578718866,348.79661220274136,3.2629611345948013,0.00542481484499897,3.252328692875805,3.2735935763137975,0.0,0.0,0.0,0.0,7.170138888888888,0.10848005411419157,6.9575218897841165,7.38275588799366,106.72569444444446,0.15020083799814016,106.43130621152036,107.02008267736855,0.9900129557257379,0.04093420512000001,0.9097833879547628,1.070242523496713,106.72207108700229,0.1485478206827495,106.43092270848219,107.0132194655224,106.72187332823842,0.1485595131684157,106.43070203286752,107.01304462360932,0.00016955181965144515,0.00012564106772679987,0.0,0.00041580378737513066,0.00036731058352302924,0.00022918173289523396,0.0,0.0008164985259121664,0.9999984015268115,1.174185727858746e-06,0.9999961001650738,1.0000007028885494
continuous_no_spoilage,two_person_average,2.1,0.15475,97203.44042116124,135.37483710933228,96938.11061601398,97468.77022630851,90602.37477909472,126.12677576259506,90355.17084111388,90849.57871707556,1.3422941762896752,0.5074315258206383,0.3477466610610176,2.336841691518333,6096.875,8.654781398501434,6079.91194016487,6113.83805983513,404.7121600372393,0.5745066570066854,403.5861476806277,405.8381723938509,29.316743408535686,0.028475884115727764,29.260931701240924,29.372555115830448,0.0,0.0,0.0,0.0,0.0,0.0,0.0,0.0,68.81944444444444,1.0137573926378622,66.832516465813,70.80637242307589,0.0,0.0,0.0,0.0,50.807291666666664,0.0721231783208453,50.66593283470725,50.94865049862608,50.807291666666664,0.0721231783208453,50.66593283470725,50.94865049862608,1.1563204572492547,0.0016414475914476685,1.1531032790875073,1.159537635411002,366.459292606696,0.3559485514465971,365.7616462655115,367.1569389478805,3.435774342929078,0.006069729788175813,3.423877891148363,3.4476707947097927,0.0,0.0,0.0,0.0,6.881944444444444,0.10137573926378622,6.6832516465813,7.080637242307588,106.6953125,0.15145867447377506,106.39845895288522,106.99216604711478,0.9606230546955302,0.04577483961556611,0.8709060176509233,1.050340091740137,106.72120277697233,0.14856565564185892,106.4300194425747,107.01238611136996,106.72187332823842,0.1485595131684157,106.43070203286752,107.01304462360932,0.0007895848095821617,0.00029848913283566964,0.0002045568594476572,0.0013746127597166662,0.00011903354349386017,0.00011903354349386018,0.0,0.0003523350016940082,0.999992592486532,2.8002855828432506e-06,0.9999871040276432,0.9999980809454209
continuous_no_spoilage,two_person_average,2.25,0.15475,96625.36788715281,134.69871185585473,96361.36326315139,96889.37251115423,90446.67170732263,125.9102029668886,90199.8922442214,90693.45117042387,0.30321852864759824,0.22219948328199735,0.0,0.7387215132637228,5693.125,8.149797706779664,5677.151690013425,5709.098309986575,389.44650842370555,0.5574987834036432,388.35383088680953,390.53918596060157,31.481175100040332,0.02737557068708525,31.427519967437416,31.534830232643248,0.0,0.0,0.0,0.0,0.0,0.0,0.0,0.0,64.34027777777777,0.9387380595499878,62.50038499014278,66.18017056541277,0.0,0.0,0.0,0.0,47.442708333333336,0.06791498088983053,47.309597416778544,47.57581924988813,47.442708333333336,0.06791498088983053,47.309597416778544,47.57581924988813,1.1127043097820157,0.0015928536668675497,1.1095823739623127,1.1158262456017187,393.51468875050415,0.34219463358856583,392.8439995929677,394.1853779080406,3.688696156667048,0.005651447211164785,3.6776195236726354,3.6997727896614605,0.0,0.0,0.0,0.0,6.434027777777779,0.09387380595499878,6.25003849901428,6.6180170565412775,106.74609375,0.15280870700211868,106.44659418775171,107.04559331224829,1.1267581417879264,0.04776793020080504,1.0331347189783253,1.2203815645975276,106.72210039133131,0.1485671177023232,106.43091419134784,107.01328659131478,106.72187332823842,0.1485595131684157,106.43070203286752,107.01304462360932,0.00017836384038094014,0.00013070557840117494,0.0,0.00043454206662571943,0.0004054269332649598,0.00026240887647339793,0.0,0.0009197388803764397,0.9999983512991006,1.2078899282556485e-06,0.999995983878344,1.0000007187198574
continuous_no_spoilage,two_person_average,2.4,0.15475,96107.61414805173,133.75863266301386,95845.4520454109,96369.77625069255,90300.20854763318,125.69832978675007,90053.84434833431,90546.57274693206,0.9012786919414585,0.4185001044882829,0.0810335596181746,1.7215238242647424,5335.833333333333,7.4611169695946495,5321.2098127884865,5350.45685387818,375.5790804595761,0.5251737218132184,374.54975887919534,376.6084020399569,33.650935711468,0.03399708029382863,33.584302658512584,33.71756876442342,0.0,0.0,0.0,0.0,0.0,0.0,0.0,0.0,61.44097222222222,0.8708678629313816,59.73410257558335,63.14784186886109,0.0,0.0,0.0,0.0,44.46527777777777,0.062175974746622086,44.34341510657072,44.587140448984826,44.46527777777777,0.062175974746622086,44.34341510657072,44.587140448984826,1.0730830870273602,0.0015004963480377657,1.0701421682262724,1.076024005828448,420.63669639334995,0.4249635036728579,419.8037832314072,421.4696095552927,3.943642030505412,0.006876946394026668,3.930163463249507,3.957120597761317,0.0,0.0,0.0,0.0,6.144097222222222,0.08708678629313817,5.973410257558335,6.31478418688611,106.71666666666665,0.14922233939189303,106.42419625576973,107.00913707756358,1.1348447920760922,0.05220311375733794,1.0325285692308626,1.237161014921322,106.7219824172651,0.1485575189375655,106.43081503051484,107.01314980401536,106.72187332823842,0.1485595131684157,106.43070203286752,107.01304462360932,0.0005301639364361521,0.0002461765320519311,4.7666799775396816e-05,0.0010126610730969074,0.0006392529630922582,0.0002997509139371985,5.175196744238385e-05,0.0012267539587421325,0.9999950774834695,2.274581143649493e-06,0.999990619386348,0.999999535580591
continuous_no_spoilage,two_person_average,3.0,0.15475,94487.53106035576,131.64622015653907,94229.50921014811,94745.5529105634,89793.87381139006,125.0176807206349,89548.84365974688,90038.90396303324,0.583429005985724,0.36646223686406654,0.0,1.301681791933281,4269.791666666667,6.18396984606247,4257.6713084869025,4281.912024846431,332.76849228014515,0.4819509902661345,331.8238856969101,333.7130988633802,42.440744346228506,0.04179372752150658,42.35883014550667,42.52265854695034,0.0,0.0,0.0,0.0,0.0,0.0,0.0,0.0,48.072916666666664,0.8794724414770082,46.34918235597622,49.79665097735711,0.0,0.0,0.0,0.0,35.58159722222222,0.05153308205052059,35.480594237390854,35.68260020705359,35.58159722222222,0.05153308205052059,35.480594237390854,35.68260020705359,0.9507671208004149,0.0013770028293318137,0.9480682448483149,0.953465996752515,530.5093043278563,0.5224215940188328,529.4853768188334,531.5332318368792,4.973783230515699,0.008038045087086415,4.958028951638901,4.989537509392497,0.0,0.0,0.0,0.0,4.807291666666667,0.08794724414770082,4.634918235597622,4.979665097735712,106.74479166666667,0.15459924615156176,106.44178271217257,107.04780062116077,1.5217838808655824,0.06312779146754922,1.398055683165631,1.6455120785655337,106.72164916824897,0.14858578314285134,106.4304263846743,107.01287195182364,106.72187332823842,0.1485595131684157,106.43070203286752,107.01304462360932,0.0003431935329327788,0.000215566021684745,0.0,0.0007656951717254593,0.00011903354349385781,0.00011903354349385781,0.0,0.0003523350016940012,0.9999967244944553,2.0590035051894347e-06,0.9999926889217411,1.0000007600671694
continuous_no_spoilage,two_person_average,4.5,0.15475,92086.19578258375,128.2803477113901,91834.77092114514,92337.62064402235,88874.74436232548,123.72693344002478,88632.24402886545,89117.24469578551,0.19417442117535258,0.1941744211753526,0.0,0.5747492933979553,2845.2083333333335,4.248728336937261,2836.8809788128415,2853.5356878538255,269.9603564219754,0.4031297823579629,269.17023656745835,270.75047627649246,64.33508385956752,0.05699852789767845,64.22336879771626,64.44679892141878,0.0,0.0,0.0,0.0,0.0,0.0,0.0,0.0,31.753472222222218,0.6857077957891146,30.409509638557207,33.097434805887225,0.0,0.0,0.0,0.0,23.710069444444446,0.03540606947447717,23.64067482344035,23.779464065448543,23.710069444444446,0.03540606947447717,23.64067482344035,23.779464065448543,0.7713153040627869,0.0011517993781656084,0.7690578187641667,0.7735727893614072,804.1885482445938,0.712481598720981,802.7921099714531,805.5849865177345,7.53913689802313,0.011910683903378384,7.515792386541267,7.562481409504993,0.0,0.0,0.0,0.0,3.175347222222222,0.06857077957891144,3.040950963855721,3.3097434805887227,106.6953125,0.1593273126351473,106.38303670548156,107.00758829451844,2.239846961010034,0.09710892118503342,2.04951697290983,2.4301769491102383,106.72212773212847,0.14857315977932986,106.43092968989167,107.01332577436527,106.72187332823842,0.1485595131684157,106.43070203286752,107.01304462360932,0.0001142202477502074,0.0001142202477502074,0.0,0.000338087819645856,0.00036862413780644433,0.0002600885026867384,0.0,0.0008783882358654007,0.9999989449450091,1.0550549909508017e-06,0.9999968770752251,1.0000010128147931
continuous_no_spoilage,two_person_average,5.0,0.15475,91554.31982379589,127.32791259420401,91304.76170088458,91803.87794670719,88635.6308943176,123.3881483368608,88393.79456745826,88877.46722117694,0.1221947925286601,0.0982124473010839,0.0,0.3146876520723226,2561.6666666666665,3.7578693850770803,2554.3013780133097,2569.0319553200234,256.3941400061736,0.3761206334062594,255.65695711085493,257.13132290149224,71.63440023512379,0.06737322554477895,71.50235113953373,71.76644933071385,0.0,0.0,0.0,0.0,0.0,0.0,0.0,0.0,28.871527777777775,0.662589973179135,27.57287529382931,30.17018026172624,0.0,0.0,0.0,0.0,21.347222222222218,0.03131557820897567,21.28584481677758,21.408599627666856,21.347222222222218,0.03131557820897567,21.28584481677758,21.408599627666856,0.7325546857319246,0.0010746303811607408,0.730448448888157,0.7346609225756923,895.4300029390473,0.842165319309737,893.7793892441715,897.0806166339231,8.393754294848605,0.014190311006808431,8.365941796345838,8.421566793351372,0.0,0.0,0.0,0.0,2.8871527777777772,0.06625899731791351,2.7572875293829306,3.017018026172624,106.7361111111111,0.15657789104487832,106.4292240838879,107.0429981383343,2.4011782714692855,0.10491029004448618,2.195557881374442,2.606798661564129,106.7219204824922,0.14856576325371001,106.43073693717922,107.01310402780517,106.72187332823842,0.1485595131684157,106.43070203286752,107.01304462360932,7.187928972274123e-05,5.777202782416701e-05,0.0,0.00018511038357195447,0.00011903354349385071,0.0001190335434938507,0.0,0.00035233500169398014,0.9999993190561135,5.465646223938888e-07,0.9999982478091384,1.0000003903030885
continuous_no_spoilage,two_person_average,9.0,0.15475,89504.13526194052,124.23142944027863,89260.64613448965,89747.62438939139,87302.49229739828,121.52235070347078,87064.31286670282,87540.67172809373,0.19417442117536599,0.194174421175366,0.0,0.574749293397995,1425.2083333333333,2.2761452793597337,1420.7471705622074,1429.669496104459,195.12596698605844,0.31162815866860644,194.51518701849943,195.73674695361746,130.07652651565812,0.10757744378836029,129.86567860028404,130.2873744310322,7.694213286020684,0.1758338677120906,7.349585238042606,8.038841333998763,427.5625,0.6828435838079201,426.2241511686622,428.9008488313378,15.78125,0.4903115059376615,14.820257107156587,16.742242892843414,0.0,0.0,0.0,0.0,11.876736111111109,0.018967877327997786,11.839559754685059,11.913912467537159,11.876736111111109,0.018967877327997786,11.839559754685059,11.913912467537159,0.5575027628173098,0.0008903661676245915,0.5557576771957127,0.559247848438907,1625.9565814457267,1.3447180473545048,1623.3209825035508,1628.5921803879025,15.251122445841395,0.024386331687482676,15.20332611401888,15.298918777663909,7.694213286020684,0.1758338677120906,7.349585238042606,8.038841333998763,1.578125,0.04903115059376615,1.4820257107156587,1.6742242892843413,106.890625,0.17071089595198002,106.55603779216555,107.22521220783445,4.724221961010033,0.18676375765537606,4.358171722388129,5.090272199631937,106.72175910799065,0.14855336539343061,106.43059986203731,107.01291835394399,106.72187332823842,0.1485595131684157,106.43070203286752,107.01304462360932,0.0001142202477502153,0.0001142202477502153,0.0,0.0003380878196458794,0.0,0.0,0.0,0.0,0.9999989449450091,1.0550549909507776e-06,0.9999968770752251,1.0000010128147931
continuous_no_spoilage,two_person_average,10.0,0.15475,89398.16716488666,123.7758976569653,89155.57086332489,89640.76346644844,87063.64496231795,121.19476829730095,86826.10758134056,87301.18234329534,0.0,0.0,0.0,0.0,1280.8333333333333,2.0025797788844706,1276.9083490905516,1284.758317576115,185.9450306762357,0.29072459993463795,185.37522093094398,186.5148404215274,144.5970011768505,0.1194469206134602,144.3628895143839,144.83111283931711,25.43503182672524,0.36358601500577203,24.722416332031486,26.147647321418994,683.1111111111112,1.0680425487383858,681.0177861816276,685.2044360405948,14.600694444444445,0.4758202223918918,13.668103945440498,15.533284943448392,0.0,0.0,0.0,0.0,10.673611111111112,0.016688164824037278,10.64090290908793,10.706319313134294,10.673611111111112,0.016688164824037278,10.64090290908793,10.706319313134294,0.5312715162178164,0.0008306417140989659,0.5296434883741259,0.532899544061507,1807.462514710631,1.4930865076682527,1804.5361189297985,1810.3889104914635,16.954928361128637,0.02630460585460938,16.90337228102608,17.006484441231194,25.43503182672524,0.36358601500577203,24.722416332031486,26.147647321418994,1.4600694444444444,0.04758202223918918,1.3668103945440497,1.553328494344839,106.7361111111111,0.16688164824037263,106.40902909087929,107.06319313134291,4.770754300266784,0.1962153298934406,4.386179320460995,5.155329280072573,106.72187332823842,0.1485595131684158,106.43070203286752,107.01304462360932,106.72187332823842,0.1485595131684157,106.43070203286752,107.01304462360932,0.0,0.0,0.0,0.0,0.0,0.0,0.0,0.0,1.0,1.1434514577549611e-17,1.0,1.0
continuous_no_spoilage,family_three,1.8,0.15475,148028.9621856143,196.78645936551365,147643.26781261276,148414.65655861585,136577.39255433143,181.5800222336985,136221.5022504414,136933.28285822144,1.7791945340522426,0.7743249989088665,0.26154542386184754,3.296843644242638,10683.333333333334,14.275197658147292,10655.354460051174,10711.312206615494,664.2487869348087,0.8875771663974071,662.5091676551697,665.9884062144477,25.038177591827235,0.029946154940707532,24.979484206667994,25.096870976986477,0.0,0.0,0.0,0.0,0.0,0.0,0.0,0.0,77.17013888888887,1.0979376213854732,75.01822069370176,79.32205708407598,0.0,0.0,0.0,0.0,89.02777777777777,0.1189599804845608,88.79462050042645,89.2609350551291,89.02777777777777,0.1189599804845608,88.79462050042645,89.2609350551291,1.8978536769565961,0.002535934761135447,1.8928833361576274,1.9028240177555649,312.97721989784037,0.37432693675884426,312.2435525833498,313.71088721233093,1.9533522855344572,0.0033735221739098946,1.9467403035725466,1.9599642674963678,0.0,0.0,0.0,0.0,7.717013888888889,0.10979376213854732,7.50182206937018,7.932205708407599,160.25,0.2141279648722094,159.8303169007676,160.6696830992324,0.8164847569743797,0.036340343500240624,0.7452589925280939,0.8877105214206655,160.25716591706484,0.21306234660142728,159.83957139126446,160.67476044286522,160.25798932363907,0.21307876008549181,159.84036262800106,160.67561601927707,0.0010465850200307308,0.0004554852934758039,0.00015385024933049839,0.0019393197907309632,0.00022317844583396012,0.0001852724599240327,0.0,0.0005863057946122047,0.9999934757809164,2.83464738309161e-06,0.9999879199741366,0.9999990315876961
continuous_no_spoilage,family_three,2.0,0.15475,146559.0191583782,194.88280242468002,146177.05588441962,146940.9824323368,136219.5557003401,181.12956970031115,135864.54826719227,136574.56313348794,0.6317528536802748,0.37244650028029974,0.0,1.3617345803976493,9616.041666666666,12.801545690354953,9590.951098167126,9641.132235166206,625.067815313269,0.8321338940367711,623.4368628506418,626.6987677758962,27.930556537801113,0.031373871738317766,27.86906487913843,27.992048196463795,0.0,0.0,0.0,0.0,0.0,0.0,0.0,0.0,69.79166666666667,1.1295799089913803,67.57773072738354,72.0056026059498,0.0,0.0,0.0,0.0,80.13368055555554,0.10667954741962461,79.92459248472605,80.34276862638504,80.13368055555554,0.10667954741962461,79.92459248472605,80.34276862638504,1.7859080437521968,0.0023775254115336298,1.7812481795732622,1.7905679079311314,349.1319567225139,0.3921733967289722,348.3633109892304,349.9006024557974,2.179062794741025,0.0038504286709680965,2.171516093220887,2.186609496261163,0.0,0.0,0.0,0.0,6.979166666666667,0.11295799089913804,6.757773072738353,7.2005602605949806,160.2673611111111,0.21335909483924922,159.8491849694521,160.68553725277008,0.9498765265580372,0.041291729461304154,0.8689462239545096,1.0308068291615649,160.25830082392955,0.21309361141213093,159.8406450202262,160.6759566276329,160.25798932363907,0.21307876008549181,159.84036262800106,160.67561601927707,0.0003716193256942792,0.00021908617663547037,0.0,0.0008010203414103818,0.0006831196161876203,0.000429933602070175,0.0,0.0015257739919887383,0.9999977080433805,1.3391859139137343e-06,0.9999950832872206,1.0000003327995404
continuous_no_spoilage,family_three,2.1,0.15475,145914.73740207942,193.94816972247833,145534.60597455592,146294.86882960293,136052.71553285327,180.91630655208687,135698.12608779516,136407.30497791138,1.024657632955661,0.597855963959325,0.0,2.1964337902584146,9156.041666666666,12.213773216370083,9132.103111047241,9179.98022228609,607.7804449505084,0.8107534664237193,606.1913973559768,609.3694925450399,29.310516642700872,0.03373342497191017,29.244400344680745,29.376632940721,0.0,0.0,0.0,0.0,0.0,0.0,0.0,0.0,67.86458333333333,1.0550985553820202,65.79662816464433,69.93253850202233,0.0,0.0,0.0,0.0,76.30034722222221,0.10178144346975065,76.100859258727,76.49983518571743,76.30034722222221,0.10178144346975065,76.100859258727,76.49983518571743,1.7365155570014528,0.002316438475496347,1.731975421017077,1.7410556929858285,366.3814580337608,0.4216678121488772,365.5550043085092,367.2079117590124,2.2869602910403297,0.0040925878478577805,2.2789389662549624,2.294981615825697,0.0,0.0,0.0,0.0,6.786458333333333,0.10550985553820205,6.579662816464433,6.993253850202233,160.23072916666663,0.21374103128647648,159.81180444332668,160.6496538900066,0.9464032212665624,0.04355396757388509,0.8610390134379222,1.0317674290952026,160.257493008777,0.21310264641828278,159.839819496787,160.67516652076702,160.25798932363907,0.21307876008549181,159.84036262800106,160.67561601927707,0.0006027397840915653,0.00035167997879960287,0.0,0.0012920198766225967,0.00010642492203800755,7.653310911247695e-05,0.0,0.0002564270595233366,0.9999962122542918,2.2047281476376332e-06,0.9999918910665268,1.000000533442057
continuous_no_spoilage,family_three,2.25,0.15475,145044.0159936121,192.84328538591785,144666.0500995953,145421.98188762888,135817.85656582663,180.56444621337758,135463.95675436,136171.75637729326,1.3693292104488155,0.6898493280024239,0.017249372804905905,2.721409048092725,8546.875,11.524933371754724,8524.286545667137,8569.463454332863,584.6614340426141,0.7883798549031896,583.116237920867,586.2066301643613,31.534914532397192,0.03189192909625528,31.472407499971027,31.597421564823357,0.0,0.0,0.0,0.0,0.0,0.0,0.0,0.0,61.71875,1.0274190142649129,59.70504573500913,63.73245426499087,0.0,0.0,0.0,0.0,71.22395833333333,0.09604111143128939,71.0357212138928,71.41219545277386,71.22395833333333,0.09604111143128939,71.0357212138928,71.41219545277386,1.670461240121755,0.002252513871151972,1.6660463940596202,1.6748760861838896,394.1864316549648,0.39864911370319095,393.40509374963773,394.96776956029186,2.460380703567512,0.003831146631665634,2.4528717941499556,2.4678896129850685,0.0,0.0,0.0,0.0,6.171875,0.10274190142649128,5.970504573500913,6.373245426499087,160.25390625,0.21609250072040107,159.83037273125882,160.67743976874118,1.0852927152268443,0.04776558883736323,0.9916738814052639,1.1789115490484248,160.25760428484708,0.21305612016599054,159.8400219626359,160.67518660705827,160.25798932363907,0.21307876008549181,159.84036262800106,160.67561601927707,0.0008054877708522446,0.00040579372235436696,1.0146689885239153e-05,0.00160082885181925,0.000420448978878171,0.0002489206322387861,0.0,0.0009083244530751315,0.9999950327396112,2.4985907004355073e-06,0.9999901355918263,0.9999999298873962
continuous_no_spoilage,family_three,2.4,0.15475,144266.9529346724,191.84380000351018,143890.9459960082,144642.95987333657,135597.89765492885,180.34568334837158,135244.42661079878,135951.36869905892,2.110727363882718,0.8988561308589633,0.34900172011612796,3.872453007649308,8011.25,10.814984797056281,7990.0530193044215,8032.4469806955785,563.8965313131556,0.7612460494010984,562.4045164729561,565.3885461533552,33.72510439982211,0.038741414107220644,33.6491726234618,33.801036176182414,0.0,0.0,0.0,0.0,0.0,0.0,0.0,0.0,58.072916666666664,0.9776857814070444,56.156687746911956,59.98914558642137,0.0,0.0,0.0,0.0,66.76041666666667,0.09012487330880231,66.58377516087019,66.93705817246315,66.76041666666667,0.09012487330880231,66.58377516087019,66.93705817246315,1.6111329466090158,0.0021749887125745646,1.6068700470655886,1.6153958461524431,421.56380499777634,0.4842676763402577,420.61465779327256,422.51295220228013,2.6310577130439707,0.004489530988583127,2.6222583939988713,2.63985703208907,0.0,0.0,0.0,0.0,5.807291666666667,0.09776857814070444,5.615668774691196,5.998914558642138,160.225,0.21629969594112558,159.80106038608844,160.64893961391155,1.104569814909375,0.049491602371370624,1.0075680567243115,1.2015715730944385,160.25739787426798,0.21314290583483966,159.8396454552715,160.67515029326447,160.25798932363907,0.21307876008549181,159.84036262800106,160.67561601927707,0.0012416043316957166,0.0005287389005052725,0.0002052951294800754,0.0022779135339113577,0.0006501549606375387,0.0004082094285703502,0.0,0.0014502307387851009,0.9999921853523454,3.3204882945705905e-06,0.9999856773148769,0.9999986933898138
continuous_no_spoilage,family_three,3.0,0.15475,141836.80510082727,188.50675424599117,141467.33865166258,142206.27154999197,134838.8165540814,179.27583667473272,134487.44237090062,135190.19073726216,0.5147200988404967,0.3774700786213333,0.0,1.2545478581798126,6409.791666666667,8.51929027511913,6393.094164553591,6426.489168779743,499.55053437341934,0.6639554342381961,498.24920563497284,500.85186311186584,42.48926449584544,0.042611181452733904,42.40574811485938,42.5727808768315,0.0,0.0,0.0,0.0,0.0,0.0,0.0,0.0,45.64236111111111,0.8546697343164082,43.96723921317453,47.317483009047685,0.0,0.0,0.0,0.0,53.41493055555555,0.07099408562599278,53.27578470461325,53.55407640649785,53.41493055555555,0.07099408562599278,53.27578470461325,53.55407640649785,1.427287241066912,0.001897015526394846,1.4235691589570647,1.4310053231767592,531.115806198068,0.5326397681591737,530.0718514357422,532.1597609603937,3.31462186595998,0.005462484457255824,3.3039155931576487,3.3253281387623113,0.0,0.0,0.0,0.0,4.564236111111111,0.08546697343164082,4.396723921317453,4.731748300904768,160.24479166666666,0.21298225687797828,159.82735411383976,160.66222921949355,1.439253331500477,0.060114519080500306,1.3214310391547506,1.5570756238462033,160.25838137658343,0.213072586512224,159.84076678092669,160.67599597224017,160.25798932363907,0.21307876008549181,159.84036262800106,160.67561601927707,0.000302776528729704,0.00022204122271843131,0.0,0.0007379693283410661,0.0006948294731004574,0.0004345922071999248,0.0,0.0015466145471740786,0.9999981448621256,1.3562071397107017e-06,0.9999954867449762,1.000000802979275
continuous_no_spoilage,family_three,4.5,0.15475,138233.76712996294,183.89117123917154,137873.3470572593,138594.1872026666,133457.48125577645,177.4028858406007,133109.7779887754,133805.1845227775,0.7526265244930824,0.5386768266099193,0.0,1.8084137039548516,4274.791666666667,5.929136473575254,4263.170772719037,4286.412560614297,405.6027351118484,0.5625710345806819,404.50011614532485,406.70535407837195,64.28815143904846,0.057542103550360046,64.17537098849509,64.40093188960184,0.0,0.0,0.0,0.0,0.0,0.0,0.0,0.0,30.850694444444443,0.6941887527385978,29.49010949060401,32.21127939828487,0.0,0.0,0.0,0.0,35.623263888888886,0.04940947061312712,35.52642310599197,35.720104671785805,35.623263888888886,0.04940947061312712,35.52642310599197,35.720104671785805,1.1588649574624237,0.0016073458130876617,1.1557146175580706,1.1620152973667768,803.6018929881058,0.7192762943795015,802.1921373561885,805.011648620023,5.01603960365184,0.007769932808822661,5.000810815184251,5.031268392119428,0.0,0.0,0.0,0.0,3.085069444444444,0.06941887527385977,2.949010949060401,3.2211279398284876,160.3046875,0.22234261775907202,159.86890397696385,160.74047102303615,2.3615481663692757,0.09339324177327588,2.1785007760942134,2.544595556644338,160.2577477277645,0.2130280495158818,159.84022042301655,160.67527503251245,160.25798932363907,0.21307876008549181,159.84036262800106,160.67561601927707,0.0004427214849959308,0.0003168687215352465,0.0,0.0010637727670322653,0.00020112561045721464,0.00018158278361210311,0.0,0.0005570213265494667,0.9999973024189229,1.9307139966644554e-06,0.999993518289025,1.000001086548821
continuous_no_spoilage,family_three,5.0,0.15475,137430.07392140033,182.6534382016269,137072.07976087273,137788.06808192792,133098.72922505246,176.9664170875392,132751.8814210878,133445.57702901712,0.30673774879571253,0.22075053129719158,0.0,0.7394008397062901,3845.625,5.239479298995973,3835.3558092762246,3855.8941907237754,384.90398750601497,0.5244131902197359,383.87615654016656,385.9318184718634,71.82841553747718,0.07383034942601811,71.68371071163618,71.97312036331819,0.0,0.0,0.0,0.0,0.0,0.0,0.0,0.0,28.680555555555554,0.6718811184150495,27.363692761569567,29.99741834954154,0.0,0.0,0.0,0.0,32.04687499999999,0.043662327491633075,31.961298410635198,32.132451589364784,32.04687499999999,0.043662327491633075,31.961298410635198,32.132451589364784,1.099725678588614,0.0014983234006278158,1.09678901868619,1.1026623384910381,897.8551942184649,0.9228793678252263,896.0463838954524,899.6640045414774,5.602821213172775,0.009084913813181002,5.58501510929629,5.62062731704926,0.0,0.0,0.0,0.0,2.868055555555556,0.06718811184150496,2.736369276156957,2.9997418349541545,160.234375,0.2183116374581656,159.80649205317604,160.66225794682396,2.386802970490594,0.10412599478424411,2.18271977085907,2.590886170122118,160.25780888966918,0.21307679205224334,159.84018605130544,160.67543172803292,160.25798932363907,0.21307876008549181,159.84036262800106,160.67561601927707,0.0001804339698798309,0.00012985325370423037,0.0,0.0004349416704154648,0.0,0.0,0.0,0.0,0.999998877272863,8.082335634761302e-07,0.9999972931641875,1.0000004613815385
continuous_no_spoilage,family_three,9.0,0.15475,133744.0806632149,177.7306693466234,133395.73495234732,134092.42637408248,131097.32968319755,174.2966172541064,130755.71459075234,131438.94477564277,0.0,0.0,0.0,0.0,2137.7083333333335,3.1634487530826023,2131.5080877103533,2143.9085789563137,292.67468897002556,0.4331093093683953,291.8258103222945,293.5235676177566,130.05429573695307,0.10304755633600358,129.85232623783963,130.2562652360665,0.004634199252247371,0.002016152295466282,0.0006826133657857007,0.008585785138709041,71.25694444444444,0.10544829176942015,71.05026959034511,71.46361929854378,15.052083333333334,0.4892289045444759,14.093212300230178,16.01095436643649,0.0,0.0,0.0,0.0,17.81423611111111,0.026362072942355038,17.762567397586277,17.865904824635944,17.81423611111111,0.026362072942355038,17.762567397586277,17.865904824635944,0.8362133970572163,0.0012374551696239869,0.8337880294922704,0.8386387646221622,1625.6786967119133,1.2880944542000454,1623.1540779729953,1628.2033154508313,10.146672719067269,0.015891386384005217,10.115526174090208,10.177819264044329,0.004634199252247371,0.002016152295466282,0.0006826133657857007,0.008585785138709041,1.5052083333333333,0.04892289045444758,1.4093212300230176,1.601095436643649,160.328125,0.23725865648119518,159.8631065782765,160.7931434217235,4.610220001914288,0.19312649079329613,4.2316990354988215,4.988740968329755,160.25816984113737,0.21306655870218205,159.84056705977122,160.67577262250353,160.25798932363907,0.21307876008549181,159.84036262800106,160.67561601927707,0.0,0.0,0.0,0.0,0.0001805174983375426,0.00018051749833754267,0.0,0.0005343252936583953,1.0,1.0674382989531665e-17,1.0,1.0
continuous_no_spoilage,family_three,10.0,0.15475,133354.19297001523,177.27645806509787,133006.7374969008,133701.64844312964,130738.31992588262,173.82845485455383,130397.62241487944,131079.0174368858,0.1223607345457401,0.12236073454574008,0.0,0.36218336737725665,1921.6666666666667,2.8766577788695438,1916.0285210242355,1927.304812309098,278.9780356144435,0.41761890873410423,278.15951759406175,279.7965536348253,144.83706319255208,0.1290126290948681,144.5842030859753,145.08992329912886,0.05364014662481542,0.011925047790843999,0.030267482440842246,0.07701281080878859,256.22222222222223,0.38355437051593877,255.47046946989806,256.9739749745464,13.993055555555555,0.46265911955859707,13.086260344101694,14.899850767009417,0.0,0.0,0.0,0.0,16.01388888888889,0.023972148157246173,15.966904341868629,16.06087343590915,16.01388888888889,0.023972148157246173,15.966904341868629,16.06087343590915,0.7970801017555528,0.0011931968820974382,0.7947414788401763,0.7994187246709292,1810.463289906901,1.612657863685851,1807.3025385746914,1813.6240412391107,11.301610948201775,0.016743742718941846,11.268793815506244,11.334428080897306,0.05364014662481542,0.011925047790843999,0.030267482440842246,0.07701281080878859,1.3993055555555554,0.04626591195585971,1.3086260344101692,1.4899850767009415,160.13888888888889,0.23972148157246184,159.66904341868627,160.6087343590915,4.730227599288976,0.21681029830272597,4.305287223138247,5.155167975439705,160.25791734673638,0.21307743717668054,159.84029324395198,160.67554144952078,160.25798932363907,0.21307876008549181,159.84036262800106,160.67561601927707,7.197690267396477e-05,7.197690267396477e-05,0.0,0.00021304903963368044,0.0,0.0,0.0,0.0,0.999999552974243,4.470257570170952e-07,0.9999986768198591,1.0000004291286269
continuous_no_spoilage,family_four,1.8,0.15475,197228.45771066533,250.88392497037793,196736.73425342335,197720.1811679073,181991.01649910165,231.463716122351,181537.35595177405,182444.67704642925,2.3964532179220606,0.9728204299724162,0.4897602117513551,4.303146224092766,14235.833333333334,18.123000180541876,14200.312905687659,14271.35376097901,885.1296433079045,1.126818803639089,882.9211190356694,887.3381675801396,24.810948371182786,0.029186630489073287,24.753743626594122,24.86815311577145,0.0,0.0,0.0,0.0,0.0,0.0,0.0,0.0,89.27083333333333,1.232155509732771,86.8558529109045,91.68581375576215,0.0,0.0,0.0,0.0,118.63194444444444,0.15102500150451564,118.33594088073049,118.9279480081584,118.63194444444444,0.15102500150451564,118.33594088073049,118.9279480081584,2.528941838022584,0.0032194822961116813,2.5226317686733406,2.535251907371827,310.13685463978476,0.3648328811134162,309.4217953324265,310.85191394714303,1.4527629165822045,0.002607805832289059,1.4476517110722444,1.4578741220921645,0.0,0.0,0.0,0.0,8.927083333333332,0.12321555097327708,8.68558529109045,9.168581375576215,213.5375,0.2718450027081281,213.00469358531487,214.07030641468512,0.8067570123661504,0.03778938448806375,0.7326911797716088,0.880822844960692,213.5445990075527,0.2715948698730932,213.0122828442156,214.0769151708898,213.54441974436028,0.2716517002036796,213.01199219562199,214.07684729309858,0.0014096783634835652,0.0005722473117484801,0.00028809424220667965,0.002531262484760451,0.0015889415559328605,0.0006069333664023586,0.0003993740167685851,0.002778509095097136,0.9999934660249887,2.650928900809929e-06,0.9999882702998175,0.99999866175016
continuous_no_spoilage,family_four,2.0,0.15475,195270.13570218277,248.7026904090146,194782.68738612288,195757.58401824266,181512.70702354176,230.8863021672027,181060.1781867704,181965.2358603131,1.6201418109224217,0.9633399843171571,0.0,3.50825348505143,12814.583333333334,16.47950650569733,12782.284094099174,12846.882572567494,832.9813748709661,1.071210949996614,830.8818399891278,835.0809097528044,27.740356403565134,0.031408406744693,27.67879705753375,27.801915749596517,0.0,0.0,0.0,0.0,0.0,0.0,0.0,0.0,80.50347222222221,1.0792899820366348,78.38810272855552,82.6188417158889,0.0,0.0,0.0,0.0,106.78819444444446,0.13732922088081104,106.51903411749312,107.0573547713958,106.78819444444446,0.13732922088081104,106.51903411749312,107.0573547713958,2.379946785345617,0.0030606027142760384,2.37394811425465,2.3859454564365836,346.7544550445641,0.3926050843086626,345.98496321917185,347.5239468699564,1.6242162239542008,0.0027999633224897362,1.6187283966840877,1.629704051224314,0.0,0.0,0.0,0.0,8.050347222222221,0.10792899820366349,7.838810272855553,8.26188417158889,213.5763888888889,0.2746584417616221,213.03806823498624,214.1147095427916,0.9835120510596805,0.04011438841089225,0.9048892945124808,1.0621348076068804,213.54436120416676,0.27163094372612107,213.01197433737693,214.0767480709566,213.54441974436028,0.2716517002036796,213.01199219562199,214.07684729309858,0.0009530245946602483,0.0005666705790100926,0.0,0.002063678520618489,0.0008944844011314791,0.0004644027580202239,0.0,0.0018046970811721875,0.9999955624611984,2.6489838910619385e-06,0.9999903705481763,1.0000007543742204
continuous_no_spoilage,family_four,2.1,0.15475,194410.95895367852,247.18955401098216,193926.47633046246,194895.44157689458,181291.50783008794,230.58963753398638,180839.56044531317,181743.4552148627,1.0651068088351237,0.6716337211619584,0.0,2.3814847131151793,12203.333333333334,15.56199484439383,12172.832383910723,12233.834282755945,810.0604642522239,1.0330092954116676,808.0358032375219,812.085125266926,29.1762469739918,0.03573771125050881,29.10620234705091,29.246291600932686,0.0,0.0,0.0,0.0,0.0,0.0,0.0,0.0,75.81597222222221,1.1388287796375909,73.58390882957484,78.04803561486959,0.0,0.0,0.0,0.0,101.69444444444446,0.12968329036994858,101.4402698659227,101.94861902296621,101.69444444444446,0.12968329036994858,101.4402698659227,101.94861902296621,2.314458469292067,0.002951455129747613,2.308673723535776,2.3202432150483583,364.70308717489746,0.44672139063136,363.82752933813634,365.5786450116586,1.7083716312691195,0.0030227850093370295,1.7024470815178114,1.7142961810204276,0.0,0.0,0.0,0.0,7.581597222222221,0.1138828779637591,7.358390882957483,7.80480356148696,213.5583333333333,0.2723349097768921,213.02456671843763,214.092099948229,0.9512825775265852,0.044424984362049114,0.8642112081632138,1.0383539468899565,213.54459875970153,0.27161322786001924,213.01224661537123,214.07695090403183,213.54441974436028,0.2716517002036796,213.01199219562199,214.07684729309858,0.0006265334169618374,0.0003950786595070345,0.0,0.0014008733606559881,0.0008055487582155126,0.0003870454868144459,4.695354368042628e-05,0.0015641439727505989,0.9999970831648751,1.83791670427504e-06,0.9999934809143282,1.0000006854154222
continuous_no_spoilage,family_four,2.25,0.15475,193251.40262716042,246.06352816681095,192769.12697404463,193733.67828027622,180978.11767916507,230.28470372847272,180526.76795366677,181429.46740466336,1.1770423560926313,0.7086632518809864,0.0,2.5659968069464014,11388.541666666666,14.691779218316864,11359.746308529951,11417.33702480338,779.0497816438638,1.0050125579721982,777.0799932262278,781.0195700614997,31.33937399541613,0.03400510786779885,31.27272520870484,31.406022782127415,0.0,0.0,0.0,0.0,0.0,0.0,0.0,0.0,73.17708333333333,1.0719603336030685,71.07607968661577,75.27808698005089,0.0,0.0,0.0,0.0,94.90451388888887,0.12243149348597386,94.66455257108291,95.14447520669484,94.90451388888887,0.12243149348597386,94.66455257108291,95.14447520669484,2.2258565189824675,0.0028714644513491328,2.220228552074936,2.231484485889999,391.7421749427015,0.4250638483474859,390.90906510881047,392.5752847765926,1.8349603381480204,0.003187315779310453,1.8287133140132157,1.841207362282825,0.0,0.0,0.0,0.0,7.317708333333333,0.10719603336030686,7.107607968661577,7.527808698005089,213.53515625,0.27547086034344126,212.9952432849366,214.0750692150634,1.0296051108452746,0.04426799499037988,0.9428414349963306,1.1163687866942187,213.5442297544081,0.2717232907079799,213.01166189085976,214.07679761795643,213.54441974436028,0.2716517002036796,213.01199219562199,214.07684729309858,0.0006923778565250772,0.0004168607364005801,0.0,0.0015094098864390595,0.0005023879043415989,0.00031235695239557534,0.0,0.0011145962813576187,0.9999967095743582,1.9936001250422244e-06,0.9999928021899135,1.0000006169588027
continuous_no_spoilage,family_four,2.4,0.15475,192216.90932208704,244.54664418053306,191737.60670695305,192696.21193722103,180684.81118434542,229.85011569843786,180234.31323573412,181135.30913295673,1.9277912441493044,0.9178857727073594,0.12876818772116194,3.7268143005774466,10677.5,13.68310317109847,10650.6816105879,10704.3183894121,751.56875807099,0.9631274040608495,749.6810630465072,753.4564530954729,33.48006064873584,0.04024735448118828,33.40117728347969,33.55894401399198,0.0,0.0,0.0,0.0,0.0,0.0,0.0,0.0,67.62152777777777,1.0686576992024175,65.52699717553959,69.71605838001595,0.0,0.0,0.0,0.0,88.97916666666667,0.11402585975915391,88.75568008823251,89.20265324510083,88.97916666666667,0.11402585975915391,88.75568008823251,89.20265324510083,2.147339308774257,0.002751792583030993,2.141945894418592,2.152732723129922,418.50075810919793,0.5030919310148536,417.5147160434961,419.48680017489977,1.960263204384835,0.0035261037888937633,1.953352167952853,1.967174240816817,0.0,0.0,0.0,0.0,6.762152777777778,0.10686576992024176,6.55269971755396,6.9716058380015955,213.54999999999998,0.2736620634219694,213.013632211758,214.08636778824197,1.2340549618241985,0.050194775460823134,1.1356750097089103,1.3324349139394867,213.54370662511596,0.27165009251595995,213.0112822273877,214.0761310228442,213.54441974436028,0.2716517002036796,213.01199219562199,214.07684729309858,0.0011339948494995908,0.0005399328074749172,7.574599277715421e-05,0.0021922437062220274,0.00042087560520574443,0.00021422433791786486,1.003618274791028e-06,0.0008407475921366978,0.9999946886414279,2.5279996060713293e-06,0.9999897338532471,0.9999996434296088
continuous_no_spoilage,family_four,3.0,0.15475,188978.2276787339,240.4639871171372,188506.92692440542,189449.5284330624,179672.64102606408,228.55859861066884,179224.67440443023,180120.60764769794,1.0283703638859858,0.5704190427117982,0.0,2.146371143696925,8542.291666666666,10.936453348907104,8520.856611984205,8563.726721349127,665.7480599640297,0.852338328405865,664.0775075377112,667.4186123903482,42.29980567522509,0.04615157042694395,42.20935025935832,42.39026109109186,0.0,0.0,0.0,0.0,0.0,0.0,0.0,0.0,54.21875,0.8310492849771216,52.58992333206708,55.84757666793292,0.0,0.0,0.0,0.0,71.18576388888887,0.09113711124089253,71.0071384332017,71.36438934457604,71.18576388888887,0.09113711124089253,71.0071384332017,71.36438934457604,1.9021373141829425,0.002435252366873902,1.8973643072506037,1.9069103211152814,528.7475709403135,0.5768946303367992,527.6168782419788,529.8782636386481,2.4765643504321377,0.004202662027052882,2.46832728421992,2.4848014166443555,0.0,0.0,0.0,0.0,5.421875,0.08310492849771216,5.258992333206708,5.584757666793292,213.55729166666666,0.2734113337226777,213.02141529960514,214.09316803372818,1.482467748506087,0.058429486784856516,1.3679480587726092,1.596987438239565,213.54419568747983,0.2716460437662995,213.0117792251551,214.07661214980456,213.54441974436028,0.2716517002036796,213.01199219562199,214.07684729309858,0.0006049237434623446,0.0003355406133598813,0.0,0.001262571260998191,0.00038086686302095976,0.00026897396011664427,0.0,0.0009080461376286954,0.9999971953193683,1.557511767144612e-06,0.9999941426523992,1.0000002479863375
continuous_no_spoilage,family_four,4.5,0.15475,184169.75084920748,234.52543357567603,183710.0894459405,184629.41225247446,177833.1448847906,226.23373659586485,177389.7349089748,178276.55486060644,0.3588607888134033,0.3588607888134033,0.0,1.062215010351308,5695.416666666667,7.552836477761333,5680.613379189134,5710.2199541442,540.3951251273312,0.716631679882848,538.9905528445804,541.799697410082,64.15058961182241,0.0642733858627164,64.02461609036705,64.27656313327778,0.0,0.0,0.0,0.0,0.0,0.0,0.0,0.0,36.28472222222222,0.7771722729794525,34.761492557399365,37.80795188704508,0.0,0.0,0.0,0.0,47.46180555555555,0.06294030398134444,47.338444826576115,47.585166284534985,47.46180555555555,0.06294030398134444,47.338444826576115,47.585166284534985,1.543986071792375,0.002047519085379567,1.5399730081273726,1.5479991354573774,801.8823701477801,0.8034173232839561,800.3077011295879,803.4570391659722,3.75638624120428,0.006308038015549086,3.7440227138806943,3.768749768527866,0.0,0.0,0.0,0.0,3.6284722222222228,0.07771722729794525,3.476149255739937,3.7807951887045084,213.578125,0.28323136791604997,213.02300171959254,214.13324828040746,2.153161261020665,0.09719735309598605,1.9626579495599095,2.3436645724814205,213.54471103768296,0.2716648684340457,213.01225767968742,214.0771643956785,213.54441974436028,0.2716517002036796,213.01199219562199,214.07684729309858,0.0002110945816549431,0.0002110945816549431,0.0,0.0006248323590301811,0.0005023879043415934,0.0003123569523955744,0.0,0.0011145962813576115,0.9999990318756296,9.681243704195252e-07,0.999997134386731,1.0000009293645282
continuous_no_spoilage,family_four,5.0,0.15475,183097.12343898998,232.89920204211853,182640.6493909593,183553.59748702066,177354.82417580628,225.60286938730047,176912.65067699828,177796.99767461428,0.24793617274961613,0.24628819248694045,0.0,0.7306521598414877,5126.041666666667,6.653411096390208,5113.001220543403,5139.082112789931,513.0593538428678,0.6659319256342873,511.7541512524692,514.3645564332664,71.52669539028564,0.07195230477086985,71.38567146433009,71.66771931624119,0.0,0.0,0.0,0.0,0.0,0.0,0.0,0.0,31.42361111111111,0.6899167042034356,30.071399218539803,32.77582300368242,0.0,0.0,0.0,0.0,42.717013888888886,0.05544509246991841,42.60834350452835,42.82568427324942,42.717013888888886,0.05544509246991841,42.60834350452835,42.82568427324942,1.4658838681224793,0.001902662644669393,1.4621547178641976,1.469613018380761,894.0836923785704,0.8994038096358724,892.320893304126,895.8464914530148,4.188245440630628,0.006744634063432094,4.175026200777399,4.201464680483857,0.0,0.0,0.0,0.0,3.1423611111111107,0.06899167042034356,3.00713992185398,3.2775823003682416,213.58506944444443,0.277225462349592,213.04171752264176,214.1284213662471,2.6425488450315324,0.10715315170004035,2.4325325268694966,2.8525651631935682,213.54445443553814,0.27163761620968063,213.01205449092086,214.07685438015542,213.54441974436028,0.2716517002036796,213.01199219562199,214.07684729309858,0.00014584480749977422,0.0001448754073452591,0.0,0.00042979538814205166,0.0001805359853472128,0.0001805359853472128,0.0,0.0005343800145412008,0.9999993207803303,6.746654944014444e-07,0.9999979984602596,1.000000643100401
continuous_no_spoilage,family_four,9.0,0.15475,178168.7760845197,226.69108982402753,177724.46971284845,178613.08245619092,174687.51710999807,222.23124027232828,174251.95188282462,175123.0823371715,0.35886078881336836,0.35886078881336836,0.0,1.0622150103512047,2848.125,3.9581036950014266,2840.367259310722,2855.882740689278,389.9381807727532,0.5419059044595192,388.8760647170029,391.00029682850345,130.13901629341763,0.12194772256346273,129.90000314919655,130.3780294376387,0.0,0.0,0.0,0.0,94.9375,0.1319367898333809,94.67890864369075,95.19609135630925,17.760416666666668,0.5337663119050725,16.714253919171952,18.806579414161384,0.0,0.0,0.0,0.0,23.734375,0.03298419745834522,23.669727160922687,23.799022839077313,23.734375,0.03298419745834522,23.669727160922687,23.799022839077313,1.114109087922152,0.0015483025841700562,1.1110744706200084,1.1171437052242956,1626.7377036677206,1.5243465320432839,1623.7500393649573,1629.7253679704838,7.619808616888407,0.012172010026347182,7.595951915617306,7.643665318159508,0.0,0.0,0.0,0.0,1.7760416666666667,0.05337663119050724,1.6714253919171953,1.8806579414161382,213.609375,0.29685777712510697,213.02754444830418,214.19120555169582,4.5906612610206645,0.19162485903969517,4.215083438760297,4.966239083281032,213.54440898065627,0.2716635947782697,213.01195811898017,214.07685984233237,213.54441974436028,0.2716517002036796,213.01199219562199,214.07684729309858,0.00021109458165492257,0.00021109458165492257,0.0,0.0006248323590301204,0.00020033087767374938,0.0002003308776737493,0.0,0.0005929721829055972,0.9999990318756296,9.681243704195312e-07,0.999997134386731,1.0000009293645282
continuous_no_spoilage,family_four,10.0,0.15475,177648.03551770406,225.8963460109394,177205.2868152834,178090.7842201247,174209.44727483692,221.60181637134292,173775.11569584042,174643.7788538334,0.24793617274966176,0.24628819248698075,0.0,0.7306521598416124,2563.5416666666665,3.5293261032205234,2556.624314614657,2570.459018718676,372.1622645528758,0.5123700589692494,371.1580376905394,373.1664914152122,144.70234769705962,0.13190166273685697,144.44382518859445,144.9608702055248,0.0,0.0,0.0,0.0,341.8055555555555,0.4705768137627363,340.88324194862093,342.72786916249004,16.128472222222218,0.519284285048849,15.110693725788842,17.146250718655594,0.0,0.0,0.0,0.0,21.362847222222218,0.02941105086017102,21.30520262178881,21.420491822655627,21.362847222222218,0.02941105086017102,21.30520262178881,21.420491822655627,1.0633207558653595,0.0014639144541978542,1.0604515362586842,1.0661899754720348,1808.7793462132452,1.648770784210712,1805.5478148574302,1812.01087756906,8.471680548291696,0.012995736636122357,8.446209372532328,8.497151724051063,0.0,0.0,0.0,0.0,1.612847222222222,0.0519284285048849,1.5110693725788846,1.7146250718655596,213.62847222222226,0.29411050860171023,213.05202621788814,214.20491822655637,5.1165071783648655,0.20845434571779428,4.707944168337128,5.525070188392603,213.54445443553814,0.2716376162096807,213.01205449092086,214.07685438015542,213.54441974436028,0.2716517002036796,213.01199219562199,214.07684729309858,0.00014584480749980106,0.0001448754073452828,0.0,0.00042979538814212495,0.00018053598534721753,0.00018053598534721756,0.0,0.0005343800145412149,0.9999993207803303,6.746654944012829e-07,0.9999979984602596,1.000000643100401
