spoilage_hazard_multiplier,regime,household,package_kg,scenario_weight,generalized_cost_jpy,generalized_cost_jpy_se,generalized_cost_jpy_ci_low,generalized_cost_jpy_ci_high,product_cost_jpy,product_cost_jpy_se,product_cost_jpy_ci_low,product_cost_jpy_ci_high,unmet_demand_cost_jpy,unmet_demand_cost_jpy_se,unmet_demand_cost_jpy_ci_low,unmet_demand_cost_jpy_ci_high,purchase_event_cost_jpy,purchase_event_cost_jpy_se,purchase_event_cost_jpy_ci_low,purchase_event_cost_jpy_ci_high,packaging_cost_jpy,packaging_cost_jpy_se,packaging_cost_jpy_ci_low,packaging_cost_jpy_ci_high,storage_cost_jpy,storage_cost_jpy_se,storage_cost_jpy_ci_low,storage_cost_jpy_ci_high,freshness_cost_jpy,freshness_cost_jpy_se,freshness_cost_jpy_ci_low,freshness_cost_jpy_ci_high,handling_cost_jpy,handling_cost_jpy_se,handling_cost_jpy_ci_low,handling_cost_jpy_ci_high,adaptation_cost_jpy,adaptation_cost_jpy_se,adaptation_cost_jpy_ci_low,adaptation_cost_jpy_ci_high,physical_discard_kg,physical_discard_kg_se,physical_discard_kg_ci_low,physical_discard_kg_ci_high,purchases,purchases_se,purchases_ci_low,purchases_ci_high,openings,openings_se,openings_ci_low,openings_ci_high,packaging_mass_kg,packaging_mass_kg_se,packaging_mass_kg_ci_low,packaging_mass_kg_ci_high,storage_kg_days,storage_kg_days_se,storage_kg_days_ci_low,storage_kg_days_ci_high,mean_age_at_consumption_days,mean_age_at_consumption_days_se,mean_age_at_consumption_days_ci_low,mean_age_at_consumption_days_ci_high,freshness_penalty_jpy,freshness_penalty_jpy_se,freshness_penalty_jpy_ci_low,freshness_penalty_jpy_ci_high,adaptation_events,adaptation_events_se,adaptation_events_ci_low,adaptation_events_ci_high,purchased_kg,purchased_kg_se,purchased_kg_ci_low,purchased_kg_ci_high,ending_inventory_kg,ending_inventory_kg_se,ending_inventory_kg_ci_low,ending_inventory_kg_ci_high,consumed_kg,consumed_kg_se,consumed_kg_ci_low,consumed_kg_ci_high,demanded_kg,demanded_kg_se,demanded_kg_ci_low,demanded_kg_ci_high,unmet_demand_kg,unmet_demand_kg_se,unmet_demand_kg_ci_low,unmet_demand_kg_ci_high,opening_demand_backlog_kg,opening_demand_backlog_kg_se,opening_demand_backlog_kg_ci_low,opening_demand_backlog_kg_ci_high,service_level_fraction,service_level_fraction_se,service_level_fraction_ci_low,service_level_fraction_ci_high
0.0,spoilage_intensity_0,single_low,1.8,0.1905,29508.060740246852,110.7556964150391,29290.983564190723,29725.13791630298,27216.382783764908,101.9633567729001,27016.538276747215,27416.2272907826,0.6640625,0.6640625,0.0,1.9656010834836297,2125.0,8.285577448240627,2108.760566610331,2141.239433389669,132.12436869608126,0.515165501002956,131.11466286803793,133.1340745241246,24.96566382149785,0.05726327118080585,24.853429872346517,25.07789777064918,0.01761146436489997,0.005896797407156805,0.006053953822743459,0.029168974907056486,0.0,0.0,0.0,0.0,8.90625,0.6516779298306756,7.628984728012255,10.183515271987744,0.0,0.0,0.0,0.0,17.70833333333333,0.06904647873533855,17.573004721752753,17.843661944913904,17.70833333333333,0.06904647873533855,17.573004721752753,17.843661944913904,0.37749819627451786,0.001471901431437018,0.37461332248010837,0.38038307006892735,312.0707977687231,0.7157908897600735,310.66787340433143,313.47372213311473,9.780146097332718,0.046629793783301704,9.688753380910917,9.871538813754519,0.01761146436489997,0.005896797407156805,0.006053953822743459,0.029168974907056486,0.890625,0.06516779298306756,0.7628984728012256,1.0183515271987744,31.875,0.12428366172360938,31.631408499154965,32.118591500845035,0.71015625,0.06367136146813068,0.5853626746758326,0.8349498253241675,31.935156250000002,0.11964175240287453,31.70066272424311,32.169649775756895,31.935546875,0.11969367716805944,31.700951578573438,32.17014217142656,0.00039062499999999997,0.0003906249999999999,0.0,0.0011562359314609583,0.0,0.0,0.0,0.0,0.9999881449165402,1.185508345978754e-05,0.9999649093799253,1.0000113804531552
0.0,spoilage_intensity_0,single_low,2.0,0.1905,29226.967054473072,109.50349851546085,29012.344141201633,29441.589967744512,27145.325520833332,101.73916405975697,26945.920423458996,27344.730618207668,0.0,0.0,0.0,0.0,1911.25,7.2631244096790875,1897.0145377417953,1925.4854622582047,124.23624017340663,0.4721220502656493,123.31089795857875,125.1615823882345,28.137864632450164,0.0501765508812493,28.039520399854474,28.236208865045853,0.15284550054971033,0.032074698159430856,0.08998024734223269,0.21571075375718796,0.0,0.0,0.0,0.0,17.864583333333332,1.0995609681327785,15.709483436987092,20.019683229679572,0.0,0.0,0.0,0.0,15.927083333333332,0.06052603674732567,15.808454481181625,16.045712185485037,15.927083333333332,0.06052603674732567,15.808454481181625,16.045712185485037,0.3549606862097332,0.0013489201436161404,0.35231685131022494,0.35760452110924146,351.72330790562705,0.6272068860156154,350.4940049981809,352.9526108130732,11.035349786326988,0.048015964415204,10.941240225390231,11.129459347263744,0.15284550054971033,0.032074698159430856,0.08998024734223269,0.21571075375718796,1.7864583333333333,0.10995609681327786,1.5709483436987093,2.0019683229679575,31.854166666666664,0.12105207349465134,31.61690896236325,32.091424370970074,0.9183593750000001,0.0741545481243968,0.7730191313863402,1.06369961861366,31.935677083333335,0.11969313418794929,31.701082851128234,32.170271315538436,31.935546875,0.11969367716805944,31.700951578573438,32.17014217142656,0.0,0.0,0.0,0.0,0.00013020833333333333,0.00013020833333333333,0.0,0.0003854119771536529,1.0,0.0,1.0,1.0
0.0,spoilage_intensity_0,single_low,2.1,0.1905,29094.23799643534,109.16444065766306,28880.279624353858,29308.19636851682,27111.772730280452,101.65610548745818,26912.53042471643,27311.015035844473,0.6640625,0.6640625,0.0,1.9656010834836297,1823.75,7.331100850659448,1809.3813063656764,1838.1186936343236,121.06100286916086,0.4866403954027645,120.10720522074911,122.01480051757261,29.247757158054164,0.0639075135374352,29.122500733179283,29.373013582929044,0.24244362767011723,0.04007514561007099,0.16389778559917964,0.3209894697410548,0.0,0.0,0.0,0.0,7.5,0.5798269522302562,6.363560056363072,8.636439943636928,0.0,0.0,0.0,0.0,15.197916666666668,0.06109250708882874,15.078177553047306,15.31765578028603,15.197916666666668,0.06109250708882874,15.078177553047306,15.31765578028603,0.3458885796261739,0.001390401129722182,0.34316344348785466,0.3486137157644932,365.596964475677,0.7988439192179404,364.031259164741,367.162669786613,11.4705924683958,0.04888127542741116,11.374786929039692,11.566398007751909,0.24244362767011723,0.04007514561007099,0.16389778559917964,0.3209894697410548,0.75,0.05798269522302562,0.6363560056363071,0.8636439943636929,31.915625,0.12829426488654014,31.664172861399337,32.16707713860066,0.8882812499999999,0.07844076810920773,0.7345401695862948,1.042022330413705,31.93515625,0.11974147337413428,31.700467274730933,32.169845225269064,31.935546875,0.11969367716805944,31.700951578573438,32.17014217142656,0.00039062499999999997,0.00039062499999999997,0.0,0.0011562359314609585,0.0,0.0,0.0,0.0,0.9999874093473006,1.259065269943599e-05,0.9999627321214678,1.0000120865731332
0.0,spoilage_intensity_0,single_low,2.25,0.1905,28920.87730825096,108.5505710374097,28708.12209851638,29133.63251798554,27065.283698553958,101.44004554412881,26866.46486269736,27264.102534410555,0.0,0.0,0.0,0.0,1701.25,6.724083108557899,1688.0710392781723,1714.4289607218277,116.37648434837266,0.4599706995681093,115.47495834327547,117.27801035346984,31.34515871656243,0.07394014854400155,31.200238688404646,31.490078744720215,0.580299965402735,0.052198847136871694,0.47799210497995476,0.6826078258255153,0.0,0.0,0.0,0.0,6.041666666666666,0.6249999999999999,4.816689176329133,7.266644157004199,0.0,0.0,0.0,0.0,14.177083333333332,0.05603402590464915,14.067258660651435,14.28690800601523,14.177083333333332,0.05603402590464915,14.067258660651435,14.28690800601523,0.33250424099535036,0.0013142019987660261,0.3299284524093584,0.3350800295813423,391.81448395703035,0.924251856800019,390.00298360505803,393.62598430900266,12.300282379530497,0.05416745744097139,12.194116113812086,12.406448645248908,0.580299965402735,0.052198847136871694,0.47799210497995476,0.6826078258255153,0.6041666666666666,0.0625,0.48166891763291325,0.7266644157004201,31.8984375,0.1260765582854606,31.65133198646573,32.145543013534265,0.9339843750000001,0.08653694645227251,0.7643750766214747,1.1035936733785254,31.935546875,0.11969367716805944,31.700951578573438,32.17014217142656,31.935546875,0.11969367716805944,31.700951578573438,32.17014217142656,0.0,0.0,0.0,0.0,0.0,0.0,0.0,0.0,1.0,0.0,1.0,1.0
0.0,spoilage_intensity_0,single_low,2.4,0.1905,28774.63817880986,107.7380979765798,28563.475387012913,28985.800970606804,27021.485898004525,101.27589241970757,26822.988796359743,27219.982999649306,0.0,0.0,0.0,0.0,1599.375,6.267337065204718,1587.0912450732258,1611.6587549267742,112.57694052351107,0.4411458426137384,111.71231056005857,113.44157048696357,33.677060496979834,0.07089382249495207,33.53811115816335,33.816009835796315,1.1691131181784409,0.09833730110868734,0.976375549668543,1.3618506866883389,0.0,0.0,0.0,0.0,6.354166666666666,0.5591094167934304,5.258332346334348,7.450000986998984,0.0,0.0,0.0,0.0,13.328124999999998,0.052227808876706,13.225760375610212,13.430489624389784,13.328124999999998,0.052227808876706,13.225760375610212,13.430489624389784,0.321648401495746,0.0012604166931821103,0.31917803017159596,0.324118772819896,420.9632562122481,0.886172781186902,419.22638947704206,422.70012294745413,13.184802312979798,0.0563455024541553,13.074367157478841,13.295237468480755,1.1691131181784409,0.09833730110868734,0.976375549668543,1.3618506866883389,0.6354166666666666,0.055910941679343046,0.5258332346334349,0.7450000986998984,31.987499999999997,0.1253467413040943,31.741824901464515,32.23317509853548,1.262109375,0.0758242410731502,1.113496593341543,1.4107221566584571,31.935546875,0.11969367716805944,31.700951578573438,32.17014217142656,31.935546875,0.11969367716805944,31.700951578573438,32.17014217142656,0.0,0.0,0.0,0.0,0.0,0.0,0.0,0.0,1.0,0.0,1.0,1.0
0.0,spoilage_intensity_0,single_low,3.0,0.1905,28304.195171335672,106.19104041192405,28096.064556647463,28512.32578602388,26869.725241396154,100.70387659212086,26672.34927017203,27067.101212620277,0.6640625,0.6640625,0.0,1.9656010834836297,1277.5,5.695654149478898,1266.3367229986252,1288.6632770013748,99.56264428698951,0.44389384584444863,98.69262833617542,100.4326602378036,42.36248192167354,0.07658232639934594,42.21238332007853,42.512580523268554,9.641157897520618,0.2954899657885505,9.062008206782085,10.22030758825915,0.0,0.0,0.0,0.0,4.739583333333333,0.4800052329915732,3.798790364279092,5.6803763023875735,0.0,0.0,0.0,0.0,10.645833333333332,0.047463784578990816,10.552806024988543,10.738860641678121,10.645833333333332,0.047463784578990816,10.552806024988543,10.738860641678121,0.28446469796282725,0.0012682681309841392,0.2819789381033584,0.2869504578222961,529.5310240209193,0.9572790799918237,527.6547915009817,531.4072565408569,16.603145194447585,0.07223656609723039,16.461564126530167,16.744726262365003,9.641157897520618,0.2954899657885505,9.062008206782085,10.22030758825915,0.4739583333333333,0.048000523299157334,0.3798790364279092,0.5680376302387574,31.9375,0.14239135373697245,31.65841807496563,32.21658192503437,1.4507812500000001,0.10789455663546006,1.2393118048665812,1.662250695133419,31.935156250000002,0.11968838553642724,31.70057132498086,32.16974117501915,31.935546875,0.11969367716805944,31.700951578573438,32.17014217142656,0.00039062499999999997,0.00039062499999999997,0.0,0.0011562359314609585,0.0,0.0,0.0,0.0,0.9999878120124805,1.218798751950051e-05,0.9999639239958983,1.0000117000290627
0.0,spoilage_intensity_0,single_low,4.5,0.1905,27687.382618606207,102.43933203989619,27486.60521720767,27888.160020004743,26594.892970187975,99.67703217835617,26399.529577032557,26790.256363343393,0.0,0.0,0.0,0.0,850.625,3.907886561935029,842.9656830829393,858.2843169170607,80.70938971010659,0.37078987740790925,79.98265490455506,81.43612451565812,64.35223036733134,0.12607402739148912,64.1051298142581,64.59933092040458,86.69365334079185,1.048373887710618,84.6388782785468,88.74842840303691,7.088541666666666,0.03256572134945857,7.02471402569116,7.152369307642172,3.020833333333333,0.3615591695266254,2.312190382780935,3.729476283885731,0.0,0.0,0.0,0.0,7.088541666666666,0.03256572134945857,7.02471402569116,7.152369307642172,7.088541666666666,0.03256572134945857,7.02471402569116,7.152369307642172,0.23059825631459024,0.001059399649736884,0.2285218711558716,0.23267464147330888,804.4028795916416,1.5759253423936164,801.3141226782262,807.491636505057,25.230870680103074,0.11239031879186757,25.010589703060038,25.45115165714611,86.69365334079185,1.048373887710618,84.6388782785468,88.74842840303691,0.30208333333333337,0.03615591695266255,0.2312190382780936,0.37294762838857315,31.8984375,0.14654574607256357,31.611213115610223,32.18566188438977,2.129296875,0.17241083024208664,1.7913778571808612,2.467215892819139,31.935546875,0.11969367716805944,31.700951578573438,32.17014217142656,31.935546875,0.11969367716805944,31.700951578573438,32.17014217142656,0.0,0.0,0.0,0.0,0.0,0.0,0.0,0.0,1.0,0.0,1.0,1.0
0.0,spoilage_intensity_0,single_low,5.0,0.1905,27597.191002194093,101.69230753835768,27397.87774191414,27796.504262474045,26523.500266122173,99.40967331208378,26328.660886715596,26718.33964552875,0.0,0.0,0.0,0.0,768.125,3.470932300081065,761.3220976990643,774.9279023009357,76.88070870224156,0.3474014451915167,76.19981438148902,77.5616030229941,72.0979106023598,0.1469311769372297,71.80993078735675,72.38589041736286,124.10795010065624,1.1458913022443442,121.86204441805963,126.35385578325285,25.604166666666664,0.11569774333603539,25.377403256635475,25.830930076697854,6.875,0.48611111111111105,5.922239729737473,7.827760270262527,0.0,0.0,0.0,0.0,6.401041666666666,0.028924435834008846,6.344350814158869,6.4577325191744634,6.401041666666666,0.028924435834008846,6.344350814158869,6.4577325191744634,0.21965916772069022,0.000992575557690048,0.21771375537568297,0.22160458006569747,901.2238825294976,1.836639711715373,897.6241348419594,904.8236302170358,28.218849009814104,0.11463853269308633,27.994161614495138,28.44353640513307,124.10795010065624,1.1458913022443442,121.86204441805963,126.35385578325285,0.6875,0.048611111111111105,0.5922239729737474,0.7827760270262526,32.00520833333333,0.14462217917004416,31.721754070794344,32.28866259587232,2.8871093749999996,0.16835638267053166,2.5571369283983145,3.2170818216016848,31.935677083333335,0.11969442924203158,31.701080312868875,32.170273853797795,31.935546875,0.11969367716805944,31.700951578573438,32.17014217142656,0.0,0.0,0.0,0.0,0.00013020833333333333,0.00013020833333333333,0.0,0.0003854119771536529,1.0,0.0,1.0,1.0
0.0,spoilage_intensity_0,single_low,9.0,0.1905,27588.986022742312,99.68485181763101,27393.607303375542,27784.364742109083,26124.502241821996,97.91401881258346,25932.594291367754,26316.41019227624,0.0,0.0,0.0,0.0,426.25,2.3935677693908453,421.5586933774381,430.9413066225619,58.35809508163653,0.327704528962936,57.71580600729851,59.000384155974544,129.40612439265098,0.2566298098720571,128.9031392079424,129.90910957735957,493.59456144603274,2.4864591314415443,488.7211910993766,498.4679317926889,355.20833333333326,1.9946398078257033,351.298911147865,359.1177555188015,1.6666666666666665,0.28752731639264756,1.1031234819656244,2.2302098513677087,0.0,0.0,0.0,0.0,3.552083333333333,0.019946398078257054,3.5129891114786505,3.5911775551880156,3.552083333333333,0.019946398078257054,3.5129891114786505,3.5911775551880156,0.1667374145189615,0.0009362986541798197,0.16490230287799573,0.1685725261599273,1617.5765549081373,3.207872623400715,1611.2892400992798,1623.8638697169947,51.176431182427265,0.23087605154457821,50.72392243650708,51.62893992834745,493.59456144603274,2.4864591314415443,488.7211910993766,498.4679317926889,0.16666666666666666,0.028752731639264763,0.11031234819656241,0.2230209851367709,31.96875,0.1795175827043134,31.616902003307857,32.32059799669214,4.168359375,0.32911544686428246,3.5233049523902,4.813413797609799,31.935546875,0.11969367716805944,31.700951578573438,32.17014217142656,31.935546875,0.11969367716805944,31.700951578573438,32.17014217142656,0.0,0.0,0.0,0.0,0.0,0.0,0.0,0.0,1.0,0.0,1.0,1.0
0.0,spoilage_intensity_0,single_low,10.0,0.1905,27670.042563830953,99.89490259368988,27474.252152508183,27865.832975153724,26053.001395982494,97.646035327201,25861.618683508055,26244.384108456932,0.0,0.0,0.0,0.0,376.25,2.475074153129975,371.39894380079926,381.10105619920074,54.62210888114538,0.3593189897174059,53.91785660233795,55.32636115995281,145.06965255177272,0.38658687993784496,144.31195619019883,145.8273489133466,586.4223230822079,2.6782739236156576,581.1730026511884,591.6716435132273,451.5,2.97008898375597,445.67873256095913,457.32126743904087,3.177083333333333,0.44189302063815455,2.3109889278629354,4.043177738803731,0.0,0.0,0.0,0.0,3.1354166666666665,0.020625617942749776,3.094991198339994,3.175842134993339,3.1354166666666665,0.020625617942749776,3.094991198339994,3.175842134993339,0.1560631682318439,0.0010266256849068753,0.15405101886382266,0.15807531759986515,1813.3706568971588,4.832335999223066,1803.8994523774852,1822.8418614168324,56.51977524071995,0.2479339111785594,56.03383370426382,57.00571677717608,586.4223230822079,2.6782739236156576,581.1730026511884,591.6716435132273,0.31770833333333337,0.04418930206381546,0.23109889278629359,0.40431777388037315,31.354166666666664,0.20625617942749763,30.94991198339994,31.75842134993339,5.387109375,0.36132729381071277,4.67892089249968,6.095297857500319,31.935546875,0.11969367716805944,31.700951578573438,32.17014217142656,31.935546875,0.11969367716805944,31.700951578573438,32.17014217142656,0.0,0.0,0.0,0.0,0.0,0.0,0.0,0.0,1.0,0.0,1.0,1.0
0.0,spoilage_intensity_0,single_average,1.8,0.1905,49297.73213899115,130.22382767224028,49042.49812682461,49552.96615115769,45477.9317918064,120.28633711177474,45242.17490323508,45713.688680377716,0.0,0.0,0.0,0.0,3556.25,9.458294000337766,3537.7120844041465,3574.7879155958535,221.11401702373598,0.5880805288172046,219.961400367245,222.26663368022696,24.884246827685082,0.048556184800866355,24.789078454248713,24.97941520112145,0.0,0.0,0.0,0.0,0.0,0.0,0.0,0.0,17.55208333333333,0.939770728857555,15.710166551047564,19.394000115619093,0.0,0.0,0.0,0.0,29.635416666666664,0.07881911666948138,29.48093403670122,29.789899296632107,29.635416666666664,0.07881911666948138,29.48093403670122,29.789899296632107,0.6317543343535315,0.00168023008233487,0.6284611439064144,0.6350475248006485,311.05308534606354,0.606952310010829,309.86348067810894,312.24269001401814,5.833017534692376,0.02139718542075557,5.791079821897169,5.874955247487582,0.0,0.0,0.0,0.0,1.755208333333333,0.0939770728857555,1.5710166551047566,1.9394000115619094,53.34375,0.14187441000506648,53.0656812660622,53.6218187339378,0.856640625,0.0614147903344072,0.7362698478264833,0.9770114021735168,53.362890625,0.14114156906611947,53.08625823290893,53.639523017091065,53.362890625,0.14114156906611947,53.08625823290893,53.639523017091065,0.0,0.0,0.0,0.0,0.0,0.0,0.0,0.0,1.0,0.0,1.0,1.0
0.0,spoilage_intensity_0,single_average,2.0,0.1905,48828.48838458815,128.89191050158541,48575.86488210648,49081.11188706982,45358.125,120.00829812613081,45122.91305782684,45593.33694217316,0.6640625,0.377261920708018,0.0,1.4034822773261209,3201.875,8.518406191748491,3185.17923065849,3218.57076934151,208.130234927522,0.5537186435749899,207.04496632854665,209.21550352649734,28.079503827304475,0.0497178225605649,27.982058685696014,28.176948968912935,0.0,0.0,0.0,0.0,0.0,0.0,0.0,0.0,31.61458333333333,1.1428796406033506,29.374580399086682,33.854586267579975,0.0,0.0,0.0,0.0,26.682291666666664,0.07098671826457077,26.543160255487415,26.821423077845914,26.682291666666664,0.07098671826457077,26.543160255487415,26.821423077845914,0.5946578140786342,0.0015820532673571125,0.5915570466529902,0.5977585815042781,350.99379784130593,0.6214727820070611,349.7757335712002,352.2118621114117,6.583575112418798,0.0192209998737102,6.545902644919477,6.621247579918118,0.0,0.0,0.0,0.0,3.161458333333333,0.11428796406033505,2.9374580399086683,3.385458626757998,53.36458333333333,0.14197343652914154,53.08632051097483,53.64284615569183,0.9296875,0.07633540583522025,0.7800728538177196,1.0793021461822803,53.3625,0.1411862330895656,53.085780068031575,53.63921993196842,53.362890625,0.14114156906611947,53.08625823290893,53.639523017091065,0.000390625,0.00022191877688706944,0.0,0.0008255778101918359,0.0,0.0,0.0,0.0,0.9999925364400246,4.240669714707062e-06,0.9999842248801135,1.0000008479999358
0.0,spoilage_intensity_0,single_average,2.1,0.1905,48600.99723463139,128.35779039373668,48349.42058832452,48852.57388093825,45302.79924087081,119.89298302152423,45067.81331214955,45537.78516959207,0.6640625,0.6640625,0.0,1.9656010834836297,3050.0,8.309489698388166,3033.7136994612524,3066.2863005387476,202.45979917803464,0.5515861034779064,201.37871028084516,203.54088807522413,29.188715415874235,0.05387125045164943,29.083129705186863,29.294301126561606,0.0,0.0,0.0,0.0,0.0,0.0,0.0,0.0,15.885416666666664,0.9294508590348766,14.063726457558491,17.707106875774837,0.0,0.0,0.0,0.0,25.416666666666664,0.06924574748656803,25.280947495510436,25.552385837822893,25.416666666666664,0.06924574748656803,25.280947495510436,25.552385837822893,0.5784565690800989,0.0015759602956511587,0.5753677436595576,0.5815453945006402,364.8589426984279,0.6733906306456174,363.53912131483577,366.17876408202,6.8458436805337595,0.023521569963427736,6.799742250545602,6.891945110521917,0.0,0.0,0.0,0.0,1.5885416666666665,0.09294508590348766,1.4063726457558492,1.7707106875774838,53.375,0.14541606972179277,53.08998974057192,53.66001025942808,1.0078125,0.08107596402118378,0.8489065305066146,1.1667184694933854,53.3625,0.14122282538148762,53.085708348457295,53.6392916515427,53.362890625,0.14114156906611947,53.08625823290893,53.639523017091065,0.00039062499999999997,0.0003906249999999999,0.0,0.0011562359314609583,0.0,0.0,0.0,0.0,0.9999924187287724,7.5812712275590685e-06,0.9999775597102094,1.0000072777473354
0.0,spoilage_intensity_0,single_average,2.25,0.1905,48312.87873007138,127.6994173956864,48062.592471129086,48563.164989013676,45224.56455864545,119.64779071953237,44990.05919800538,45459.06991928552,0.6640625,0.6640625,0.0,1.9656010834836297,2848.125,7.826475594933855,2832.785389708048,2863.464610291952,194.83013930034315,0.535381463380891,193.78081091412625,195.87946768656005,31.413719625587966,0.04322059225155568,31.329008821384427,31.498430429791505,0.0,0.0,0.0,0.0,0.0,0.0,0.0,0.0,13.28125,0.7254665663328965,11.859361657999585,14.703138342000415,0.0,0.0,0.0,0.0,23.734374999999996,0.0652206299577821,23.60654491423373,23.862205085766263,23.734374999999996,0.0652206299577821,23.60654491423373,23.862205085766263,0.5566575408581234,0.0015296613239454005,0.5536594597546465,0.5596556219616002,392.6714953198496,0.540257403144446,391.61261026730534,393.7303803723939,7.358042935044558,0.024266409926301302,7.310481645554923,7.405604224534194,0.0,0.0,0.0,0.0,1.328125,0.07254665663328964,1.1859361657999585,1.4703138342000415,53.40234375,0.14674641740500977,53.1147260570259,53.6899614429741,1.16015625,0.07685519398605359,1.0095228377624956,1.3107896622375044,53.3625,0.1411778155208462,53.0857965661631,53.6392034338369,53.362890625,0.14114156906611947,53.08625823290893,53.639523017091065,0.00039062499999999997,0.00039062499999999997,0.0,0.0011562359314609585,0.0,0.0,0.0,0.0,0.999992566603235,7.433396764986583e-06,0.9999779974132929,1.0000071357931772
0.0,spoilage_intensity_0,single_average,2.4,0.1905,48054.16852492034,127.24387145174819,47804.77511962147,48303.561930219206,45151.71141875726,119.42350425594137,44917.64565150805,45385.77718600647,0.0,0.0,0.0,0.0,2667.5,7.5,2652.8002701159494,2682.1997298840506,187.76021186179966,0.5279106237913768,186.72552605211249,188.79489767148684,33.70731096794049,0.057649235922281494,33.59432054179656,33.82030139408441,0.0,0.0,0.0,0.0,0.0,0.0,0.0,0.0,13.489583333333332,0.8314452403619005,11.859980607106758,15.119186059559906,0.0,0.0,0.0,0.0,22.229166666666668,0.06249999999999999,22.106668917632913,22.351664415700423,22.229166666666668,0.06249999999999999,22.106668917632913,22.351664415700423,0.5364577481765703,0.0015083160679753606,0.5335015030060356,0.539413993347105,421.34138709925605,0.7206154490285192,419.929006772457,422.7537674260551,7.897481209278118,0.028990028581441982,7.840661797347705,7.954300621208532,0.0,0.0,0.0,0.0,1.3489583333333335,0.08314452403619005,1.1859980607106761,1.5119186059559908,53.35,0.14999999999999988,53.056005402318995,53.64399459768101,1.241015625,0.07583114037968493,1.0923893209492166,1.3896419290507833,53.362890625,0.14114156906611947,53.08625823290893,53.639523017091065,53.362890625,0.14114156906611947,53.08625823290893,53.639523017091065,0.0,0.0,0.0,0.0,0.0,0.0,0.0,0.0,1.0,0.0,1.0,1.0
0.0,spoilage_intensity_0,single_average,3.0,0.1905,47251.179269731714,125.17613165557388,47005.83855996274,47496.519979500685,44899.00390472795,118.82073092536065,44666.11955149752,45131.88825795838,0.0,0.0,0.0,0.0,2133.125,6.175649024435883,2121.0209503309457,2145.2290496690543,166.24623529916596,0.4813025025919403,165.30289972841675,167.18957086991517,42.226029519406495,0.07362933741683896,42.081718669863946,42.370340368949044,0.005183518520703476,0.0030336675538282275,0.0,0.011129397667274527,0.0,0.0,0.0,0.0,10.572916666666666,0.7370078675913401,9.128407789864974,12.017425543468358,0.0,0.0,0.0,0.0,17.776041666666664,0.05146374187029905,17.675174586091213,17.876908747242116,17.776041666666664,0.05146374187029905,17.675174586091213,17.876908747242116,0.47498924371190276,0.0013751500074055427,0.4722939992240479,0.4776844881997576,527.8253689925813,0.9203667177104862,526.0214833732994,529.6292546118632,9.900088098942094,0.030520284603736188,9.840269440320858,9.95990675756333,0.005183518520703476,0.0030336675538282275,0.0,0.011129397667274527,1.0572916666666665,0.07370078675913401,0.9128407789864974,1.2017425543468356,53.328125,0.15439122561089708,53.02552375827364,53.63072624172636,1.287890625,0.10588902293050181,1.0803519536980803,1.4954292963019196,53.36328125,0.1412205958099865,53.08649396833714,53.64006853166286,53.362890625,0.14114156906611947,53.08625823290893,53.639523017091065,0.0,0.0,0.0,0.0,0.00039062499999999997,0.0003906249999999999,0.0,0.0011562359314609583,1.0,0.0,1.0,1.0
0.0,spoilage_intensity_0,single_average,4.5,0.1905,46084.79255734978,121.3991748767097,45846.85454683855,46322.73056786101,44438.89344706023,117.53814448990379,44208.52291705036,44669.263977070106,0.0,0.0,0.0,0.0,1423.75,4.246263530240907,1415.427476411862,1432.072523588138,135.08889769259574,0.4028959154433806,134.29923620880842,135.87855917638305,64.17211801223628,0.10648671300726617,63.96340788990999,64.38082813456258,4.721427918040751,0.19921101502714034,4.330981503263889,5.111874332817614,11.864583333333334,0.035385529418674226,11.795228970098849,11.933937696567819,6.302083333333332,0.5255654734751618,5.271993933804274,7.33217273286239,0.0,0.0,0.0,0.0,11.864583333333334,0.035385529418674226,11.795228970098849,11.933937696567819,11.864583333333334,0.035385529418674226,11.795228970098849,11.933937696567819,0.38596827912170206,0.0011511311869810883,0.3837121034537383,0.38822445478966583,802.1514751529535,1.3310839125908276,799.5425986238748,804.7603516820321,15.041736331346076,0.048851022889007556,14.94599008587568,15.137482576816472,4.721427918040751,0.19921101502714034,4.330981503263889,5.111874332817614,0.6302083333333333,0.052556547347516185,0.5271993933804274,0.7332172732862391,53.390625,0.15923488238403402,53.07853036544482,53.70271963455518,2.178515625,0.16208247948145077,1.8608398026914044,2.496191447308596,53.362890625,0.14114156906611947,53.08625823290893,53.639523017091065,53.362890625,0.14114156906611947,53.08625823290893,53.639523017091065,0.0,0.0,0.0,0.0,0.0,0.0,0.0,0.0,1.0,0.0,1.0,1.0
0.0,spoilage_intensity_0,single_average,5.0,0.1905,45870.57767019532,120.73989184714773,45633.93183067765,46107.223509712996,44319.418686503835,117.22214108433066,44089.66751178788,44549.169861219794,0.0,0.0,0.0,0.0,1281.25,3.880021068507682,1273.6452984464684,1288.8547015535316,128.23877366932075,0.3883466486919443,127.4776282243677,128.99991911427378,71.77131117415951,0.13898180051368877,71.49891185064615,72.04371049767286,14.06556551467004,0.35494525737089805,13.36988559373978,14.7612454356003,42.70833333333333,0.12933403561692286,42.45484328154894,42.96182338511772,13.125,0.7154559417501106,11.722732121644597,14.527267878355403,0.0,0.0,0.0,0.0,10.677083333333332,0.032333508904230715,10.613710820387235,10.74045584627943,10.677083333333332,0.032333508904230715,10.613710820387235,10.74045584627943,0.36639649619805925,0.0011095618534055548,0.3642217949267649,0.36857119746935363,897.1413896769939,1.7372725064211085,893.7363981330768,900.5463812209109,16.81877056809158,0.04726272901084192,16.72613732141925,16.911403814763908,14.06556551467004,0.35494525737089805,13.36988559373978,14.7612454356003,1.3125,0.07154559417501107,1.1722732121644597,1.4527267878355403,53.38541666666666,0.1616675445211535,53.06855410193617,53.70227923139714,2.444140625,0.17725896593839577,2.0967194358239323,2.791561814176068,53.362890625,0.14114156906611947,53.08625823290893,53.639523017091065,53.362890625,0.14114156906611947,53.08625823290893,53.639523017091065,0.0,0.0,0.0,0.0,0.0,0.0,0.0,0.0,1.0,0.0,1.0,1.0
0.0,spoilage_intensity_0,single_average,9.0,0.1905,45450.94508402319,117.4295841306631,45220.78732840757,45681.10283963881,43652.89128191622,115.45921702592135,43426.59537486222,43879.18718897022,0.0,0.0,0.0,0.0,715.0,2.74584823682638,709.6182363488075,720.3817636511925,97.89099820145483,0.37593541931837593,97.15417831907786,98.62781808383181,129.77346605373185,0.20269085100737078,129.37619928576163,130.17073282170207,256.2747545184468,1.6425332034739046,253.05544859622674,259.49406044066683,595.8333333333333,2.288206864021983,591.3485302906728,600.3181363759937,3.28125,0.4099470562829137,2.4777685341172746,4.084731465882726,0.0,0.0,0.0,0.0,5.958333333333332,0.022882068640219855,5.913485302906728,6.0031813637599365,5.958333333333332,0.022882068640219855,5.913485302906728,6.0031813637599365,0.279688566289871,0.0010741011980525043,0.27758336662593674,0.28179376595380523,1622.1683256716483,2.5336356375921327,1617.2024910720206,1627.134160271276,30.32871435625237,0.09634038811017459,30.139890665299816,30.517538047204923,256.2747545184468,1.6425332034739046,253.05544859622674,259.49406044066683,0.328125,0.04099470562829138,0.24777685341172745,0.40847314658827255,53.625,0.2059386177619785,53.22136772616056,54.02863227383944,4.428515625,0.32921981336486683,3.783256647807863,5.073774602192137,53.362890625,0.14114156906611947,53.08625823290893,53.639523017091065,53.362890625,0.14114156906611947,53.08625823290893,53.639523017091065,0.0,0.0,0.0,0.0,0.0,0.0,0.0,0.0,1.0,0.0,1.0,1.0
0.0,spoilage_intensity_0,single_average,10.0,0.1905,45519.04725192651,118.1344168730949,45287.508049520606,45750.58645433241,43533.41652135983,115.14321362034825,43307.739969599745,43759.09307311992,0.0,0.0,0.0,0.0,635.625,2.5381513551376917,630.6503147566186,640.5996852433814,92.27688493708445,0.36847622505556793,91.55468480681625,92.99908506735264,144.63227755838696,0.2591997505109664,144.1242553825837,145.14029973419022,343.88823473787664,1.8821597816055655,340.19926935277994,347.57720012297335,762.75,3.04578162616523,756.7803777079423,768.7196222920577,6.458333333333332,0.46879592661550235,5.539510201067865,7.377156465598799,0.0,0.0,0.0,0.0,5.296875,0.02115126129281408,5.255419289638488,5.338330710361512,5.296875,0.02115126129281408,5.255419289638488,5.338330710361512,0.2636482426773842,0.0010527892144444816,0.2615848137337608,0.26571167162100756,1807.903469479837,3.2399968813870794,1801.5531922822963,1814.2537466773776,34.00226120133175,0.1107068517116982,33.785279759135,34.219242643528496,343.88823473787664,1.8821597816055655,340.19926935277994,347.57720012297335,0.6458333333333333,0.046879592661550236,0.5539510201067865,0.73771564655988,52.96874999999999,0.21151261292814083,52.554192896384876,53.38330710361511,4.866015625,0.3713827554394407,4.138118799859449,5.593912450140551,53.362890625,0.14114156906611947,53.08625823290893,53.639523017091065,53.362890625,0.14114156906611947,53.08625823290893,53.639523017091065,0.0,0.0,0.0,0.0,0.0,0.0,0.0,0.0,1.0,0.0,1.0,1.0
0.0,spoilage_intensity_0,two_person_low,1.8,0.15475,69160.73220570254,169.80509664926223,68827.92033187865,69493.54407952644,63802.40000069594,156.6308497559682,63495.40917630634,64109.39082508554,1.328125,0.9316429972662054,0.0,3.1541117210907106,4990.0,12.47219128924647,4965.554954264782,5014.445045735218,310.25910578515084,0.7754731295757423,308.7392063802038,311.77900519009785,24.505390888131238,0.048385893873679246,24.41055627877905,24.600225497483425,0.0,0.0,0.0,0.0,0.0,0.0,0.0,0.0,32.23958333333333,1.0962666310459317,30.090940219030244,34.38822644763641,0.0,0.0,0.0,0.0,41.58333333333333,0.10393492741038726,41.37962461887319,41.78704204779347,41.58333333333333,0.10393492741038726,41.37962461887319,41.78704204779347,0.8864545879575738,0.0022156375130735506,0.8821120182291537,0.8907971576859939,306.3173861016404,0.6048236734209909,305.13195348473806,307.50281871854276,4.093220667078178,0.012273624842754963,4.069164804426622,4.117276529729734,0.0,0.0,0.0,0.0,3.223958333333333,0.10962666310459317,3.0090940219030244,3.4388226447636416,74.85,0.18708286933869708,74.48332431397174,75.21667568602825,0.791015625,0.062364354756067386,0.6687837357590287,0.9132475142409713,74.864453125,0.18378748933201092,74.50423626510022,75.22466998489978,74.865234375,0.18377805333605485,74.50503600931245,75.22543274068755,0.0007812499999999999,0.0005480252925095325,0.0,0.0018553598359357117,0.0,0.0,0.0,0.0,0.999989546744316,7.3326710378403464e-06,0.9999751749731713,1.0000039185154606
0.0,spoilage_intensity_0,two_person_low,2.0,0.15475,68494.67031229951,167.88900121106556,68165.61391652541,68823.7267080736,63635.1171875,156.2136486232858,63328.94406230476,63941.29031269524,0.6640625,0.49181030134895704,0.0,1.6279929778697464,4493.75,11.134771435491388,4471.926249010352,4515.573750989648,292.1054829453217,0.7237892156105656,290.6868821503265,293.5240837403169,27.773162687535457,0.048091268519748404,27.678905533265905,27.86741984180501,0.0,0.0,0.0,0.0,0.0,0.0,0.0,0.0,45.26041666666667,1.4973607872020238,42.32564345188816,48.19518988144518,0.0,0.0,0.0,0.0,37.44791666666666,0.09278976196242825,37.26605207508625,37.629781258247064,37.44791666666666,0.09278976196242825,37.26605207508625,37.629781258247064,0.8345870941294904,0.0020679691874587606,0.8305339490009327,0.8386402392580481,347.1645335941932,0.6011408564968553,345.9863191658238,348.3427480225626,4.640867263688498,0.01332621830746957,4.614748355755739,4.666986171621256,0.0,0.0,0.0,0.0,4.526041666666666,0.14973607872020236,4.232564345188815,4.819518988144517,74.89583333333331,0.1855795239248565,74.5321041501725,75.25956251649413,1.09609375,0.07314848089548046,0.9527253619210422,1.2394621380789579,74.86484374999999,0.18378076308621855,74.50464007329971,75.22504742670027,74.865234375,0.18377805333605485,74.50503600931245,75.22543274068755,0.000390625,0.0002893001772640924,0.0,0.0009576429281586745,0.0,0.0,0.0,0.0,0.9999947766237416,3.857189223080291e-06,0.9999872166717828,1.0000023365757005
0.0,spoilage_intensity_0,two_person_low,2.1,0.15475,68179.44326948367,167.66394795868976,67850.82796997884,68508.0585689885,63557.82961839055,156.0093483854602,63252.05691430348,63863.602322477615,0.6640625,0.6640625,0.0,1.9656010834836297,4279.375,10.892409891937056,4258.026268906956,4300.723731093044,284.0660338057383,0.7230410227168571,282.64889944186825,285.48316816960835,28.758554787398303,0.04989315428262663,28.660766001929254,28.856343572867353,0.0,0.0,0.0,0.0,0.0,0.0,0.0,0.0,28.75,1.2322371075574792,26.33485964877353,31.16514035122647,0.0,0.0,0.0,0.0,35.66145833333333,0.09077008243280879,35.48355224089129,35.839364425775365,35.66145833333333,0.09077008243280879,35.48355224089129,35.839364425775365,0.8116172394449666,0.0020658314934767327,0.8075682841196236,0.8156661947703095,359.4819348424788,0.623664428532833,358.2595750241157,360.70429466084187,4.805393412128464,0.014762996897663777,4.776458469905167,4.8343283543517614,0.0,0.0,0.0,0.0,2.874999999999999,0.12322371075574791,2.6334859648773525,3.1165140351226457,74.8890625,0.19061717310889847,74.51545970587172,75.26266529412827,1.01484375,0.07967163269897036,0.8586902193205144,1.1709972806794857,74.865234375,0.18376455743839593,74.50506246078581,75.22540628921419,74.865234375,0.18377805333605485,74.50503600931245,75.22543274068755,0.00039062499999999997,0.0003906249999999999,0.0,0.0011562359314609583,0.00039062499999999997,0.0003906249999999999,0.0,0.0011562359314609583,0.9999947759946506,5.224005349382249e-06,0.9999845371323107,1.0000050148569903
0.0,spoilage_intensity_0,two_person_low,2.25,0.15475,67771.73293760367,166.15092677358157,67446.0831051295,68097.38277007783,63448.069809141445,155.65126050182772,63142.9989444096,63753.14067387329,0.6640625,0.6640625,0.0,1.9656010834836297,3991.25,9.778042700235003,3972.0853884682447,4010.4146115317553,273.0272700399367,0.6688812539377621,271.7162868722847,274.3382532075887,31.065545922292497,0.059426955609005475,30.949071229587986,31.182020614997008,0.0,0.0,0.0,0.0,0.0,0.0,0.0,0.0,27.65625,1.0490602357332246,25.60012972034978,29.71237027965022,0.0,0.0,0.0,0.0,33.260416666666664,0.08148368916862504,33.100711570568706,33.42012176276462,33.260416666666664,0.08148368916862504,33.100711570568706,33.42012176276462,0.780077914399819,0.0019110892969650354,0.7763322482065276,0.7838235805931104,388.3193240286562,0.7428369451125684,386.8633903698498,389.77525768746256,5.186870112847467,0.015293359007810241,5.156895679989518,5.216844545705417,0.0,0.0,0.0,0.0,2.765625,0.10490602357332247,2.5600129720349782,2.9712370279650218,74.8359375,0.18333830062940631,74.47660103377959,75.19527396622041,0.9867187500000001,0.07583645816674711,0.8380820232780973,1.135355476721903,74.865234375,0.18365993060603084,74.50526752560906,75.22520122439094,74.865234375,0.18377805333605485,74.50503600931245,75.22543274068755,0.00039062499999999997,0.00039062499999999997,0.0,0.0011562359314609585,0.00039062499999999997,0.00039062499999999997,0.0,0.0011562359314609585,0.9999947707496654,5.2292503346720864e-06,0.9999845216073433,1.0000050198919874
0.0,spoilage_intensity_0,two_person_low,2.4,0.15475,67412.42064288165,165.392481612603,67088.25733560725,67736.58395015605,63344.404811012944,155.49808458258372,63039.634165566116,63649.17545645977,1.9921875,1.1317857621240541,0.0,4.210446831978363,3745.0,9.407022031018291,3726.5625756174295,3763.4374243825705,263.60337147982744,0.6621422491218777,262.3055965189062,264.9011464407487,33.201522888878415,0.05444827361303232,33.09480623357649,33.30823954418034,0.0,0.0,0.0,0.0,0.0,0.0,0.0,0.0,24.21875,1.08410175103249,22.093949612399513,26.343550387600487,0.0,0.0,0.0,0.0,31.208333333333332,0.07839185025848569,31.054688130145244,31.36197853652142,31.208333333333332,0.07839185025848569,31.054688130145244,31.36197853652142,0.7531524899423643,0.0018918349974910815,0.7494445614825893,0.7568604184021392,415.0190361109802,0.6806034201629034,413.68507791970615,416.3529943022543,5.54529194375726,0.017622739031383297,5.5107520099468,5.579831877567719,0.0,0.0,0.0,0.0,2.421875,0.10841017510324899,2.2093949612399513,2.6343550387600487,74.89999999999999,0.18814044062036586,74.53125151234858,75.26874848765141,1.2421875,0.0914734757369198,1.0629027820149388,1.4214722179850612,74.8640625,0.18377658386012513,74.50386701443236,75.22425798556765,74.865234375,0.18377805333605485,74.50503600931245,75.22543274068755,0.001171875,0.0006657563306612085,0.0,0.0024767334305755076,0.0,0.0,0.0,0.0,0.9999843445750757,8.896362670092265e-06,0.9999669080246489,1.0000017811255024
0.0,spoilage_intensity_0,two_person_low,3.0,0.15475,66280.28693813563,162.75464098286395,65961.29370349247,66599.28017277879,62990.07169575237,154.63292881032106,62686.996724460194,63293.146667044544,0.6640625,0.6640625,0.0,1.9656010834836297,2995.0,7.689407267597687,2979.929038693048,3010.070961306952,233.41692339689519,0.5992780591480399,232.24235998423995,234.59148680955042,41.96758981971398,0.0761814051630153,41.81827700930282,42.11690263012514,0.0,0.0,0.0,0.0,0.0,0.0,0.0,0.0,19.166666666666664,0.9272477337736446,17.349294503723936,20.984038829609393,0.0,0.0,0.0,0.0,24.958333333333332,0.06407839389664739,24.832741989108733,25.08392467755793,24.958333333333332,0.06407839389664739,24.832741989108733,25.08392467755793,0.6669054954197006,0.0017122230261372553,0.6635495999549713,0.6702613908844298,524.5948727464247,0.9522675645376911,522.7284626162851,526.4612828765643,7.009865817341082,0.023041640285891188,6.964705032236009,7.055026602446156,0.0,0.0,0.0,0.0,1.9166666666666665,0.09272477337736447,1.7349294503723938,2.0984038829609393,74.875,0.19223518168994216,74.4982259673262,75.2517740326738,1.40859375,0.11233207643502971,1.1884269258787414,1.6287605741212587,74.86484374999999,0.18378404314104324,74.50463364451039,75.22505385548959,74.865234375,0.18377805333605485,74.50503600931245,75.22543274068755,0.00039062499999999997,0.00039062499999999997,0.0,0.0011562359314609585,0.0,0.0,0.0,0.0,0.9999947707496654,5.2292503346720864e-06,0.9999845216073433,1.0000050198919874
0.0,spoilage_intensity_0,two_person_low,4.5,0.15475,64606.67271076128,158.75742735401013,64295.51387086919,64917.831550653376,62345.026204004724,153.0494209507554,62045.054851086534,62644.997556922914,0.6640625,0.6640625,0.0,1.9656010834836297,1993.75,5.507480482928766,1982.9555366079023,2004.5444633920977,189.17189799797205,0.5225632783159486,188.14769279282962,190.1961032031145,63.876695890299004,0.11401874137120774,63.65322326364885,64.10016851694915,0.01718370162164949,0.0052687056275862185,0.0068572283464370005,0.027510174896861982,0.0,0.0,0.0,0.0,14.166666666666664,0.7995810190321382,12.599516666641838,15.73381666669149,0.0,0.0,0.0,0.0,16.614583333333332,0.04589567069107304,16.524629471732517,16.704537194934147,16.614583333333332,0.04589567069107304,16.524629471732517,16.704537194934147,0.5404911371370631,0.001493037938045567,0.5375648365509418,0.5434174377231844,798.4586986287375,1.4252342671400993,795.6652907956105,801.2521064618644,10.671491404883968,0.03228764650589934,10.608208780586844,10.734774029181091,0.01718370162164949,0.0052687056275862185,0.0068572283464370005,0.027510174896861982,1.4166666666666665,0.07995810190321383,1.259951666664184,1.5733816666691491,74.765625,0.20653051810982873,74.36083262279634,75.17041737720366,2.04140625,0.17020264928836093,1.7078151873215108,2.3749973126784893,74.86484374999999,0.18378404314104324,74.50463364451039,75.22505385548959,74.865234375,0.18377805333605485,74.50503600931245,75.22543274068755,0.00039062499999999997,0.00039062499999999997,0.0,0.0011562359314609585,0.0,0.0,0.0,0.0,0.9999947707496654,5.2292503346720864e-06,0.9999845216073433,1.0000050198919874
0.0,spoilage_intensity_0,two_person_low,5.0,0.15475,64248.75620726397,157.28747249989325,63940.47842594484,64557.0339885831,62177.73491030527,152.63297013703044,61878.57978598331,62476.89003462723,0.0,0.0,0.0,0.0,1800.625,4.755296754380553,1791.304789625614,1809.945210374386,180.2223936299088,0.475951940851092,179.28954496746871,181.15524229234887,71.70769799461945,0.12604709310538537,71.46065023177692,71.95474575746198,0.18495533417396737,0.026464271748658074,0.1330863146695167,0.23682435367841803,0.0,0.0,0.0,0.0,18.28125,0.944888397931658,16.4293027706442,20.1331972293558,0.0,0.0,0.0,0.0,15.005208333333332,0.03962747295317127,14.92753991354678,15.082876753119884,15.005208333333332,0.03962747295317127,14.92753991354678,15.082876753119884,0.5149211246568822,0.001359862688145979,0.5122558427641963,0.5175864065495681,896.3462249327431,1.575588663817316,893.2581278972116,899.4343219682746,11.966045502887091,0.036932855322381275,11.893658436608996,12.038432569165186,0.18495533417396737,0.026464271748658074,0.1330863146695167,0.23682435367841803,1.8281249999999998,0.0944888397931658,1.6429302770644196,2.01331972293558,75.02604166666666,0.1981373647658563,74.6376995677339,75.41438376559941,2.766796875,0.15680462545894872,2.4594654564911678,3.074128293508832,74.865234375,0.18377805333605485,74.50503600931245,75.22543274068755,74.865234375,0.18377805333605485,74.50503600931245,75.22543274068755,0.0,0.0,0.0,0.0,0.0,0.0,0.0,0.0,1.0,0.0,1.0,1.0
0.0,spoilage_intensity_0,two_person_low,9.0,0.15475,62909.55090699495,153.01861239402328,62609.639937738364,63209.46187625153,61242.31365242679,150.34239638488398,60947.64797016297,61536.97933469061,0.6640625,0.6640625,0.0,1.9656010834836297,993.75,3.114068180840078,987.6465385201512,999.8534614798488,136.05479645132272,0.4263485911745781,135.21916856776116,136.89042433488427,129.6641370439884,0.20745883562026582,129.25752519789808,130.07074889007873,101.84384190617621,1.1344374131496073,99.6203854336882,104.06729837866422,298.125,0.9342204542520235,296.29396155604536,299.95603844395464,7.135416666666666,0.524252993265629,6.107899681078713,8.162933652254619,0.0,0.0,0.0,0.0,8.281249999999998,0.025950568173667275,8.230387821001258,8.332112178998738,8.281249999999998,0.025950568173667275,8.230387821001258,8.332112178998738,0.38872798986092205,0.0012181388319273683,0.3863404816221747,0.3911154980996694,1620.8017130498552,2.5932354452533253,1615.7190649737258,1625.8843611259845,21.684226425224054,0.06293184368890137,21.5608822781131,21.807570572335006,101.84384190617621,1.1344374131496073,99.6203854336882,104.06729837866422,0.7135416666666665,0.05242529932656291,0.6107899681078712,0.8162933652254618,74.53125,0.23355511356300587,74.07349038901134,74.98900961098866,4.36171875,0.3467853759297029,3.6820319028125987,5.041405597187401,74.86484374999999,0.18378404314104324,74.50463364451039,75.22505385548959,74.865234375,0.18377805333605485,74.50503600931245,75.22543274068755,0.00039062499999999997,0.00039062499999999997,0.0,0.0011562359314609585,0.0,0.0,0.0,0.0,0.9999947707496654,5.2292503346720864e-06,0.9999845216073433,1.0000050198919874
0.0,spoilage_intensity_0,two_person_low,10.0,0.15475,62901.84914647635,152.4605255562625,62603.03200732203,63200.66628563067,61075.016605064215,149.9260337972585,60781.16697847666,61368.86623165177,0.0,0.0,0.0,0.0,898.125,2.9452258247425034,892.3524634571675,903.8975365428325,130.38533299369755,0.4275732775512191,129.5473047689454,131.2233612184497,144.46642109650446,0.240815829745121,143.9944307432969,144.93841144971202,166.10578732192516,1.4088104824521002,163.34456951527656,168.86700512857377,479.0,1.5707871065293344,475.92131384382265,482.07868615617735,8.75,0.661937591968741,7.452626159728098,10.047373840271902,0.0,0.0,0.0,0.0,7.484375,0.02454354853952085,7.436270528809729,7.532479471190271,7.484375,0.02454354853952085,7.436270528809729,7.532479471190271,0.3725295228391357,0.0012216379358606264,0.370135156482701,0.3749238891955704,1805.8302637063061,3.0101978718140145,1799.9303842912116,1811.7301431214007,24.201427626155997,0.06907470875286797,24.066043684757783,24.33681156755421,166.10578732192516,1.4088104824521002,163.34456951527656,168.86700512857377,0.875,0.06619375919687412,0.7452626159728097,1.0047373840271903,74.84375,0.2454354853952084,74.36270528809729,75.32479471190271,5.032421875,0.3607582848413744,4.325348629586464,5.739495120413536,74.865234375,0.18377805333605485,74.50503600931245,75.22543274068755,74.865234375,0.18377805333605485,74.50503600931245,75.22543274068755,0.0,0.0,0.0,0.0,0.0,0.0,0.0,0.0,1.0,0.0,1.0,1.0
0.0,spoilage_intensity_0,two_person_average,1.8,0.15475,98651.81360252324,236.78604975378025,98187.72147296432,99115.90573208216,91011.12595049522,217.91993853581658,90584.01071945184,91438.2411815386,0.0,0.0,0.0,0.0,7121.25,17.479438033536834,7086.990930984268,7155.509069015732,442.7720755656324,1.0868045719262713,440.64197774642344,444.9021733848414,24.373909795721232,0.04848503958113018,24.27888086435322,24.468938727089245,0.0,0.0,0.0,0.0,0.0,0.0,0.0,0.0,52.29166666666666,1.679637030895531,48.999638579011624,55.58369475432169,0.0,0.0,0.0,0.0,59.34375,0.14566198361280694,59.05825775820224,59.62924224179776,59.34375,0.14566198361280694,59.05825775820224,59.62924224179776,1.2650630730446637,0.0031051559197893476,1.2589770792754953,1.271149066813832,304.67387244651536,0.6060629947641273,303.4860108044152,305.86173408861555,2.854099071719566,0.00923739066698718,2.835994118701145,2.872204024737987,0.0,0.0,0.0,0.0,5.229166666666666,0.1679637030895531,4.899963857901163,5.558369475432169,106.81875,0.26219157050305253,106.30486396476401,107.33263603523598,0.851953125,0.06435564869297952,0.7258183713600479,0.9780878786399521,106.79062499999999,0.25570287361195776,106.28945657697716,107.29179342302282,106.78984374999999,0.2555592938788809,106.28895673808289,107.29073076191709,0.0,0.0,0.0,0.0,0.0007812499999999999,0.0005480252925095325,0.0,0.0018553598359357117,1.0,0.0,1.0,1.0
0.0,spoilage_intensity_0,two_person_average,2.0,0.15475,97683.0314459535,233.58103465065233,97225.22103056662,98140.84186134038,90771.3671875,217.29344423900483,90345.47986271488,91197.25451228512,1.1067708333333333,0.9092515684510888,0.0,2.888871160384023,6403.125,15.489491765669078,6372.766154000459,6433.483845999541,416.21984322320174,1.0068574070182685,414.24643896787853,418.19324747852494,27.72306106364543,0.0487641715445729,27.627485043682135,27.818637083608728,0.0,0.0,0.0,0.0,0.0,0.0,0.0,0.0,63.48958333333333,1.8023929681693582,59.95695802973314,67.02220863693351,0.0,0.0,0.0,0.0,53.359375,0.1290790980472423,53.10638461667049,53.61236538332951,53.359375,0.1290790980472423,53.10638461667049,53.61236538332951,1.1891995520662908,0.002876735448623622,1.1835612541939389,1.1948378499386427,346.53826329556784,0.6095521443071614,345.34356304602665,347.73296354510904,3.246662007353774,0.010145091781350056,3.2267779928424747,3.2665460218650737,0.0,0.0,0.0,0.0,6.348958333333332,0.18023929681693585,5.995695802973313,6.702220863693351,106.71875,0.2581581960944846,106.21276923334098,107.22473076665902,0.80390625,0.07163460218036176,0.6635050096796365,0.9443074903203635,106.78984374999999,0.2556393461635353,106.28879983848809,107.29088766151189,106.78984374999999,0.2555592938788809,106.28895673808289,107.29073076191709,0.0006510416666666666,0.000534853863794758,0.0,0.0016993359766964838,0.0006510416666666666,0.00046602076944726067,0.0,0.0015644255908309414,0.9999938678863686,5.0427063576811815e-06,0.9999839843635229,1.0000037514092142
0.0,spoilage_intensity_0,two_person_average,2.1,0.15475,97238.1136750807,232.95352141679672,96781.533163032,97694.69418712941,90660.64843982595,216.96043822410186,90235.41379483668,91085.88308481521,0.0,0.0,0.0,0.0,6101.25,14.932885569392521,6071.9820820987325,6130.5179179012675,405.0025736836012,0.991248856894354,403.0597616243718,406.94538574283064,28.764744904484132,0.050376949072532096,28.66600789865096,28.863481910317304,0.0,0.0,0.0,0.0,0.0,0.0,0.0,0.0,42.44791666666666,1.5073347046049026,39.49359493299373,45.402238400339584,0.0,0.0,0.0,0.0,50.84375,0.12444071307827108,50.59985068415611,51.08764931584389,50.84375,0.12444071307827108,50.59985068415611,51.08764931584389,1.1571502105245746,0.002832139591126721,1.1515993189267761,1.162701102122373,359.5593113060516,0.6297118634066509,358.32509873313694,360.79352387896625,3.3692074906223164,0.010724074308259902,3.348188691210596,3.390226290034037,0.0,0.0,0.0,0.0,4.244791666666666,0.15073347046049027,3.949359493299373,4.540223840033959,106.771875,0.2613254974643692,106.25968643672782,107.28406356327217,0.912890625,0.06920617100915039,0.7772490223141452,1.0485322276858546,106.78984374999999,0.2555592938788809,106.28895673808289,107.29073076191709,106.78984374999999,0.2555592938788809,106.28895673808289,107.29073076191709,0.0,0.0,0.0,0.0,0.0,0.0,0.0,0.0,1.0,0.0,1.0,1.0
0.0,spoilage_intensity_0,two_person_average,2.25,0.15475,96659.20487064077,231.6082853081223,96205.26097291577,97113.14876836576,90504.41506160818,216.61295389919397,90079.86147338092,90928.96864983543,0.6640625,0.6640625,0.0,1.9656010834836297,5693.75,13.864959544643582,5666.575178645394,5720.924821354606,389.48926245910167,0.948452753821035,387.6303292205746,391.34819569762874,30.886484073492895,0.05214821371811696,30.784275452747288,30.9886926942385,0.0,0.0,0.0,0.0,0.0,0.0,0.0,0.0,39.99999999999999,1.5537120595596738,36.95478032091748,43.04521967908251,0.0,0.0,0.0,0.0,47.447916666666664,0.1155413295386965,47.22145982204494,47.67437351128839,47.447916666666664,0.1155413295386965,47.22145982204494,47.67437351128839,1.112826464168862,0.002709865010917239,1.1075152263444992,1.118137701993225,386.08105091866116,0.6518526714764626,384.8034431593411,387.3586586779812,3.6162275242686275,0.009548044802640066,3.5975137003326783,3.6349413482045767,0.0,0.0,0.0,0.0,4.0,0.15537120595596737,3.695478032091749,4.304521967908252,106.7578125,0.25996799146206717,106.24828459960113,107.26734040039887,1.021875,0.08053427897042174,0.864030713697072,1.1797192863029282,106.790234375,0.25559137750141214,106.28928448033825,107.29118426966174,106.78984374999999,0.2555592938788809,106.28895673808289,107.29073076191709,0.00039062499999999997,0.0003906249999999999,0.0,0.0011562359314609583,0.0007812499999999999,0.0005480252925095325,0.0,0.0018553598359357117,0.999996431833752,3.5681662480021446e-06,0.9999894383564151,1.000003425311089
0.0,spoilage_intensity_0,two_person_average,2.4,0.15475,96146.14190192534,229.94376989901107,95695.46039445391,96596.82340939676,90357.95828089012,216.2649905043213,89934.08668838475,90781.82987339549,0.0,0.0,0.0,0.0,5338.75,12.970318680227816,5313.328642518746,5364.171357481254,375.784379035495,0.9129558700336016,373.9950184107547,377.57373966023533,33.128408666392744,0.059890172812706616,33.01102608465196,33.24579124813353,0.0,0.0,0.0,0.0,0.0,0.0,0.0,0.0,40.52083333333333,1.3913049422178658,37.79392575507373,43.24774091159293,0.0,0.0,0.0,0.0,44.48958333333333,0.10808598900189849,44.27773868765622,44.70142797901044,44.48958333333333,0.10808598900189849,44.27773868765622,44.70142797901044,1.0736696543871285,0.002608445342953147,1.0685571954592992,1.0787821133149578,414.10510832990934,0.7486271601588341,412.6378260581495,415.57239060166916,3.8791464446159285,0.011623852185250664,3.85636411297122,3.901928776260637,0.0,0.0,0.0,0.0,4.052083333333333,0.13913049422178658,3.7793925755073734,4.324774091159293,106.77499999999999,0.2594063736045563,106.26657285037491,107.28342714962507,1.0769531250000002,0.08344171651163752,0.9134103658289895,1.2404958841710108,106.79023437499998,0.2555944098611621,106.28927853702234,107.29119021297763,106.78984374999999,0.2555592938788809,106.28895673808289,107.29073076191709,0.0,0.0,0.0,0.0,0.00039062499999999997,0.0003906249999999999,0.0,0.0011562359314609583,1.0,0.0,1.0,1.0
0.0,spoilage_intensity_0,two_person_average,3.0,0.15475,94525.96868781505,226.0774148782448,94082.86509693577,94969.07227869434,89851.58029782769,215.05301281268112,89430.08413794801,90273.07645770737,0.0,0.0,0.0,0.0,4270.0,10.465362369445671,4249.488266670725,4290.511733329275,332.78472884966357,0.8156236015057257,331.1861359657715,334.38332173355565,41.91616113768994,0.07572447698298776,41.76774389005515,42.06457838532473,0.0,0.0,0.0,0.0,0.0,0.0,0.0,0.0,29.687499999999996,1.0596171597007455,27.610688529585907,31.764311470414086,0.0,0.0,0.0,0.0,35.58333333333333,0.08721135307871392,35.41240222225604,35.754264444410616,35.58333333333333,0.08721135307871392,35.41240222225604,35.754264444410616,0.9508135109990388,0.0023303531471592165,0.9462461027593472,0.9553809192387304,523.9520142211243,0.946555962287347,522.0967986256894,525.8072298165591,4.9076057184797754,0.013539942528317743,4.881067918771531,4.93414351818802,0.0,0.0,0.0,0.0,2.96875,0.10596171597007453,2.761068852958591,3.176431147041409,106.75,0.2616340592361418,106.23720666676815,107.26279333323185,1.3488281250000003,0.11298867312833326,1.1273743950074984,1.5702818549925022,106.79023437499998,0.2555944098611621,106.28927853702234,107.29119021297763,106.78984374999999,0.2555592938788809,106.28895673808289,107.29073076191709,0.0,0.0,0.0,0.0,0.00039062499999999997,0.0003906249999999999,0.0,0.0011562359314609583,1.0,0.0,1.0,1.0
0.0,spoilage_intensity_0,two_person_average,4.5,0.15475,92129.83365534608,220.55982465022345,91697.54434259518,92562.12296809698,88931.46137690538,212.85077724337435,88514.28151942701,89348.64123438376,0.0,0.0,0.0,0.0,2845.0,7.154752000627009,2830.976943760455,2859.023056239545,269.9405892435012,0.6788604467277234,268.6100472173861,271.2711312696163,63.744189197201294,0.09419731244119164,63.55956585737609,63.928812537026495,0.0,0.0,0.0,0.0,0.0,0.0,0.0,0.0,19.6875,1.0306126444205437,17.66753633492415,21.70746366507585,0.0,0.0,0.0,0.0,23.708333333333332,0.05962293333855839,23.591474531337123,23.82519213532954,23.708333333333332,0.05962293333855839,23.591474531337123,23.82519213532954,0.7712588264100034,0.0019396012763649247,0.7674572777639602,0.7750603750560466,796.8023649650162,1.1774664055148965,794.4945732172012,799.1101567128312,7.464331751469642,0.022651656517530074,7.419935320505111,7.508728182434172,0.0,0.0,0.0,0.0,1.96875,0.10306126444205438,1.766753633492415,2.170746366507585,106.6875,0.2683032000235128,106.16163539101707,107.21336460898293,1.934765625,0.1630671737227525,1.6151598374426688,2.2543714125573313,106.79023437499998,0.2555944098611621,106.28927853702234,107.29119021297763,106.78984374999999,0.2555592938788809,106.28895673808289,107.29073076191709,0.0,0.0,0.0,0.0,0.00039062499999999997,0.0003906249999999999,0.0,0.0011562359314609583,1.0,0.0,1.0,1.0
0.0,spoilage_intensity_0,two_person_average,5.0,0.15475,91607.65346245625,219.1840821267962,91178.06055550325,92037.24636940924,88692.04312566371,212.2493592830066,88276.0420257273,89108.04422560011,0.0,0.0,0.0,0.0,2562.5,6.59936264358819,2549.565486897648,2575.434513102352,256.4775473386415,0.6605222809076116,255.18294745707632,257.77214722020665,71.58070612058263,0.1070842165836359,71.37082491276603,71.79058732839924,0.0,0.0,0.0,0.0,0.0,0.0,0.0,0.0,25.05208333333333,1.1878096168817585,22.724019263754762,27.380147402911895,0.0,0.0,0.0,0.0,21.354166666666664,0.054994688696568254,21.2463790574804,21.46195427585293,21.354166666666664,0.054994688696568254,21.2463790574804,21.46195427585293,0.7327929923961185,0.0018872065168788895,0.7290941355916466,0.7364918492005904,894.758826507283,1.3385527072954504,892.1353114095753,897.3823416049906,8.377382417319225,0.02265119445086193,8.332986891988723,8.421777942649728,0.0,0.0,0.0,0.0,2.505208333333333,0.11878096168817585,2.2724019263754762,2.73801474029119,106.77083333333333,0.27497344348284125,106.231895287402,107.30977137926466,2.364453125,0.17284745162305137,2.0256783449992897,2.70322790500071,106.78984374999999,0.2555592938788809,106.28895673808289,107.29073076191709,106.78984374999999,0.2555592938788809,106.28895673808289,107.29073076191709,0.0,0.0,0.0,0.0,0.0,0.0,0.0,0.0,1.0,0.0,1.0,1.0
0.0,spoilage_intensity_0,two_person_average,9.0,0.15475,89545.648429347,213.7901922151107,89126.6273523575,89964.6695063365,87358.50769220258,209.0860306714288,86948.70660241613,87768.30878198902,0.0,0.0,0.0,0.0,1420.625,4.0817234435764105,1412.6249690557374,1428.6250309442626,194.49846058733115,0.5588307444391251,193.40317245477675,195.59374871988555,129.6818924600187,0.1793883805591684,129.33029769487777,130.03348722515963,7.293717430397044,0.281011778941988,6.7429444644392165,7.844490396354872,426.1875,1.2245170330729231,423.7874907167212,428.5875092832788,8.854166666666666,0.7051506071385001,7.472096872998653,10.236236460334679,0.0,0.0,0.0,0.0,11.838541666666666,0.03401436202980344,11.771874742131144,11.905208591202188,11.838541666666666,0.03401436202980344,11.771874742131144,11.905208591202188,0.5557098873923747,0.0015966592698260747,0.5525804927279335,0.5588392820568159,1621.0236557502335,2.242354756989604,1616.6287211859717,1625.4185903144953,15.180830168868638,0.04555290602061022,15.091548113677105,15.270112224060172,7.293717430397044,0.281011778941988,6.7429444644392165,7.844490396354872,0.8854166666666666,0.07051506071385001,0.7472096872998654,1.023623646033468,106.546875,0.3061292582682308,105.9468726791803,107.1468773208197,3.973828125,0.3377747401401264,3.3118017994379763,4.635854450562023,106.79023437499998,0.2555944098611621,106.28927853702234,107.29119021297763,106.78984374999999,0.2555592938788809,106.28895673808289,107.29073076191709,0.0,0.0,0.0,0.0,0.00039062499999999997,0.0003906249999999999,0.0,0.0011562359314609583,1.0,0.0,1.0,1.0
0.0,spoilage_intensity_0,two_person_average,10.0,0.15475,89455.44537897373,213.37296268634722,89037.24205683389,89873.64870111358,87119.09519462401,208.48512994762308,86710.47184861451,87527.7185406335,0.0,0.0,0.0,0.0,1283.75,3.8543677553719227,1276.1955780162984,1291.3044219837016,186.36845787686477,0.5595579938920956,185.27174436157478,187.46517139215476,144.72904776340488,0.21258226805964997,144.31239417425613,145.14570135255363,25.117262042766605,0.6073376901403794,23.926902043637714,26.307622041895495,684.6666666666666,2.0556628028650277,680.6376416086925,688.6956917246407,11.71875,0.7460662102073967,10.256487097911213,13.181012902088787,0.0,0.0,0.0,0.0,10.697916666666666,0.03211973129476606,10.634963150135821,10.760870183197511,10.697916666666666,0.03211973129476606,10.634963150135821,10.760870183197511,0.5324813082196136,0.0015987371254059877,0.5293478410330708,0.5356147754061564,1809.1130970425609,2.6572783507456266,1803.9049271782014,1814.3212669069203,16.94400626836948,0.04731026819188055,16.851279846614464,17.0367326901245,25.117262042766605,0.6073376901403794,23.926902043637714,26.307622041895495,1.171875,0.07460662102073967,1.0256487097911213,1.3181012902088787,106.97916666666666,0.3211973129476604,106.3496315013582,107.60870183197511,5.020703125,0.36983360538821797,4.295842578166495,5.745563671833505,106.78984374999999,0.2555592938788809,106.28895673808289,107.29073076191709,106.78984374999999,0.2555592938788809,106.28895673808289,107.29073076191709,0.0,0.0,0.0,0.0,0.0,0.0,0.0,0.0,1.0,0.0,1.0,1.0
0.0,spoilage_intensity_0,family_three,1.8,0.15475,147786.26722611615,372.2597662217263,147056.65149142826,148515.88296080404,136383.52659590566,343.39602664866374,135710.4827512401,137056.5704405712,2.65625,1.8632859945324107,0.0,6.308223442181421,10666.25,27.229459274487116,10612.881240503506,10719.618759496494,663.1866106374479,1.6930235842716561,659.8683453872985,666.5048758875972,23.304019573043547,0.04502396778872701,23.215774217736552,23.392264928350542,0.0,0.0,0.0,0.0,0.0,0.0,0.0,0.0,47.34375,1.6503495025264854,44.10912441314449,50.57837558685551,0.0,0.0,0.0,0.0,88.88541666666666,0.22691216062072597,88.44067700419586,89.33015632913745,88.88541666666666,0.22691216062072597,88.44067700419586,89.33015632913745,1.8948188875355656,0.004837210240776154,1.885338129677996,1.9042996453931351,291.30024466304434,0.5627995973590875,290.1971777217069,292.40331160438177,1.8216532354185033,0.0064454001515252095,1.809020483255565,1.8342859875814417,0.0,0.0,0.0,0.0,4.734375,0.16503495025264855,4.41091244131445,5.05783755868555,159.99374999999998,0.40844188911730667,159.19321860755255,160.7942813924474,0.67734375,0.07039367833674261,0.5393746757206871,0.815312824279313,160.0296875,0.40293399213931963,159.23995138726,160.81942361274,160.02890624999998,0.40258466261741366,159.23985481054163,160.81795768945832,0.0015624999999999999,0.001096050585019065,0.0,0.0037107196718714234,0.00234375,0.0013315126613224167,0.0,0.004953466861151015,0.9999900503554613,6.980758409312875e-06,0.9999763683203943,1.0000037323905284
0.0,spoilage_intensity_0,family_three,2.0,0.15475,146341.11241982557,367.8671616349113,145620.10603192617,147062.11880772497,136024.79166666666,342.2308181189566,135354.03158875383,136695.55174457948,0.0,0.0,0.0,0.0,9603.125,24.058537861799064,9555.97113227018,9650.27886772982,624.2281982551971,1.5638677765961897,621.1630737364858,627.2933227739084,27.35297157037077,0.05625349760051631,27.242716741069348,27.46322639967219,0.0,0.0,0.0,0.0,0.0,0.0,0.0,0.0,61.61458333333333,1.7909854548154962,58.10431634505987,65.12485032160679,0.0,0.0,0.0,0.0,80.02604166666666,0.20048781551499228,79.63309276891816,80.41899056441515,80.02604166666666,0.20048781551499228,79.63309276891816,80.41899056441515,1.7835091378719918,0.004468193647417685,1.7747516392471026,1.7922666364968811,341.9121446296346,0.7031687200064544,340.53395926336685,343.29032999590237,2.1376755690665457,0.007235937233852751,2.1234933926938018,2.1518577454392895,0.0,0.0,0.0,0.0,6.161458333333333,0.17909854548154963,5.810431634505987,6.512485032160679,160.05208333333331,0.40097563102998457,159.26618553783632,160.8379811288303,0.95078125,0.07642894844943446,0.8009832636628401,1.10057923633716,160.02916666666664,0.4026244919046549,159.24003716323978,160.8182961700935,160.02890624999998,0.40258466261741366,159.23985481054163,160.81795768945832,0.0,0.0,0.0,0.0,0.00026041666666666666,0.0002604166666666667,0.0,0.0007708239543073058,1.0,0.0,1.0,1.0
0.0,spoilage_intensity_0,family_three,2.1,0.15475,145676.00238570463,366.2838128362268,144958.09930442562,146393.90546698365,135858.65378458443,341.90637380511197,135188.52960584173,136528.77796332713,1.328125,1.328125,0.0,3.9312021669672594,9142.5,23.040251183595515,9097.341937485397,9187.658062514603,606.8815455689119,1.5294179107023684,603.8839415466247,609.879149591199,27.784763884643816,0.059844333685604205,27.667471145941235,27.902056623346397,0.0,0.0,0.0,0.0,0.0,0.0,0.0,0.0,38.854166666666664,1.3075776935246237,36.29136148037045,41.41697185296288,0.0,0.0,0.0,0.0,76.1875,0.19200209319662934,75.8111828123783,76.5638171876217,76.1875,0.19200209319662934,75.8111828123783,76.5638171876217,1.7339472730540342,0.004369765459149632,1.7253826901332137,1.7425118559748547,347.3095485580476,0.7480541710700529,345.84338932426533,348.77570779182986,2.1712531806215076,0.007896583871482251,2.1557761606325028,2.1867302006105125,0.0,0.0,0.0,0.0,3.8854166666666665,0.13075776935246233,3.629136148037045,4.141697185296288,159.99374999999998,0.4032043957129215,159.2034839059944,160.78401609400555,0.8578125,0.08308160454271966,0.6949755473184701,1.02064945268153,160.02890624999998,0.4027340291969248,159.2395620574253,160.81825044257465,160.02890624999998,0.40258466261741366,159.23985481054163,160.81795768945832,0.0007812499999999999,0.0007812499999999999,0.0,0.002312471862921917,0.0007812499999999999,0.0007812499999999998,0.0,0.0023124718629219166,0.9999950849323687,4.915067631330525e-06,0.9999854515768297,1.0000047182879077
0.0,spoilage_intensity_0,family_three,2.25,0.15475,144812.09786084277,363.73421864657496,144099.19189235067,145525.00382933486,135623.3735350009,341.2181448061051,134954.59826030934,136292.14880969244,1.328125,1.328125,0.0,3.9312021669672594,8535.0,21.259918320260006,8493.331325778026,8576.668674221974,583.849107370087,1.4543156806145014,580.9987010139307,586.6995137262434,29.901260138479707,0.06159882778210343,29.780528654536898,30.021991622422515,0.0,0.0,0.0,0.0,0.0,0.0,0.0,0.0,38.64583333333333,1.4080400864040181,35.886125475192785,41.40554119147387,0.0,0.0,0.0,0.0,71.125,0.17716598600216668,70.77776104815023,71.47223895184977,71.125,0.17716598600216668,70.77776104815023,71.47223895184977,1.6681403067716771,0.004155187658898578,1.6599962886112307,1.6762843249321235,373.76575173099627,0.7699853472762925,372.25660818171116,375.2748952802814,2.336632109798865,0.007557513908385977,2.321819654725768,2.351444564871962,0.0,0.0,0.0,0.0,3.864583333333333,0.1408040086404018,3.588612547519279,4.140554119147387,160.03125,0.3986234685048751,159.249962358338,160.812537641662,1.0546875,0.08391699435730694,0.8902132133688274,1.2191617866311726,160.028125,0.4026186527148101,159.23900694117492,160.81724305882506,160.02890624999998,0.40258466261741366,159.23985481054163,160.81795768945832,0.0007812499999999999,0.0007812499999999998,0.0,0.0023124718629219166,0.0,0.0,0.0,0.0,0.9999950849323687,4.915067631330524e-06,0.9999854515768297,1.0000047182879077
0.0,spoilage_intensity_0,family_three,2.4,0.15475,144040.85714420746,362.4730085481358,143330.42310208525,144751.29118632968,135405.88709831444,340.9469826024113,134737.64329177613,136074.13090485276,0.0,0.0,0.0,0.0,8005.0,20.089087300607474,7965.626112408529,8044.373887591471,563.4566057933293,1.414032347768415,560.6851533187287,566.22805826793,32.03427343301292,0.06527613775511154,31.906334553963028,32.16221231206281,0.0,0.0,0.0,0.0,0.0,0.0,0.0,0.0,34.479166666666664,1.1649144769192952,32.19597624683553,36.7623570864978,0.0,0.0,0.0,0.0,66.70833333333333,0.16740906083839568,66.3802176034044,67.03644906326225,66.70833333333333,0.16740906083839568,66.3802176034044,67.03644906326225,1.6098760165523696,0.004040092422195471,1.6019575809106532,1.617794452194086,400.4284179126615,0.8159517219388943,398.8291819245378,402.02765390078514,2.5033948939808095,0.00860566382461021,2.4865281028215143,2.5202616851401047,0.0,0.0,0.0,0.0,3.447916666666666,0.11649144769192951,3.2195976246835527,3.6762357086497794,160.10000000000002,0.4017817460121496,159.31252224817058,160.88747775182946,1.20703125,0.08220114209837223,1.0459199719991312,1.3681425280008688,160.03046874999998,0.40295076243727934,159.24069976807996,160.82023773192,160.02890624999998,0.40258466261741366,159.23985481054163,160.81795768945832,0.0,0.0,0.0,0.0,0.0015624999999999999,0.001096050585019065,0.0,0.0037107196718714234,1.0,0.0,1.0,1.0
0.0,spoilage_intensity_0,family_three,3.0,0.15475,141616.3816928995,355.82434069476693,140918.97880031506,142313.78458548395,134645.7398848219,338.7282400075956,133981.84473386037,135309.63503578343,0.0,0.0,0.0,0.0,6402.5,15.858376185413665,6371.4181538233015,6433.5818461766985,498.98225444027435,1.2359310114423545,496.5598741704712,501.4046347100775,40.77413697068346,0.07458558802928109,40.627951904380325,40.92032203698659,0.0,0.0,0.0,0.0,0.0,0.0,0.0,0.0,28.385416666666664,1.1808290707898406,26.071034216020678,30.69979911731265,0.0,0.0,0.0,0.0,53.35416666666667,0.13215313487844724,53.09515128186085,53.61318205147249,53.35416666666667,0.13215313487844724,53.09515128186085,53.61318205147249,1.4256635841150693,0.00353123146126387,1.4187424976299174,1.4325846706002212,509.67671213354316,0.9323198503660123,507.849398804754,511.5040254623323,3.1864690682384196,0.009946886573695834,3.166973528795671,3.2059646076811683,0.0,0.0,0.0,0.0,2.8385416666666665,0.11808290707898406,2.607103421602068,3.069979911731265,160.0625,0.39645940463534163,159.28545384558254,160.83954615441746,1.49765625,0.10687798593886495,1.2881792468196462,1.7071332531803536,160.02890624999998,0.40258466261741366,159.23985481054163,160.81795768945832,160.02890624999998,0.40258466261741366,159.23985481054163,160.81795768945832,0.0,0.0,0.0,0.0,0.0,0.0,0.0,0.0,1.0,0.0,1.0,1.0
0.0,spoilage_intensity_0,family_three,4.5,0.15475,138024.46935630607,346.5243453699625,137345.2941196146,138703.64459299753,133266.90945714377,335.2595167903897,132609.8128787603,133924.00603552724,0.0,0.0,0.0,0.0,4270.0,10.540925533894598,4249.340165589848,4290.659834410152,405.148090006942,1.0001489102957382,403.1878341635854,407.10834585029863,62.672225822014,0.09907626877154559,62.47803990349916,62.86641174052884,0.0,0.0,0.0,0.0,0.0,0.0,0.0,0.0,19.73958333333333,1.005125443782066,17.769573663575642,21.709593003091015,0.0,0.0,0.0,0.0,35.58333333333333,0.08784104611578832,35.41116804658206,35.755498620084595,35.58333333333333,0.08784104611578832,35.41116804658206,35.755498620084595,1.1575659714484057,0.0028575683151306807,1.1519652404673868,1.1631667024294245,783.4028227751749,1.2384533596443186,780.9754987937393,785.8301467566104,4.896669092830367,0.013661454061499692,4.8698931348933785,4.923445050767355,0.0,0.0,0.0,0.0,1.9739583333333335,0.1005125443782066,1.7769573663575646,2.1709593003091023,160.125,0.39528470752104744,159.3502562096193,160.8997437903807,2.2476562500000004,0.14207063240738366,1.9692029272206995,2.5261095727793013,160.02890624999998,0.40258466261741366,159.23985481054163,160.81795768945832,160.02890624999998,0.40258466261741366,159.23985481054163,160.81795768945832,0.0,0.0,0.0,0.0,0.0,0.0,0.0,0.0,1.0,0.0,1.0,1.0
0.0,spoilage_intensity_0,family_three,5.0,0.15475,137227.04457634018,344.94668253443575,136550.9615019861,137903.12765069425,132908.18641829255,334.3649076263598,132252.84324165081,133563.52959493428,0.8854166666666666,0.8854166666666667,0.0,2.6208014446448398,3837.5,9.753916592266354,3818.3826747709504,3856.6173252290496,384.0907660144533,0.9762577968898184,382.1773358929229,386.00419613598376,71.06947536654188,0.10380214206007105,70.86602690658603,71.27292382649773,0.0,0.0,0.0,0.0,0.0,0.0,0.0,0.0,25.312499999999996,1.144630200481963,23.06906603143849,27.555933968561504,0.0,0.0,0.0,0.0,31.979166666666664,0.08128263826888621,31.81985562309125,32.13847771024208,31.979166666666664,0.08128263826888621,31.81985562309125,32.13847771024208,1.0974021886127239,0.002789307991113765,1.091935245408351,1.1028691318170967,888.3684420817733,1.2975267757508877,885.8253363323252,890.9115478312215,5.555295328004097,0.016153079987795808,5.523635872988622,5.586954783019571,0.0,0.0,0.0,0.0,2.5312499999999996,0.1144630200481963,2.3069066031438488,2.7555933968561503,159.89583333333331,0.40641319134443143,159.09927811545623,160.6923885512104,2.31171875,0.18174276948559098,1.9555094673576763,2.6679280326423234,160.02838541666665,0.4025927803953149,159.23931806665598,160.81745276667732,160.02890624999998,0.40258466261741366,159.23985481054163,160.81795768945832,0.0005208333333333333,0.0005208333333333333,0.0,0.0015416479086146117,0.0,0.0,0.0,0.0,0.9999967376552876,3.26234471239098e-06,0.9999903435771462,1.000003131733429
0.0,spoilage_intensity_0,family_three,9.0,0.15475,133540.82540360143,335.88880332520137,132882.49544627377,134199.1553609291,130909.7832721691,329.32969528400395,130264.30893037289,131555.25761396528,0.0,0.0,0.0,0.0,2130.0,5.976143046671968,2118.2869748620633,2141.7130251379367,291.6193372994388,0.8181966548718891,290.01570132361877,293.2229732752589,128.52062863940768,0.18850186975793262,128.15117176366365,128.8900855151517,0.006332160156285722,0.005614915575510316,0.0,0.01733719246051893,71.0,0.199204768222399,70.60956582873546,71.39043417126454,9.895833333333332,0.6638861908027792,8.594640309526397,11.197026357140267,0.0,0.0,0.0,0.0,17.75,0.04980119205559975,17.652391457183864,17.847608542816136,17.75,0.04980119205559975,17.652391457183864,17.847608542816136,0.8331981065698253,0.0023377047282053987,0.8286162894960537,0.8377799236435969,1606.5078579925962,2.356273371974162,1601.889647045796,1611.1260689393964,10.048745667220818,0.0312978962370957,9.987402917804237,10.110088416637398,0.006332160156285722,0.005614915575510316,0.0,0.01733719246051893,0.9895833333333333,0.06638861908027792,0.8594640309526399,1.1197026357140265,159.75,0.4482107285003976,158.87152311465476,160.62847688534524,4.07578125,0.2985746400964177,3.490585708714013,4.660976791285988,160.02890624999998,0.40258466261741366,159.23985481054163,160.81795768945832,160.02890624999998,0.40258466261741366,159.23985481054163,160.81795768945832,0.0,0.0,0.0,0.0,0.0,0.0,0.0,0.0,1.0,0.0,1.0,1.0
0.0,spoilage_intensity_0,family_three,10.0,0.15475,133161.53865353696,334.4147494977042,132506.0977886225,133816.97951845144,130551.4928004126,328.4283440714561,129907.78507453042,131195.2005262948,0.0,0.0,0.0,0.0,1919.375,4.999379921867772,1909.5763954081065,1929.1736045918935,278.64534281394924,0.7257851812105635,277.22282999826365,280.06785562963483,143.83796817690003,0.1963801849609262,143.4530700870993,144.22286626670078,0.08337546683742407,0.02327825624114611,0.037750922981882956,0.12900001069296518,255.91666666666663,0.6665839895823691,254.61018605441416,257.2231472789191,12.1875,0.6690547093807956,10.876176865926729,13.498823134073271,0.0,0.0,0.0,0.0,15.994791666666664,0.04166149934889807,15.913136628400885,16.076446704932444,15.994791666666664,0.04166149934889807,15.913136628400885,16.076446704932444,0.7961295508969979,0.0020736719463158924,0.7920652285664677,0.8001938732275281,1797.9746022112504,2.4547523120115775,1793.1633760887412,1802.7858283337596,11.249233519395101,0.034992846896729095,11.180648799760988,11.317818239029215,0.08337546683742407,0.02327825624114611,0.037750922981882956,0.12900001069296518,1.21875,0.06690547093807955,1.0876176865926728,1.3498823134073272,159.94791666666666,0.4166149934889809,159.13136628400886,160.76446704932445,4.41953125,0.3356109264206273,3.761745921397449,5.077316578602552,160.02890624999998,0.40258466261741366,159.23985481054163,160.81795768945832,160.02890624999998,0.40258466261741366,159.23985481054163,160.81795768945832,0.0,0.0,0.0,0.0,0.0,0.0,0.0,0.0,1.0,0.0,1.0,1.0
0.0,spoilage_intensity_0,family_four,1.8,0.15475,196646.8018263876,521.7283719271694,195624.23300769762,197669.37064507755,181474.95472535974,481.5163209420983,180531.200078345,182418.7093723745,2.65625,1.8632859945324107,0.0,6.308223442181421,14196.875,37.441008494209825,14123.49197180649,14270.25802819351,882.707363215143,2.327938640302161,878.1446873219317,887.2700391083544,22.99390447935881,0.05287739410213619,22.890266691322292,23.09754226739533,0.0,0.0,0.0,0.0,0.0,0.0,0.0,0.0,66.61458333333333,1.994110855922979,62.706197874543946,70.52296879212271,0.0,0.0,0.0,0.0,118.30729166666666,0.31200840411841513,117.69576643172074,118.91881690161257,118.30729166666666,0.31200840411841513,117.69576643172074,118.91881690161257,2.522021037757551,0.006651253258006169,2.508984820919804,2.535057254595298,287.4238059919851,0.6609674262767024,286.1283336415286,288.71927834244156,1.3498824158896374,0.004568543077604862,1.3409282359957122,1.3588365957835626,0.0,0.0,0.0,0.0,6.661458333333333,0.19941108559229792,6.270619787454395,7.052296879212271,212.95312499999997,0.5616151274131471,211.85237957709734,214.0538704229026,0.81796875,0.06894693283962,0.6828352447898429,0.9531022552101571,212.93906249999998,0.5650015679300304,211.83167977564847,214.0464452243515,212.9375,0.5652643713553948,211.82960219039975,214.04539780960025,0.0015624999999999999,0.001096050585019065,0.0,0.0037107196718714234,0.0031249999999999997,0.0015248438639820828,0.00013636094454822466,0.006113639055451775,0.9999928768859376,4.996887472477127e-06,0.9999830831664568,1.0000026706054186
0.0,spoilage_intensity_0,family_four,2.0,0.15475,194696.15001950052,516.8499977209392,193683.14263855788,195709.15740044316,180995.546875,480.60825540051485,180053.57200374236,181937.52174625764,2.65625,1.9672412053958281,0.0,6.511971911478986,12771.25,34.43960379452426,12703.749616920904,12838.750383079096,830.164595063241,2.238664166641452,825.7768939231433,834.5522962033386,27.261466103968058,0.06771426928853566,27.12874857492308,27.394183633013036,0.0,0.0,0.0,0.0,0.0,0.0,0.0,0.0,69.27083333333334,1.8551918870647013,65.63472405027562,72.90694261639106,0.0,0.0,0.0,0.0,106.42708333333333,0.28699669828770197,105.86458014100752,106.98958652565913,106.42708333333333,0.28699669828770197,105.86458014100752,106.98958652565913,2.3718988430378314,0.0063961833332612916,2.359362554066124,2.3844351320095387,340.76832629960074,0.8464283661066964,339.10935718653855,342.42729541266294,1.6010974248401388,0.006138328437610691,1.5890665221771438,1.6131283275031338,0.0,0.0,0.0,0.0,6.927083333333333,0.18551918870647013,6.563472405027562,7.290694261639104,212.85416666666666,0.5739933965754039,211.72916028201504,213.97917305131827,0.8585937499999999,0.0711002907770869,0.7192397407865843,0.9979477592134156,212.93593749999997,0.565421476941782,211.82773176910862,214.0441432308913,212.9375,0.5652643713553948,211.82960219039975,214.04539780960025,0.0015625,0.0011572007090563698,0.0,0.0038305717126346983,0.0,0.0,0.0,0.0,0.9999925360040491,5.551810538064619e-06,0.9999816546553455,1.0000034173527528
0.0,spoilage_intensity_0,family_four,2.1,0.15475,193836.56564465823,514.4404808517071,192828.28082999942,194844.85045931704,180776.76657137193,480.1556031921012,179835.67888214032,181717.85426060355,1.328125,1.328125,0.0,3.9312021669672594,12167.5,32.42665717026803,12103.944919807247,12231.055080192753,807.6818381963069,2.152489999576211,803.4630353200549,811.9006410725589,27.29952675661488,0.060317749310921986,27.181306140336957,27.417747372892805,0.0,0.0,0.0,0.0,0.0,0.0,0.0,0.0,55.98958333333333,1.6131959818645345,52.82777730887411,59.151389357792546,0.0,0.0,0.0,0.0,101.39583333333333,0.27022214308556697,100.86620766506039,101.92545900160627,101.39583333333333,0.27022214308556697,100.86620766506039,101.92545900160627,2.3076623948465906,0.006149971427360592,2.2956086723430134,2.319716117350168,341.244084457686,0.7539718663865247,339.76632675421195,342.72184216116,1.6028573128330614,0.005291647828921954,1.592485873669505,1.613228751996618,0.0,0.0,0.0,0.0,5.598958333333333,0.16131959818645347,5.282777730887411,5.915138935779255,212.93124999999998,0.5674665004796902,211.8190360966268,214.04346390337315,0.984375,0.07762338967733888,0.8322359518744976,1.1365140481255025,212.93828125,0.5655788120091011,211.8297671480432,214.04679535195677,212.9375,0.5652643713553948,211.82960219039975,214.04539780960025,0.0007812499999999999,0.0007812499999999998,0.0,0.0023124718629219166,0.0015624999999999999,0.001096050585019065,0.0,0.0037107196718714234,0.9999962001459144,3.7998540856030993e-06,0.9999887525687601,1.0000036477230687
0.0,spoilage_intensity_0,family_four,2.25,0.15475,192676.83573502957,511.0552813217012,191675.18578953005,193678.4856805291,180463.91596545448,479.05992138794414,179524.9757730975,181402.85615781145,0.0,0.0,0.0,0.0,11355.0,29.993385514195868,11296.214044617751,11413.785955382249,776.7553150776025,2.051741225479809,772.7339761700661,780.776653985139,29.549871164124824,0.06519043815185918,29.422100253210793,29.677642075038854,0.0,0.0,0.0,0.0,0.0,0.0,0.0,0.0,51.61458333333333,1.6077417345141565,48.46346743724362,54.765699229423035,0.0,0.0,0.0,0.0,94.625,0.24994487928496556,94.13511703848125,95.11488296151875,94.625,0.24994487928496556,94.13511703848125,95.11488296151875,2.2193009002217217,0.005862117787085161,2.2078113604859033,2.23079043995754,369.37338955156025,0.8148804768982396,367.7762531651349,370.9705259379856,1.7351382455957767,0.0060715320743632535,1.723238261399045,1.7470382297925084,0.0,0.0,0.0,0.0,5.161458333333333,0.16077417345141565,4.846346743724363,5.4765699229423035,212.90625,0.5623759783911725,211.8040133365828,214.0084866634172,1.01015625,0.0794963349545459,0.8543462965861575,1.1659662034138427,212.9375,0.5652643713553948,211.82960219039975,214.04539780960025,212.9375,0.5652643713553948,211.82960219039975,214.04539780960025,0.0,0.0,0.0,0.0,0.0,0.0,0.0,0.0,1.0,0.0,1.0,1.0
0.0,spoilage_intensity_0,family_four,2.4,0.15475,191653.88893412676,508.99685355177843,190656.27343292107,192651.50443533246,180171.88419937895,478.40254954027625,179234.23243216786,181109.53596659005,2.65625,1.8632859945324107,0.0,6.308223442181421,10649.375,28.40665844564649,10593.698972525402,10705.051027474598,749.5890932317724,1.9994902373159769,745.6701643791936,753.5080220843512,31.842724849349356,0.06419018239271289,31.71691440369858,31.96853529500013,0.0,0.0,0.0,0.0,0.0,0.0,0.0,0.0,48.541666666666664,1.7040693980080484,45.20175201941404,51.88158131391929,0.0,0.0,0.0,0.0,88.74479166666666,0.23672215371372077,88.280824771045,89.20875856228831,88.74479166666666,0.23672215371372077,88.280824771045,89.20875856228831,2.1416831235193494,0.0057128292494742165,2.130486183940553,2.152880063098146,398.0340606168669,0.802377279908912,396.46143004623224,399.60669118750155,1.869830193991366,0.006255000939476614,1.8575706174267277,1.8820897705560042,0.0,0.0,0.0,0.0,4.854166666666666,0.17040693980080485,4.520175201941403,5.188158131391929,212.98749999999998,0.5681331689129296,211.87397945050802,214.10102054949195,1.20234375,0.08434967791321138,1.037021419182552,1.3676660808174481,212.9375,0.5654036607620919,211.8293291881792,214.0456708118208,212.9375,0.5652643713553948,211.82960219039975,214.04539780960025,0.0015624999999999999,0.001096050585019065,0.0,0.0037107196718714234,0.0015624999999999999,0.001096050585019065,0.0,0.0037107196718714234,0.9999926732704968,5.1396820746869015e-06,0.9999825996787384,1.0000027468622552
0.0,spoilage_intensity_0,family_four,3.0,0.15475,188425.02353122353,500.08248743450093,187444.8798665527,189405.16719589435,179161.51973162647,475.59439368084134,178229.37184876285,180093.66761449008,1.328125,1.328125,0.0,3.9312021669672594,8518.75,22.886343574765764,8473.893590855649,8563.606409144351,663.9133276084477,1.7836594006765034,660.4174194224355,667.40923579446,40.50193032195148,0.07399921373449271,40.35689452814759,40.64696611575536,0.0,0.0,0.0,0.0,0.0,0.0,0.0,0.0,39.01041666666666,1.4312578941273175,36.20520274158847,41.81563059174484,0.0,0.0,0.0,0.0,70.98958333333333,0.1907195297897146,70.61577992379708,71.36338674286958,70.98958333333333,0.1907195297897146,70.61577992379708,71.36338674286958,1.896895221738422,0.00509616971621858,1.88690691263553,1.9068835308413141,506.2741290243936,0.9249901716811579,504.461181601845,508.08707644694215,2.377794305504007,0.007759624903637512,2.3625857201593377,2.3930028908486767,0.0,0.0,0.0,0.0,3.9010416666666665,0.14312578941273174,3.620520274158848,4.181563059174485,212.96875,0.5721585893691441,211.84733977139123,214.09016022860877,1.434375,0.10328721008845743,1.2319357881630013,1.6368142118369986,212.93671875,0.5652525709649758,211.82884406873998,214.04459343126004,212.9375,0.5652643713553948,211.82960219039975,214.04539780960025,0.0007812499999999999,0.0007812499999999999,0.0,0.002312471862921917,0.0,0.0,0.0,0.0,0.9999963407494146,3.6592505854807916e-06,0.9999891687500566,1.0000035127487725
0.0,spoilage_intensity_0,family_four,4.5,0.15475,183632.05940781368,487.11261259216855,182677.3362307178,184586.78258490955,177327.47912554425,470.73392902582987,176404.8575783526,178250.10067273592,0.0,0.0,0.0,0.0,5678.125,15.129852953575767,5648.471033119605,5707.778966880395,538.7544493139737,1.4355576173833997,535.9408080861701,541.5680905417773,62.28416628879282,0.12218313957940442,62.04469173569915,62.52364084188648,0.0,0.0,0.0,0.0,0.0,0.0,0.0,0.0,25.416666666666664,1.0847568994314798,23.290582211799627,27.5427511215337,0.0,0.0,0.0,0.0,47.31770833333333,0.12608210794646474,47.07059194266337,47.56482472400329,47.31770833333333,0.12608210794646474,47.07059194266337,47.56482472400329,1.5392984266113536,0.004101593192523998,1.531259451674772,1.5473374015479353,778.5520786099103,1.527289244742556,775.5586466962395,781.545510523581,3.6565938260486712,0.012666180513819148,3.631768568419903,3.6814190836774396,0.0,0.0,0.0,0.0,2.541666666666666,0.10847568994314798,2.329058221179962,2.75427511215337,212.9296875,0.5673694857590913,211.81766374198517,214.04171125801483,2.06484375,0.15047329302591375,1.769921515034067,2.359765984965933,212.9375,0.5652643713553948,211.82960219039975,214.04539780960025,212.9375,0.5652643713553948,211.82960219039975,214.04539780960025,0.0,0.0,0.0,0.0,0.0,0.0,0.0,0.0,1.0,0.0,1.0,1.0
0.0,spoilage_intensity_0,family_four,5.0,0.15475,182571.30171385268,484.61010377086905,181621.48336391756,183521.1200637878,176849.00075510383,469.6316476678081,175928.5396396747,177769.46187053295,3.5416666666666665,2.1399386724964464,0.0,7.735869393884155,5106.875,13.774104052907306,5079.878252136995,5133.871747863005,511.14098519610724,1.3786335314251341,508.4389131266347,513.8430572655798,71.05580688609524,0.12518201056150335,70.81045465388237,71.3011591183081,0.0,0.0,0.0,0.0,0.0,0.0,0.0,0.0,29.687499999999996,1.201021826666989,27.333540475086192,32.041459524913805,0.0,0.0,0.0,0.0,42.557291666666664,0.11478420044089423,42.33231876780828,42.78226456552505,42.557291666666664,0.11478420044089423,42.33231876780828,42.78226456552505,1.4604028148460206,0.003938952946928956,1.452682608933242,1.4681230207587992,888.1975860761904,1.564775132018793,885.1306831735296,891.2644889788512,4.172078284531752,0.014921491223175728,4.142832699138697,4.201323869924807,0.0,0.0,0.0,0.0,2.9687499999999996,0.1201021826666989,2.733354047508619,3.20414595249138,212.78645833333331,0.5739210022044711,211.66159383904142,213.9113228276252,2.29765625,0.17947934263837653,1.945883202459858,2.6494292975401423,212.93541666666664,0.5654609873339178,211.8271334968297,214.04369983650358,212.9375,0.5652643713553948,211.82960219039975,214.04539780960025,0.0020833333333333333,0.0012587874544096743,0.0,0.00455051140816715,0.0,0.0,0.0,0.0,0.9999900587943781,6.030935880404878e-06,0.9999782383772594,1.0000018792114966
0.0,spoilage_intensity_0,family_four,9.0,0.15475,177655.81906596705,470.9417730163278,176732.7901520396,178578.8479798945,174191.04228563397,462.40793666371553,173284.7393836076,175097.34518766034,0.0,0.0,0.0,0.0,2840.0,7.611603506259896,2825.0815312631316,2854.9184687368684,388.8257830659185,1.0421083428552094,386.78328824593353,390.8682778859034,128.15933060046592,0.18182286089460029,127.80296434154647,128.51569685938537,0.0,0.0,0.0,0.0,94.66666666666666,0.2537201168753298,94.16938437543772,95.1639489578956,13.124999999999998,0.8525399078826912,11.454052485166828,14.795947514833168,0.0,0.0,0.0,0.0,23.666666666666664,0.06343002921883245,23.54234609385943,23.7909872394739,23.666666666666664,0.06343002921883245,23.54234609385943,23.7909872394739,1.1109308087597671,0.0029774524081577426,1.105095109274096,1.1167665082454383,1601.9916325058239,2.272785761182506,1597.5370542693306,1606.4462107423171,7.519912508385727,0.02404750379320554,7.472780267032954,7.5670447497385,0.0,0.0,0.0,0.0,1.3125,0.08525399078826913,1.145405248516683,1.479594751483317,213.0,0.5708702629694922,211.8811148447349,214.1188851552651,4.52578125,0.2833070545137851,3.970509626586855,5.081052873413144,212.9375,0.5652643713553948,211.82960219039975,214.04539780960025,212.9375,0.5652643713553948,211.82960219039975,214.04539780960025,0.0,0.0,0.0,0.0,0.0,0.0,0.0,0.0,1.0,0.0,1.0,1.0
0.0,spoilage_intensity_0,family_four,10.0,0.15475,177139.10301761364,469.69284448491015,176218.52195862704,178059.68407660024,173713.01949694077,461.2705267187547,172808.9458774422,174617.09311643936,2.65625,1.9672412053958281,0.0,6.511971911478986,2553.75,7.027087612763934,2539.977161362775,2567.522838637225,370.7407589507641,1.020157726782032,368.741286547721,372.74023135380713,143.9573450554372,0.23201854448590803,143.5025970644994,144.412093046375,0.0,0.0,0.0,0.0,340.5,0.9369450150351915,338.6636215150367,342.3363784849633,14.479166666666664,0.9007723452133921,12.713685311778736,16.244648021554593,0.0,0.0,0.0,0.0,21.28125,0.058559063439699466,21.166476344689794,21.396023655310206,21.28125,0.058559063439699466,21.166476344689794,21.396023655310206,1.0592593112878976,0.0029147363622343764,1.053546532993489,1.0649720895823063,1799.4668131929652,2.9002318060738457,1793.782463306243,1805.1511630796874,8.461237219685625,0.028413229920181877,8.405548312357613,8.516926127013637,0.0,0.0,0.0,0.0,1.4479166666666665,0.09007723452133921,1.2713685311778735,1.6244648021554595,212.8125,0.5855906343969945,211.66476344689792,213.96023655310208,4.639843750000001,0.4163572953965566,3.8237984463222454,5.4558890536777565,212.93593749999997,0.565421476941782,211.82773176910862,214.0441432308913,212.9375,0.5652643713553948,211.82960219039975,214.04539780960025,0.0015625,0.0011572007090563698,0.0,0.0038305717126346983,0.0,0.0,0.0,0.0,0.9999925360040491,5.551810538064619e-06,0.9999816546553455,1.0000034173527528
0.5,spoilage_intensity_0.5,single_low,1.8,0.1905,29603.8742196479,115.377957477872,29377.737578381475,29830.010860914324,27287.71604579426,106.70591382925564,27078.576297751482,27496.855793837036,0.0,0.0,0.0,0.0,2136.875,8.347829653307196,2120.5135545304424,2153.2364454695576,132.86271075644174,0.5190361049061839,131.84541868414968,133.8800028287338,25.283922804669828,0.06591959243460702,25.15472277762244,25.413122831717217,0.04279029252792285,0.012317389965783519,0.018648651811452106,0.0669319332443936,0.0,0.0,0.0,0.0,21.09375,2.1077336803034528,16.962667897603172,25.224832102396828,0.00010726518738421039,3.091489252571802e-05,4.667311144787656e-05,0.0001678572633205442,17.807291666666664,0.06956524711089328,17.670946287753683,17.943637045579646,17.807291666666664,0.06956524711089328,17.670946287753683,17.943637045579646,0.3796077450184049,0.0014829602997319545,0.3767011962404275,0.38251429379638224,316.0490350583728,0.8239949054325881,314.4340347202804,317.6640353964652,9.88376946815556,0.049410376005463344,9.78692691072227,9.980612025588849,0.04279029252792285,0.012317389965783519,0.018648651811452106,0.0669319332443936,2.109375,0.21077336803034527,1.6962667897603172,2.522483210239683,32.053125,0.1252174447996079,31.807703317956637,32.298546682043366,0.7918306290387496,0.0675266481246902,0.6594808307176476,0.9241804273598515,32.01875,0.12520939802257092,31.773344089349816,32.264155910650175,32.01875,0.12520939802257092,31.773344089349816,32.264155910650175,0.0,0.0,0.0,0.0,0.0,0.0,0.0,0.0,1.0,0.0,1.0,1.0
0.5,spoilage_intensity_0.5,single_low,2.0,0.1905,29316.424430193292,114.32809739567116,29092.345476876788,29540.503383509797,27216.43359274247,106.39959453278964,27007.894219488535,27424.972965996403,0.0,0.0,0.0,0.0,1920.0,7.559289460184544,1905.1840649093251,1934.8159350906749,124.80501301919725,0.49137355181990194,123.84193855467471,125.76808748371978,28.393419007591902,0.06528667417961524,28.265459477529454,28.52137853765435,0.1778220907015125,0.023261644624354958,0.13223010501660704,0.22341407638641797,0.0,0.0,0.0,0.0,26.61458333333333,1.2869156254588971,24.092275056292053,29.136891610374605,0.00045343018721966967,6.13315193360673e-05,0.0003332226182038558,0.0005736377562354835,16.0,0.06299407883487117,15.876533874244375,16.123466125755623,16.0,0.06299407883487117,15.876533874244375,16.123466125755623,0.3565857514834207,0.001403924433771148,0.35383411015621347,0.35933739281062793,354.9177375948987,0.8160834272451899,353.3182434691181,356.5172317206793,11.097612811870647,0.0509438001873172,10.9977647982679,11.197460825473394,0.1778220907015125,0.023261644624354958,0.13223010501660704,0.22341407638641797,2.661458333333333,0.1286915625458897,2.4092275056292056,2.9136891610374605,32.0,0.12598815766974233,31.75306774848875,32.24693225151125,0.9030241779875319,0.07198078997976297,0.7619444220484548,1.044103933926609,32.01888020833333,0.12519966447096123,31.773493375093746,32.264267041572914,32.01875,0.12520939802257092,31.773344089349816,32.264155910650175,0.0,0.0,0.0,0.0,0.00013020833333333333,0.00013020833333333333,0.0,0.0003854119771536529,1.0,0.0,1.0,1.0
0.5,spoilage_intensity_0.5,single_low,2.1,0.1905,29196.273022607566,113.77956369604522,28973.269175586636,29419.276869628495,27183.134002781815,106.23499657164074,26974.91723560366,27391.35076995997,0.7606738258102874,0.678548894490324,0.0,2.0906052207607915,1828.125,7.274639984546445,1813.8669676297939,1842.3830323702061,121.3514165155228,0.4828925083159922,120.40496459081925,122.29786844022635,30.14249046538038,0.08266514175942974,29.980469764755,30.30451116600576,0.3636056857088976,0.041275410610679415,0.2827073674648636,0.44450400395293166,0.0,0.0,0.0,0.0,32.39583333333333,1.4231270954197355,29.60655548088755,35.18511118577911,0.0009106722591157035,0.00010369503955445848,0.0007074337162135086,0.0011139108020178983,15.234375,0.06062199987122036,15.115558063581616,15.353191936418384,15.234375,0.06062199987122036,15.115558063581616,15.353191936418384,0.34671833290149373,0.0013796928809028325,0.3440141845451979,0.3494224812577896,376.78113081725473,1.0333142719928714,374.7558720594375,378.806389575072,11.777969586663861,0.057727292509039026,11.664826172421137,11.891113000906586,0.3636056857088976,0.041275410610679415,0.2827073674648636,0.44450400395293166,3.239583333333333,0.14231270954197353,2.9606555480887553,3.5185111185779108,31.9921875,0.12730619972956267,31.742671933521393,32.24170306647861,1.0247134328557816,0.07067353104471387,0.886195857347869,1.1632310083636943,32.01830254480835,0.12517675554972404,31.772960612229316,32.26364447738738,32.01875,0.12520939802257092,31.773344089349816,32.264155910650175,0.0004474551916531103,0.00039914640852371997,0.0,0.0012297677769181128,0.0,0.0,0.0,0.0,0.9999862706125582,1.21694793539562e-05,0.9999624188713139,1.0000101223538025
0.5,spoilage_intensity_0.5,single_low,2.25,0.1905,29028.732873793462,113.20646125372856,28806.852286918926,29250.613460668,27137.420456011052,106.0551973536981,26929.556088824516,27345.284823197588,0.0,0.0,0.0,0.0,1707.5,6.893463662763536,1693.9890594922479,1721.0109405077521,116.80402470233435,0.4715574231039984,115.879789136408,117.7282602682607,32.38865950406928,0.07293039198314036,32.24571856240394,32.531600445734625,0.7655669093382077,0.06077029123299562,0.6464593271915261,0.8846744914848893,0.0,0.0,0.0,0.0,33.854166666666664,1.3033558596613515,31.299636122691176,36.40869721064215,0.0019070363928691309,0.00015136288333057358,0.0016103705929450686,0.002203702192793193,14.229166666666666,0.05744553052302947,14.116575495768732,14.3417578375646,14.229166666666666,0.05744553052302947,14.116575495768732,14.3417578375646,0.3337257848638123,0.0013473069231542804,0.33108511181830846,0.3363664579093162,404.8582438008659,0.9116298997892557,403.07148203004914,406.6450055716827,12.650970819937907,0.056838084423566054,12.53957022151747,12.762371418358343,0.7655669093382077,0.06077029123299562,0.6464593271915261,0.8846744914848893,3.385416666666667,0.13033558596613515,3.129963612269118,3.640869721064216,32.015625,0.12925244367681632,31.76229486547965,32.268955134520354,1.1788235101732312,0.07142939178159995,1.038824474843694,1.3188225455027685,32.018757246754035,0.1252093759074181,31.77335137944876,32.264163114059315,32.01875,0.12520939802257092,31.773344089349816,32.264155910650175,0.0,0.0,0.0,0.0,7.2467540344807926e-06,5.870438419165189e-06,0.0,1.8752601909504812e-05,1.0,1.7484369184381568e-18,1.0,1.0
0.5,spoilage_intensity_0.5,single_low,2.4,0.1905,28873.314768040073,113.03192463211111,28651.77626665789,29094.853269422256,27094.8354160398,105.84694694100554,26887.379212161908,27302.291619917694,0.27757983724371277,0.190987333022518,0.0,0.6519081314712054,1598.75,6.898858313644804,1585.2284861708115,1612.2715138291885,112.53294797152847,0.48559741277394036,111.58119453150572,113.48470141155123,34.58001762884524,0.07027038354537925,34.44229020791648,34.717745049774,1.4533898959904064,0.07655049138886379,1.3033536898693898,1.603426102111423,0.0,0.0,0.0,0.0,30.885416666666664,1.2294209617231757,28.475795859850642,33.29503747348269,0.0036488382688959356,0.00019486855779635707,0.003266902913895814,0.004030773623896058,13.322916666666666,0.05749048594704004,13.210237384756761,13.435595948576571,13.322916666666666,0.05749048594704004,13.210237384756761,13.435595948576571,0.32152270849008135,0.0013874211793541153,0.3188034129471592,0.3242420040330035,432.25022036056544,0.8783797943172397,430.52862759895595,433.9718131221749,13.522887679592314,0.060023370994710695,13.405244034211995,13.640531324972633,1.4533898959904064,0.07655049138886379,1.3033536898693898,1.603426102111423,3.0885416666666665,0.12294209617231758,2.8475795859850646,3.3295037473482685,31.974999999999998,0.137977166272896,31.704569723416228,32.24543027658377,1.0975392657386998,0.09149462415526471,0.9182130976153524,1.276865433862047,32.01858671774279,0.1252124175941674,31.773174888841034,32.26399854664455,32.01875,0.12520939802257092,31.773344089349816,32.264155910650175,0.000163282257202184,0.00011234549001324589,0.0,0.00038347537145365027,0.0,0.0,0.0,0.0,0.9999948773828993,3.530459167866389e-06,0.9999879578100813,1.0000017969557171
0.5,spoilage_intensity_0.5,single_low,3.0,0.1905,28412.00727078421,109.70380191085734,28196.99177007181,28627.022771496606,26960.810479294156,104.84459256118723,26755.31885390045,27166.30210468786,0.40625233094097024,0.33684718530459123,0.0,1.066460682431659,1280.625,5.155686296748105,1270.520040542787,1290.729959457213,99.80619282976592,0.4018111630672702,99.01865742156792,100.59372823796392,42.807006376021405,0.10693941747466149,42.597408969243375,43.016603782799436,9.844006619991106,0.29207010302278347,9.271559737105546,10.416453502876665,0.0,0.0,0.0,0.0,17.70833333333333,0.9503636869988971,15.845654734600794,19.571011932065865,0.02475992572712583,0.0007292301461287147,0.02333066090427267,0.02618919054997899,10.671875,0.0429640524729009,10.587667004523226,10.756082995476774,10.671875,0.0429640524729009,10.587667004523226,10.756082995476774,0.2851605509421883,0.0011480318944779148,0.2829104497759083,0.2874106521084683,535.0875797002675,1.3367427184332683,532.4676121155421,537.7075472849929,16.699375153061272,0.07945566343019118,16.54364491437036,16.855105391752183,9.844006619991106,0.29207010302278347,9.271559737105546,10.416453502876665,1.7708333333333333,0.0950363686998897,1.5845654734600798,1.9571011932065867,32.015625,0.12889215741870264,31.763001013569674,32.26824898643032,1.5115714259791426,0.11286043875262633,1.2903690307446065,1.7327738212136787,32.01865278310184,0.1252258910829447,31.773214546647335,32.264091019556346,32.01875,0.12520939802257092,31.773344089349816,32.264155910650175,0.00023897195937704128,0.0001981454031203478,0.0,0.0006273298131950934,0.00014175506122331665,0.00014175506122331665,0.0,0.00041958987584728765,0.9999925295826506,6.207033942188385e-06,0.999980364019673,1.000004695145628
0.5,spoilage_intensity_0.5,single_low,4.5,0.1905,27949.871153073313,105.3265227021129,27743.43496196033,28156.307344186294,26843.068745645738,102.63101037005221,26641.91566162348,27044.221829667997,0.0,0.0,0.0,0.0,857.5,3.766498099894375,850.1177993763685,864.8822006236315,81.36170659975477,0.3573745927838365,80.66126526890878,82.06214793060076,65.05046194752745,0.1472504820618131,64.76185630598013,65.33906758907477,84.54648888029718,0.8837893303374293,82.81429362291505,86.2786841376793,7.145833333333333,0.031387484165786454,7.08431499480307,7.207351671863596,11.197916666666664,0.6978771804355427,9.830102527380639,12.56573080595269,0.21446601538905474,0.0022399010795389044,0.2100758899442261,0.21885614083388338,7.145833333333333,0.031387484165786454,7.08431499480307,7.207351671863596,7.145833333333333,0.031387484165786454,7.08431499480307,7.207351671863596,0.2324620188564422,0.0010210702650966766,0.23046075791116793,0.23446327980171644,813.1307743440932,1.8406310257726641,809.5232038247517,816.7383448634347,25.142814605433422,0.10538405879658443,24.936265645647467,25.349363565219377,84.54648888029718,0.8837893303374293,82.81429362291505,86.2786841376793,1.1197916666666665,0.06978771804355427,0.9830102527380641,1.256573080595269,32.15625,0.14124367874603905,31.879417476613817,32.43308252338618,2.1698031388467722,0.16748781162758794,1.841533060207271,2.4980732174862736,32.01909405783119,0.12514470139866668,31.773814950233785,32.264373165428594,32.01875,0.12520939802257092,31.773344089349816,32.264155910650175,0.0,0.0,0.0,0.0,0.00034405783118781827,0.00034405783118781827,0.0,0.001018398788914904,1.0,0.0,1.0,1.0
0.5,spoilage_intensity_0.5,single_low,5.0,0.1905,27923.622059047935,104.87969574172575,27718.061632684632,28129.18248541124,26842.88156034144,101.78387303493292,26643.388834985974,27042.374285696907,0.0,0.0,0.0,0.0,776.25,3.955983011503157,768.4964157740015,784.0035842259985,77.69393019380311,0.39594958833313665,76.91788326097671,78.46997712662952,71.79403732696312,0.16344652992861441,71.473688014905,72.11438663902125,118.60669785239159,1.1531008927614963,116.34666163203808,120.8667340727451,25.875,0.13186610038343852,25.61654719246672,26.13345280753328,10.520833333333332,0.6649231085620528,9.217607988063293,11.824058678603372,0.3011432400956734,0.003148621488353015,0.29497205537755256,0.30731442481379423,6.46875,0.03296652509585963,6.40413679811668,6.53336320188332,6.46875,0.03296652509585963,6.40413679811668,6.53336320188332,0.22198265769658032,0.0011312845380946764,0.21976538074564772,0.22419993464751292,897.425466587039,2.0430816241076797,893.4211001863123,901.4298329877656,27.754302708149535,0.1288710603976619,27.50172007112063,28.00688534517844,118.60669785239159,1.1531008927614963,116.34666163203808,120.8667340727451,1.0520833333333333,0.06649231085620529,0.9217607988063292,1.1824058678603373,32.34375,0.16483262547929808,32.02068399058339,32.66681600941661,2.806176840780151,0.18549998742504625,2.4426035462944276,3.1697501352658746,32.01908557194262,0.12523563546356933,31.773628236853035,32.2645429070322,32.01875,0.12520939802257092,31.773344089349816,32.264155910650175,0.0,0.0,0.0,0.0,0.00033557194262136985,0.00033557194262136985,0.0,0.0009932808643813964,1.0,0.0,1.0,1.0
0.5,spoilage_intensity_0.5,single_low,9.0,0.1905,28644.06695704108,100.3179137000216,28447.44745918484,28840.686454897317,27161.784495866435,99.11124434448648,26967.530026488294,27356.038965244577,0.0,0.0,0.0,0.0,447.5,2.3358829607557836,442.92175352481786,452.07824647518214,61.26744293028116,0.31980687372049466,60.64063297578065,61.89425288478168,130.67170293322403,0.31139361821645345,130.06138265650415,131.2820232099439,463.9370653111391,2.1358848474046415,459.7508079351012,468.12332268717705,372.91666666666663,1.9465691339631548,369.1014612706815,376.73187206265175,5.989583333333333,0.5311073311904743,4.948632092274817,7.030534574391849,1.1847526809525357,0.005763099401866077,1.173457213685554,1.1960481482195175,3.729166666666667,0.01946569133963154,3.691014612706816,3.767318720626518,3.729166666666667,0.01946569133963154,3.691014612706816,3.767318720626518,0.1750498369436605,0.0009137339249156982,0.1732589513593733,0.1768407225279477,1633.3962866653,3.8924202277056668,1625.7672832063017,1641.0252901242984,49.431158539332706,0.21746912312662248,49.00492689025502,49.85739018841039,463.9370653111391,2.1358848474046415,459.7508079351012,468.12332268717705,0.5989583333333334,0.05311073311904742,0.4948632092274818,0.7030534574391849,33.5625,0.17519122205668378,33.219131514361344,33.905868485638656,4.024874697110783,0.3544029405577284,3.3302576976025455,4.71949169661902,32.01880595327674,0.12520537614833901,31.773407925355205,32.26420398119827,32.01875,0.12520939802257092,31.773344089349816,32.264155910650175,0.0,0.0,0.0,0.0,5.595327674051582e-05,5.595327674051582e-05,0.0,0.00016561968396892955,1.0,0.0,1.0,1.0
0.5,spoilage_intensity_0.5,single_low,10.0,0.1905,28923.94946008078,101.80599547149593,28724.413375546403,29123.48554461516,27296.395897887647,99.49256351374187,27101.39405667115,27491.397739104144,0.0,0.0,0.0,0.0,396.25,1.9352105008343878,392.4570571158609,400.0429428841391,57.52560968545875,0.2809442622844165,56.97496904971812,58.076250321199375,144.8543605387964,0.2967387040266661,144.27276336608506,145.43595771150777,548.3194253022084,2.1226867722761438,544.1590356780875,552.4798149263293,475.5,2.3222526010012654,470.94846853903306,480.05153146096694,5.104166666666666,0.392617822327478,4.334649875216264,5.8736834581170685,1.4409392490848751,0.005383509102968977,1.4303877651326125,1.4514907330371378,3.3020833333333326,0.01612675417361989,3.270475475965507,3.3336911907011584,3.3020833333333326,0.01612675417361989,3.270475475965507,3.3336911907011584,0.1643588848155964,0.0008026978922411907,0.16278562585633746,0.16593214377485535,1810.6795067349553,3.709233800333331,1803.4095420760634,1817.9494713938473,54.28974499528375,0.22184696655280475,53.85493293076079,54.724557059806706,548.3194253022084,2.1226867722761438,544.1590356780875,552.4798149263293,0.5104166666666666,0.039261782232747795,0.4334649875216264,0.5873683458117069,33.02083333333332,0.16126754173619884,32.70475475965506,33.33691190701158,5.183468254350695,0.3151976522204534,4.565692207987024,5.801244300714365,32.01875,0.12520939802257092,31.773344089349816,32.264155910650175,32.01875,0.12520939802257092,31.773344089349816,32.264155910650175,0.0,0.0,0.0,0.0,0.0,0.0,0.0,0.0,1.0,0.0,1.0,1.0
0.5,spoilage_intensity_0.5,single_average,1.8,0.1905,49469.35539537679,123.65905648491147,49226.98809830416,49711.722692449424,45631.40137694371,113.64321736220623,45408.66476382653,45854.13799006089,0.6640625,0.6640625,0.0,1.9656010834836297,3572.5,9.753916592266354,3553.3826747709504,3591.6173252290496,222.12437984317663,0.60646121038467,220.9357377128021,223.31302197355114,24.85307608990549,0.050059659606771605,24.75496095999788,24.951191219813097,0.0,0.0,0.0,0.0,0.0,0.0,0.0,0.0,17.8125,0.9189448302101806,16.011401229008772,19.613598770991228,0.0,0.0,0.0,0.0,29.770833333333336,0.08128263826888628,29.61152228975792,29.93014437690875,29.770833333333336,0.08128263826888628,29.61152228975792,29.93014437690875,0.6346410852662189,0.0017327463153847715,0.6312449648937203,0.6380372056387175,310.6634511238186,0.6257457450846453,309.43701199997355,311.8898902476637,5.8013416186076725,0.017544079597895373,5.766955854453894,5.835727382761451,0.0,0.0,0.0,0.0,1.78125,0.09189448302101805,1.601140122900877,1.961359877099123,53.5875,0.14630874888399542,53.30074012156425,53.874259878435744,0.8671875,0.0615525281989178,0.746546761572735,0.987828238427265,53.54296875,0.1333466659419437,53.281614087295296,53.804323412704704,53.54296875,0.1333001595054617,53.28170523823585,53.80423226176415,0.00039062499999999997,0.00039062499999999997,0.0,0.0011562359314609585,0.00039062499999999997,0.0003906249999999999,0.0,0.0011562359314609583,0.9999925059952038,7.494004796163717e-06,0.9999778180157034,1.0000071939747044
0.5,spoilage_intensity_0.5,single_average,2.0,0.1905,48993.931782618325,122.31871956416212,48754.19149763751,49233.67206759914,45511.5234375,113.3051355796425,45289.44945250047,45733.59742249953,0.0,0.0,0.0,0.0,3215.0,8.705954904182011,3197.9366419367734,3232.0633580632266,208.98339419620788,0.5659097995630104,207.8742313705661,210.09255702184967,28.112450922115837,0.051702063103706196,28.011116740506157,28.213785103725517,0.0,0.0,0.0,0.0,0.0,0.0,0.0,0.0,30.3125,1.0359465963692822,28.282081981209355,32.34291801879065,0.0,0.0,0.0,0.0,26.791666666666664,0.07254962420151674,26.649472016139775,26.933861317193553,26.791666666666664,0.07254962420151674,26.649472016139775,26.933861317193553,0.5970954119891653,0.0016168851416085987,0.5939263753444745,0.6002644486338561,351.40563652644795,0.6462757887963276,350.1389592563269,352.672313796569,6.560844453119621,0.02033908278664471,6.520980583379219,6.600708322860023,0.0,0.0,0.0,0.0,3.03125,0.10359465963692824,2.8282081981209353,3.2342918018790647,53.58333333333333,0.14509924840303348,53.29894403227955,53.86772263438711,0.994140625,0.0634617036561908,0.8697579714363122,1.1185232785636878,53.54296875,0.1333001595054617,53.28170523823585,53.80423226176415,53.54296875,0.1333001595054617,53.28170523823585,53.80423226176415,0.0,0.0,0.0,0.0,0.0,0.0,0.0,0.0,1.0,0.0,1.0,1.0
0.5,spoilage_intensity_0.5,single_average,2.1,0.1905,48763.69461140771,121.57932202675053,48525.40351897048,49001.98570384493,45456.01056999708,113.16693117548813,45234.2074606522,45677.81367934196,0.0,0.0,0.0,0.0,3061.875,8.014356537756834,3046.1671498267333,3077.5828501732667,203.24806478958845,0.5319950869427595,202.2053735792284,204.29075599994852,29.175559954362264,0.058298242346085286,29.06129749900195,29.28982240972258,0.0,0.0,0.0,0.0,0.0,0.0,0.0,0.0,13.385416666666664,0.7552439669571817,11.90516569188943,14.865667641443899,0.0,0.0,0.0,0.0,25.515624999999996,0.06678630448130696,25.38472624855611,25.646523751443883,25.515624999999996,0.06678630448130696,25.38472624855611,25.646523751443883,0.5807087565416811,0.0015199859626935956,0.5777296387977952,0.583687874285567,364.69449942952826,0.7287280293260663,363.2662187375243,366.12278012153223,6.811973684403563,0.020034553175503813,6.772706681733223,6.851240687073903,0.0,0.0,0.0,0.0,1.3385416666666665,0.07552439669571816,1.190516569188943,1.48656676414439,53.5828125,0.14025123941074452,53.30792512196784,53.857699878032165,1.1472656250000002,0.07088171751636098,1.0083400115055907,1.2861912384944096,53.54296875,0.1333001595054617,53.28170523823585,53.80423226176415,53.54296875,0.1333001595054617,53.28170523823585,53.80423226176415,0.0,0.0,0.0,0.0,0.0,0.0,0.0,0.0,1.0,0.0,1.0,1.0
0.5,spoilage_intensity_0.5,single_average,2.25,0.1905,48479.508225562204,121.32500971901153,48241.71557608897,48717.300875035435,45378.17340992218,112.96512472303891,45156.76583395595,45599.58098588841,0.0,0.0,0.0,0.0,2860.0,7.715167498104596,2844.878549569021,2875.121450430979,195.64246597287038,0.5277672708821419,194.6080611297224,196.67687081601838,31.525683000482463,0.05522612636644201,31.41744178179858,31.633924219166346,0.0,0.0,0.0,0.0,0.0,0.0,0.0,0.0,14.166666666666666,0.9152827456087933,12.372745449602494,15.960587883730838,0.0,0.0,0.0,0.0,23.833333333333332,0.06429306248420495,23.707321246408508,23.959345420258156,23.833333333333332,0.06429306248420495,23.707321246408508,23.959345420258156,0.5589784742082011,0.0015079064882346886,0.5560230317992069,0.5619339166171954,394.0710375060308,0.6903265795805253,392.71802227248224,395.42405273957934,7.359260215506756,0.023200919427037905,7.313787249021546,7.404733181991967,0.0,0.0,0.0,0.0,1.4166666666666665,0.09152827456087932,1.2372745449602494,1.5960587883730837,53.625,0.14465939058946117,53.34147280441914,53.90852719558086,1.119140625,0.08364106533937089,0.9552071493062716,1.2830741006937283,53.54375,0.13329263701845395,53.282501232039465,53.80499876796054,53.54296875,0.1333001595054617,53.28170523823585,53.80423226176415,0.0,0.0,0.0,0.0,0.0007812499999999999,0.0005480252925095325,0.0,0.0018553598359357117,1.0,0.0,1.0,1.0
0.5,spoilage_intensity_0.5,single_average,2.4,0.1905,48215.48107460238,119.60766921496095,47981.05435066627,48449.90779853849,45304.080142370265,112.78376661031028,45083.02802177329,45525.13226296724,0.6640625,0.6640625,0.0,1.9656010834836297,2675.0,6.755362361481479,2661.7597330689787,2688.2402669310213,188.28812248559103,0.4754970077581967,187.35616547562842,189.22007949555365,33.54249724653171,0.06724110181730487,33.410707108689,33.674287384374416,0.0,0.0,0.0,0.0,0.0,0.0,0.0,0.0,13.90625,0.7805883441540108,12.376324958706382,15.436175041293618,0.0,0.0,0.0,0.0,22.291666666666664,0.056294686345678996,22.181331108908154,22.402002224425175,22.291666666666664,0.056294686345678996,22.181331108908154,22.402002224425175,0.5379660642445458,0.001358562879309131,0.5353033299303669,0.5406287985587248,419.28121558164645,0.8405137727163112,417.6338388586126,420.9285923046803,7.831099518840599,0.025651229671472046,7.780824032525349,7.881375005155849,0.0,0.0,0.0,0.0,1.390625,0.07805883441540108,1.2376324958706382,1.5436175041293618,53.5,0.1351072472296294,53.23519466137958,53.76480533862042,1.1765625000000002,0.09211180306232669,0.9960266834467936,1.3570983165532067,53.54296875,0.13329434506000312,53.28171663433954,53.80422086566046,53.54296875,0.1333001595054617,53.28170523823585,53.80423226176415,0.00039062499999999997,0.00039062499999999997,0.0,0.0011562359314609585,0.00039062499999999997,0.00039062499999999997,0.0,0.0011562359314609585,0.9999925059952038,7.494004796163717e-06,0.9999778180157034,1.0000071939747044
0.5,spoilage_intensity_0.5,single_average,3.0,0.1905,47421.47351724681,117.81983374805438,47190.55088643613,47652.396148057494,45050.198568025255,112.15629327979258,44830.37627255735,45270.02086349316,0.0,0.0,0.0,0.0,2146.25,5.719553623386501,2135.039880890517,2157.460119109483,167.26913917882683,0.44575646409831077,166.39547256331824,168.14280579433543,42.43927437861647,0.08257283522556032,42.27743459547301,42.601114161759924,0.004035664113780153,0.002226165771091918,0.0,0.008398868848736151,0.0,0.0,0.0,0.0,15.3125,1.3622823556408192,12.64247564616961,17.982524353830392,1.0102159574214564e-05,5.574195771473083e-06,0.0,2.102738252907727e-05,17.885416666666664,0.047662946861554215,17.791999007420973,17.978834325912356,17.885416666666664,0.047662946861554215,17.791999007420973,17.978834325912356,0.47791182622521955,0.0012735898974237444,0.4754156358951949,0.4804080165552442,530.4909297327058,1.032160440319504,528.4679324434126,532.513927021999,9.899047560284934,0.03083270474457582,9.838616569439608,9.95947855113026,0.004035664113780153,0.002226165771091918,0.0,0.008398868848736151,1.53125,0.13622823556408195,1.2642475646169609,1.7982524353830391,53.65625,0.14298884058466252,53.37599702226292,53.93650297773708,1.49409453187603,0.09437685758926669,1.3091192900270014,1.6790697737250584,53.54296875,0.1333001595054617,53.28170523823585,53.80423226176415,53.54296875,0.1333001595054617,53.28170523823585,53.80423226176415,0.0,0.0,0.0,0.0,0.0,0.0,0.0,0.0,1.0,0.0,1.0,1.0
0.5,spoilage_intensity_0.5,single_average,4.5,0.1905,46268.41088491239,114.58194045254537,46043.83440834669,46492.98736147809,44598.38950191618,110.76179801770432,44381.30036693858,44815.47863689378,0.0,0.0,0.0,0.0,1432.5,3.971625551812447,1424.7157569583685,1440.2842430416315,135.9191191885116,0.3768375893535309,135.18053108535779,136.6577072916654,64.82840177473109,0.11369774287110465,64.60555829358023,65.05124525588195,4.5759453662997185,0.16528436352011638,4.251993966592664,4.899896766006773,11.9375,0.03309687959843705,11.872631307986405,12.002368692013595,20.260416666666664,0.7867421590060466,18.71843036989553,21.8024029634378,0.011447132948562729,0.0004159825944331799,0.010631822045278164,0.012262443851847294,11.9375,0.03309687959843705,11.872631307986405,12.002368692013595,11.9375,0.03309687959843705,11.872631307986405,12.002368692013595,0.38834034053860456,0.001076678826724375,0.38623008881530796,0.39045059226190115,810.3550221841385,1.4212217858888085,807.5694786697528,813.1405656985243,15.123293221242822,0.04326680487324791,15.038491841965135,15.208094600520509,4.5759453662997185,0.16528436352011638,4.251993966592664,4.899896766006773,2.0260416666666665,0.07867421590060467,1.871843036989553,2.18024029634378,53.71875,0.14893595819296676,53.42684088593882,54.01065911406118,2.409165168408956,0.16466289523946845,2.0864318241495057,2.731898512668406,53.54296875,0.1333001595054617,53.28170523823585,53.80423226176415,53.54296875,0.1333001595054617,53.28170523823585,53.80423226176415,0.0,0.0,0.0,0.0,0.0,0.0,0.0,0.0,1.0,0.0,1.0,1.0
0.5,spoilage_intensity_0.5,single_average,5.0,0.1905,46055.691647218206,113.48786020864858,45833.25952852674,46278.12376590967,44497.283623643656,110.12908781429218,44281.43457787739,44713.13266940992,0.0,0.0,0.0,0.0,1285.625,3.658778040006218,1278.4539268141618,1292.7960731858382,128.67666216477696,0.36620269969064545,127.95891806234195,129.39440626721196,72.04427426093346,0.13506476587199692,71.77955218424401,72.30899633762292,13.582920482172792,0.3459657367706048,12.904840098217543,14.261000866128041,42.854166666666664,0.12195926800020747,42.615130893805386,43.09320243952794,15.625,0.9118893066506342,13.837729801077556,17.412270198922442,0.034080532038177215,0.0008645269663407739,0.032386090320485623,0.03577497375586881,10.713541666666666,0.030489817000051867,10.653782723451346,10.773300609881986,10.713541666666666,0.030489817000051867,10.653782723451346,10.773300609881986,0.3676476061850771,0.0010462934276875581,0.3655969087495485,0.3696983036206057,900.5534282616684,1.6883095733999594,897.2444023030503,903.8624542202865,16.816627526733075,0.053758253405220564,16.711263286187066,16.921991767279085,13.582920482172792,0.3459657367706048,12.904840098217543,14.261000866128041,1.5625,0.09118893066506341,1.3837729801077556,1.7412270198922444,53.56770833333333,0.15244908500025925,53.268913617256736,53.86650304940992,2.624990846709851,0.17772351025182426,2.2766591674102403,2.973322526009462,53.54296875,0.1333001595054617,53.28170523823585,53.80423226176415,53.54296875,0.1333001595054617,53.28170523823585,53.80423226176415,0.0,0.0,0.0,0.0,0.0,0.0,0.0,0.0,1.0,0.0,1.0,1.0
0.5,spoilage_intensity_0.5,single_average,9.0,0.1905,46128.997514411516,108.86837170300532,45915.619426818106,46342.375602004926,44314.32741677934,106.62975252480348,44105.33694215031,44523.31789140838,0.0,0.0,0.0,0.0,723.75,2.9166666666666665,718.0334383784249,729.4665616215751,99.08896496266144,0.399322253735538,98.30630772711442,99.87162219820846,131.33442114970268,0.2397829040394986,130.86445529367683,131.80438700572853,247.7362948531454,1.4563116776844445,244.8819764146188,250.590613291672,603.125,2.4305555555555536,598.3611986486874,607.8888013513126,9.635416666666664,0.6727450556805904,8.316860586755315,10.953972746578014,0.6282991896469639,0.0038041326136487694,0.620843226731798,0.6357551525621297,6.03125,0.02430555555555556,5.983611986486873,6.078888013513127,6.03125,0.02430555555555556,5.983611986486873,6.078888013513127,0.28311132846474707,0.0011409207249586805,0.28087516493461273,0.2853474919948814,1641.6802643712836,2.997286300493733,1635.8056911709605,1647.5548375716066,29.98489731815968,0.08983783791734523,29.808818391392734,30.160976244926623,247.7362948531454,1.4563116776844445,244.8819764146188,250.590613291672,0.9635416666666665,0.06727450556805904,0.8316860586755315,1.0953972746578016,54.28125,0.21875,53.852507878381864,54.709992121618136,4.797120394384388,0.3287815004564651,4.152720494706677,5.441520294062099,53.54315515435566,0.13330266553501352,53.281886730863846,53.80442357784747,53.54296875,0.1333001595054617,53.28170523823585,53.80423226176415,0.0,0.0,0.0,0.0,0.00018640435565994742,0.00018640435565994744,0.0,0.0005517501793148394,1.0,0.0,1.0,1.0
0.5,spoilage_intensity_0.5,single_average,10.0,0.1905,46372.885726665816,110.32891872284326,46156.645019515796,46589.126433815836,44368.853975141894,107.29497164118845,44158.55969500292,44579.14825528087,0.341293723936254,0.341293723936254,0.0,1.0102171310008676,648.125,2.2146137109863853,643.7844368867981,652.4655631132019,94.09157293978032,0.32150663455461975,93.46143151526259,94.72171436429805,145.0110091933505,0.2689827228630326,144.48381274407544,145.53820564262557,329.44204233352144,1.2449752215691763,327.00193573760106,331.8821489294418,777.75,2.6575364531836625,772.5413242641577,782.9586757358423,9.270833333333332,0.5428545684172688,8.20685793039245,10.334808736274214,0.8441947404473908,0.0032297563278418204,0.8378645343659805,0.8505249465288012,5.401041666666666,0.01845511425821986,5.3648703073899835,5.437213025943349,5.401041666666666,0.01845511425821986,5.3648703073899835,5.437213025943349,0.2688330655422295,0.0009185903844417709,0.26703266147217886,0.2706334696122802,1812.6376149168811,3.3622840357879062,1806.0476593009428,1819.2275705328195,33.4186970473603,0.06891055571118537,33.283634840011736,33.55375925470886,329.44204233352144,1.2449752215691763,327.00193573760106,331.8821489294418,0.9270833333333334,0.05428545684172687,0.8206857930392453,1.0334808736274215,54.01041666666666,0.18455114258219887,53.64870307389983,54.37213025943348,4.669620136007518,0.3685715093842234,3.947233251886874,5.392007020128163,53.542767988985915,0.1332929705827807,53.28151856725131,53.80401741072052,53.54296875,0.1333001595054617,53.28170523823585,53.80423226176415,0.00020076101408014944,0.00020076101408014944,0.0,0.000594245371176981,0.0,0.0,0.0,0.0,0.9999962718474638,3.7281525363062197e-06,0.9999889648027638,1.0000035788921637
0.5,spoilage_intensity_0.5,two_person_low,1.8,0.15475,69224.12351971728,168.418724100323,68894.02888615846,69554.2181532761,63863.32176659643,155.57792085000406,63558.3946449408,64168.24888825206,0.6640625,0.6640625,0.0,1.9656010834836297,4991.25,12.455277137479863,4966.838105393074,5015.661894606926,310.3368260020309,0.7744214723408277,308.8189878073884,311.85466419667335,24.436281285482366,0.052964843573062456,24.332472099632366,24.540090471332366,0.0,0.0,0.0,0.0,0.0,0.0,0.0,0.0,34.11458333333333,1.0674512127495706,32.022417401090564,36.20674926557609,0.0,0.0,0.0,0.0,41.59375,0.10379397614566555,41.390317544942285,41.797182455057715,41.59375,0.10379397614566555,41.390317544942285,41.797182455057715,0.8866766457200882,0.0022126327781166514,0.8823399651639667,0.8910133262762097,305.45351606852955,0.6620605446632806,304.15590124540455,306.75113089165455,4.077704053661437,0.013345785116555974,4.051546795487576,4.103861311835297,0.0,0.0,0.0,0.0,3.411458333333333,0.10674512127495706,3.202241740109057,3.620674926557609,74.86874999999999,0.1868291570621979,74.5025715808961,75.23492841910388,0.7582031249999999,0.06153534996633976,0.6375960552899059,0.8788101947100938,74.9359375,0.18255200372765054,74.57814214738818,75.29373285261181,74.93632812499999,0.18251298613110187,74.57860924547217,75.29404700452781,0.00039062499999999997,0.00039062499999999997,0.0,0.0011562359314609585,0.0,0.0,0.0,0.0,0.9999947069783197,5.293021680216614e-06,0.999984332846457,1.0000050811101824
0.5,spoilage_intensity_0.5,two_person_low,2.0,0.15475,68556.07581543006,166.39738411393745,68229.94293544505,68882.20869541506,63695.436197916664,155.09530997343,63391.45497619767,63999.41741963566,1.1067708333333333,0.9092515684510889,0.0,2.8888711603840234,4498.125,10.980852292217214,4476.6029249877,4519.6470750123,292.389869368217,0.7137840694229421,290.9908782994096,293.78886043702437,27.767977311843453,0.06038505495868579,27.649624778919957,27.886329844766948,0.0,0.0,0.0,0.0,0.0,0.0,0.0,0.0,41.25,1.407611896868091,38.49113137792843,44.00886862207157,0.0,0.0,0.0,0.0,37.48437499999999,0.09150710243514347,37.30502437489749,37.663725625102494,37.48437499999999,0.09150710243514347,37.30502437489749,37.663725625102494,0.8353996267663341,0.0020393830554941224,0.8314025094268843,0.8393967441057838,347.09971639804314,0.7548131869835726,345.62030973649945,348.57912305958683,4.633971215712796,0.013364991019984286,4.607776314659925,4.660166116765667,0.0,0.0,0.0,0.0,4.125,0.14076118968680912,3.8491131377928434,4.400886862207157,74.96874999999999,0.18301420487028694,74.61004874979498,75.32745125020499,1.040234375,0.07697590887232181,0.8893643659330122,1.191104384066988,74.93580729166666,0.1824650705569764,74.57818232493842,75.2934322583949,74.93632812499999,0.18251298613110187,74.57860924547217,75.29404700452781,0.0006510416666666666,0.000534853863794758,0.0,0.0016993359766964838,0.00013020833333333333,0.00013020833333333333,0.0,0.0003854119771536529,0.9999913758806063,7.065892184349522e-06,0.9999775269864063,1.0000052247748061
0.5,spoilage_intensity_0.5,two_person_low,2.1,0.15475,68243.91734126846,166.1265060758366,67918.31537248235,68569.51931005457,63618.84884903824,155.03407576564146,63314.98764416113,63922.71005391535,0.0,0.0,0.0,0.0,4283.125,10.627334010682226,4262.295808087385,4303.954191912615,284.31495978833425,0.7054452162624981,282.9323125713937,285.6976070052748,28.878532441895672,0.053978845190193574,28.77273584939583,28.984329034395515,0.0,0.0,0.0,0.0,0.0,0.0,0.0,0.0,28.749999999999996,0.989082823858295,26.811433287510564,30.68856671248943,0.0,0.0,0.0,0.0,35.69270833333333,0.08856111675568523,35.51913173406154,35.86628493260512,35.69270833333333,0.08856111675568523,35.51913173406154,35.86628493260512,0.8123284565380979,0.0020155577607499932,0.8083780359182677,0.8162788771579281,360.98165552369585,0.67473556487742,359.65919811744783,362.30411292994387,4.817562997714191,0.015409800004819844,4.787360344695779,4.847765650732603,0.0,0.0,0.0,0.0,2.875,0.0989082823858295,2.6811433287510567,3.0688566712489433,74.9546875,0.18597834518693893,74.59017664152925,75.31919835847076,0.9867187500000001,0.07921945442064945,0.8314514724606148,1.1419860275393854,74.93710937499999,0.18261577665559325,74.57918902974622,75.29502972025377,74.93632812499999,0.18251298613110187,74.57860924547217,75.29404700452781,0.0,0.0,0.0,0.0,0.0007812499999999999,0.0005480252925095325,0.0,0.0018553598359357117,1.0,0.0,1.0,1.0
0.5,spoilage_intensity_0.5,two_person_low,2.25,0.15475,67835.17796767796,165.2240392751692,67511.3448013184,68159.01113403752,63508.32155684051,154.67922837343036,63205.15584007214,63811.48727360887,0.0,0.0,0.0,0.0,3996.25,10.107311120928163,3976.44003422244,4016.05996577756,273.369302323106,0.6914053398788114,272.01417275822484,274.7244318879872,31.091275181007134,0.05723164242872277,30.979103223070762,31.203447138943506,0.0,0.0,0.0,0.0,0.0,0.0,0.0,0.0,26.14583333333333,1.045215515568866,24.097248566735885,28.194418099930772,0.0,0.0,0.0,0.0,33.30208333333333,0.08422759267440137,33.13700028518699,33.467166381479664,33.30208333333333,0.08422759267440137,33.13700028518699,33.467166381479664,0.7810551494945887,0.0019754438282251763,0.7771833507377853,0.784926948251392,388.64093976258914,0.7153955303590347,387.2387902883845,390.0430892367938,5.188346912170467,0.014772602170619232,5.159393143958115,5.217300680382819,0.0,0.0,0.0,0.0,2.614583333333333,0.10452155155688661,2.4097248566735887,2.8194418099930774,74.9296875,0.18951208351740303,74.55825064167074,75.30112435832926,1.0031249999999998,0.07978591611753472,0.846747477936098,1.1595025220639017,74.93632812499999,0.18251298613110187,74.57860924547217,75.29404700452781,74.93632812499999,0.18251298613110187,74.57860924547217,75.29404700452781,0.0,0.0,0.0,0.0,0.0,0.0,0.0,0.0,1.0,0.0,1.0,1.0
0.5,spoilage_intensity_0.5,two_person_low,2.4,0.15475,67474.80213995039,164.1532203000707,67153.06774021598,67796.5365396848,63404.88957548405,154.41302177800748,63102.24561405516,63707.53353691294,1.328125,0.9316429972662054,0.0,3.1541117210907106,3745.625,9.40141780509896,3727.1985596983923,3764.0514403016077,263.64736403181007,0.661747778401752,262.35036221929323,264.9443658443269,33.16624210120362,0.06699829924142554,33.03492784766499,33.297556354742255,0.0,0.0,0.0,0.0,0.0,0.0,0.0,0.0,26.14583333333333,1.229368425733505,23.736315495164956,28.5553511715017,0.0,0.0,0.0,0.0,31.213541666666664,0.0783451483758246,31.0599879974866,31.367095335846727,31.213541666666664,0.0783451483758246,31.0599879974866,31.367095335846727,0.7532781829480287,0.001890707938290723,0.7495724634836949,0.7569839024123626,414.5780262650453,0.8374787405178192,412.9365980958124,416.2194544342782,5.533898219743342,0.018801564174761438,5.497047831107792,5.570748608378893,0.0,0.0,0.0,0.0,2.614583333333333,0.12293684257335048,2.373631549516496,2.85553511715017,74.9125,0.18802835610197915,74.54397119396785,75.28102880603214,1.021875,0.08248545596908931,0.8602064770522206,1.1835435229477795,74.93554687499999,0.18249419420218194,74.57786482697605,75.29322892302392,74.93632812499999,0.18251298613110187,74.57860924547217,75.29404700452781,0.0007812499999999999,0.0005480252925095325,0.0,0.0018553598359357117,0.0,0.0,0.0,0.0,0.999989610761751,7.28911326210637e-06,0.999975324362278,1.000003897161224
0.5,spoilage_intensity_0.5,two_person_low,3.0,0.15475,66341.12781302624,161.8200679258886,66023.96630791567,66658.2893181368,63050.21749558082,153.56348194881468,62749.23860162058,63351.196389541066,0.0,0.0,0.0,0.0,2996.25,8.00390529679106,2980.56263388262,3011.93736611738,233.51434281400574,0.6237886308971898,232.2917395634817,234.73694606452977,41.979307964730495,0.06741667784800404,41.847173704191064,42.111442225269926,0.0,0.0,0.0,0.0,0.0,0.0,0.0,0.0,19.166666666666664,1.044638617546681,17.11921259941546,21.21412073391787,0.0,0.0,0.0,0.0,24.96875,0.06669921080659216,24.838021949021833,25.099478050978167,24.96875,0.06669921080659216,24.838021949021833,25.099478050978167,0.6671838366114451,0.0017822532311348258,0.6636906844670907,0.6706769887557995,524.7413495591311,0.8427084731000489,523.0896713023883,526.3930278158739,7.003208653942918,0.0184265695874096,6.967093241192974,7.0393240666928625,0.0,0.0,0.0,0.0,1.9166666666666665,0.10446386175466811,1.7119212599415459,2.121412073391787,74.90625,0.20009763241977652,74.51406584706551,75.29843415293449,1.4601562499999998,0.10440852688114641,1.2555192976340708,1.6647932023659289,74.93632812499999,0.18251298613110187,74.57860924547217,75.29404700452781,74.93632812499999,0.18251298613110187,74.57860924547217,75.29404700452781,0.0,0.0,0.0,0.0,0.0,0.0,0.0,0.0,1.0,0.0,1.0,1.0
0.5,spoilage_intensity_0.5,two_person_low,4.5,0.15475,64675.10288698641,157.48538258707444,64366.43720902423,64983.76856494859,62404.59834970962,151.98814384659062,62106.7070616932,62702.48963772603,0.0,0.0,0.0,0.0,1998.125,5.594050659207314,1987.1608621802611,2009.0891378197389,189.58700874593,0.5307772693161401,188.54670441425785,190.62731307760217,64.33475874180638,0.12099147396609436,64.09761981039642,64.57189767321634,0.020269789052366174,0.007758203413959626,0.005063989776269614,0.03547558832846273,0.0,0.0,0.0,0.0,18.4375,1.1760974414558267,16.132391372436874,20.742608627563126,5.0752204141401474e-05,1.9438102760569465e-05,1.2654222802896722e-05,8.885018547990622e-05,16.651041666666664,0.04661708882672762,16.559673851502172,16.742409481831157,16.651041666666664,0.04661708882672762,16.559673851502172,16.742409481831157,0.5416771678455143,0.0015165064837603997,0.5387048697550225,0.5446494659360062,804.1844842725799,1.512393424576182,801.2202476299553,807.1487209152044,10.728891871298256,0.03372606207774481,10.662790004285513,10.794993738310998,0.020269789052366174,0.007758203413959626,0.005063989776269614,0.03547558832846273,1.84375,0.11760974414558267,1.6132391372436874,2.0742608627563124,74.9296875,0.20977689972027425,74.51853233175979,75.34084266824021,2.163066862013191,0.15910415545019874,1.8512284475401395,2.474905276486243,74.93632812499999,0.18251298613110187,74.57860924547217,75.29404700452781,74.93632812499999,0.18251298613110187,74.57860924547217,75.29404700452781,0.0,0.0,0.0,0.0,0.0,0.0,0.0,0.0,1.0,0.0,1.0,1.0
0.5,spoilage_intensity_0.5,two_person_low,5.0,0.15475,64309.212501171365,156.5130568532349,64002.45254662875,64615.97245571398,62236.96551424396,151.585559827246,61939.86327640621,62534.067752081704,0.4523810337504154,0.45238103375041533,0.0,1.339031567190228,1798.125,5.15087351969285,1788.029473412481,1808.220526587519,179.97217163250525,0.515544744188244,178.96172250147737,180.98262076353313,71.99186906342348,0.10172318320994696,71.79249528793922,72.19124283890774,0.19514853105984678,0.03133084699712783,0.13374119934034134,0.2565558627793522,0.0,0.0,0.0,0.0,21.510416666666668,1.0627617622881593,19.427441888435556,23.59339144489778,0.0004890915313464073,7.860086509746467e-05,0.0003350366666016852,0.0006431463960911293,14.984375,0.04292394599744043,14.900245611770675,15.068504388229325,14.984375,0.04292394599744043,14.900245611770675,15.068504388229325,0.5142062046643007,0.0014729849833949845,0.5113192071470781,0.5170932021815232,899.8983632927934,1.2715397901243366,897.4061910992401,902.3905354863467,12.017588295586638,0.036029744183933746,11.946971294613936,12.08820529655934,0.19514853105984678,0.03133084699712783,0.13374119934034134,0.2565558627793522,2.151041666666667,0.10627617622881594,1.942744188843556,2.359339144489778,74.921875,0.21461972998720213,74.50122805885337,75.34252194114663,2.4432968323786453,0.1777154340886425,2.0949809820680043,2.791612682689286,74.93606201850955,0.1825267490440877,74.57831616416796,75.29380787285113,74.93632812499999,0.18251298613110187,74.57860924547217,75.29404700452781,0.0002661064904414208,0.00026610649044142077,0.0,0.0007876656277589578,0.0,0.0,0.0,0.0,0.9999964208945469,3.5791054531462978e-06,0.9999894059767619,1.000003435812332
0.5,spoilage_intensity_0.5,two_person_low,9.0,0.15475,63190.9610976298,149.51761072963976,62897.91196554522,63484.010229714375,61510.686079316554,147.37896226072277,61221.82862120665,61799.543537426456,0.0,0.0,0.0,0.0,1000.625,3.1487195054195483,994.453623171959,1006.796376828041,136.9960560494136,0.43109272089777684,136.15112984245658,137.8409822563706,130.4447453044839,0.21886939242875783,130.01576917800537,130.8737214309624,101.70921695934918,1.1295625917265726,99.49531496128138,103.92311895741697,300.1875,0.9446158516258644,298.3360869515877,302.0389130484123,10.312499999999998,0.7740797503336094,8.795331568184366,11.82966843181563,0.25658389361469963,0.0027588485628049757,0.2511766497928018,0.26199113743659747,8.338541666666664,0.02623932921182955,8.28711352643299,8.38996980690034,8.338541666666664,0.02623932921182955,8.28711352643299,8.38996980690034,0.39141730299832467,0.0012316934882793634,0.3890032281213046,0.3938313778753447,1630.5593163060485,2.7358674053594743,1625.1971147250667,1635.9215178870302,21.66412701603357,0.06051592027055828,21.54551799181198,21.782736040255163,101.70921695934918,1.1295625917265726,99.49531496128138,103.92311895741697,1.03125,0.07740797503336094,0.8795331568184368,1.1829668431815632,75.046875,0.2361539629064661,74.58402173789692,75.50972826210308,4.652412090655858,0.3468297628086579,3.972638246784319,5.332185934527397,74.93632812499999,0.18251298613110187,74.57860924547217,75.29404700452781,74.93632812499999,0.18251298613110187,74.57860924547217,75.29404700452781,0.0,0.0,0.0,0.0,0.0,0.0,0.0,0.0,1.0,0.0,1.0,1.0
0.5,spoilage_intensity_0.5,two_person_low,10.0,0.15475,63302.47275386535,149.7272398545855,63009.01275624578,63595.93275148493,61468.91136234948,146.41426912054456,61181.944668050455,61755.8780566485,0.5217627534118405,0.5217627534118405,0.0,1.5443989585735012,902.5,3.435921354681384,895.7657178911124,909.2342821088876,131.02047379464108,0.49881002084374515,130.04282411865967,131.9981234706225,145.28100465688095,0.2678645421951683,144.75599980144312,145.80600951231878,162.54023364427135,1.3951983838509296,159.80569506063503,165.27477222790768,481.3333333333333,1.8324913891634045,477.7417162085933,484.92495045807334,10.364583333333332,0.5410669629940111,9.304111572640604,11.42505509402606,0.41161005459457034,0.00362310339167722,0.40450890243461807,0.4187112067545226,7.520833333333333,0.028632677955678195,7.46471431575927,7.576952350907396,7.520833333333333,0.028632677955678195,7.46471431575927,7.576952350907396,0.37434421084183156,0.0014251714881249864,0.37155092605331325,0.3771374956303499,1816.012558211012,3.348306777439608,1809.449997518039,1822.575118903985,24.125829002995076,0.07856221594496166,23.971849889197294,24.279808116792857,162.54023364427135,1.3951983838509296,159.80569506063503,165.27477222790768,1.0364583333333333,0.05410669629940111,0.9304111572640604,1.142505509402606,75.20833333333331,0.2863267795567819,74.64714315759268,75.76952350907395,4.714406448961426,0.37701027069510634,3.975479896597321,5.453333001325531,74.93645715390153,0.18260184603484414,74.57856411216271,75.29435019564035,74.93632812499999,0.18251298613110187,74.57860924547217,75.29404700452781,0.00030691926671284734,0.00030691926671284734,0.0,0.0009084699756314712,0.0004359481682412617,0.0004359481682412617,0.0,0.001290390877120343,0.9999959131921876,4.086807812421544e-06,0.9999879031960636,1.0000039231883118
0.5,spoilage_intensity_0.5,two_person_average,1.8,0.15475,98729.23455149023,240.35293927010187,98258.15144694249,99200.31765603797,91087.69429015157,221.4387404562196,90653.68233407546,91521.70624622768,0.6640625,0.6640625,0.0,1.9656010834836297,7127.5,17.63552961387621,7092.934997108513,7162.065002891487,443.1606766500326,1.0965097491079732,441.01155703308393,445.30979626698127,24.434272188633933,0.038360247972017404,24.359087484170754,24.509456893097113,0.0,0.0,0.0,0.0,0.0,0.0,0.0,0.0,45.78125,1.4533497377462972,42.93273685707653,48.62976314292347,0.0,0.0,0.0,0.0,59.39583333333333,0.14696274678230178,59.10779164257094,59.68387502409572,59.39583333333333,0.14696274678230178,59.10779164257094,59.68387502409572,1.266173361857236,0.0031328849974513492,1.2600330200945253,1.2723137036199466,305.42840235792414,0.4795030996502178,304.4885935521344,306.3682111637139,2.8585830284507296,0.0091156830689666,2.8407166179410734,2.876449438960386,0.0,0.0,0.0,0.0,4.578125,0.14533497377462973,4.2932736857076526,4.8629763142923474,106.9125,0.26453294420814305,106.39402495662769,107.4309750433723,0.8953125000000001,0.06751890856191957,0.7629778709431846,1.0276471290568154,106.88046874999999,0.25983176502393107,106.3712078485136,107.38972965148638,106.88046875,0.2598872408578179,106.3710991178772,107.38983838212282,0.00039062499999999997,0.0003906249999999999,0.0,0.0011562359314609583,0.00039062499999999997,0.0003906249999999999,0.0,0.0011562359314609583,0.9999963603540647,3.639645935244254e-06,0.9999892267791152,1.0000034939290143
0.5,spoilage_intensity_0.5,two_person_average,2.0,0.15475,97770.81364680095,237.6109299350251,97305.10478179523,98236.52251180666,90848.3984375,220.82341700298636,90415.59249323107,91281.20438176893,0.8854166666666666,0.8854166666666667,0.0,2.6208014446448398,6415.0,15.520084274030728,6384.581193785873,6445.418806214127,416.9917492282033,1.008845999937209,415.01444740237906,418.9690510540275,27.663043406095976,0.04819672258575911,27.56857956565502,27.75750724653693,0.0,0.0,0.0,0.0,0.0,0.0,0.0,0.0,61.875,1.4621077384381442,59.00932149114393,64.74067850885608,0.0,0.0,0.0,0.0,53.458333333333336,0.12933403561692278,53.204843281548946,53.711823385117725,53.458333333333336,0.12933403561692278,53.204843281548946,53.711823385117725,1.1914049977948664,0.0028824171426777394,1.1857555640067972,1.1970544315829357,345.7880425761997,0.6024590323219885,344.6072445706877,346.9688405817117,3.2364377966918036,0.009625627032021723,3.217571914380426,3.2553036790031813,0.0,0.0,0.0,0.0,6.1875,0.14621077384381442,5.900932149114393,6.474067850885607,106.91666666666667,0.25866807123384555,106.40968656309789,107.42364677023545,1.030078125,0.07541259626179302,0.8822721523462257,1.177884097653774,106.88046875,0.259792255297631,106.37128528615422,107.38965221384579,106.88046875,0.2598872408578179,106.3710991178772,107.38983838212282,0.0005208333333333333,0.0005208333333333333,0.0,0.0015416479086146117,0.0005208333333333333,0.00040978947524450155,0.0,0.0013240059460561246,0.9999952662273726,4.733772627432339e-06,0.9999859882035118,1.0000045442512333
0.5,spoilage_intensity_0.5,two_person_average,2.1,0.15475,97325.09853545215,236.95769718787136,96860.66998310438,97789.52708779993,90737.25410438908,220.55048699807813,90304.98309310008,91169.52511567809,0.6640625,0.6640625,0.0,1.9656010834836297,6110.0,15.013221686128045,6080.5746262032735,6139.4253737967265,405.5834009763251,0.9965815893733765,403.6301369534976,407.5366649991526,28.732384253408625,0.0498752469927496,28.634630565582796,28.830137941234455,0.0,0.0,0.0,0.0,0.0,0.0,0.0,0.0,42.86458333333333,1.2941224893828462,40.328149862559634,45.40101680410702,0.0,0.0,0.0,0.0,50.916666666666664,0.12511018071773364,50.671455218360606,51.16187811497272,50.916666666666664,0.12511018071773364,50.671455218360606,51.16187811497272,1.1588097170752143,0.0028473759696382105,1.1532289627242787,1.16439047142615,359.15480316760784,0.6234405874093696,357.93288206978497,360.3767242654307,3.360810487779742,0.010691575170908057,3.3398553855067594,3.381765590052724,0.0,0.0,0.0,0.0,4.286458333333333,0.12941224893828462,4.032814986255963,4.540101680410703,106.92499999999998,0.2627313795072408,106.41005595855727,107.4399440414427,1.059375,0.07787459871485694,0.9067435912083712,1.2120064087916287,106.88007812500001,0.25978803870064593,106.37090292553245,107.38925332446757,106.88046875,0.2598872408578179,106.3710991178772,107.38983838212282,0.00039062499999999997,0.00039062499999999997,0.0,0.0011562359314609585,0.0,0.0,0.0,0.0,0.9999964824403422,3.51755965781117e-06,0.9999895881500994,1.000003376730585
0.5,spoilage_intensity_0.5,two_person_average,2.25,0.15475,96743.46939035783,235.15836405325956,96282.56746615008,97204.37131456558,90581.21948724653,220.3382245442998,90149.36450272221,91013.07447177086,0.0,0.0,0.0,0.0,5702.5,13.969212178533509,5675.120847237676,5729.879152762324,390.087818954648,0.9555843071001934,388.21490812853995,391.9607297807561,30.91208415664338,0.047756260575254304,30.81848360587957,31.00568470740719,0.0,0.0,0.0,0.0,0.0,0.0,0.0,0.0,38.75,1.343504525177,36.116779517586494,41.383220482413506,0.0,0.0,0.0,0.0,47.52083333333333,0.11641010148777925,47.29267372698063,47.748992939686026,47.52083333333333,0.11641010148777925,47.29267372698063,47.748992939686026,1.1145366255847087,0.0027302408774291203,1.1091854517958286,1.1198877993735887,386.4010519580422,0.5969532571906792,385.2310450734946,387.5710588425898,3.615804399681387,0.009900757332659493,3.5963992718897035,3.6352095274730702,0.0,0.0,0.0,0.0,3.875,0.13435045251769998,3.6116779517586495,4.138322048241351,106.921875,0.2619227283475033,106.40851588570642,107.43523411429358,1.091015625,0.08293126065688755,0.9284733409199969,1.253557909080003,106.880859375,0.25998699206928005,106.37129423409532,107.39042451590468,106.88046875,0.2598872408578179,106.3710991178772,107.38983838212282,0.0,0.0,0.0,0.0,0.00039062499999999997,0.00039062499999999997,0.0,0.0011562359314609585,1.0,0.0,1.0,1.0
0.5,spoilage_intensity_0.5,two_person_average,2.4,0.15475,96229.20879495784,233.83077371593956,95770.90889999746,96687.50868991822,90434.30790161592,219.9224971580218,90003.26772779608,90865.34807543576,0.6640625,0.6640625,0.0,1.9656010834836297,5345.625,12.982503106287396,5320.179761482497,5371.070238517503,376.26829710730374,0.9138135084284887,374.4772555421977,378.05933867240975,33.12478373459611,0.060273683377661876,33.00664948596032,33.2429179832319,0.0,0.0,0.0,0.0,0.0,0.0,0.0,0.0,39.21874999999999,1.3683847349917908,36.5367652024217,41.90073479757829,0.0,0.0,0.0,0.0,44.546875,0.1081875258857283,44.334831345687476,44.758918654312524,44.546875,0.1081875258857283,44.334831345687476,44.758918654312524,1.075052277449439,0.0026108957383671094,1.0699350158348504,1.0801695390640278,414.0597966824514,0.7534210422207732,412.58311857450406,415.53647479039876,3.8756774525163182,0.011420169639556305,3.85329433132545,3.8980605737071863,0.0,0.0,0.0,0.0,3.9218749999999996,0.13683847349917908,3.65367652024217,4.190073479757829,106.9125,0.25965006212574804,106.40359522964994,107.42140477035005,1.0734375,0.09388197555879099,0.8894322091073001,1.2574427908927,106.88046874999999,0.2599170616807464,106.37104067013826,107.38989682986173,106.88046875,0.2598872408578179,106.3710991178772,107.38983838212282,0.00039062499999999997,0.0003906249999999999,0.0,0.0011562359314609583,0.00039062499999999997,0.0003906249999999999,0.0,0.0011562359314609583,0.9999963997695853,3.6002304147457476e-06,0.9999893434476363,1.0000034560915343
0.5,spoilage_intensity_0.5,two_person_average,3.0,0.15475,94608.66372349561,229.9253874380091,94158.0182449857,95059.30920200553,89927.83071072499,218.65302419799792,89499.27865818614,90356.38276326383,0.0,0.0,0.0,0.0,4276.25,10.378501512780813,4255.908510821455,4296.591489178545,333.2718259352163,0.8088540542849145,331.68650112006867,334.857150750364,41.83202016876593,0.07532443710034717,41.68438698489349,41.979653352638366,0.0,0.0,0.0,0.0,0.0,0.0,0.0,0.0,29.479166666666664,1.2559794155670077,27.017492246831665,31.940841086501663,0.0,0.0,0.0,0.0,35.635416666666664,0.08648751260650682,35.465904256845455,35.80492907648787,35.635416666666664,0.08648751260650682,35.465904256845455,35.80492907648787,0.9522052169577611,0.0023110115836711856,0.9476757174859106,0.9567347164296115,522.9002521095742,0.9415554637543392,521.0548373111689,524.7456669079796,4.891985479462883,0.012927678396089404,4.866647695402831,4.917323263522935,0.0,0.0,0.0,0.0,2.9479166666666665,0.1255979415567008,2.7017492246831663,3.194084108650167,106.90625,0.25946253781952033,106.39771277053637,107.41478722946363,1.4191406249999998,0.11041349696076522,1.2027341475497773,1.6355471024502224,106.880859375,0.2598730887482375,106.37151748050228,107.39020126949772,106.88046875,0.2598872408578179,106.3710991178772,107.38983838212282,0.0,0.0,0.0,0.0,0.00039062499999999997,0.00039062499999999997,0.0,0.0011562359314609585,1.0,0.0,1.0,1.0
0.5,spoilage_intensity_0.5,two_person_average,4.5,0.15475,92208.15678835963,224.03104136244372,91769.06401587023,92647.24956084903,89006.60565280427,216.42570838020535,88582.4190590505,89430.79224655803,0.0,0.0,0.0,0.0,2848.75,7.153018565834609,2834.7303412302176,2862.7696587697824,270.29639845603657,0.678695974176132,268.966178790199,271.6266181218741,63.702653765991506,0.10059784434788033,63.5054856141473,63.899821917835716,0.0,0.0,0.0,0.0,0.0,0.0,0.0,0.0,18.802083333333336,0.9133754875158876,17.01190027344048,20.59226639322619,0.0,0.0,0.0,0.0,23.739583333333332,0.059608488048621726,23.622752843585147,23.856413823081517,23.739583333333332,0.059608488048621726,23.622752843585147,23.856413823081517,0.7722754241601045,0.0019391313547889501,0.7684747965434259,0.7760760517767832,796.2831720748939,1.2574730543485055,793.8185701768413,798.7477739729464,7.452509139641936,0.02325985464363664,7.406920662254771,7.498097617029101,0.0,0.0,0.0,0.0,1.8802083333333333,0.09133754875158875,1.701190027344048,2.0592266393226186,106.828125,0.26823819621879785,106.30238779613317,107.35386220386683,2.075390625,0.16266350537458538,1.756576012866775,2.3942052371332245,106.88046875,0.2598872408578179,106.3710991178772,107.38983838212282,106.88046875,0.2598872408578179,106.3710991178772,107.38983838212282,0.0,0.0,0.0,0.0,0.0,0.0,0.0,0.0,1.0,0.0,1.0,1.0
0.5,spoilage_intensity_0.5,two_person_average,5.0,0.15475,91687.48635173315,222.21952010536535,91251.94409566486,92123.02860780145,88767.30980015271,215.84384398887522,88344.26363964983,89190.3559606556,0.0,0.0,0.0,0.0,2568.125,6.183675866523262,2556.005218009545,2580.244781990455,257.04054683279946,0.6189166906470391,255.82749240970054,258.2536012558984,71.62558808097462,0.11238608347819154,71.40531540499386,71.84586075695539,0.0,0.0,0.0,0.0,0.0,0.0,0.0,0.0,23.385416666666664,1.1655611435833029,21.10095880346407,25.669874529869258,0.0,0.0,0.0,0.0,21.401041666666664,0.051530632221027196,21.30004348341287,21.502039849920457,21.401041666666664,0.051530632221027196,21.30004348341287,21.502039849920457,0.7344015623794271,0.001768333401848683,0.7309356925991445,0.7378674321597097,895.3198510121828,1.4048260434773943,892.5664425624232,898.0732594619424,8.374368838703365,0.02442890814549576,8.326489058556556,8.422248618850174,0.0,0.0,0.0,0.0,2.3385416666666665,0.11655611435833028,2.110095880346407,2.566987452986926,107.00520833333333,0.257653161105136,106.50021741706436,107.5101992496023,2.622265625,0.177208566700925,2.274943216514223,2.9695880334857767,106.88046875,0.2598872408578179,106.3710991178772,107.38983838212282,106.88046875,0.2598872408578179,106.3710991178772,107.38983838212282,0.0,0.0,0.0,0.0,0.0,0.0,0.0,0.0,1.0,0.0,1.0,1.0
0.5,spoilage_intensity_0.5,two_person_average,9.0,0.15475,89646.69377056451,217.22559478746928,89220.93942826078,90072.44811286824,87447.87078324324,212.02824893761306,87032.30305162043,87863.43851486605,0.0,0.0,0.0,0.0,1424.375,4.14204032040648,1416.2567501494905,1432.4932498505095,195.01187491356256,0.56708875741995,193.9004013729819,196.12334845414324,130.01098610292667,0.20053881602562795,129.61793724601412,130.4040349598392,7.581376304780768,0.3651716111829138,6.865653098685793,8.297099510875743,427.3125,1.242612096121944,424.8770250448472,429.7479749551528,14.531249999999998,0.8443947990184136,12.87626660519097,16.186233394809026,0.019006335364809092,0.0009165720325882825,0.017209887191699386,0.020802783537918798,11.869791666666666,0.03451700267005401,11.802139584579088,11.937443748754244,11.869791666666666,0.03451700267005401,11.802139584579088,11.937443748754244,0.5571767854673216,0.0016202535926284312,0.5540011467799483,0.560352424154695,1625.137326286583,2.5067352003203496,1620.2242155751762,1630.0504369979897,15.220462646099655,0.04515806672908805,15.131954461699186,15.308970830500124,7.581376304780768,0.3651716111829138,6.865653098685793,8.297099510875743,1.453125,0.08443947990184136,1.2876266605190971,1.6186233394809029,106.828125,0.310653024030486,106.2192562612118,107.4369937387882,4.105213412012655,0.32410340889016054,3.4699824033212816,4.740444420704028,106.88046875,0.2598872408578179,106.3710991178772,107.38983838212282,106.88046875,0.2598872408578179,106.3710991178772,107.38983838212282,0.0,0.0,0.0,0.0,0.0,0.0,0.0,0.0,1.0,0.0,1.0,1.0
0.5,spoilage_intensity_0.5,two_person_average,10.0,0.15475,89585.77371466668,215.17863243000755,89164.03134486127,90007.51608447208,87244.11303601877,210.88189951060136,86830.79210798659,87657.43396405094,0.9707570864926269,0.9707570864926269,0.0,2.87340601375521,1284.375,3.5765092829173044,1277.3651706151088,1291.3848293848912,186.45919227699954,0.519219878979232,185.44154001414302,187.47684453985607,144.80249171743873,0.21775630133108112,144.37569720942315,145.2292862254543,25.00115423364146,0.6578345338482241,23.711822239512248,26.290486227770675,685.0,1.907471617555898,681.2614243280581,688.7385756719419,15.052083333333332,0.8132235873758052,13.458194390698292,16.645972275968372,0.06278293898661841,0.001654659032619428,0.059539866875990444,0.06602601109724637,10.703125,0.029804244024310905,10.644709755125907,10.761540244874093,10.703125,0.029804244024310905,10.644709755125907,10.761540244874093,0.5327405493628559,0.001483485368512092,0.52983297146898,0.5356481272567317,1810.031146467984,2.721953766638517,1804.6962151177893,1815.3660778181786,16.940234017038552,0.044179442428125444,16.853643901022366,17.02682413305474,25.00115423364146,0.6578345338482241,23.711822239512248,26.290486227770675,1.5052083333333333,0.08132235873758052,1.3458194390698293,1.6645972275968373,107.03124999999999,0.29804244024310894,106.44709755125906,107.61540244874091,5.336264016124687,0.3780523699278124,4.595294986796161,6.077233045453213,106.88030661457324,0.2599903707061178,106.37073485166204,107.38987837748445,106.88046875,0.2598872408578179,106.3710991178772,107.38983838212282,0.0005710335802897805,0.0005710335802897805,0.0,0.0016902388316207117,0.00040889815352521477,0.0004088981535252148,0.0,0.0012103238077795656,0.9999945026851476,5.497314852370012e-06,0.9999837281460252,1.0000052772242698
0.5,spoilage_intensity_0.5,family_three,1.8,0.15475,147968.65484206792,354.7115229446878,147273.43303219497,148663.87665194087,136557.96924799233,327.35516942947584,135916.36490575754,137199.5735902271,1.328125,1.328125,0.0,3.9312021669672594,10676.875,25.60854097819214,10626.683181986125,10727.066818013875,663.8472324809284,1.5922410870453483,660.7264972956145,666.9679676662422,23.37481992800153,0.04039736718410405,23.295642543250445,23.453997312752612,0.0,0.0,0.0,0.0,0.0,0.0,0.0,0.0,45.260416666666664,1.610845434272725,42.10321763083134,48.41761570250199,0.0,0.0,0.0,0.0,88.97395833333331,0.21340450815160125,88.5556931832177,89.39222348344893,88.97395833333331,0.21340450815160125,88.5556931832177,89.39222348344893,1.8967063785169382,0.004549260248700995,1.8877899922731847,1.9056227647606918,292.18524910001906,0.5049670898013013,291.1955317906305,293.1749664094076,1.8247098453220087,0.005875698058408853,1.8131936887434954,1.836226001900522,0.0,0.0,0.0,0.0,4.526041666666666,0.1610845434272725,4.210321763083134,4.841761570250198,160.153125,0.3841281146728818,159.40024772979186,160.90600227020812,0.6515625,0.06522785868865498,0.5237182461815683,0.7794067538184318,160.234375,0.38411197285230797,159.48152936717884,160.98722063282116,160.234375,0.38421042740894207,159.48133639979372,160.98741360020628,0.0007812499999999999,0.0007812499999999998,0.0,0.0023124718629219166,0.0007812499999999999,0.0007812499999999998,0.0,0.0023124718629219166,0.9999951003449357,4.899655064283249e-06,0.999985497197473,1.0000047034923982
0.5,spoilage_intensity_0.5,family_three,2.0,0.15475,146523.8209439763,350.76975177431757,145836.32486363256,147211.31702432001,136199.6614583333,326.5527755332267,135559.6297792366,136839.69313743003,0.0,0.0,0.0,0.0,9611.25,22.895011413385397,9566.37660220413,9656.12339779587,624.7563444691455,1.4882355195428323,621.8394564503283,627.6732324879627,27.26772450715774,0.05175807509060375,27.16628054407104,27.369168470244443,0.0,0.0,0.0,0.0,0.0,0.0,0.0,0.0,60.885416666666664,1.5381003858877027,57.87079530571961,63.90003802761372,0.0,0.0,0.0,0.0,80.09375,0.19079176177821155,79.71980501836777,80.46769498163223,80.09375,0.19079176177821155,79.71980501836777,80.46769498163223,1.7850181270547016,0.004252101484408091,1.7766841612866524,1.7933520928227509,340.84655633947176,0.6469759386325464,339.57850680088796,342.11460587805556,2.127675708978689,0.0061985488686405864,2.115526776439742,2.1398246415176363,0.0,0.0,0.0,0.0,6.088541666666666,0.1538100385887703,5.78707953057196,6.390003802761372,160.1875,0.3815835235564231,159.43961003673553,160.93538996326447,0.77734375,0.0619112116209977,0.6560000049836069,0.8986874950163931,160.23489583333333,0.38417973592144306,159.48191738733718,160.98787427932947,160.234375,0.38421042740894207,159.48133639979372,160.98741360020628,0.0,0.0,0.0,0.0,0.0005208333333333333,0.00036535019500635494,0.0,0.0012369065572904745,1.0,0.0,1.0,1.0
0.5,spoilage_intensity_0.5,family_three,2.1,0.15475,145864.57216513384,350.0778883689036,145178.43211214695,146550.71221812072,136032.42594142893,326.10951278505945,135393.2630413543,136671.58884150354,1.328125,1.328125,0.0,3.9312021669672594,9156.875,22.06240585213061,9113.633479117518,9200.116520882482,607.8357618355298,1.464508281379232,604.9653783489658,610.7061453220937,27.669836869374613,0.05969961867335675,27.55282776688406,27.786845971865166,0.0,0.0,0.0,0.0,0.0,0.0,0.0,0.0,38.4375,1.3808672119558323,35.731049997134335,41.143950002865665,0.0,0.0,0.0,0.0,76.30729166666666,0.18385338210108848,75.94694565931265,76.66763767402067,76.30729166666666,0.18385338210108848,75.94694565931265,76.66763767402067,1.7366736052443708,0.004184309375369244,1.7284725095684736,1.7448747009202679,345.87296086718266,0.7462452334169599,344.4103470860507,347.3355746483146,2.159266107565226,0.007678545833246773,2.1442164342784222,2.17431578085203,0.0,0.0,0.0,0.0,3.84375,0.13808672119558324,3.573104999713433,4.114395000286567,160.24531249999998,0.38609210241228553,159.48858588455656,161.0020391154434,0.99375,0.07738038003451336,0.8420872420223315,1.1454127579776685,160.23359375,0.38412679056470234,159.48071907499624,160.98646842500378,160.234375,0.38421042740894207,159.48133639979372,160.98741360020628,0.0007812499999999999,0.0007812499999999998,0.0,0.0023124718629219166,0.0,0.0,0.0,0.0,0.9999952026404667,4.797359533313673e-06,0.9999857999885605,1.0000046052923728
0.5,spoilage_intensity_0.5,family_three,2.25,0.15475,144997.4452602074,347.2458125755308,144316.855973777,145678.0345466378,135798.1698140399,325.61722705009083,135159.97177627592,136436.36785180387,0.0,0.0,0.0,0.0,8546.875,20.316048224893308,8507.05627717103,8586.69372282897,584.6614340426142,1.389748871867791,581.9375763061983,587.3852917790302,29.926512124851968,0.06619503583899794,29.796772238652192,30.056252011051743,0.0,0.0,0.0,0.0,0.0,0.0,0.0,0.0,37.8125,1.3117859399661091,35.241446802240404,40.383553197759596,0.0,0.0,0.0,0.0,71.22395833333333,0.16930040187411097,70.89213564309192,71.55578102357474,71.22395833333333,0.16930040187411097,70.89213564309192,71.55578102357474,1.670461240121755,0.003970711062479406,1.6626787894462804,1.6782436907972293,374.08140156064957,0.8274379479874746,372.4596529831524,375.7031501381467,2.33508136140824,0.007788468951571425,2.3198162427684514,2.3503464800480285,0.0,0.0,0.0,0.0,3.78125,0.13117859399661091,3.5241446802240404,4.03835531977596,160.25390625,0.3809259042167495,159.50730519695682,161.00050730304318,1.1484375,0.07627039759373976,0.9989502676297197,1.2979247323702803,160.234375,0.38421042740894207,159.48133639979372,160.98741360020628,160.234375,0.38421042740894207,159.48133639979372,160.98741360020628,0.0,0.0,0.0,0.0,0.0,0.0,0.0,0.0,1.0,0.0,1.0,1.0
0.5,spoilage_intensity_0.5,family_three,2.4,0.15475,144224.03149141662,345.682914136458,143546.50542963832,144901.55755319493,135579.07844576176,324.90154645282365,134942.28311619285,136215.87377533066,1.328125,1.328125,0.0,3.9312021669672594,8011.875,19.286472097104255,7974.074209300839,8049.675790699161,563.9405238651382,1.357537802068972,561.2797986654314,566.601249064845,32.02814678971558,0.0639725009288688,31.90276299189404,32.15353058753712,0.0,0.0,0.0,0.0,0.0,0.0,0.0,0.0,35.78125,1.4777937914978512,32.88482739208732,38.67767260791268,0.0,0.0,0.0,0.0,66.765625,0.1607206008092021,66.45061841084032,67.08063158915968,66.765625,0.1607206008092021,66.45061841084032,67.08063158915968,1.6112586396146806,0.0038786794344827747,1.6036565676155181,1.6188607116138432,400.3518348714447,0.7996562616108612,398.78453739867547,401.9191323442139,2.4992856743906007,0.008243844875723116,2.4831280353400484,2.515443313441153,0.0,0.0,0.0,0.0,3.578125,0.1477793791497851,3.2884827392087317,3.8677672607912683,160.23749999999995,0.3857294419420852,159.48148418601673,160.99351581398318,1.0359375000000002,0.08443078513006125,0.8704562019586402,1.2014187980413602,160.23515625,0.3839873427267884,159.48255488773626,160.98775761226372,160.234375,0.38421042740894207,159.48133639979372,160.98741360020628,0.0007812499999999999,0.0007812499999999998,0.0,0.0023124718629219166,0.0015624999999999999,0.001096050585019065,0.0,0.0037107196718714234,0.9999951003449357,4.899655064283249e-06,0.999985497197473,1.0000047034923982
0.5,spoilage_intensity_0.5,family_three,3.0,0.15475,141793.67665490496,339.94770959063857,141127.39138748043,142459.9619223295,134817.30331384076,323.15891913372104,134183.92347105578,135450.68315662575,2.65625,1.8632859945324107,0.0,6.308223442181421,6405.625,15.297763803280281,6375.64193390157,6435.60806609843,499.2258029830507,1.1922393862484388,496.8890567250536,501.5625492410478,40.845454747833756,0.08378343516982519,40.68124223239985,41.00966726326766,0.0,0.0,0.0,0.0,0.0,0.0,0.0,0.0,28.02083333333333,1.2327262153283152,25.604734348491462,30.436932318175195,0.0,0.0,0.0,0.0,53.38020833333333,0.12748136502733567,53.13034944917975,53.63006721748691,53.38020833333333,0.12748136502733567,53.13034944917975,53.63006721748691,1.4263594370944306,0.0034063982464241083,1.419683019214439,1.4330358549744222,510.56818434792194,1.0472929396228141,508.5155279049981,512.6208407908457,3.187790721336845,0.009528776118174693,3.1691146633284775,3.2064667793452126,0.0,0.0,0.0,0.0,2.802083333333333,0.12327262153283151,2.5604734348491465,3.0436932318175196,160.140625,0.38244409508200705,159.39104834753925,160.89020165246075,1.3289062500000002,0.11164692371389723,1.1100823005360707,1.5477301994639296,160.2328125,0.38408024210895336,159.480029058293,160.98559594170698,160.234375,0.38421042740894207,159.48133639979372,160.98741360020628,0.0015624999999999999,0.001096050585019065,0.0,0.0037107196718714234,0.0,0.0,0.0,0.0,0.999990371162421,6.754407329144353e-06,0.9999771327673189,1.000003609557523
0.5,spoilage_intensity_0.5,family_three,4.5,0.15475,138195.9903284659,330.6276931380232,137547.9719576238,138844.008699308,133438.01720226416,319.9580465919603,132810.91095438015,134065.12345014818,0.0,0.0,0.0,0.0,4271.875,9.967394761588071,4252.339265247594,4291.410734752406,405.32599461320973,0.9457309016399549,403.47239610692884,407.1795931194906,62.9075482551811,0.12584484239278002,62.66089689645113,63.15419961391107,0.0,0.0,0.0,0.0,0.0,0.0,0.0,0.0,17.864583333333332,0.994271476433477,15.915847048668253,19.813319617998413,0.0,0.0,0.0,0.0,35.59895833333333,0.08306162301323398,35.43616054372995,35.76175612293671,35.59895833333333,0.08306162301323398,35.43616054372995,35.76175612293671,1.1580742703234563,0.0027020882903998717,1.1527782745912252,1.1633702660556875,786.3443531897638,1.5730605299097509,783.2612112056391,789.4274951738884,4.90888421324091,0.01636293190352719,4.876813456028515,4.940954970453305,0.0,0.0,0.0,0.0,1.7864583333333333,0.0994271476433477,1.5915847048668252,1.9813319617998413,160.1953125,0.3737773035595527,159.4627224467848,160.9279025532152,2.23828125,0.16071494450509818,1.923285746992654,2.5532767530073457,160.234375,0.38421042740894207,159.48133639979372,160.98741360020628,160.234375,0.38421042740894207,159.48133639979372,160.98741360020628,0.0,0.0,0.0,0.0,0.0,0.0,0.0,0.0,1.0,0.0,1.0,1.0
0.5,spoilage_intensity_0.5,family_three,5.0,0.15475,137405.01349871,329.0079387722586,136760.16978808862,138049.85720933139,133078.6178536297,319.0440108099301,132453.30308295903,133703.93262430036,2.2135416666666665,1.5844706161206863,0.0,5.319047008825201,3845.0,9.063269671749657,3827.2363178611963,3862.7636821388037,384.841432006664,0.9071317761088976,383.06348639625867,386.6193776170693,71.16358807364132,0.11385780624532932,70.94043087404174,71.3867452732409,0.0,0.0,0.0,0.0,0.0,0.0,0.0,0.0,23.177083333333332,0.9135640358974214,21.38653072540333,24.967635941263335,0.0,0.0,0.0,0.0,32.041666666666664,0.07552724726458043,31.893635982176637,32.189697351156696,32.041666666666664,0.07552724726458043,31.893635982176637,32.189697351156696,1.0995469485904685,0.0025918050745968473,1.0944671039893106,1.1046267931916265,889.5448509205164,1.4232225780666172,886.7553859255216,892.3343159155112,5.5520220676511505,0.014471868785259977,5.5236577260430515,5.5803864092592494,0.0,0.0,0.0,0.0,2.317708333333333,0.09135640358974213,2.1386530725403325,2.4967635941263335,160.20833333333331,0.37763623632290255,159.46817991088318,160.94848675578345,2.4375,0.17708858535629013,2.090412750628524,2.784587249371476,160.23359375,0.38414562189634716,159.48068216626444,160.98650533373558,160.234375,0.38421042740894207,159.48133639979372,160.98741360020628,0.0013020833333333333,0.0009320415388945213,0.0,0.003128851181661883,0.0005208333333333333,0.00036535019500635494,0.0,0.0012369065572904745,0.9999919066751783,5.786271177767758e-06,0.9999805657920652,1.0000032475582916
0.5,spoilage_intensity_0.5,family_three,9.0,0.15475,133712.7188422348,320.6621317674177,133084.23261276484,134341.20507170478,131077.87549719657,314.29898314791217,130461.8608098491,131693.89018454403,0.0,0.0,0.0,0.0,2133.125,5.708159538543077,2121.937212886447,2144.312787113553,292.0471825712983,0.7815069022673232,290.51545718918493,293.5789079534117,128.7179168259264,0.22956843978860253,128.26797095195369,129.16786269989913,0.0053289743049108156,0.0036670215920107632,0.0,0.012516204555782643,71.10416666666666,0.19027198461810263,70.73124042954822,71.47709290378509,9.84375,0.7513571183466112,8.371117108512843,11.316382891487157,1.3332758888235485e-05,9.175036645208631e-06,0.0,3.1315500269679605e-05,17.776041666666664,0.04756799615452566,17.682810107387056,17.869273225946273,17.776041666666664,0.04756799615452566,17.682810107387056,17.869273225946273,0.8344205216322811,0.0022328768636209243,0.8300441633976713,0.8387968798668909,1608.97396032408,2.8696054973575364,1603.349636899421,1614.598283748739,10.044585018491096,0.031951033797574774,9.981962142979027,10.107207894003166,0.0053289743049108156,0.0036670215920107632,0.0,0.012516204555782643,0.984375,0.07513571183466113,0.8371117108512842,1.1316382891487158,159.984375,0.42811196539073076,159.14529096648351,160.82345903351649,4.136664677441388,0.2860487347747766,3.5760194594595758,4.6973098954232,160.234375,0.38421042740894207,159.48133639979372,160.98741360020628,160.234375,0.38421042740894207,159.48133639979372,160.98741360020628,0.0,0.0,0.0,0.0,0.0,0.0,0.0,0.0,1.0,0.0,1.0,1.0
0.5,spoilage_intensity_0.5,family_three,10.0,0.15475,133336.73766699585,319.5453283188314,132710.44033206292,133963.03500192877,130719.66228018553,313.40745215336983,130105.39496147847,131333.9295988926,0.0,0.0,0.0,0.0,1923.75,5.173095079197047,1913.6109199561724,1933.8890800438276,279.2804836148928,0.7510042861619128,277.8085422617802,280.75242496800536,144.3583403965054,0.22880246859225584,143.90989579849074,144.8067849945201,0.061562798939790365,0.016280119754961003,0.02965435055606775,0.09347124732351297,256.5,0.6897460105596056,255.148122660823,257.851877339177,13.125,0.7231183390532508,11.707714098895204,14.542285901104796,0.00015113046020826185,4.04193462831604e-05,7.190999721461457e-05,0.00023035092320190911,16.03125,0.04310912565997535,15.946757666301437,16.115742333698563,16.03125,0.04310912565997535,15.946757666301437,16.115742333698563,0.7979442388996938,0.002145726531891175,0.793738692176515,0.8021497856228725,1804.4792549563176,2.8600308574031947,1798.873697481134,1810.0848124315012,11.257952577282687,0.030302247560358025,11.198561263413769,11.317343891151605,0.061562798939790365,0.016280119754961003,0.02965435055606775,0.09347124732351297,1.3125,0.07231183390532508,1.1707714098895206,1.4542285901104794,160.31249999999997,0.43109125659975367,159.46757666301434,161.1574233369856,5.0892619096570595,0.33395773368261,4.434716779280525,5.743807040033594,160.23489583333333,0.38417973592144306,159.48191738733718,160.98787427932947,160.234375,0.38421042740894207,159.48133639979372,160.98741360020628,0.0,0.0,0.0,0.0,0.0005208333333333333,0.00036535019500635494,0.0,0.0012369065572904745,1.0,0.0,1.0,1.0
0.5,spoilage_intensity_0.5,family_four,1.8,0.15475,197237.56720045273,467.1082446745473,196322.05186400888,198153.08253689657,182019.58865439368,431.4348581927154,181173.9918706608,182865.18543812656,1.328125,1.328125,0.0,3.9312021669672594,14238.75,33.77056986325355,14172.560899330629,14304.939100669371,885.3109904806246,2.0997248111478988,881.1956054733296,889.4263754879196,23.05818057839067,0.05294984734332381,22.95440078461086,23.161960372170476,0.0,0.0,0.0,0.0,0.0,0.0,0.0,0.0,69.53125,1.8749885177484988,65.85634003378681,73.20615996621319,0.0,0.0,0.0,0.0,118.65625,0.2814214155271131,118.10467416108858,119.20782583891142,118.65625,0.2814214155271131,118.10467416108858,119.20782583891142,2.5294599728017846,0.0059992137461368535,2.517701729923799,2.5412182156797702,288.2272572298833,0.6618730917915469,286.9300098076357,289.52450465213093,1.3500360128219524,0.004710589010850181,1.3408034280147159,1.359268597629189,0.0,0.0,0.0,0.0,6.953125,0.18749885177484987,6.58563400337868,7.32061599662132,213.58124999999998,0.5065585479488031,212.58841348995944,214.57408651004053,0.78046875,0.06556584812879503,0.6519620490517389,0.9089754509482612,213.578125,0.5062369866542212,212.58591873851563,214.57033126148437,213.57734375,0.5061574353053172,212.58529340629443,214.5693940937056,0.0007812499999999999,0.0007812499999999998,0.0,0.0023124718629219166,0.0015624999999999999,0.001096050585019065,0.0,0.0037107196718714234,0.9999962894799335,3.7105200664921258e-06,0.9999890169942393,1.0000035619656278
0.5,spoilage_intensity_0.5,family_four,2.0,0.15475,195288.5468346197,462.22235270727947,194382.60767046406,196194.48599877532,181540.96354166666,430.30830322946133,180697.5747650884,182384.35231824493,1.7708333333333333,1.3932842158313057,0.0,4.5016202165908235,12814.375,30.070910738104484,12755.437097970997,12873.312902029003,832.9678326603519,1.954687711545963,829.1367151446988,836.798950176005,27.21962695933151,0.061328681826807556,27.099424951731653,27.339828966931368,0.0,0.0,0.0,0.0,0.0,0.0,0.0,0.0,71.25,1.7623024361735444,67.79595069523266,74.70404930476734,0.0,0.0,0.0,0.0,106.78645833333333,0.2505909228175373,106.2953091497583,107.27760751690836,106.78645833333333,0.2505909228175373,106.2953091497583,107.27760751690836,2.379908093315291,0.005584822032988456,2.368962043270568,2.390854143360014,340.24533699164385,0.7666085228350947,338.7428118966456,341.7478620866421,1.5935774155626667,0.004931694996556142,1.5839114709866804,1.603243360138653,0.0,0.0,0.0,0.0,7.124999999999999,0.17623024361735443,6.779595069523265,7.470404930476733,213.57291666666666,0.5011818456350746,212.5906182995166,214.55521503381672,0.8812500000000001,0.06970832799647035,0.7446241877044131,1.017875812295587,213.57760416666667,0.5062450626228958,212.58538207657458,214.56982625675877,213.57734375,0.5061574353053172,212.58529340629443,214.5693940937056,0.0010416666666666667,0.0008195789504890032,0.0,0.002648011892112249,0.0013020833333333335,0.0007701481922234245,0.0,0.0028115460528498762,0.9999950899038661,3.847756743237429e-06,0.9999875484392281,1.0000026313685042
0.5,spoilage_intensity_0.5,family_four,2.1,0.15475,194419.94826875493,460.64161727775496,193517.10728911025,195322.7892483996,181319.9703746378,429.7609792594929,180477.65433332854,182162.28641594708,0.0,0.0,0.0,0.0,12204.375,28.772743764371146,12147.981458485434,12260.768541514566,810.1296103585004,1.9099422702739766,806.3861922962127,813.873028420788,27.2441170919164,0.055430977693008913,27.13547437201026,27.35275981182254,0.0,0.0,0.0,0.0,0.0,0.0,0.0,0.0,58.22916666666666,1.9316026479797905,54.44329504418407,62.015038289149246,0.0,0.0,0.0,0.0,101.703125,0.2397728647030928,101.23317882071194,102.17307117928806,101.703125,0.2397728647030928,101.23317882071194,102.17307117928806,2.314656029595715,0.00545697791506849,2.3039605494177504,2.3253515097736797,340.551463648955,0.6928872211626113,339.1934296501282,341.9094976477818,1.5949675048301737,0.00510127550804766,1.5849691885591841,1.6049658211011633,0.0,0.0,0.0,0.0,5.822916666666667,0.1931602647979791,5.444329504418408,6.201503828914926,213.5765625,0.5035230158764951,212.58967552349506,214.56344947650493,1.0078125,0.07599553191165724,0.8588639944671874,1.1567610055328126,213.578125,0.5062186143024276,212.58595474766346,214.57029525233654,213.57734375,0.5061574353053172,212.58529340629443,214.5693940937056,0.0,0.0,0.0,0.0,0.0007812499999999999,0.0007812499999999998,0.0,0.0023124718629219166,1.0,0.0,1.0,1.0
0.5,spoilage_intensity_0.5,family_four,2.25,0.15475,193259.37341005908,457.5154481854929,192362.65960924482,194156.08721087335,181006.84380186364,429.06967448934904,180165.8826930062,181847.80491072108,0.0,0.0,0.0,0.0,11390.625,26.57338129132174,11338.542129721558,11442.707870278442,779.1922950951841,1.8177908549201158,775.6294904881145,782.7550997022538,29.69147976693156,0.06322493883895414,29.567561163882463,29.81539836998066,0.0,0.0,0.0,0.0,0.0,0.0,0.0,0.0,53.02083333333333,1.9183606931748172,49.26091546535339,56.780751201313265,0.0,0.0,0.0,0.0,94.92187499999999,0.22144484409434784,94.48785108101298,95.355898918987,94.92187499999999,0.22144484409434784,94.48785108101298,95.355898918987,2.2262637002719545,0.00519368815691461,2.2160842585374696,2.2364431420064395,371.1434970866445,0.7903117354869268,369.5945145485308,372.6924796247582,1.7383425601294802,0.005658444764179445,1.7272522121831793,1.7494329080757811,0.0,0.0,0.0,0.0,5.302083333333333,0.19183606931748173,4.926091546535339,5.678075120131327,213.57421875,0.4982508992122826,212.59766493227923,214.55077256772077,1.0382812499999998,0.07907844542056912,0.883290345022268,1.1932721549777316,213.578125,0.5062786281832948,212.5858371226184,214.5704128773816,213.57734375,0.5061574353053172,212.58529340629443,214.5693940937056,0.0,0.0,0.0,0.0,0.0007812499999999999,0.0007812499999999999,0.0,0.002312471862921917,1.0,0.0,1.0,1.0
0.5,spoilage_intensity_0.5,family_four,2.4,0.15475,192231.6263901696,454.9512366106339,191339.9383516908,193123.31442864842,180715.25552610296,428.3285461746192,179875.7470020503,181554.76405015562,0.0,0.0,0.0,0.0,10680.0,24.960285916148337,10631.078738560527,10728.921261439473,751.7447282789204,1.7569066810673357,748.3012544598306,755.1882020980103,31.76155245441883,0.06066387729050812,31.642653439766878,31.88045146907078,0.0,0.0,0.0,0.0,0.0,0.0,0.0,0.0,52.86458333333333,1.427763856974629,50.06621759523506,55.6629490714316,0.0,0.0,0.0,0.0,89.0,0.20800238263456952,88.59232282133772,89.40767717866228,89.0,0.20800238263456952,88.59232282133772,89.40767717866228,2.1478420807969156,0.0050197333744780885,2.138003584170945,2.1576805774228864,397.01940568023537,0.7582984661313518,395.53316799708597,398.50564336338476,1.8595204623566737,0.006071889491396437,1.8476197776354295,1.8714211470779178,0.0,0.0,0.0,0.0,5.286458333333333,0.14277638569746287,5.006621759523506,5.56629490714316,213.6,0.49920571832296645,212.62157477121053,214.57842522878946,1.209375,0.0865944854521019,1.0396529272541026,1.3790970727458975,213.57968749999998,0.506223322281115,212.58750802019478,214.57186697980518,213.57734375,0.5061574353053172,212.58529340629443,214.5693940937056,0.0,0.0,0.0,0.0,0.00234375,0.0013315126613224167,0.0,0.004953466861151015,1.0,0.0,1.0,1.0
0.5,spoilage_intensity_0.5,family_four,3.0,0.15475,188989.51757323905,447.6276087011887,188112.18358169892,189866.85156477918,179700.53127107274,425.9633910107377,178865.65836595916,180535.40417618633,1.328125,1.328125,0.0,3.9312021669672594,8540.625,20.256141289017386,8500.923692607772,8580.326307392228,665.6181674078825,1.5786731818281319,662.5240248281401,668.712309987625,40.425426425089086,0.06803641921322755,40.29207749379409,40.55877535638408,0.0,0.0,0.0,0.0,0.0,0.0,0.0,0.0,40.98958333333333,1.448482769695566,38.150609272503196,43.82855739416346,0.0,0.0,0.0,0.0,71.171875,0.16880117740847816,70.84103077173143,71.50271922826857,71.171875,0.16880117740847816,70.84103077173143,71.50271922826857,1.90176619259395,0.004510494805223235,1.8929257852232575,1.9106065999646424,505.3178303136136,0.8504552401653435,503.6509686724262,506.98469195480106,2.367635438739092,0.006650854485440186,2.3546000034812127,2.3806708739969715,0.0,0.0,0.0,0.0,4.098958333333333,0.1448482769695566,3.8150609272503195,4.382855739416346,213.515625,0.5064035322254347,212.52309231519428,214.50815768480572,1.2398437500000001,0.11126515684772217,1.0217680498442645,1.4579194501557358,213.57734374999998,0.5062652232762817,212.58508214575335,214.56960535424662,213.57734375,0.5061574353053172,212.58529340629443,214.5693940937056,0.0007812499999999999,0.0007812499999999998,0.0,0.0023124718629219166,0.0007812499999999999,0.0007812499999999998,0.0,0.0023124718629219166,0.9999963416061812,3.6583938187780694e-06,0.9999891712860551,1.0000035119263073
0.5,spoilage_intensity_0.5,family_four,4.5,0.15475,184185.36019162566,436.0478725242046,183330.72206594291,185039.9983173084,177860.32035464543,421.5115798924221,177034.1728389897,178686.46787030116,0.0,0.0,0.0,0.0,5694.375,13.314486307586959,5668.279086364478,5720.470913635522,540.2962892349603,1.2633111702441295,537.8202448400147,542.772333629906,62.399797745274476,0.10544689901119031,62.19312562093111,62.60646986961784,0.0,0.0,0.0,0.0,0.0,0.0,0.0,0.0,27.96875,1.4540606105486216,25.118843571986382,30.818656428013618,0.0,0.0,0.0,0.0,47.453125,0.11095405256322467,47.23565905303732,47.67059094696268,47.453125,0.11095405256322467,47.23565905303732,47.67059094696268,1.543703683528458,0.0036094604864118003,1.5366292709714706,1.5507780960854456,779.9974718159309,1.3180862376398796,777.4140702616388,782.580873370223,3.6542068317808063,0.011025854848291662,3.6325965533793885,3.675817110182224,0.0,0.0,0.0,0.0,2.796875,0.14540606105486215,2.511884357198638,3.081865642801362,213.5390625,0.499293236534511,212.56046573866792,214.51765926133208,2.128125,0.1772456364060904,1.7807299362271811,2.4755200637728185,213.57734375,0.5061574353053172,212.58529340629443,214.5693940937056,213.57734375,0.5061574353053172,212.58529340629443,214.5693940937056,0.0,0.0,0.0,0.0,0.0,0.0,0.0,0.0,1.0,0.0,1.0,1.0
0.5,spoilage_intensity_0.5,family_four,5.0,0.15475,183117.7667853845,433.734508436811,182267.66276999618,183967.87080077283,177381.4908487588,420.3793955973469,176557.56237354528,178205.41932397234,1.328125,1.328125,0.0,3.9312021669672594,5125.0,12.263638342548486,5100.96371052918,5149.03628947082,512.955094677283,1.2274528326029106,510.5493313326596,515.3608580219063,70.95105028173535,0.09784555384036725,70.75927652016085,71.14282404330984,0.0,0.0,0.0,0.0,0.0,0.0,0.0,0.0,26.041666666666664,1.152203911473798,23.783388497331842,28.299944836001487,0.0,0.0,0.0,0.0,42.70833333333333,0.10219698618790404,42.5080309210765,42.90863574559016,42.70833333333333,0.10219698618790404,42.5080309210765,42.90863574559016,1.465585984792237,0.0035070080931511745,1.4587123752361701,1.4724595943483039,886.888128521692,1.2230694230045902,884.4909565020108,889.2853005413732,4.155007947481874,0.011081201131126688,4.133289192359421,4.176726702604326,0.0,0.0,0.0,0.0,2.6041666666666665,0.11522039114737981,2.3783388497331845,2.8299944836001485,213.54166666666666,0.5109849309395204,212.5401546053825,214.54317872795082,2.2710937499999995,0.19287534489927655,1.8930650204916764,2.6491224795083226,213.5765625,0.50615870814876,212.5845096615671,214.5686153384329,213.57734375,0.5061574353053172,212.58529340629443,214.5693940937056,0.0007812499999999999,0.0007812499999999998,0.0,0.0023124718629219166,0.0,0.0,0.0,0.0,0.9999963416061812,3.6583938187780694e-06,0.9999891712860551,1.0000035119263073
0.5,spoilage_intensity_0.5,family_four,9.0,0.15475,178188.74794884227,421.9334830420983,177361.7735182082,179015.72237947633,174714.4590145448,414.05619590939364,173902.9237829867,175525.99424610287,0.0,0.0,0.0,0.0,2847.5,7.007648882267351,2833.765260574454,2861.234739425546,389.8526117183813,0.9594206211614817,387.97218185487975,391.73304158188284,128.16548924577924,0.20759518669093313,127.75861015650115,128.57236833505735,0.0,0.0,0.0,0.0,94.91666666666666,0.23358829607557835,94.45884201914845,95.37449131418487,13.854166666666666,0.8664668000612982,12.155922944746854,15.552410388586479,0.0,0.0,0.0,0.0,23.729166666666664,0.05839707401889459,23.614710504787112,23.843622828546216,23.729166666666664,0.05839707401889459,23.614710504787112,23.843622828546216,1.113864604909661,0.0027412017747470946,1.1084919481567994,1.1192372616625226,1602.0686155722406,2.5949398336366687,1596.9826269562643,1607.1546041882168,7.502915779482718,0.023182408708212712,7.4574790933397335,7.548352465625703,0.0,0.0,0.0,0.0,1.3854166666666665,0.08664668000612981,1.2155922944746853,1.5552410388586477,213.5625,0.5255736661700513,212.53239454308402,214.59260545691598,4.378125,0.32518667372427357,3.740770831248046,5.015479168751954,213.57734375,0.5061574353053172,212.58529340629443,214.5693940937056,213.57734375,0.5061574353053172,212.58529340629443,214.5693940937056,0.0,0.0,0.0,0.0,0.0,0.0,0.0,0.0,1.0,0.0,1.0,1.0
0.5,spoilage_intensity_0.5,family_four,10.0,0.15475,177670.75465545646,419.77976057872894,176848.0014432833,178493.5078676296,174235.6410159844,412.92399286612624,173426.32486161432,175044.9571703545,1.328125,1.328125,0.0,3.9312021669672594,2563.125,5.725512904174876,2551.9032009147977,2574.3467990852023,372.101774952786,0.8312015661189185,370.47264981929965,373.73090008627236,143.68373951925787,0.18907614230736092,143.31315708999966,144.05432194851608,0.0,0.0,0.0,0.0,341.75,0.7634017205566496,340.2537601219731,343.2462398780269,13.125,0.8094289743703672,11.538548362190886,14.711451637809114,0.0,0.0,0.0,0.0,21.359375,0.0477126075347906,21.265860007623317,21.452889992376683,21.359375,0.0477126075347906,21.265860007623317,21.452889992376683,1.0631479284365315,0.0023748616174826226,1.0584932851979991,1.0678025716750639,1796.0467439907234,2.3634517788420113,1791.414463624996,1800.6790243564508,8.417981953242005,0.022672365568555577,8.373544933283311,8.4624189732007,0.0,0.0,0.0,0.0,1.3125,0.08094289743703671,1.1538548362190886,1.4711451637809114,213.59375,0.47712607534790613,212.65860007623317,214.52889992376683,4.53671875,0.37561497554747575,3.8005269258730547,5.2729105741269455,213.5765625,0.50615870814876,212.5845096615671,214.5686153384329,213.57734375,0.5061574353053172,212.58529340629443,214.5693940937056,0.0007812499999999999,0.0007812499999999998,0.0,0.0023124718629219166,0.0,0.0,0.0,0.0,0.9999963416061812,3.6583938187780694e-06,0.9999891712860551,1.0000035119263073
1.0,spoilage_intensity_1,single_low,1.8,0.1905,29673.363953907945,99.41993979620011,29478.50445256225,29868.22345525364,27348.687391945212,92.10779748713651,27168.159426175116,27529.215357715308,0.0,0.0,0.0,0.0,2142.5,7.552724726458048,2127.6969315509973,2157.3030684490027,133.21245173240192,0.46959952302049573,132.29205358012456,134.13284988467927,25.23325356239574,0.0773747726142149,25.0816017947599,25.384905330031575,0.03294000127325281,0.008997394761076603,0.015305431586853307,0.050574570959652315,0.0,0.0,0.0,0.0,23.697916666666664,2.302753589371689,19.184602566227817,28.211230767105512,0.00016544165623215136,4.523179648218623e-05,7.678896417102084e-05,0.00025409434829328187,17.854166666666664,0.06293937272048374,17.730807762924975,17.977525570408353,17.854166666666664,0.06293937272048374,17.730807762924975,17.977525570408353,0.3806070049497198,0.0013417129229157025,0.37797729594321305,0.3832367139562265,315.4156695299467,0.9671846576776865,313.52002243449874,317.3113166253946,9.831349641847764,0.04550153978485066,9.74216826262834,9.920531021067188,0.03294000127325281,0.008997394761076603,0.015305431586853307,0.050574570959652315,2.3697916666666665,0.2302753589371689,1.9184602566227817,2.8211230767105513,32.1375,0.11329087089687066,31.91545397326496,32.359546026735046,0.9122029714979983,0.06317880340758558,0.7883747922327942,1.0360311507632025,32.090234374999994,0.10807492243907481,31.878411419387447,32.30205733061254,32.089453125,0.10793166822024614,31.87791094249699,32.30099530750301,0.0,0.0,0.0,0.0,0.0007812499999999999,0.0005480252925095325,0.0,0.0018553598359357117,1.0,0.0,1.0,1.0
1.0,spoilage_intensity_1,single_low,2.0,0.1905,29389.338497898694,98.07932323792178,29197.106556724306,29581.570439073083,27277.343637279708,91.70764056680382,27097.59996466163,27457.087309897786,0.05973032577452512,0.05973032577452512,0.0,0.17679961307743886,1931.25,6.265852910690826,1918.9691539626206,1943.5308460373794,125.5362923923566,0.4072967990078863,124.7380053352827,126.3345794494305,28.40167214265285,0.06786141918728571,28.268666205105994,28.534678080199704,0.1846657581986153,0.023437907502013626,0.13872830362168745,0.23060321277554316,0.0,0.0,0.0,0.0,26.562499999999996,1.1714018371632116,24.266594587736048,28.858405412263945,0.00091382769159243,0.00011575810047151572,0.0006869459837494901,0.00114070939943537,16.09375,0.052215440922423494,15.99140961635517,16.19609038364483,16.09375,0.052215440922423494,15.99140961635517,16.19609038364483,0.35867512112101885,0.001163705140022533,0.35639430095795055,0.36095594128408715,355.0209017831606,0.8482677398410714,353.3583275638249,356.68347600249626,11.060149329165913,0.04887955823699474,10.964347155441175,11.155951502890652,0.1846657581986153,0.023437907502013626,0.13872830362168745,0.23060321277554316,2.6562499999999996,0.11714018371632116,2.426659458773605,2.8858405412263943,32.1875,0.10443088184484699,31.98281923271034,32.39218076728966,1.100023021804334,0.07398520593464433,0.9550146827836521,1.245031360825016,32.09007868675513,0.10792278630404104,31.878553912487995,32.30160346102226,32.089453125,0.10793166822024614,31.87791094249699,32.30099530750301,3.513548574972066e-05,3.513548574972066e-05,0.0,0.00010399977239849345,0.0006606972408757023,0.0004349849758878816,0.0,0.001513252127431974,0.9999989147340309,1.0852659691040073e-06,0.9999967876518178,1.000001041816244
1.0,spoilage_intensity_1,single_low,2.1,0.1905,29263.229643683764,98.10377900001016,29070.949770096468,29455.50951727106,27243.891043942785,91.53020744415852,27064.495133854754,27423.286954030817,0.7713139793541193,0.693736736372609,0.0,2.131012997396791,1833.125,6.334253535906409,1820.7100912006779,1845.5399087993221,121.68331782565073,0.4204694094499573,120.85921292652799,122.50742272477348,30.05641897477266,0.07511145240057814,29.909203233241033,30.20363471630429,0.26504896120042887,0.03054616941576907,0.20517956927986258,0.32491835312099515,0.0,0.0,0.0,0.0,33.4375,1.4641677507652435,30.567783941175104,36.30721605882489,0.001334633551147879,0.00015394613958808723,0.0010329046619962524,0.0016363624402995058,15.276041666666666,0.0527854461325534,15.172584093338982,15.37949923999435,15.276041666666666,0.0527854461325534,15.172584093338982,15.37949923999435,0.3476666223590021,0.0012013411698570183,0.3453120369329371,0.35002120778506707,375.70523718465824,0.9388931550072267,373.8650404155129,377.5454339538036,11.717106443732476,0.04583362567034949,11.6272741881377,11.806938699327251,0.26504896120042887,0.03054616941576907,0.20517956927986258,0.32491835312099515,3.3437499999999996,0.14641677507652437,3.0567783941175097,3.6307216058824894,32.0796875,0.11084943687836203,31.86242659601186,32.29694840398813,1.0350833513608393,0.07902034485724933,0.8802063213946957,1.1899603813269828,32.089444748593976,0.10787843402199679,31.878006903202284,32.30088259398567,32.089453125,0.10793166822024614,31.87791094249699,32.30099530750301,0.0004537141055024231,0.0004080804331603582,0.0,0.0012535370572922299,0.0004453376994811518,0.0004249877722141897,0.0,0.001278298426890876,0.9999860576283172,1.2537375411108428e-05,0.9999614848240508,1.0000106304325835
1.0,spoilage_intensity_1,single_low,2.25,0.1905,29092.8130586779,97.42267298109402,28901.86812835733,29283.75798899847,27198.980324578748,91.34333502213045,27019.950677707595,27378.0099714499,0.022967731506485803,0.022967731506485803,0.0,0.06798365806578385,1710.0,6.107502542086029,1698.0295149820245,1721.9704850179755,116.975040843919,0.41779260778646393,116.15618237965046,117.79389930818755,32.37303629850519,0.07746030417363577,32.221216892093345,32.52485570491704,0.7637725585556066,0.06200733212943019,0.64224042080451,0.885304696306703,0.0,0.0,0.0,0.0,33.69791666666667,1.246947745056751,31.253943995752007,36.14188933758134,0.0038530585212648094,0.0003132822494908047,0.0032390365952671405,0.004467080447262479,14.25,0.05089585451738355,14.150245958183538,14.349754041816462,14.25,0.05089585451738355,14.150245958183538,14.349754041816462,0.33421440241119715,0.0011936931651041825,0.33187480679900133,0.336553998023393,404.6629537313149,0.9682538021704477,402.7652111511668,406.56069631146295,12.612467845732441,0.04603833416628362,12.522234368858305,12.702701322606577,0.7637725585556066,0.06200733212943019,0.64224042080451,0.885304696306703,3.3697916666666665,0.12469477450567511,3.1253943995752,3.614188933758133,32.0625,0.11451567266411304,31.83805340591296,32.28694659408704,1.1504056861751812,0.0836109020949484,0.9865313293541779,1.3142800429961847,32.089448485337876,0.10792821212930509,31.87791307664864,32.30098389402711,32.089453125,0.10793166822024614,31.87791094249699,32.30099530750301,1.3510430297932825e-05,1.3510430297932827e-05,0.0,3.999038709751992e-05,8.870768174219279e-06,8.87076817421928e-06,0.0,2.6257154310893202e-05,0.9999995899717664,4.100282336248068e-07,0.9999987863311959,1.000000393612337
1.0,spoilage_intensity_1,single_low,2.4,0.1905,28937.677692763064,97.54077084652143,28746.501294879607,29128.85409064652,27157.803925152344,91.13473459790602,26979.18312759983,27336.424722704858,0.2559081785008689,0.2559081785008689,0.0,0.7574789917118193,1602.5,6.099375455928332,1590.545443778193,1614.454556221807,112.79690328342416,0.42932334689025836,111.95544498579706,113.63836158105126,34.35426874972118,0.07720453295769963,34.20295064568085,34.50558685376151,1.3729373990721834,0.07430990787388142,1.2272926559448865,1.5185821421994803,0.0,0.0,0.0,0.0,28.59375,1.3865152087344834,25.876230126863376,31.311269873136624,0.0069247166386202895,0.00037408418900794537,0.006191525100978842,0.007657908176261737,13.354166666666666,0.05082812879940276,13.254545364818274,13.453787968515059,13.354166666666666,0.05082812879940276,13.254545364818274,13.453787968515059,0.32227686652406906,0.0012266381339721673,0.3198726999594202,0.32468103308871793,429.4283593715148,0.965056661971246,427.53688307101066,431.3198356720189,13.39540232482382,0.05117684239572222,13.295097556885722,13.495707092761918,1.3729373990721834,0.07430990787388142,1.2272926559448865,1.5185821421994803,2.859375,0.13865152087344834,2.5876230126863375,3.1311269873136625,32.05,0.1219875091185666,31.810908875563854,32.28909112443614,1.139136085423665,0.08985834000119669,0.9630169753107646,1.3152551955365652,32.089730646707245,0.10790021463199193,31.8782501121044,32.301211181310094,32.089453125,0.10793166822024614,31.87791094249699,32.30099530750301,0.00015053422264756994,0.00015053422264756994,0.0,0.00044557587747754074,0.00042805592989367844,0.0004280559298936784,0.0,0.0012670301358540903,0.9999953502942811,4.64970571884514e-06,0.9999862370385335,1.0000044635500287
1.0,spoilage_intensity_1,single_low,3.0,0.1905,28499.65710014345,94.50193369920193,28314.43671362362,28684.877486663278,27041.9035759202,89.88997713438674,26865.722458165674,27218.08469367473,0.6576271836496824,0.4776374865423543,0.0,1.5937794549389315,1286.875,4.676408836187722,1277.7094071040872,1296.0405928959128,100.2932899153187,0.36445841839365356,99.5789645414047,101.00761528923269,42.9430143433799,0.09710887496308619,42.75268444587305,43.13334424088675,9.953342780899108,0.28831213487180557,9.388261380244515,10.518424181553701,0.0,0.0,0.0,0.0,17.03125,0.9597188842314404,15.15023555162341,18.91226444837659,0.05031064632601891,0.001439260161683852,0.047489748244735265,0.05313154440730255,10.723958333333332,0.03897007363489771,10.647578392534058,10.800338274132606,10.723958333333332,0.03897007363489771,10.647578392534058,10.800338274132606,0.2865522569009106,0.0010413097668390107,0.2845113272611563,0.28859318654066485,536.7876792922486,1.2138609370385771,534.408555573413,539.1668030110843,16.697590617045087,0.0704971133203687,16.559418813923127,16.835762420167047,9.953342780899108,0.28831213487180557,9.388261380244515,10.518424181553701,1.703125,0.09597188842314404,1.5150235551623412,1.8912264448376588,32.171875,0.11691022090469304,31.94273517760218,32.40101482239782,1.4353411459768277,0.11188013366029581,1.2160601134171205,1.654622178536535,32.089482680030045,0.10792433763586744,31.877954865208405,32.30101049485169,32.089453125,0.10793166822024614,31.87791094249699,32.30099530750301,0.0003868395197939308,0.00028096322737785544,0.0,0.0009375173264346656,0.0004163945498410397,0.0002922792566582692,0.0,0.000989251366319386,0.999988047220987,8.671883856394553e-06,0.9999710506409504,1.0000050438010237
1.0,spoilage_intensity_1,single_low,4.5,0.1905,28185.380653219643,90.04363349224212,28008.898374537723,28361.862931901564,27071.59928527444,86.94678266423774,26901.1867226809,27242.011847867976,0.0,0.0,0.0,0.0,865.625,4.020501775128264,857.7449613209692,873.5050386790308,82.13262656024807,0.381475085494786,81.38494913167895,82.88030398881719,65.1291594412914,0.1381580558193267,64.85837462771146,65.39994425487136,81.54562361033163,0.8306776989783259,79.91752523757351,83.17372198308975,7.213541666666666,0.033504181459402184,7.147874677674743,7.279208655658589,12.135416666666666,0.7211805197323663,10.72192882163935,13.548904511693982,0.4185298522290135,0.004313716149534765,0.41007512393639656,0.42698458052163046,7.213541666666666,0.033504181459402184,7.147874677674743,7.279208655658589,7.213541666666666,0.033504181459402184,7.147874677674743,7.279208655658589,0.23466464731499448,0.001089928815699388,0.23252842609051128,0.23680086853947768,814.1144930161424,1.7269756977415847,810.729682846393,817.4993031858919,24.901256497199697,0.09850947755412005,24.708181469057763,25.09433152534163,81.54562361033163,0.8306776989783259,79.91752523757351,83.17372198308975,1.2135416666666665,0.07211805197323663,1.072192882163935,1.354890451169398,32.4609375,0.15076881656730992,32.165436049536346,32.756438950463654,2.323146623565798,0.1717827661090326,1.9864585888274264,2.65983465830417,32.089453125,0.10793166822024614,31.87791094249699,32.30099530750301,32.089453125,0.10793166822024614,31.87791094249699,32.30099530750301,0.0,0.0,0.0,0.0,0.0,0.0,0.0,0.0,1.0,0.0,1.0,1.0
1.0,spoilage_intensity_1,single_low,5.0,0.1905,28229.966172607656,88.41941508892491,28056.667303499264,28403.265041716048,27144.12110752792,86.44550716918664,26974.691026851015,27313.551188204827,0.0,0.0,0.0,0.0,783.125,3.0608494904478074,777.1258452366245,789.1241547633755,78.38204068666288,0.30635674930059853,77.78159249161294,78.98248888171281,72.45826091244864,0.1555156875996021,72.15345576572244,72.76306605917483,115.25476348062391,1.0187519734325672,113.25804630351696,117.25148065773085,26.104166666666668,0.1020283163482602,25.904194841220818,26.304138492112518,10.520833333333332,0.7394866823350978,9.071466068909528,11.970200597757136,0.5934838065229846,0.0050851258762312935,0.5835171429487186,0.6034504700972506,6.526041666666667,0.02550707908706505,6.4760487103052045,6.5760346230281295,6.526041666666667,0.02550707908706505,6.4760487103052045,6.5760346230281295,0.22394868767617968,0.0008753049980017104,0.2222331214046084,0.22566425394775094,905.728261405608,1.9439460949950278,901.9181970715305,909.5383257396855,27.52591425977804,0.1009998003716604,27.327958288603853,27.72387023095223,115.25476348062391,1.0187519734325672,113.25804630351696,117.25148065773085,1.0520833333333333,0.07394866823350979,0.9071466068909528,1.1970200597757137,32.63020833333333,0.12753539543532522,32.380243551526014,32.88017311514064,2.5684716095468114,0.1700994870092859,2.2350827412198724,2.9018604778737505,32.089453125,0.10793166822024614,31.87791094249699,32.30099530750301,32.089453125,0.10793166822024614,31.87791094249699,32.30099530750301,0.0,0.0,0.0,0.0,0.0,0.0,0.0,0.0,1.0,0.0,1.0,1.0
1.0,spoilage_intensity_1,single_low,9.0,0.1905,29609.727703924073,85.54152797101747,29442.069389918353,29777.38601792979,28120.137336547985,84.49121889459656,27954.537590504686,28285.737082591284,0.6752485037603071,0.47440820616918755,0.0,1.6050715018221675,466.25,2.3935677693908453,461.5586933774381,470.9413066225619,63.8345145614382,0.3277045289629369,63.19222548710018,64.47680363577622,131.63293956783292,0.32250255407679795,131.00084617692022,132.26503295874562,431.98933140971866,1.7421347371584976,428.57481006867187,435.40385275076545,388.54166666666663,1.9946398078257066,384.63224448119837,392.4510888521349,6.666666666666666,0.5892556509887895,5.511746813041935,7.8215865202913974,2.2860282722334917,0.009242029627694883,2.2679142270191575,2.304142317447826,3.885416666666667,0.01994639807825705,3.8463224448119844,3.9245108885213495,3.885416666666667,0.01994639807825705,3.8463224448119844,3.9245108885213495,0.18238432731839488,0.0009362986541798181,0.18054921567742913,0.18421943895936063,1645.4117445979114,4.031281925959977,1637.5105772115026,1653.3129119843202,47.47416577929134,0.17262466343601196,47.135827656113406,47.812503902469274,431.98933140971866,1.7421347371584976,428.57481006867187,435.40385275076545,0.6666666666666666,0.05892556509887896,0.5511746813041934,0.7821586520291398,34.96875,0.1795175827043134,34.61690200330786,35.32059799669214,4.652869331998762,0.35074741580679925,3.9654170293469404,5.340321634650583,32.08905591999779,0.10796958378195494,31.877439424359377,32.3006724156362,32.089453125,0.10793166822024614,31.87791094249699,32.30099530750301,0.0003972050022119454,0.00027906365068775744,0.0,0.0009441597069542163,0.0,0.0,0.0,0.0,0.9999873685055527,8.872017812681147e-06,0.9999699796701697,1.0000047573409359
1.0,spoilage_intensity_1,single_low,10.0,0.1905,30078.57844422169,86.07715755542824,29909.87031552147,30247.28657292191,28438.722253294374,82.48164653363737,28277.06119670288,28600.383309885867,0.0,0.0,0.0,0.0,415.0,2.439750182371333,410.21817751127713,419.78182248872287,60.247641689502544,0.35419083084194375,59.553440417398015,60.94184296160707,144.6309664202001,0.3157353670082673,144.01213647221837,145.24979636818185,516.8213328176173,1.9795509604848798,512.9414842295052,520.7011814057294,498.0,2.9277002188455996,492.2618130135326,503.7381869864674,5.15625,0.480722328043845,4.214051550469815,6.098448449530185,2.770490026319142,0.013295521565203956,2.7444312828956665,2.7965487697426177,3.458333333333333,0.020331251519761118,3.418484812593976,3.49818185407269,3.458333333333333,0.020331251519761118,3.418484812593976,3.49818185407269,0.1721361191128644,0.0010119738024055526,0.17015268690685145,0.17411955131887732,1807.8870802525014,3.9466920876033447,1800.1517059027296,1815.6224546022731,52.48016556383888,0.17371822180806532,52.13968410563673,52.82064702204103,516.8213328176173,1.9795509604848798,512.9414842295052,520.7011814057294,0.515625,0.0480722328043845,0.42140515504698145,0.6098448449530185,34.58333333333333,0.20331251519761123,34.18484812593976,34.9818185407269,4.522182825454527,0.3982234114756485,3.7416792811615815,5.302686369747472,32.089453125,0.10793166822024614,31.87791094249699,32.30099530750301,32.089453125,0.10793166822024614,31.87791094249699,32.30099530750301,0.0,0.0,0.0,0.0,0.0,0.0,0.0,0.0,1.0,0.0,1.0,1.0
1.0,spoilage_intensity_1,single_average,1.8,0.1905,49395.44729772966,137.8883939221493,49125.19101175618,49665.70358370314,45569.48089356943,126.94753348811597,45320.66830000653,45818.29348713233,0.0,0.0,0.0,0.0,3563.75,10.416666666666666,3543.3337084943746,3584.1662915056254,221.58033832501627,0.6476684740003983,220.3109314420535,222.84974520797905,24.854815835207003,0.05038704193828599,24.756059047720452,24.953572622693553,0.0,0.0,0.0,0.0,0.0,0.0,0.0,0.0,15.781249999999996,0.8140703096327572,14.185701512236422,17.376798487763573,0.0,0.0,0.0,0.0,29.697916666666664,0.08680555555555557,29.527780904119783,29.868052429213545,29.697916666666664,0.08680555555555557,29.527780904119783,29.868052429213545,0.633086680928618,0.0018504813542868515,0.6294598041201528,0.6367135577370832,310.68519794008756,0.6298380242285753,309.4507380965057,311.91965778366944,5.813443346513916,0.01935925575513622,5.775499902466349,5.851386790561483,0.0,0.0,0.0,0.0,1.578125,0.08140703096327571,1.4185701512236426,1.7376798487763574,53.456250000000004,0.15624999999999997,53.150005627415624,53.762494372584385,0.81796875,0.06019682073467418,0.6999851493762247,0.9359523506237754,53.4703125,0.14895768294063802,53.178360806215814,53.76226419378418,53.469921875,0.14894238976394525,53.178000155291336,53.76184359470866,0.0,0.0,0.0,0.0,0.00039062499999999997,0.0003906249999999999,0.0,0.0011562359314609583,1.0,0.0,1.0,1.0
1.0,spoilage_intensity_1,single_average,2.0,0.1905,48923.612137226875,135.92611596884606,48657.20184536952,49190.02242908423,45449.65494791667,126.58306104169804,45201.55670722211,45697.753188611234,0.0,0.0,0.0,0.0,3207.5,8.947598773387407,3189.963028656046,3225.036971343954,208.49587461410164,0.5816172819808161,207.35592568863316,209.6358235395701,28.169648029448048,0.05095977273563938,28.069768710225848,28.26952734867025,0.0,0.0,0.0,0.0,0.0,0.0,0.0,0.0,29.791666666666668,1.3047426547261067,27.234418054310318,32.34891527902302,0.0,0.0,0.0,0.0,26.729166666666664,0.07456332311156172,26.58302523880038,26.875308094532947,26.729166666666664,0.07456332311156172,26.58302523880038,26.875308094532947,0.5957024988974331,0.0016617636628023307,0.5924455019675232,0.598959495827343,352.12060036810055,0.6369971591954919,350.87210887782305,353.36909185837806,6.592065138084847,0.02284515197584336,6.54728946299085,6.6368408131788446,0.0,0.0,0.0,0.0,2.9791666666666665,0.13047426547261065,2.723441805431032,3.234891527902301,53.45833333333333,0.14912664622312344,53.16605047760076,53.750616189065894,0.9117187499999999,0.07232748518694164,0.76995948394124,1.0534780160587598,53.47018229166666,0.14892124828435058,53.17830200849659,53.76206257483673,53.469921875,0.14894238976394525,53.178000155291336,53.76184359470866,0.0,0.0,0.0,0.0,0.00026041666666666666,0.00026041666666666666,0.0,0.0007708239543073058,1.0,0.0,1.0,1.0
1.0,spoilage_intensity_1,single_average,2.1,0.1905,48695.81805325777,135.32177089186882,48430.592255985524,48961.04385053001,45394.32808684235,126.50022501410155,45146.3922017785,45642.263971906206,0.0,0.0,0.0,0.0,3055.0,8.428033343060886,3038.481358187098,3071.518641812902,202.79170048816255,0.5594550616727495,201.69518871631533,203.88821226000977,29.271182593924937,0.053030597302303174,29.167244533133776,29.3751206547161,0.0,0.0,0.0,0.0,0.0,0.0,0.0,0.0,14.427083333333332,0.792848211504504,12.873129393577509,15.981037273089155,0.0,0.0,0.0,0.0,25.458333333333332,0.07023361119217406,25.32067798489248,25.595988681774184,25.458333333333332,0.07023361119217406,25.32067798489248,25.595988681774184,0.5794048585376071,0.0015984430333507095,0.5762719677609008,0.5825377493143135,365.8897824240617,0.6628824662787897,364.5905566641722,367.1890081839512,6.844190133190933,0.020694519563944896,6.803629620168242,6.884750646213624,0.0,0.0,0.0,0.0,1.4427083333333333,0.0792848211504504,1.287312939357751,1.5981037273089156,53.4625,0.14749058350356542,53.17342376827421,53.751576231725785,0.9679687499999999,0.07437835282808865,0.8221898572275333,1.1137476427724666,53.4703125,0.14900554425840018,53.178266999756744,53.76235800024325,53.469921875,0.14894238976394525,53.178000155291336,53.76184359470866,0.0,0.0,0.0,0.0,0.00039062499999999997,0.0003906249999999999,0.0,0.0011562359314609583,1.0,0.0,1.0,1.0
1.0,spoilage_intensity_1,single_average,2.25,0.1905,48405.424608308924,135.01548519023527,48140.79911998086,48670.05009663699,45315.60428731162,126.22824495476182,45068.20147336859,45563.00710125465,0.0,0.0,0.0,0.0,2850.0,8.261595987094035,2833.807569410475,2866.192430589525,194.95840140653166,0.5651465076177092,193.85073460561236,196.06606820745097,31.42441959077672,0.054564058052801435,31.317476002142875,31.53136317941056,0.0,0.0,0.0,0.0,0.0,0.0,0.0,0.0,13.437499999999998,0.7002485622561455,12.065038037752,14.809961962247996,0.0,0.0,0.0,0.0,23.75,0.06884663322578362,23.615063078420626,23.884936921579374,23.75,0.06884663322578362,23.615063078420626,23.884936921579374,0.557024004018662,0.0016147043074791658,0.5538592417303212,0.5601887663070029,392.80524488470894,0.6820507256600187,391.4684500267859,394.142039742632,7.356296237291879,0.02350474257197283,7.3102277883849265,7.4023646861988315,0.0,0.0,0.0,0.0,1.34375,0.07002485622561454,1.2065038037752,1.4809961962248,53.4375,0.15490492475801315,53.13389192644641,53.74110807355359,1.02890625,0.08376047292593797,0.8647387397371192,1.1930737602628807,53.469921875,0.14894238976394525,53.178000155291336,53.76184359470866,53.469921875,0.14894238976394525,53.178000155291336,53.76184359470866,0.0,0.0,0.0,0.0,0.0,0.0,0.0,0.0,1.0,0.0,1.0,1.0
1.0,spoilage_intensity_1,single_average,2.4,0.1905,48150.17336869237,133.73225720876195,47888.06296099195,48412.28377639279,45241.94278870596,126.07617769268246,44994.83802111983,45489.047556292084,0.6640625,0.6640625,0.0,1.9656010834836297,2673.75,7.465197027987049,2659.11848268765,2688.38151731235,188.2001373816258,0.5254609093026898,187.17025292410887,189.23002183914275,33.63721343811293,0.06287195586985721,33.51398666897042,33.76044020725544,0.0,0.0,0.0,0.0,0.0,0.0,0.0,0.0,11.979166666666664,0.822411061272709,10.36727060608479,13.591062727248538,0.0,0.0,0.0,0.0,22.28125,0.06220997523322542,22.15932068906375,22.40317931093625,22.28125,0.06220997523322542,22.15932068906375,22.40317931093625,0.5377146782332165,0.0015013168837219692,0.5347721512117395,0.5406572052546935,420.46516797641164,0.7858994483732142,418.92483336213024,422.005502590693,7.870693912463185,0.025004142595875332,7.821686693510966,7.919701131415405,0.0,0.0,0.0,0.0,1.1979166666666665,0.08224110612727091,1.036727060608479,1.359106272724854,53.475,0.14930394055974086,53.182369653753,53.767630346247,1.2316406250000003,0.08956125521733665,1.0561037903638204,1.4071774596361801,53.469531249999996,0.14900408133450666,53.17748861703489,53.7615738829651,53.469921875,0.14894238976394525,53.178000155291336,53.76184359470866,0.00039062499999999997,0.0003906249999999999,0.0,0.0011562359314609583,0.0,0.0,0.0,0.0,0.9999924879807692,7.512019230769203e-06,0.9999777646936258,1.0000072112679128
1.0,spoilage_intensity_1,single_average,3.0,0.1905,47354.25484608998,132.23277072766356,47095.083377887815,47613.42631429214,44988.760710145434,125.31775666191368,44743.14242046473,45234.37899982614,0.0,0.0,0.0,0.0,2143.125,6.534686904244758,2130.3172490174347,2155.9327509825653,167.02559063605042,0.5092843113692133,166.0274117278755,168.02376954422536,42.47159262676948,0.08163460016057453,42.31159175056242,42.631593502976536,0.007369348385734217,0.003699324626688938,0.00011880535030181754,0.014619891421166615,0.0,0.0,0.0,0.0,12.864583333333332,1.3004950630666947,10.315659847650464,15.4135068190162,3.696770914336297e-05,1.857612075676292e-05,5.591814876407109e-07,7.337623679908522e-05,17.859375,0.05445572420203964,17.752643741811955,17.966106258188045,17.859375,0.05445572420203964,17.752643741811955,17.966106258188045,0.47721597324585835,0.0014550980324834646,0.47436403350821565,0.48006791298350104,530.8949078346184,1.0204325020071805,528.8948968820303,532.8949187872065,9.942122645379776,0.03165094547624711,9.88008793216969,10.004157358589861,0.007369348385734217,0.003699324626688938,0.00011880535030181754,0.014619891421166615,1.2864583333333333,0.13004950630666945,1.0315659847650465,1.54135068190162,53.578125,0.16336717260611894,53.25793122543587,53.89831877456413,1.708455695505952,0.11536851803808003,1.4823375552015556,1.9345738358103484,53.469921875,0.14894238976394525,53.178000155291336,53.76184359470866,53.469921875,0.14894238976394525,53.178000155291336,53.76184359470866,0.0,0.0,0.0,0.0,0.0,0.0,0.0,0.0,1.0,0.0,1.0,1.0
1.0,spoilage_intensity_1,single_average,4.5,0.1905,46207.70993957731,128.17749045047515,45956.486674665655,46458.93320448897,44548.41294893496,123.50642441828938,44306.34480521579,44790.481092654125,0.27223792609624575,0.2722379260962458,0.0,0.8058144564707644,1425.625,4.660471014754311,1416.4906446600887,1434.7593553399113,135.2668022988634,0.4421969391476397,134.4001122240602,136.13349237366663,64.75324851761792,0.10536568725704369,64.5467355653878,64.95976146984803,4.884910233107793,0.18982010620872203,4.51286966139713,5.256950804818456,11.880208333333332,0.03883725845628594,11.804088705500739,11.956327961165925,16.614583333333332,0.7292552383847785,15.185269330561995,18.04389733610467,0.024641552548083333,0.0009567474760054413,0.022766361952813067,0.0265167431433536,11.880208333333332,0.03883725845628594,11.804088705500739,11.956327961165925,11.880208333333332,0.03883725845628594,11.804088705500739,11.956327961165925,0.3864765779967526,0.001263419826136114,0.384000320640172,0.38895283535333325,809.4156064702238,1.3170710907130465,806.8341945673474,811.9970183731002,15.135564152625278,0.05128049620972372,15.035056226944876,15.23607207830568,4.884910233107793,0.18982010620872203,4.51286966139713,5.256950804818456,1.6614583333333333,0.07292552383847786,1.5185269330561995,1.804389733610467,53.4609375,0.17476766305328667,53.11839917475333,53.80347582524667,2.196360597894323,0.15061741885932706,1.901155881485658,2.4915653143029877,53.46976173504347,0.14892873547664487,53.17786677724615,53.76165669284079,53.469921875,0.14894238976394525,53.178000155291336,53.76184359470866,0.0001601399565272034,0.0001601399565272034,0.0,0.000474008503806332,0.0,0.0,0.0,0.0,0.9999970494710911,2.9505289088384294e-06,0.9999912665406945,1.0000028324014878
1.0,spoilage_intensity_1,single_average,5.0,0.1905,46021.51666611923,126.01196902742578,45774.53774520449,46268.49558703396,44466.09778605946,122.40304777222607,44226.19222082796,44706.00335129096,0.0,0.0,0.0,0.0,1283.125,3.91422796417832,1275.453254162931,1290.796745837069,128.4264401673734,0.3917703757958171,127.6585843406039,129.19429599414295,72.24675026481867,0.11087692801179493,72.02943547919911,72.46406505043824,13.79777296090857,0.36867106627205676,13.07519094887336,14.520354972943782,42.77083333333333,0.13047426547261082,42.515108472097694,43.02655819456896,15.052083333333332,0.7750525793593651,13.533008191664104,16.57115847500256,0.06957803275992197,0.0018580917941742705,0.06593623976337099,0.07321982575647296,10.692708333333332,0.032618566368152704,10.628777118024423,10.75663954864224,10.692708333333332,0.032618566368152704,10.628777118024423,10.75663954864224,0.3669326861924954,0.0011193439308451914,0.36473881240172534,0.3691265599832655,903.0843783102333,1.3859616001474362,900.3679434899889,905.8008131304778,16.85155484094327,0.054592161524194355,16.744556170517654,16.958553511368883,13.79777296090857,0.36867106627205676,13.07519094887336,14.520354972943782,1.5052083333333333,0.0775052579359365,1.3533008191664104,1.657115847500256,53.46354166666666,0.16309283184076345,53.14388559012211,53.783197743211204,2.480038580463651,0.17583585345015865,2.135406640510477,2.824670520416825,53.469921875,0.14894238976394525,53.178000155291336,53.76184359470866,53.469921875,0.14894238976394525,53.178000155291336,53.76184359470866,0.0,0.0,0.0,0.0,0.0,0.0,0.0,0.0,1.0,0.0,1.0,1.0
1.0,spoilage_intensity_1,single_average,9.0,0.1905,46572.46544413871,120.07778042455858,46337.117319163066,46807.813569114354,44757.3663210791,116.56546678660871,44528.90220433624,44985.830437821955,0.0,0.0,0.0,0.0,728.125,3.234203061720838,721.786078480338,734.463921519662,99.68794834326475,0.4427963162210545,98.82008351098447,100.55581317554503,131.7443003038017,0.24642318523327164,131.26131973578885,132.22728087181457,240.69812441254416,1.6344992958756597,237.4945646598718,243.90168416521652,606.7708333333333,2.695169218100696,601.4883987336149,612.0532679330516,8.072916666666666,0.5545858973382347,6.9859482815498986,9.159885051783434,1.2431194268993124,0.008813853194653094,1.225844592072769,1.260394261725856,6.067708333333334,0.026951692181006986,6.014883987336151,6.120532679330517,6.067708333333334,0.026951692181006986,6.014883987336151,6.120532679330517,0.284822709552185,0.0012651323320601563,0.28234309574566996,0.2873023233587001,1646.8037537975213,3.0802898154158953,1640.7664966973605,1652.841010897682,29.762543563351237,0.09964458311841035,29.567243769184646,29.957843357517827,240.69812441254416,1.6344992958756597,237.4945646598718,243.90168416521652,0.8072916666666666,0.05545858973382348,0.6985948281549899,0.9159885051783434,54.609375,0.24256522962906288,54.13395588602535,55.08479411397465,4.4343666195398646,0.32785603089938076,3.7917806068628273,5.076952632216902,53.469921875,0.14894238976394525,53.178000155291336,53.76184359470866,53.469921875,0.14894238976394525,53.178000155291336,53.76184359470866,0.0,0.0,0.0,0.0,0.0,0.0,0.0,0.0,1.0,0.0,1.0,1.0
1.0,spoilage_intensity_1,single_average,10.0,0.1905,46982.49200593812,119.49683591509714,46748.282511278034,47216.7015005982,44965.114725514766,116.58012966322065,44736.62187006184,45193.60758096769,0.9847231187001197,0.6956953976005188,0.0,2.34826104220741,658.75,2.514836925509239,653.8210101990104,663.6789898009896,95.6340577420718,0.3650915517966524,94.91849144949053,96.34962403465308,145.28180598662595,0.2482487746295374,144.79524732914587,145.76836464410604,317.7891935759617,1.600627508887189,314.65202130587875,320.92636584604463,790.5,3.017804310611087,784.5852122388126,796.4147877611874,8.437499999999998,0.6638861908027792,7.136306976193064,9.738693023806931,1.6485114449358411,0.008872347334927746,1.6311219637010528,1.6659009261706295,5.489583333333333,0.02095697437924364,5.448508418325087,5.530658248341579,5.489583333333333,0.02095697437924364,5.448508418325087,5.530658248341579,0.273240164977348,0.0010431187194190072,0.2711956898556872,0.27528464009900877,1816.0225748328248,3.103109682869214,1809.9405916143237,1822.104558051326,32.94058126265381,0.09790292049962718,32.74869506449325,33.13246746081437,317.7891935759617,1.600627508887189,314.65202130587875,320.92636584604463,0.84375,0.06638861908027793,0.7136306976193066,0.9738693023806934,54.89583333333333,0.20956974379243673,54.48508418325087,55.30658248341579,4.642715191443559,0.3978028453957586,3.863035941520317,5.422394441366801,53.469342626106645,0.14894703904555662,53.17741179397347,53.76127345823982,53.469921875,0.14894238976394525,53.178000155291336,53.76184359470866,0.0005792488933530117,0.0004092325868238346,0.0,0.001381330024827888,0.0,0.0,0.0,0.0,0.9999891533257353,7.660737615008826e-06,0.9999741385559149,1.0000041680955558
1.0,spoilage_intensity_1,two_person_low,1.8,0.15475,69052.91757772784,166.5205743692623,68726.54324927916,69379.29190617653,63699.532100896744,153.16470608590282,63399.33479326571,63999.729408527775,0.6640625,0.6640625,0.0,1.9656010834836297,4984.375,12.4600054619214,4959.953838047461,5008.796161952539,309.9093648091906,0.7747154614616883,308.39095040645935,311.42777921192186,24.53079952191495,0.04596651777517048,24.440706802580895,24.620892241249006,0.0,0.0,0.0,0.0,0.0,0.0,0.0,0.0,33.90625,1.3456661105916599,31.268792888024254,36.54370711197575,0.0,0.0,0.0,0.0,41.53645833333333,0.10383337884934496,41.33294865039551,41.73996801627115,41.53645833333333,0.10383337884934496,41.33294865039551,41.73996801627115,0.8854553280262589,0.002213472747033396,0.8811170011613125,0.8897936548912053,306.6349940239368,0.574581472189631,305.5088350322612,307.7611530156125,4.103908057005329,0.013111262202617624,4.078210455296337,4.129605658714321,0.0,0.0,0.0,0.0,3.390625,0.13456661105916598,3.1268792888024253,3.6543707111975747,74.765625,0.18690008192882093,74.39930757071193,75.13194242928807,0.8871093750000001,0.06674333432767904,0.7562948435096333,1.017923906490367,74.74375,0.17972038605205143,74.39150451605035,75.09599548394966,74.742578125,0.17981323644917008,74.39015065761603,75.09500559238396,0.00039062499999999997,0.0003906249999999999,0.0,0.0011562359314609583,0.0015624999999999999,0.0007624219319910414,6.818047227411233e-05,0.0030568195277258874,0.9999948971260614,5.102873938601927e-06,0.9999848956769241,1.0000048985751986
1.0,spoilage_intensity_1,two_person_low,2.0,0.15475,68381.82517103443,164.04213962763782,68060.30848541738,68703.34185665149,63531.30208333333,152.83696699652248,63231.74713251381,63830.85703415285,0.0,0.0,0.0,0.0,4486.875,10.748004152119046,4465.80929895616,4507.94070104384,291.6585899950576,0.6986483323622926,290.2892644257685,293.02791556434664,27.82283103937238,0.05719566756398725,27.71072959087524,27.934932487869524,0.0,0.0,0.0,0.0,0.0,0.0,0.0,0.0,44.166666666666664,1.3789325677693693,41.46400849672936,46.869324836603965,0.0,0.0,0.0,0.0,37.390625,0.0895667012676587,37.21507749130133,37.56617250869867,37.390625,0.0895667012676587,37.21507749130133,37.56617250869867,0.8333102571287359,0.001996138092463694,0.8293978983593385,0.8372226158981332,347.78538799215477,0.7149458445498408,346.3841198859405,349.18665609836904,4.654179367634008,0.014153411623862635,4.626439190592866,4.681919544675149,0.0,0.0,0.0,0.0,4.416666666666667,0.13789325677693692,4.146400849672937,4.686932483660397,74.78125,0.1791334025353174,74.43015498260266,75.13234501739734,1.0265624999999998,0.06991233127982616,0.8895368486163076,1.163588151383692,74.74270833333334,0.17980819646649698,74.3902907441339,75.09512592253277,74.742578125,0.17981323644917008,74.39015065761603,75.09500559238396,0.0,0.0,0.0,0.0,0.00013020833333333333,0.00013020833333333336,0.0,0.0003854119771536529,1.0,0.0,1.0,1.0
1.0,spoilage_intensity_1,two_person_low,2.1,0.15475,68068.83315773797,163.31625767650505,67748.73917460216,68388.92714087378,63454.36222729228,152.63986416198102,63155.19359092971,63753.53086365485,0.0,0.0,0.0,0.0,4273.125,9.982313227952346,4253.560025590816,4292.689974409184,283.6511571680784,0.6626285676929404,282.35242904027285,284.9498852958839,28.78852327760888,0.05044419130237155,28.689654479426984,28.88739207579078,0.0,0.0,0.0,0.0,0.0,0.0,0.0,0.0,28.906249999999996,1.2132033031359002,26.528415219928604,31.28408478007139,0.0,0.0,0.0,0.0,35.60937499999999,0.08318594356626956,35.446333546590125,35.77241645340986,35.60937499999999,0.08318594356626956,35.446333546590125,35.77241645340986,0.8104318776230812,0.0018932244791226868,0.8067212258293511,0.8141425294168113,359.856540970111,0.6305523912796438,358.62068099283726,361.0924009473847,4.8179196279618575,0.014290840817888832,4.789910094650001,4.845929161273714,0.0,0.0,0.0,0.0,2.890625,0.12132033031359002,2.6528415219928605,3.1284084780071395,74.7796875,0.1746904814891661,74.43730044783926,75.12207455216073,1.0546875,0.0774502108212108,0.9028878761953925,1.2064871238046075,74.743359375,0.17979561722082993,74.39096644066902,75.09575230933098,74.742578125,0.17981323644917008,74.39015065761603,75.09500559238396,0.0,0.0,0.0,0.0,0.0007812499999999999,0.0005480252925095325,0.0,0.0018553598359357117,1.0,0.0,1.0,1.0
1.0,spoilage_intensity_1,two_person_low,2.25,0.15475,67660.79487720499,162.6179085965037,67342.06963311462,67979.52012129535,63344.118991682626,152.3232379292515,63045.57093133277,63642.667052032484,0.6640625,0.6640625,0.0,1.9656010834836297,3986.25,9.727181274940627,3967.185075030024,4005.314924969976,272.6852377567673,0.6654020040540244,271.38107379358064,273.989401719954,31.087001932257685,0.05570544914688291,30.977821258187166,31.196182606328204,0.0,0.0,0.0,0.0,0.0,0.0,0.0,0.0,25.989583333333332,1.2536975460320594,23.53238129560425,28.446785371062415,0.0,0.0,0.0,0.0,33.21875,0.08105984395783855,33.0598756252502,33.3776243747498,33.21875,0.08105984395783855,33.0598756252502,33.3776243747498,0.7791006793050494,0.0019011485830115011,0.7753744965530875,0.7828268620570114,388.587524153221,0.6963181143360362,387.22276572733955,389.9522825791025,5.200776742634954,0.015820935542095148,5.169768278770718,5.23178520649919,0.0,0.0,0.0,0.0,2.598958333333333,0.12536975460320593,2.3532381295604248,2.8446785371062413,74.7421875,0.18238464890513675,74.38472015681295,75.09965484318705,0.9574218750000001,0.08255717356527568,0.7956127881466375,1.1192309618533627,74.742578125,0.17973304692539724,74.39030782619457,75.09484842380542,74.742578125,0.17981323644917008,74.39015065761603,75.09500559238396,0.00039062499999999997,0.0003906249999999999,0.0,0.0011562359314609583,0.00039062499999999997,0.0003906249999999999,0.0,0.0011562359314609583,0.9999948971260614,5.102873938601927e-06,0.9999848956769241,1.0000048985751986
1.0,spoilage_intensity_1,two_person_low,2.4,0.15475,67301.33078874144,162.30285167705685,66983.22304486626,67619.43853261662,63241.61376319594,152.28311976547755,62943.14433300221,63540.08319338968,0.6640625,0.6640625,0.0,1.9656010834836297,3738.125,9.674450376086751,3719.16342569265,3757.08657430735,263.11945340801867,0.680966017717156,261.78478453859736,264.45412227744,33.27725963748534,0.07079365754970228,33.138506618354064,33.41601265661662,0.0,0.0,0.0,0.0,0.0,0.0,0.0,0.0,24.53125,0.9997993281348015,22.571679325088446,26.490820674911554,0.0,0.0,0.0,0.0,31.151041666666664,0.08062041980072292,30.993028547438747,31.30905478589458,31.151041666666664,0.08062041980072292,30.993028547438747,31.30905478589458,0.7517698668800534,0.0019456171934775896,0.7479565272531354,0.7555832065069714,415.9657454685669,0.8849207193712795,414.23133272942596,417.7001582077079,5.567492375946983,0.01830396904158395,5.531617255851343,5.603367496042624,0.0,0.0,0.0,0.0,2.453125,0.09997993281348015,2.2571679325088447,2.6490820674911553,74.76249999999999,0.1934890075217351,74.38326851385298,75.141731486147,1.215234375,0.08673420771981193,1.0452384516415527,1.3852302983584475,74.742578125,0.17997695344728568,74.38982977819607,75.09532647180392,74.742578125,0.17981323644917008,74.39015065761603,75.09500559238396,0.00039062499999999997,0.0003906249999999999,0.0,0.0011562359314609583,0.00039062499999999997,0.0003906249999999999,0.0,0.0011562359314609583,0.999994555749129,5.444250871079402e-06,0.9999838852134989,1.0000052262847592
1.0,spoilage_intensity_1,two_person_low,3.0,0.15475,66171.25681410357,159.13921008862633,65859.34969380172,66483.16393440543,62886.87070588278,151.23986549609447,62590.44601648375,63183.295395281806,0.6640625,0.6640625,0.0,1.9656010834836297,2988.75,7.531349823154556,2973.988825591645,3003.511174408355,232.9298263113424,0.5869597678619327,231.77940630595901,234.08024631672578,42.042219409462284,0.08374989482527322,41.87807263189573,42.206366187028834,0.0,0.0,0.0,0.0,0.0,0.0,0.0,0.0,20.0,0.9708039541845291,18.09725921374925,21.90274078625075,0.0,0.0,0.0,0.0,24.90625,0.06276124852628796,24.783240213263706,25.029259786736294,24.90625,0.06276124852628796,24.783240213263706,25.029259786736294,0.6655137894609783,0.0016770279081769473,0.6622268751598829,0.6688007037620737,525.5277426182786,1.0468736853159144,523.4759078986966,527.5795773378605,7.035635416057482,0.0215594710892231,6.993379629196872,7.077891202918091,0.0,0.0,0.0,0.0,2.0,0.09708039541845291,1.809725921374925,2.190274078625075,74.71875,0.1882837455788639,74.34972063979113,75.08777936020887,1.402734375,0.11259519394493607,1.182051850035623,1.6234168999643772,74.7421875,0.17975132579345265,74.3898813752715,75.0944936247285,74.742578125,0.17981323644917008,74.39015065761603,75.09500559238396,0.00039062499999999997,0.0003906249999999999,0.0,0.0011562359314609583,0.0,0.0,0.0,0.0,0.9999948971260614,5.102873938601927e-06,0.9999848956769241,1.0000048985751986
1.0,spoilage_intensity_1,two_person_low,4.5,0.15475,64508.76549305723,154.9870455779933,64204.9964656541,64812.534520460365,62242.97520351138,149.68466788447722,61949.59864541997,62536.35176160279,0.6674827566499535,0.6674827566499536,0.0,1.975724919985376,1994.375,5.482091153264274,1983.6302987796364,2005.1197012203636,189.23119953339463,0.5201542763440223,188.21171588535586,190.2506831814334,64.0980996351792,0.11508934643751337,63.87252866115742,64.32367060920097,0.022674287299046286,0.009001666522220966,0.005031345114653269,0.0403172294834393,0.0,0.0,0.0,0.0,17.395833333333332,1.2186743916763367,15.007275416766452,19.78439124990021,0.00011388794321860987,4.527023650193359e-05,2.5159910103209518e-05,0.00020261597633401023,16.619791666666664,0.04568409294386896,16.5302524898303,16.70933084350303,16.619791666666664,0.04568409294386896,16.5302524898303,16.70933084350303,0.5406605700954132,0.001486155075268635,0.5377477596724453,0.5435733805183812,801.2262454397398,1.438616830468919,798.4066082644676,804.045882615012,10.72521639140701,0.035529709997117326,10.655579439431508,10.794853343382512,0.022674287299046286,0.009001666522220966,0.005031345114653269,0.0403172294834393,1.739583333333333,0.12186743916763368,1.500727541676645,1.978439124990021,74.7890625,0.20557841824741027,74.38613620423637,75.19198879576363,1.9414228902552184,0.17025399160408022,1.6077311984870364,2.2751145820234004,74.74218548808432,0.17975100906451996,74.38987998413313,75.0944909920355,74.742578125,0.17981323644917008,74.39015065761603,75.09500559238396,0.0003926369156764432,0.0003926369156764432,0.0,0.0011621911294031621,0.0,0.0,0.0,0.0,0.9999948708436881,5.129156311905678e-06,0.9999848178820457,1.0000049238053306
1.0,spoilage_intensity_1,two_person_low,5.0,0.15475,64142.67958310009,153.6074503634326,63841.61451263074,64443.74465356945,62076.613290433146,149.32398060399905,61783.94366642115,62369.28291444514,0.0,0.0,0.0,0.0,1792.5,4.443204192028934,1783.7914798076658,1801.2085201923342,179.4091721383473,0.44471497112052605,178.53754681156528,180.2807974651293,72.05104197590903,0.12683001207144315,71.80245972009023,72.29962423172783,0.1789952193560717,0.02361673697675731,0.13270726544927203,0.2252831732628714,0.0,0.0,0.0,0.0,21.92708333333333,1.0200932353880598,19.92773733109979,23.926429335566866,0.000898545118044893,0.00011879001125318093,0.0006657209742655507,0.0011313692618242354,14.9375,0.037026701600241116,14.864928998397216,15.010071001602784,14.9375,0.037026701600241116,14.864928998397216,15.010071001602784,0.5125976346809921,0.001270614203201504,0.5101072766044721,0.515087992757512,900.6380246988629,1.58537515089304,897.5307465011277,903.745302896598,12.040021354908532,0.033817002310044766,11.973741248315736,12.106301461501328,0.1789952193560717,0.02361673697675731,0.13270726544927203,0.2252831732628714,2.192708333333333,0.10200932353880598,1.9927737331099793,2.3926429335566866,74.6875,0.1851335080012056,74.32464499198608,75.05035500801392,2.694958467943455,0.17066541096344465,2.3604604090483763,3.0294565268385334,74.74258012773187,0.1798131150216198,74.39015289834154,75.0950073571222,74.742578125,0.17981323644917008,74.39015065761603,75.09500559238396,0.0,0.0,0.0,0.0,2.0027318660709166e-06,1.9757445811441267e-06,0.0,5.8751200877635795e-06,1.0,0.0,1.0,1.0
1.0,spoilage_intensity_1,two_person_low,9.0,0.15475,63241.07250461887,146.40344586702471,62954.12702350694,63528.017985730796,61556.74990452775,143.65792101273738,61275.185553248884,61838.31425580662,0.0,0.0,0.0,0.0,1004.375,3.1010990755199157,998.2969574994905,1010.4530425005095,137.50947037564504,0.42457298464930504,136.67732261692373,138.34161813436634,130.52702462991215,0.19868737336480696,130.13760453393425,130.91644472589005,99.76527175222854,0.946927276769537,97.90932839378166,101.62121511067542,301.3125,0.9303297226559748,299.48908724984716,303.13591275015284,10.833333333333332,0.7159372441535204,9.430122119601572,12.236544547065092,0.5066439980391555,0.0048140433967802645,0.4972086463614533,0.5160793497168576,8.369791666666664,0.025842492295999286,8.319141312495752,8.420442020837577,8.369791666666664,0.025842492295999286,8.319141312495752,8.420442020837577,0.3928842010732715,0.0012130656704265861,0.39050663604835345,0.3952617660981895,1631.587807873902,2.483592167060088,1626.7200566741785,1636.4555590736254,21.58626659833937,0.05787569488939905,21.47283232077592,21.69970087590282,99.76527175222854,0.946927276769537,97.90932839378166,101.62121511067542,1.0833333333333333,0.07159372441535204,0.9430122119601574,1.2236544547065091,75.328125,0.2325824306639937,74.87227181246179,75.78397818753821,5.067540823749939,0.28962476454466113,4.49988671621151,5.635194931288368,74.742578125,0.17981323644917008,74.39015065761603,75.09500559238396,74.742578125,0.17981323644917008,74.39015065761603,75.09500559238396,0.0,0.0,0.0,0.0,0.0,0.0,0.0,0.0,1.0,0.0,1.0,1.0
1.0,spoilage_intensity_1,two_person_low,10.0,0.15475,63472.65213520681,144.3419206987268,63189.747169177965,63755.55710123565,61632.896952957104,141.92726403915267,61354.72462701606,61911.06927889815,0.0,0.0,0.0,0.0,908.75,2.882452384000774,903.1004971402068,914.3995028597932,131.927817795989,0.4184601407670628,131.10765099111998,132.74798460085802,145.26394984341295,0.2067429539293629,144.85874109965397,145.66915858717192,158.41758127695954,1.3080556596105415,155.8538392943491,160.98132325957,484.66666666666663,1.5373079381337458,481.65359847477697,487.6797348585563,10.729166666666664,0.6142988198942406,9.525163103928495,11.933170229404833,0.806501221640087,0.006918876842987348,0.7929404722143636,0.8200619710658104,7.572916666666666,0.024020436533339778,7.52583747616839,7.619995857164942,7.572916666666666,0.024020436533339778,7.52583747616839,7.619995857164942,0.37693662227425423,0.0011956004021916084,0.37459328854605706,0.3792799560024514,1815.7993730426615,2.5842869241170376,1810.7342637456743,1820.8644823396487,24.00308670816085,0.06806730042242289,23.869677250808035,24.136496165513666,158.41758127695954,1.3080556596105415,155.8538392943491,160.98132325957,1.0729166666666665,0.06142988198942407,0.9525163103928496,1.1933170229404835,75.72916666666666,0.24020436533339776,75.2583747616839,76.19995857164942,5.525170477990056,0.39919542915813444,4.7427618140471015,6.30757914193301,74.742578125,0.17981323644917008,74.39015065761603,75.09500559238396,74.742578125,0.17981323644917008,74.39015065761603,75.09500559238396,0.0,0.0,0.0,0.0,0.0,0.0,0.0,0.0,1.0,0.0,1.0,1.0
1.0,spoilage_intensity_1,two_person_average,1.8,0.15475,98662.96448946177,187.76642392161918,98294.9490610695,99030.97991785403,91028.76995919863,173.33748730248848,90689.03472691508,91368.50519148218,0.6640625,0.6640625,0.0,1.9656010834836297,7118.75,13.65588279536094,7091.9849615439925,7145.5150384560075,442.6166351318723,0.8490705380351726,440.9524874569893,444.28078280675527,24.351332631256913,0.04182731238426549,24.269352605413648,24.433312657100178,0.0,0.0,0.0,0.0,0.0,0.0,0.0,0.0,47.8125,1.4999609599563908,44.87263054026935,50.75236945973065,0.0,0.0,0.0,0.0,59.322916666666664,0.11379902329467449,59.099874679533265,59.545958653800064,59.322916666666664,0.11379902329467449,59.099874679533265,59.545958653800064,1.264618957519635,0.0024259158229576363,1.2598642498771122,1.2693736651621577,304.3916578907114,0.5228414048033195,303.3669075676705,305.4164082137522,2.8502584293948887,0.007172661761274092,2.836200270669504,2.8643165881202735,0.0,0.0,0.0,0.0,4.78125,0.1499960959956391,4.4872630540269345,5.0752369459730655,106.78125,0.20483824193041417,106.37977442315989,107.18272557684011,0.805078125,0.0672988526484764,0.6731747976081182,0.9369814523918818,106.81132812499999,0.2033907218665897,106.41268963535187,107.20996661464811,106.81171875,0.20334425647469137,106.41317133084652,107.21026616915347,0.00039062499999999997,0.00039062499999999997,0.0,0.0011562359314609585,0.0,0.0,0.0,0.0,0.9999962903608737,3.709639126305009e-06,0.9999890196017904,1.000003561119957
1.0,spoilage_intensity_1,two_person_average,2.0,0.15475,97710.73784962326,186.04879623550832,97346.08890963462,98075.38678961189,90790.07161458333,172.9946833156394,90451.00826576777,91129.13496339889,1.5494791666666665,1.0983059225799703,0.0,3.702119218930445,6410.0,12.312079498902758,6385.868767607357,6434.131232392643,416.6667361734658,0.8003173136218478,415.0981430625631,418.23532928436845,27.7625196997867,0.05503448528180593,27.654654090726662,27.87038530884674,0.0,0.0,0.0,0.0,0.0,0.0,0.0,0.0,64.68749999999999,1.6859315658439384,61.38313485054665,67.99186514945332,0.0,0.0,0.0,0.0,53.416666666666664,0.10260066249085634,53.215573063394636,53.61776026993869,53.416666666666664,0.10260066249085634,53.215573063394636,53.61776026993869,1.1904763890670451,0.002286620896062421,1.1859946944644661,1.194958083669624,347.03149624733373,0.6879310660225744,345.6831761340832,348.37981636058424,3.2489840026641224,0.009968347671770504,3.2294464002420784,3.2685216050861663,0.0,0.0,0.0,0.0,6.46875,0.16859315658439386,6.138313485054666,6.799186514945334,106.83333333333333,0.20520132498171267,106.43114612678927,107.23552053987738,0.897265625,0.06996606051580254,0.760134666248877,1.0343965837511229,106.81184895833331,0.2035231568419286,106.41295090090324,107.21074701576339,106.81171875,0.20334425647469137,106.41317133084652,107.21026616915347,0.0009114583333333333,0.0006460623073999824,0.0,0.002177717187606144,0.0010416666666666667,0.00060140653040586,0.0,0.002220401806329345,0.9999913479696994,6.141992556215214e-06,0.9999793098854959,1.0000033860539028
1.0,spoilage_intensity_1,two_person_average,2.1,0.15475,97262.37186544666,185.01186860231073,96899.75526627369,97624.98846461964,90679.88276253012,172.55154535889153,90341.68794814996,91018.07757691028,0.0,0.0,0.0,0.0,6105.0,11.968874978625529,6081.541436106431,6128.458563893569,405.25149966619716,0.7944970572326313,403.6943140481981,406.8086852841962,28.591769917015185,0.044322697828854646,28.50489902557298,28.67864080845739,0.0,0.0,0.0,0.0,0.0,0.0,0.0,0.0,43.64583333333333,1.308631023828173,41.08096365757833,46.21070300908833,0.0,0.0,0.0,0.0,50.875,0.09974062482187937,50.679511967553594,51.070488032446406,50.875,0.09974062482187937,50.679511967553594,51.070488032446406,1.157861427617706,0.0022699915920932276,1.1534123258519944,1.1623105293834175,357.39712396268976,0.554033722860684,356.31123781966215,358.48301010571737,3.34414567212709,0.007974307140239948,3.328516317330559,3.359775026923621,0.0,0.0,0.0,0.0,4.364583333333333,0.13086310238281731,4.1080963657578335,4.6210703009088325,106.83749999999999,0.20945531212594676,106.42697513186253,107.24802486813745,1.00546875,0.07654142840499376,0.8554503070009611,1.1554871929990387,106.8125,0.2032497327650091,106.4141378439132,107.2108621560868,106.81171875,0.20334425647469137,106.41317133084652,107.21026616915347,0.0,0.0,0.0,0.0,0.0007812499999999999,0.0005480252925095325,0.0,0.0018553598359357117,1.0,0.0,1.0,1.0
1.0,spoilage_intensity_1,two_person_average,2.25,0.15475,96675.91039096471,183.89901499085678,96315.47494479024,97036.34583713918,90522.6230073414,172.37178250490854,90184.78052168082,90860.46549300199,0.6640625,0.6640625,0.0,1.9656010834836297,5695.0,11.037454272856436,5673.366987144193,5716.633012855807,389.57477052989395,0.7550331370644866,388.09493277411326,391.05460828567465,30.86105059342203,0.05364787556029215,30.75590268947677,30.966198497367287,0.0,0.0,0.0,0.0,0.0,0.0,0.0,0.0,37.1875,1.36127054054949,34.519458767307626,39.855541232692374,0.0,0.0,0.0,0.0,47.45833333333333,0.09197878560713701,47.27805822620161,47.63860844046505,47.45833333333333,0.09197878560713701,47.27805822620161,47.63860844046505,1.1130707729425542,0.0021572375344699594,1.1088426650688952,1.1172988808162132,385.76313241777535,0.6705984445036521,384.44878361845963,387.0774812170911,3.6126881546330862,0.008966790947252204,3.595113567319572,3.6302627419466003,0.0,0.0,0.0,0.0,3.71875,0.13612705405494901,3.451945876730763,3.985554123269237,106.78125,0.2069522676160582,106.37563100895363,107.18686899104637,0.9386718749999999,0.07770408374275665,0.7863746694125126,1.0909690805874872,106.81171875,0.20338922737421464,106.41308318950311,107.21035431049688,106.81171875,0.20334425647469137,106.41317133084652,107.21026616915347,0.00039062499999999997,0.0003906249999999999,0.0,0.0011562359314609583,0.00039062499999999997,0.0003906249999999999,0.0,0.0011562359314609583,0.9999962708830549,3.729116945107303e-06,0.9999889619481483,1.0000035798179614
1.0,spoilage_intensity_1,two_person_average,2.4,0.15475,96164.34420591433,183.34428733142752,95804.99600597356,96523.6924058551,90376.46727985394,172.1096263495224,90039.13861081623,90713.79594889165,0.0,0.0,0.0,0.0,5341.25,10.50203117164288,5320.666397139063,5361.833602860937,375.96034924342547,0.7392178435864627,374.51150889326664,377.4091895935843,33.16657681693727,0.05774656045069427,33.053395638222845,33.2797579956517,0.0,0.0,0.0,0.0,0.0,0.0,0.0,0.0,37.5,1.3176156917368247,34.917520698730996,40.082479301269004,0.0,0.0,0.0,0.0,44.510416666666664,0.08751692643035736,44.33888664282552,44.68194669050781,44.510416666666664,0.08751692643035736,44.33888664282552,44.68194669050781,1.074172426409787,0.0021120509816756057,1.0700328825521903,1.0783119702673836,414.58221021171596,0.7218320056336783,413.16744547778563,415.9969749456463,3.8811791900520403,0.010673355772816018,3.8602597971431383,3.9020985829609423,0.0,0.0,0.0,0.0,3.75,0.13176156917368248,3.4917520698730993,4.008247930126901,106.825,0.2100406234328577,106.41332794278127,107.23667205721874,1.20703125,0.08436208151765265,1.0416846085645686,1.3723778914354314,106.812109375,0.203409059763431,106.41343494373453,107.21078380626548,106.81171875,0.20334425647469137,106.41317133084652,107.21026616915347,0.0,0.0,0.0,0.0,0.00039062499999999997,0.0003906249999999999,0.0,0.0011562359314609583,1.0,0.0,1.0,1.0
1.0,spoilage_intensity_1,two_person_average,3.0,0.15475,94543.12100248784,180.1653766109226,94190.00335306933,94896.23865190634,89869.32823876067,171.0963240872291,89533.98560566251,90204.67087185883,0.6640625,0.6640625,0.0,1.9656010834836297,4270.0,8.404458378439424,4253.527564268693,4286.472435731307,332.78472884966357,0.6550059490860054,331.50094077979554,334.0685169195316,41.80230571082725,0.07369928163823064,41.65785777312984,41.946753648524655,0.0,0.0,0.0,0.0,0.0,0.0,0.0,0.0,28.541666666666664,1.2397618641165782,26.11177806359193,30.971555269741398,0.0,0.0,0.0,0.0,35.58333333333333,0.07003715315366187,35.446063035572436,35.72060363109422,35.58333333333333,0.07003715315366187,35.446063035572436,35.72060363109422,0.9508135109990389,0.0018714455688171614,0.9471455450851302,0.9544814769129476,522.5288213853405,0.921241020477883,520.723222164123,524.3344206065581,4.894118295451284,0.012889074978879655,4.868856172698643,4.919380418203924,0.0,0.0,0.0,0.0,2.8541666666666665,0.12397618641165782,2.6111778063591933,3.0971555269741398,106.75,0.2101114594609856,106.33818910671732,107.16181089328268,1.348828125,0.11250610335006553,1.1283202143929305,1.5693360356070696,106.81132812499999,0.2033510873087883,106.41276731765771,107.20988893234227,106.81171875,0.20334425647469137,106.41317133084652,107.21026616915347,0.00039062499999999997,0.0003906249999999999,0.0,0.0011562359314609583,0.0,0.0,0.0,0.0,0.9999963356003753,3.664399624766016e-06,0.9999891535090858,1.0000035176916648
1.0,spoilage_intensity_1,two_person_average,4.5,0.15475,92149.00862345858,175.13883690762765,91805.7428108254,92492.27443609176,88949.02757127136,169.39119264480567,88617.02693438926,89281.02820815347,0.6640625,0.6640625,0.0,1.9656010834836297,2847.5,5.764904768001548,2836.200994280414,2858.799005719586,270.1777953851915,0.5469883268917417,269.10571796451984,271.2498728058631,63.77461096869884,0.09674060935213061,63.5850028585262,63.96421907887147,0.0,0.0,0.0,0.0,0.0,0.0,0.0,0.0,17.864583333333332,0.9575629164012373,15.987794504255769,19.741372162410897,0.0,0.0,0.0,0.0,23.729166666666664,0.04804087306667958,23.63500828567011,23.823325047663218,23.729166666666664,0.04804087306667958,23.63500828567011,23.823325047663218,0.7719365582434041,0.0015628237911192633,0.768873479898628,0.7749996365881803,797.1826371087354,1.2092576169016334,794.8125357315776,799.5527384858933,7.463437064255859,0.017421118330520024,7.42929229975763,7.497581828754089,0.0,0.0,0.0,0.0,1.7864583333333333,0.09575629164012373,1.5987794504255768,1.9741372162410897,106.78125,0.21618392880005805,106.35753728551552,107.20496271448448,2.239453125,0.15450694899114195,1.9366250696161944,2.5422811803838052,106.81132812499999,0.20340748800848116,106.4126567743176,107.20999947568238,106.81171875,0.20334425647469137,106.41317133084652,107.21026616915347,0.00039062499999999997,0.0003906249999999999,0.0,0.0011562359314609583,0.0,0.0,0.0,0.0,0.9999962708830549,3.729116945107303e-06,0.9999889619481483,1.0000035798179614
1.0,spoilage_intensity_1,two_person_average,5.0,0.15475,91629.11635075735,174.57302540860547,91286.95950828429,91971.27319323042,88709.88651832275,168.83328795058094,88378.97935454812,89040.79368209737,0.8854166666666666,0.8854166666666669,0.0,2.6208014446448398,2563.75,5.324304112812705,2553.3145556961485,2574.1854443038515,256.60265833734326,0.5329032039567796,255.55818725034197,257.64712942434454,71.58550743060175,0.11029751141901839,71.36932828063608,71.80168658056742,0.0,0.0,0.0,0.0,0.0,0.0,0.0,0.0,26.40625,1.0740461897436357,24.30115815037,28.51134184963,0.0,0.0,0.0,0.0,21.364583333333332,0.04436920094010584,21.277621297467903,21.45154536919876,21.364583333333332,0.04436920094010584,21.277621297467903,21.45154536919876,0.7331504523924093,0.0015225805827336558,0.7301662492866913,0.7361346554981273,894.8188428825218,1.3787188927377305,892.1166035079509,897.5210822570928,8.378433192781447,0.02333856369115517,8.332690448495889,8.424175937067005,0.0,0.0,0.0,0.0,2.6406249999999996,0.10740461897436356,2.4301158150369995,2.8511341849629996,106.82291666666667,0.22184600470052931,106.38810648733953,107.25772684599382,2.3804687500000004,0.18604217387648822,2.015832789596545,2.7451047104034556,106.81132812499999,0.20328408056285108,106.41289864846647,107.20975760153351,106.81171875,0.20334425647469137,106.41317133084652,107.21026616915347,0.0005208333333333333,0.0005208333333333333,0.0,0.0015416479086146117,0.00013020833333333333,0.00013020833333333333,0.0,0.0003854119771536529,0.9999951908279471,4.809172052939321e-06,0.9999857650239279,1.0000046166319663
1.0,spoilage_intensity_1,two_person_average,9.0,0.15475,89604.1628250358,169.69931781878418,89271.55827390998,89936.76737616163,87405.29530276757,165.6810791469849,87080.56635471975,87730.02425081539,0.9570177803298265,0.9570177803298265,0.0,2.8327381623407515,1423.125,3.4277911231764087,1416.4066528520482,1429.8433471479518,194.84073680481876,0.4693005519913628,193.92092462499093,195.7605489846466,130.01624152889156,0.21018278161974968,129.6042908467464,130.4281922110367,7.157692820860921,0.2608660081085086,6.646404840177511,7.668980801544332,426.9375,1.0283373369529225,424.92199585561445,428.95300414438555,15.833333333333332,0.9092412093166349,14.051253309813083,17.61541335685358,0.03600604704651751,0.0013244150593874268,0.033410241229535675,0.03860185286349935,11.859375,0.028564926026470094,11.803388773767068,11.915361226232932,11.859375,0.028564926026470094,11.803388773767068,11.915361226232932,0.5566878194423394,0.0013408587199753269,0.5540597846428312,0.5593158542418475,1625.2030191111444,2.627284770246876,1620.0536355843299,1630.352402637959,15.212672069190639,0.03590882539412308,15.14229206469102,15.283052073690257,7.157692820860921,0.2608660081085086,6.646404840177511,7.668980801544332,1.5833333333333335,0.0909241209316635,1.4051253309813085,1.7615413356853584,106.734375,0.2570843342382306,106.23049896390361,107.23825103609639,4.347245676888356,0.3172638934043322,3.72541987222091,4.969071481555802,106.81142321406219,0.20337240789070285,106.41282061914723,107.21002580897715,106.81171875,0.20334425647469137,106.41317133084652,107.21026616915347,0.0005629516354881332,0.000562951635488133,0.0,0.0016663165660827945,0.0002674156976727696,0.0002674156976727696,0.0,0.0007915408340120496,0.9999947103440405,5.289655959483247e-06,0.9999843428088694,1.0000050778792118
1.0,spoilage_intensity_1,two_person_average,10.0,0.15475,89574.40303601755,168.08436120393418,89244.96374169343,89903.84233034168,87237.79608882559,164.00897000460841,86916.34441447505,87559.24776317613,0.13037337585167696,0.13037337585167694,0.0,0.38590049706386775,1282.5,3.54953607520847,1275.5430371307657,1289.4569628692343,186.18698907659518,0.5153040424653567,185.17701171227517,187.1969664409152,145.29378541158724,0.20860417741661366,144.88492873682608,145.7026420863484,24.381215994574788,0.5444818940328927,23.314051092036163,25.448380897113413,684.0,1.893085906777854,680.2896198030751,687.7103801969249,14.114583333333332,0.7952341905873946,12.555952960507177,15.673213706159487,0.12324336345821169,0.002765967089772817,0.1178221675798339,0.12866455933658946,10.6875,0.02957946729340397,10.629525309423048,10.745474690576952,10.6875,0.02957946729340397,10.629525309423048,10.745474690576952,0.531962825933129,0.001472297264186733,0.5290771763207862,0.5348484755454719,1816.1723176448404,2.6075522177076724,1811.0616092103257,1821.283026079355,16.977235610907474,0.042742257700654505,16.89346232519626,17.061008896618688,24.381215994574788,0.5444818940328927,23.314051092036163,25.448380897113413,1.4114583333333333,0.07952341905873946,1.2555952960507177,1.5673213706159488,106.875,0.29579467293403944,106.29525309423047,107.45474690576953,4.629395418258339,0.3697392958619098,3.9047197146997963,5.354071121816881,106.8121029301168,0.20335252461470193,106.41353930570668,107.21066655452691,106.81171875,0.20334425647469137,106.41317133084652,107.21026616915347,7.669022108922175e-05,7.669022108922175e-05,0.0,0.00022700029239051047,0.00046087033789018474,0.0004608703378901848,0.0,0.0013641596016977524,0.9999992716978054,7.283021945803104e-07,0.9999978442517342,1.0000006991438768
1.0,spoilage_intensity_1,family_three,1.8,0.15475,148277.05939141114,342.51329386573366,147605.7456712081,148948.37311161417,136836.27851735195,315.83970738668097,136217.2440659864,137455.3129687175,0.0,0.0,0.0,0.0,10704.375,25.317306764847576,10654.753990555346,10753.996009444654,665.5570772522893,1.5741332580661247,662.471832759613,668.6423217449657,23.400880140207917,0.05833169669847254,23.286552115521797,23.515208164894037,0.0,0.0,0.0,0.0,0.0,0.0,0.0,0.0,47.44791666666666,1.3378358738225686,44.82580653674875,50.070026796584564,0.0,0.0,0.0,0.0,89.203125,0.2109775563737297,88.78961658796122,89.61663341203878,89.203125,0.2109775563737297,88.78961658796122,89.61663341203878,1.9015916492922553,0.004497523594474641,1.892776665027466,1.9104066335570447,292.51100175259893,0.7291462087309066,291.08190144402244,293.9401020611754,1.8220936683183733,0.00647303873112277,1.8094067455348397,1.8347805911019068,0.0,0.0,0.0,0.0,4.744791666666666,0.13378358738225687,4.482580653674876,5.007002679658457,160.565625,0.3797596014727138,159.8213098583302,161.3099401416698,0.8578125000000001,0.06430160083960362,0.7317836782061065,0.9838413217938937,160.5609375,0.37059996126173894,159.83457492325505,161.28730007674494,160.56015624999998,0.3704455230194766,159.8340963666477,161.28621613335224,0.0,0.0,0.0,0.0,0.0007812499999999999,0.0007812499999999998,0.0,0.0023124718629219166,1.0,0.0,1.0,1.0
1.0,spoilage_intensity_1,family_three,2.0,0.15475,146828.1124717616,338.4742216435503,146164.715187645,147491.50975587819,136476.3541666667,314.88357642327634,135859.19369755388,137093.5146357795,0.4427083333333333,0.44270833333333337,0.0,1.3104007223224199,9633.75,22.096806312368972,9590.4410554544,9677.0589445456,626.2189032154643,1.436350103905152,623.4037087426198,629.0340976883087,27.44044354610954,0.04765931190874365,27.347033011240445,27.53385408097864,0.0,0.0,0.0,0.0,0.0,0.0,0.0,0.0,63.90625,1.5617695603070778,60.845237909647174,66.96726209035283,0.0,0.0,0.0,0.0,80.28125,0.18414005260307464,79.92034212878666,80.64215787121334,80.28125,0.18414005260307464,79.92034212878666,80.64215787121334,1.789196866329898,0.004103857439729005,1.7811534535503424,1.7972402791094537,343.0055443263693,0.5957413988592957,341.8379126405056,344.17317601223306,2.137462546493032,0.006339159033828029,2.1250380230944574,2.1498870698916064,0.0,0.0,0.0,0.0,6.390625,0.15617695603070778,6.084523790964717,6.696726209035283,160.5625,0.3682801052061493,159.84068425757332,161.28431574242668,0.99296875,0.07618009405698285,0.8436585093094398,1.1422789906905602,160.56041666666667,0.3704512663803251,159.83434552653398,161.28648780679936,160.56015624999998,0.3704455230194766,159.8340963666477,161.28621613335224,0.00026041666666666666,0.00026041666666666666,0.0,0.0007708239543073058,0.0005208333333333333,0.00036535019500635505,0.0,0.0012369065572904747,0.999998369848722,1.6301512780394353e-06,0.9999951748109277,1.0000015648865164
1.0,spoilage_intensity_1,family_three,2.1,0.15475,146160.854749562,337.4603552984052,145499.444606967,146822.26489215696,136309.66548937175,314.67645120309965,135692.9109782308,136926.4200005127,1.328125,1.328125,0.0,3.9312021669672594,9171.875,21.541390345469186,9129.65465074596,9214.09534925404,608.8314657659134,1.4299231355276543,606.0288679196186,611.6340636122083,27.696336091003687,0.043059784831654166,27.6119404635516,27.780731718455772,0.0,0.0,0.0,0.0,0.0,0.0,0.0,0.0,41.45833333333333,1.4024634254097297,38.70955552989558,44.207111136771076,0.0,0.0,0.0,0.0,76.43229166666666,0.1795115862122431,76.080455422883,76.78412791045031,76.43229166666666,0.1795115862122431,76.080455422883,76.78412791045031,1.7395184736168958,0.004085494672936164,1.7315110511989107,1.747525896034881,346.204201137546,0.5382473103956771,345.14925579439495,347.2591464806971,2.157420420671934,0.0062164653687865196,2.1452363724379717,2.169604468905896,0.0,0.0,0.0,0.0,4.145833333333333,0.14024634254097298,3.8709555529895585,4.420711113677108,160.50781249999997,0.37697433104571093,159.7689563880543,161.24666861194564,0.84140625,0.07803510453034902,0.6884602555906976,0.9943522444093025,160.56015624999998,0.37065970334513537,159.83367658092322,161.28663591907673,160.56015624999998,0.3704455230194766,159.8340963666477,161.28621613335224,0.0007812499999999999,0.0007812499999999999,0.0,0.002312471862921917,0.0007812499999999999,0.0007812499999999998,0.0,0.0023124718629219166,0.9999950740857504,4.925914249684013e-06,0.9999854194712301,1.0000047287002707
1.0,spoilage_intensity_1,family_three,2.25,0.15475,145293.431024725,335.6270294020256,144635.61413485886,145951.24791459113,136074.93058918504,313.9731973407168,135459.55443028634,136690.30674808373,0.0,0.0,0.0,0.0,8565.0,20.12855509366557,8525.548756955584,8604.451243044416,585.901301069103,1.3769231311173118,583.202581322633,588.6000208155731,29.890801137505242,0.06348959681235346,29.766363814360062,30.015238460650423,0.0,0.0,0.0,0.0,0.0,0.0,0.0,0.0,37.70833333333333,1.3339842161318434,35.09377231377002,40.32289435289664,0.0,0.0,0.0,0.0,71.37499999999999,0.16773795911387981,71.04623964129652,71.70376035870345,71.37499999999999,0.16773795911387981,71.04623964129652,71.70376035870345,1.6740037173402946,0.0039340660889066095,1.6662930894932373,1.681714345187352,373.63501421881546,0.7936199601544182,372.0795476795007,375.1904807581302,2.3279401226996503,0.007447023902620747,2.313344224058505,2.3425360213407957,0.0,0.0,0.0,0.0,3.770833333333333,0.13339842161318433,3.509377231377002,4.032289435289663,160.59375,0.37741040800622944,159.8540391929172,161.3334608070828,1.125,0.0880087252167972,0.9525060682497954,1.2974939317502046,160.5609375,0.37047111247179754,159.83482746224277,161.28704753775722,160.56015624999998,0.3704455230194766,159.8340963666477,161.28621613335224,0.0,0.0,0.0,0.0,0.0007812499999999999,0.0007812499999999999,0.0,0.002312471862921917,1.0,0.0,1.0,1.0
1.0,spoilage_intensity_1,family_three,2.4,0.15475,144511.15825505106,333.1072374116848,143858.28006673453,145164.0364433676,135853.40825183288,313.4232060159833,135239.11005612247,136467.70644754329,1.328125,1.328125,0.0,3.9312021669672594,8026.25,18.370498044764556,7990.244485454198,8062.255514545802,564.9523525607383,1.2930641442893254,562.4179934082312,567.4867117132454,32.14660899077242,0.06368643294143486,32.02178587590338,32.27143210564146,0.0,0.0,0.0,0.0,0.0,0.0,0.0,0.0,33.072916666666664,1.3553585261685086,30.4164627692371,35.72937056409623,0.0,0.0,0.0,0.0,66.88541666666666,0.1530874837063712,66.5853707121183,67.18546262121501,66.88541666666666,0.1530874837063712,66.5853707121183,67.18546262121501,1.6141495787449667,0.0036944689836837783,1.6069085525949462,1.621390604894987,401.83261238465525,0.7960804117679369,400.2723234487923,403.3929013205182,2.503406362039022,0.0077074067807326885,2.488300122334586,2.5185126017434576,0.0,0.0,0.0,0.0,3.3072916666666665,0.13553585261685086,3.04164627692371,3.5729370564096232,160.52499999999998,0.36740996089529093,159.80488970908394,161.24511029091602,0.9820312499999999,0.09068992055817568,0.804282271945177,1.1597802280548228,160.559375,0.3704215795244399,159.83336204503564,161.28538795496434,160.56015624999998,0.3704455230194766,159.8340963666477,161.28621613335224,0.0007812499999999999,0.0007812499999999999,0.0,0.002312471862921917,0.0,0.0,0.0,0.0,0.9999951565406076,4.843459392436452e-06,0.9999856635346378,1.0000046495465773
1.0,spoilage_intensity_1,family_three,3.0,0.15475,142082.66584263765,327.93496057658615,141439.925130636,142725.4065546393,135092.72506387488,311.6868864682205,134481.82999194376,135703.620135806,0.0,0.0,0.0,0.0,6421.25,15.038805624223441,6391.774482606023,6450.725517393977,500.4435456969327,1.172057342360655,498.14635551809005,502.74073587577533,41.007649732490975,0.06786351985792653,40.87463967770532,41.14065978727663,0.0,0.0,0.0,0.0,0.0,0.0,0.0,0.0,27.239583333333332,1.119892598810426,25.044634173111934,29.43453249355473,0.0,0.0,0.0,0.0,53.510416666666664,0.12532338020186204,53.264787355050196,53.75604597828313,53.510416666666664,0.12532338020186204,53.264787355050196,53.75604597828313,1.4298387019912362,0.0033487352638875835,1.4232753014802573,1.4364021025022151,512.5956216561372,0.8482939982240811,510.9329959713165,514.2582473409578,3.1933455445935266,0.010182663654413613,3.173387890564191,3.2133031986228624,0.0,0.0,0.0,0.0,2.723958333333333,0.11198925988104262,2.504463417311193,2.943453249355473,160.53125,0.37597014060558603,159.79436206515058,161.26813793484942,1.3828125,0.10822578653230346,1.1706938561981652,1.5949311438018348,160.56015624999998,0.3704455230194766,159.8340963666477,161.28621613335224,160.56015624999998,0.3704455230194766,159.8340963666477,161.28621613335224,0.0,0.0,0.0,0.0,0.0,0.0,0.0,0.0,1.0,0.0,1.0,1.0
1.0,spoilage_intensity_1,family_three,4.5,0.15475,138477.08729940368,319.2920986123046,137851.28628557533,139102.88831323202,133709.96791504108,308.51638844008113,133105.28690505816,134314.648925024,0.0,0.0,0.0,0.0,4279.375,10.059039506516056,4259.659644848163,4299.090355151837,406.0376130382805,0.9544263801801768,404.1669717072324,407.9082543693286,62.852604657632654,0.11513883978812929,62.62693667842619,63.07827263683912,0.0,0.0,0.0,0.0,0.0,0.0,0.0,0.0,18.854166666666664,0.9219387532883163,17.047199914269807,20.66113341906352,0.0,0.0,0.0,0.0,35.66145833333333,0.08382532922096718,35.49716370706802,35.82575295959864,35.66145833333333,0.08382532922096718,35.49716370706802,35.82575295959864,1.1601074658236583,0.002726932514800506,1.1547627763063781,1.1654521553409385,785.6575582204082,1.4392354973516175,782.8367084803274,788.478407960489,4.893412381548422,0.014679297192005518,4.864641487733731,4.922183275363112,0.0,0.0,0.0,0.0,1.8854166666666665,0.09219387532883161,1.7047199914269808,2.066113341906352,160.4765625,0.37721398149435215,159.7372366818061,161.2158883181939,2.3203125,0.15993751395634392,2.0068407328686937,2.6337842671313063,160.5609375,0.37047111247179754,159.83482746224277,161.28704753775722,160.56015624999998,0.3704455230194766,159.8340963666477,161.28621613335224,0.0,0.0,0.0,0.0,0.0007812499999999999,0.0007812499999999999,0.0,0.002312471862921917,1.0,0.0,1.0,1.0
1.0,spoilage_intensity_1,family_three,5.0,0.15475,137690.94841853902,317.3900194125937,137068.87541143785,138313.02142564018,133350.26998914176,307.6052466282351,132747.37478429487,133953.16519398865,0.4427083333333333,0.44270833333333337,0.0,1.3104007223224199,3856.875,9.076600278686268,3839.0851903517087,3874.6648096482913,386.02998649433084,0.9084660205466093,384.24942581288104,387.81054717578064,71.1849012362832,0.0963208405829445,70.99611585778,71.3736866147864,0.0,0.0,0.0,0.0,0.0,0.0,0.0,0.0,26.14583333333333,1.1696361255645917,23.85338865220976,28.4382780144569,0.0,0.0,0.0,0.0,32.140625,0.07563833565571886,31.99237658626424,32.28887341373576,32.140625,0.07563833565571886,31.99237658626424,32.28887341373576,1.1029428185552312,0.0025956172015617375,1.0978555023225176,1.1080301347879449,889.8112654535399,1.2040105072868053,887.45144822225,892.1710826848299,5.5476092390272544,0.01639284898494149,5.515479845412765,5.579738632641744,0.0,0.0,0.0,0.0,2.614583333333333,0.11696361255645918,2.385338865220976,2.84382780144569,160.703125,0.37819167827859457,159.96188293132118,161.44436706867882,2.53984375,0.19571988763041556,2.156239819186159,2.923447680813841,160.5606770833333,0.3703727534787645,159.83475982566,161.2865943410066,160.56015624999998,0.3704455230194766,159.8340963666477,161.28621613335224,0.00026041666666666666,0.00026041666666666666,0.0,0.0007708239543073058,0.00078125,0.0005786003545281848,0.0,0.001915285856317349,0.999998369848722,1.6301512780394353e-06,0.9999951748109277,1.0000015648865164
1.0,spoilage_intensity_1,family_three,9.0,0.15475,133986.92525179902,308.68380016659256,133381.91612086154,134591.9343827365,131344.3699034611,303.0389504795762,130750.42447460831,131938.31533231388,0.0,0.0,0.0,0.0,2140.0,5.11766315719159,2129.969564526897,2150.030435473103,292.98844216938926,0.7006617551276811,291.61517036399437,294.36171397478415,128.85765567784844,0.19324637777628148,128.4788997372641,129.23641161843278,0.0009171573625524829,0.0009171573625524829,0.0,0.002714752761311094,71.33333333333333,0.17058877190638647,70.99898548422989,71.66768118243677,9.374999999999998,0.5979600462666522,8.203019845123455,10.546980154876541,4.590284836053726e-06,4.590284836053726e-06,0.0,1.3587077793499375e-05,17.833333333333332,0.042647192976596617,17.749746371057473,17.91692029560919,17.833333333333332,0.042647192976596617,17.749746371057473,17.91692029560919,0.8371098347696837,0.002001890728936232,0.8331862010399841,0.8410334684993833,1610.7206959731056,2.4155797222035242,1605.9862467158014,1615.45514523041,10.025545501576868,0.029269510041640485,9.96817831605012,10.082912687103617,0.0009171573625524829,0.0009171573625524829,0.0,0.002714752761311094,0.9375,0.059796004626665226,0.8203019845123457,1.0546980154876542,160.5,0.38382473678936924,159.74771733951727,161.25228266048273,4.710923729145492,0.3187876491624666,4.086111418070867,5.335736040220117,160.56015624999998,0.3704455230194766,159.8340963666477,161.28621613335224,160.56015624999998,0.3704455230194766,159.8340963666477,161.28621613335224,0.0,0.0,0.0,0.0,0.0,0.0,0.0,0.0,1.0,0.0,1.0,1.0
1.0,spoilage_intensity_1,family_three,10.0,0.15475,133612.547525528,308.11844837058806,133008.6464637493,134216.44858730672,130985.06397177352,302.2209400226864,130392.72181395521,131577.40612959184,0.4427083333333333,0.44270833333333337,0.0,1.3104007223224199,1929.375,5.097633087545444,1919.3838227420113,1939.3661772579887,280.0970932161059,0.7400490884891371,278.6466236558755,281.54756277633635,144.85863419267287,0.20996595141232485,144.44710848992503,145.2701598954207,0.043451345693961266,0.01291051060212802,0.01814720989176782,0.06875548149615471,257.25,0.6796844116727251,255.91784303226817,258.58215696773186,15.416666666666664,0.8513269028938466,13.748096597924697,17.085236735408632,0.00021784342397298287,6.476473723312793e-05,9.090687152785187e-05,0.00034477997641811387,16.078125,0.04248027572954532,15.99486518951676,16.16138481048324,16.078125,0.04248027572954532,15.99486518951676,16.16138481048324,0.8002774091888741,0.0021144259671118143,0.7961332104453587,0.8044216079323896,1810.7329274084113,2.6245743926540603,1805.5888561240633,1815.8769986927593,11.284427318404099,0.03080872725237265,11.22404332257993,11.344811314228266,0.043451345693961266,0.01291051060212802,0.01814720989176782,0.06875548149615471,1.5416666666666665,0.08513269028938465,1.3748096597924697,1.7085236735408633,160.78125,0.42480275729545336,159.94865189516761,161.61384810483239,5.742198182944945,0.3505476013364349,5.0551375094586275,6.429258856431262,160.56015624999998,0.3704719304101495,159.83404460911305,161.2862678908869,160.56015624999998,0.3704455230194766,159.8340963666477,161.28621613335224,0.00026041666666666666,0.00026041666666666666,0.0,0.0007708239543073058,0.00026041666666666666,0.00026041666666666666,0.0,0.0007708239543073058,0.999998369848722,1.6301512780394353e-06,0.9999951748109277,1.0000015648865164
1.0,spoilage_intensity_1,family_four,1.8,0.15475,197499.04430461524,441.46476324402386,196633.78926821344,198364.29934101703,182262.60990634648,407.50918451383296,181463.90658133008,183061.31323136287,6.640625,2.8739531554691964,1.0077803220251322,12.273469677974868,14255.0,31.691719413201287,14192.885371341976,14317.114628658024,886.3213533000652,1.9704698448765003,882.459303371485,890.1834032286454,22.951586635351788,0.05039478611426925,22.852814669559223,23.050358601144353,0.0,0.0,0.0,0.0,0.0,0.0,0.0,0.0,65.52083333333333,1.749305023881908,62.09225848854981,68.94940817811684,0.0,0.0,0.0,0.0,118.79166666666666,0.26409766177667743,118.27404476118313,119.30928857215018,118.79166666666666,0.26409766177667743,118.27404476118313,119.30928857215018,2.5323467237144714,0.005629913842504289,2.5213122953470997,2.5433811520818432,286.89483294189733,0.6299348264283655,285.66018336949026,288.1294825143044,1.3423461685570781,0.0037301133878464977,1.3350352806586483,1.349657056455508,0.0,0.0,0.0,0.0,6.552083333333333,0.1749305023881908,6.209225848854981,6.894940817811685,213.82500000000002,0.47537579119801937,212.89328057012966,214.75671942987037,0.7289062500000001,0.0669710748046578,0.597645355376933,0.8601671446230672,213.86328125,0.4781630822932999,212.92609882996848,214.80046367003152,213.8671875,0.47839510700906857,212.92955031988205,214.80482468011795,0.00390625,0.0016905606796877623,0.0005928119541324314,0.007219688045867569,0.0,0.0,0.0,0.0,0.9999818866836234,7.839612363808225e-06,0.9999665213257376,0.9999972520415092
1.0,spoilage_intensity_1,family_four,2.0,0.15475,195554.9856493686,437.0799037126642,194698.32477972555,196411.64651901167,181786.0026041667,406.53110279516204,180989.2162840928,182582.78892424057,3.5416666666666665,2.0447822033799246,0.0,7.549366141519775,12833.125,28.723568768134957,12776.827839706995,12889.422160293005,834.1866316156174,1.8671069656587935,830.5271692076424,837.8460940235925,27.140163586322743,0.059724676273926476,27.023105371837534,27.25722180080795,0.0,0.0,0.0,0.0,0.0,0.0,0.0,0.0,70.98958333333333,2.189339661681293,66.69855644651288,75.28061022015378,0.0,0.0,0.0,0.0,106.94270833333333,0.23936307306779123,106.47356533089163,107.41185133577503,106.94270833333333,0.23936307306779123,106.47356533089163,107.41185133577503,2.3833903760446207,0.005334591330453697,2.372934769164692,2.3938459829245495,339.2520448290343,0.7465584534240806,337.78881714796916,340.7152725100994,1.587312005185755,0.005210732654834514,1.5770991568492125,1.5975248535222974,0.0,0.0,0.0,0.0,7.098958333333333,0.21893396616812927,6.669855644651289,7.528061022015377,213.88541666666666,0.47872614613558245,212.94713066178326,214.82370267155005,0.9203125000000001,0.07829817117041082,0.7668509044506425,1.0737740955493578,213.86588541666669,0.47827188564136675,212.92848974599156,214.80328108734182,213.8671875,0.47839510700906857,212.92955031988205,214.80482468011795,0.0020833333333333333,0.0012028130608117203,0.0,0.004440803612658691,0.0007812499999999999,0.0007812499999999999,0.0,0.002312471862921917,0.9999902318080632,5.6389488428616395e-06,0.9999791796714206,1.0000012839447059
1.0,spoilage_intensity_1,family_four,2.1,0.15475,194683.19001675094,435.9161726135208,193828.8100181499,195537.570015352,181564.71054973564,406.047226701402,180768.8726093785,182360.54849009277,3.984375,2.2635715242481083,0.0,8.420893663956726,12221.25,27.68829834206799,12166.981932456347,12275.518067543653,811.2497772801821,1.8379564989890491,807.6474487370123,814.852105823352,27.46406473513852,0.06379291306323315,27.33903292306569,27.58909654721135,0.0,0.0,0.0,0.0,0.0,0.0,0.0,0.0,54.53125,1.547255327757021,51.49868528270852,57.56381471729148,0.0,0.0,0.0,0.0,101.84375,0.2307358195172332,101.39151610380289,102.29598389619711,101.84375,0.2307358195172332,101.39151610380289,102.29598389619711,2.317856506514806,0.005251304282825838,2.3075641392486066,2.3281488737810054,343.3008091892315,0.7974114132904144,341.7379115383211,344.86370684014184,1.6062199856390824,0.005173938211023152,1.5960792530872414,1.6163607181909234,0.0,0.0,0.0,0.0,5.453125,0.1547255327757021,5.1498685282708525,5.7563814717291475,213.871875,0.4845452209861898,212.92218381798605,214.82156618201392,1.00078125,0.07835179135607147,0.8472145608179031,1.1543479391820968,213.86640624999998,0.47828601097359164,212.9289828941824,214.80382960581755,213.8671875,0.47839510700906857,212.92955031988205,214.80482468011795,0.00234375,0.0013315126613224167,0.0,0.004953466861151015,0.0015624999999999999,0.001096050585019065,0.0,0.0037107196718714234,0.9999890415097791,6.226530103209893e-06,0.9999768377350281,1.00000124528453
1.0,spoilage_intensity_1,family_four,2.25,0.15475,193524.71444882755,433.068186384796,192675.91640066326,194373.51249699184,181253.14764960046,405.5562943063015,180458.2719190566,182048.02338014432,0.0,0.0,0.0,0.0,11406.875,25.751478421112367,11356.40302974596,11457.34697025404,780.3039000154845,1.7615673918718837,776.8512913710755,783.7565086598935,29.648315878289687,0.05443309333618563,29.541628975783656,29.755002780795717,0.0,0.0,0.0,0.0,0.0,0.0,0.0,0.0,54.73958333333333,1.80449402173932,51.20284004040642,58.276326626260236,0.0,0.0,0.0,0.0,95.05729166666667,0.21459565350926982,94.63669191454967,95.47789141878367,95.05729166666667,0.21459565350926982,94.63669191454967,95.47789141878367,2.2294397143299562,0.005033049691062522,2.2195751182030734,2.239304310456839,370.603948478621,0.6804136667023201,369.27036219729564,371.9375347599464,1.7334471963776992,0.004965251695683846,1.7237154818799825,1.7431789108754159,0.0,0.0,0.0,0.0,5.473958333333334,0.180449402173932,5.120284004040643,5.827632662626025,213.87890625,0.4828402203958569,212.93255680773674,214.82525569226326,0.984375,0.07982087927263858,0.8279289514113086,1.1408210485886914,213.86875,0.47853413219393565,212.93084033552677,214.80665966447324,213.8671875,0.47839510700906857,212.92955031988205,214.80482468011795,0.0,0.0,0.0,0.0,0.0015624999999999999,0.001096050585019065,0.0,0.0037107196718714234,1.0,0.0,1.0,1.0
1.0,spoilage_intensity_1,family_four,2.4,0.15475,192489.3022976161,430.5573987377339,191645.4253028129,193333.17929241929,180957.19458398735,404.70193862953016,180163.99335979993,181750.39580817477,2.65625,1.8632859945324107,0.0,6.308223442181421,10696.25,23.850039932081977,10649.504780703277,10742.995219296723,752.8885346304685,1.6787585943992884,749.5982282467088,756.1788410142282,31.823345664915706,0.06564279289776831,31.694688154991457,31.952003174839955,0.0,0.0,0.0,0.0,0.0,0.0,0.0,0.0,48.48958333333333,1.5012665278758661,45.54715500750113,51.432011659165525,0.0,0.0,0.0,0.0,89.13541666666666,0.19875033276734985,88.7458731725273,89.52496016080602,89.13541666666666,0.19875033276734985,88.7458731725273,89.52496016080602,2.1511100989441956,0.004796453126855099,2.141709223562025,2.160510974326366,397.7918208114463,0.8205349112221045,396.18360193739323,399.4000396854994,1.8604947099810913,0.005928782790539977,1.848874509239472,1.8721149107227106,0.0,0.0,0.0,0.0,4.848958333333332,0.1501266527875866,4.554715500750112,5.143201165916552,213.925,0.47700079864163936,212.99009561406555,214.85990438593447,1.125,0.08576077608257586,0.9569119675919473,1.2930880324080527,213.865625,0.4783000379879617,212.92817415173946,214.80307584826053,213.8671875,0.47839510700906857,212.92955031988205,214.80482468011795,0.0015624999999999999,0.001096050585019065,0.0,0.0037107196718714234,0.0,0.0,0.0,0.0,0.9999927555577943,5.082291780575701e-06,0.9999827944489454,1.0000027166666432
1.0,spoilage_intensity_1,family_four,3.0,0.15475,189249.5251613925,423.1638745237342,188420.13920776756,190078.91111501743,179943.74379496922,402.38940929504827,179155.07504499058,180732.41254494787,2.65625,1.8632859945324107,0.0,6.308223442181421,8555.0,19.2002810825986,8517.36814058506,8592.63185941494,666.7384907046538,1.4963841531404913,663.805631657462,669.6713497518457,40.344959051974755,0.08178963707239831,40.18465430900425,40.50526379494526,0.0,0.0,0.0,0.0,0.0,0.0,0.0,0.0,41.04166666666666,1.6959643846506702,37.71763755368871,44.365695779644604,0.0,0.0,0.0,0.0,71.29166666666666,0.16000234235498828,70.97806783820883,71.60526549512448,71.29166666666666,0.16000234235498828,70.97806783820883,71.60526549512448,1.9049671162990112,0.004275383294687123,1.8965875190213202,1.9133467135767022,504.3119881496844,1.0223704634049788,502.3081788625531,506.31579743681567,2.3584488842926703,0.00693034247507813,2.344865662640989,2.3720321059443514,0.0,0.0,0.0,0.0,4.104166666666666,0.16959643846506703,3.7717637553688714,4.436569577964461,213.875,0.48000702706496495,212.93420351462652,214.81579648537348,1.4343750000000002,0.10547908348848803,1.2276397952402702,1.6411102047597301,213.86640625,0.4782471180384449,212.92905912293458,214.80375337706545,213.8671875,0.47839510700906857,212.92955031988205,214.80482468011795,0.0015624999999999999,0.001096050585019065,0.0,0.0037107196718714234,0.0007812499999999999,0.0007812499999999999,0.0,0.002312471862921917,0.9999926833652923,5.133911228001155e-06,0.9999826210841857,1.0000027456463991
1.0,spoilage_intensity_1,family_four,4.5,0.15475,184436.562988116,411.9227969379031,183629.2091417067,185243.9168345253,178101.6928772297,398.3920086969794,177320.85888845506,178882.52686600437,0.0,0.0,0.0,0.0,5705.0,12.456272723360312,5680.586154080605,5729.413845919395,541.304415337144,1.1818817570199058,538.9879696594,543.6208610148879,62.47194554912458,0.10444056616088548,62.26724580092427,62.67664529732488,0.0,0.0,0.0,0.0,0.0,0.0,0.0,0.0,26.093749999999996,1.297710912632143,23.550283348896393,28.6372166511036,0.0,0.0,0.0,0.0,47.541666666666664,0.10380227269466924,47.338217950671705,47.74511538266162,47.541666666666664,0.10380227269466924,47.338217950671705,47.74511538266162,1.546584043820411,0.0033768050200568773,1.5399656275982856,1.5532024600425365,780.8993193640572,1.3055070770110673,778.3405725115533,783.4580662165611,3.652211274463324,0.010511803722525146,3.6316085177546205,3.6728140311720274,0.0,0.0,0.0,0.0,2.609375,0.12977109126321434,2.3550283348896395,2.8637216651103605,213.9375,0.46711022712601175,213.02198077802268,214.85301922197732,2.3203125,0.16184513479326465,2.003101864732171,2.637523135267829,213.8671875,0.47839510700906857,212.92955031988205,214.80482468011795,213.8671875,0.47839510700906857,212.92955031988205,214.80482468011795,0.0,0.0,0.0,0.0,0.0,0.0,0.0,0.0,1.0,0.0,1.0,1.0
1.0,spoilage_intensity_1,family_four,5.0,0.15475,183368.91652735512,410.25037138428763,182564.84057479774,184172.9924799125,177623.5121382795,397.1886610188277,176845.0366676149,178401.9876089441,0.0,0.0,0.0,0.0,5131.875,11.841535973274295,5108.666015970747,5155.083984029253,513.6432051701427,1.185205113423486,511.3202458335399,515.9661645067454,71.03201723879482,0.13232116102535305,70.77267252879261,71.29136194879703,0.0,0.0,0.0,0.0,0.0,0.0,0.0,0.0,28.854166666666664,1.1091717946764694,26.68022989643313,31.0281034369002,0.0,0.0,0.0,0.0,42.76562499999999,0.09867946644395242,42.57221679975622,42.959033200243766,42.76562499999999,0.09867946644395242,42.57221679975622,42.959033200243766,1.4675520147718364,0.003386300324067104,1.4609149880958285,1.4741890414478442,887.9002154849354,1.6540145128169135,884.6584066099077,891.1420243599631,4.1530014989384805,0.011699388850718194,4.130071118149943,4.175931879727018,0.0,0.0,0.0,0.0,2.885416666666666,0.11091717946764694,2.6680229896433123,3.10281034369002,213.828125,0.4933973322197621,212.8610839987811,214.7951660012189,2.5234375,0.18069314002112655,2.1692854533051387,2.8775895466948613,213.86796875,0.4782358547020436,212.93064369866826,214.80529380133171,213.8671875,0.47839510700906857,212.92955031988205,214.80482468011795,0.0,0.0,0.0,0.0,0.0007812499999999999,0.0007812499999999999,0.0,0.002312471862921917,1.0,0.0,1.0,1.0
1.0,spoilage_intensity_1,family_four,9.0,0.15475,178433.81183749906,398.71754878460285,177652.33980187715,179215.28387312096,174951.56231909414,391.3455465301178,174184.53914238498,175718.5854958033,0.0,0.0,0.0,0.0,2855.0,6.516158182573338,2842.2285646445903,2867.7714353554097,390.8794403708441,0.8921303901128405,389.1308969367093,392.62798380497895,128.5992447007419,0.18798752652436376,128.23079591921137,128.96769348227244,0.0,0.0,0.0,0.0,95.16666666666666,0.2172052727524446,94.74095215481967,95.59238117851365,12.604166666666668,0.9136818588773788,10.813383129939396,14.39495020339394,0.0,0.0,0.0,0.0,23.791666666666664,0.05430131818811115,23.685238038704917,23.898095294628412,23.791666666666664,0.05430131818811115,23.685238038704917,23.898095294628412,1.1167984010595546,0.0025489439717509754,1.1118025626763122,1.121794239442797,1607.4905587592737,2.349844081554552,1602.8849489901422,1612.096168528405,7.5192467388008435,0.021959231451732352,7.476207436027269,7.562286041574418,0.0,0.0,0.0,0.0,1.2604166666666665,0.09136818588773789,1.0813383129939393,1.4394950203393937,214.125,0.48871186369300035,213.16714234834427,215.08285765165573,5.1328125,0.32552273808966536,4.494799657195391,5.770825342804609,213.8671875,0.47839510700906857,212.92955031988205,214.80482468011795,213.8671875,0.47839510700906857,212.92955031988205,214.80482468011795,0.0,0.0,0.0,0.0,0.0,0.0,0.0,0.0,1.0,0.0,1.0,1.0
1.0,spoilage_intensity_1,family_four,10.0,0.15475,177911.54079584533,397.32733107674153,177132.79353686149,178690.28805482917,174473.37007281766,390.14454453932757,173708.7008167558,175238.03932887953,0.0,0.0,0.0,0.0,2565.0,5.942849511594612,2553.352228991733,2576.647771008267,372.37397815319036,0.8627534168414159,370.68301252864234,374.0649437777384,143.84882820779075,0.17820108386198935,143.49956050141523,144.19809591416626,0.0,0.0,0.0,0.0,341.99999999999994,0.7923799348792806,340.4469638655644,343.5530361344355,14.947916666666664,0.8529186181588135,13.27622689333172,16.61960644000161,0.0,0.0,0.0,0.0,21.374999999999996,0.04952374592995504,21.277935241597774,21.47206475840222,21.374999999999996,0.04952374592995504,21.277935241597774,21.47206475840222,1.063925651866258,0.0024650097624040433,1.0590943215104065,1.0687569822221097,1798.1103525973845,2.2275135482748656,1793.7445062676907,1802.4761989270783,8.4037389982049,0.019821718607816154,8.364889143621893,8.442588852787908,0.0,0.0,0.0,0.0,1.4947916666666665,0.08529186181588135,1.327622689333172,1.661960644000161,213.75,0.4952374592995507,212.77935241597777,214.72064758402223,4.6328125,0.32639774742073413,3.9930846704203597,5.27254032957964,213.86796875,0.4782358547020436,212.93064369866826,214.80529380133171,213.8671875,0.47839510700906857,212.92955031988205,214.80482468011795,0.0,0.0,0.0,0.0,0.0007812499999999999,0.0007812499999999999,0.0,0.002312471862921917,1.0,0.0,1.0,1.0
2.0,spoilage_intensity_2,single_low,1.8,0.1905,29566.15050175941,94.9212445335376,29380.108281105957,29752.192722412863,27255.582944321402,87.5907546938712,27083.90821974273,27427.257668900074,0.6640625,0.6640625,0.0,1.9656010834836297,2133.75,7.249452633962339,2119.5413339298048,2147.9586660701952,132.66841021424162,0.4507432247785497,131.7849697274002,133.55185070108303,25.279123817726287,0.0814373423882102,25.119509559648737,25.438738075803837,0.028877572709480378,0.006696449090545976,0.015752773667704265,0.04200237175125649,0.0,0.0,0.0,0.0,18.177083333333332,1.9570589790122452,14.341318218848603,22.01284844781806,0.0002910849554820038,6.756650894652164e-05,0.000158657031385718,0.00042351287957828956,17.78125,0.06041210528301949,17.66284444941504,17.89965555058496,17.78125,0.06041210528301949,17.66284444941504,17.89965555058496,0.3790526006121189,0.0012878377850815714,0.3765284849354292,0.38157671628880857,315.98904772157863,1.0179667798526275,313.99386949560926,317.984225947548,9.890416418404662,0.045715279821063146,9.800816116412207,9.980016720397117,0.028877572709480378,0.006696449090545976,0.015752773667704265,0.04200237175125649,1.8177083333333333,0.1957058979012245,1.4341318218848602,2.201284844781806,32.00625,0.10874178950943507,31.793120008947074,32.21937999105293,0.8509584004575206,0.06809965320278209,0.7174855328204,0.9844312680946412,31.980861845144982,0.10277736357083525,31.779421914120167,32.1823017761698,31.981249999999996,0.10276889574447934,31.779826665609864,32.182673334390124,0.00039062499999999997,0.0003906249999999999,0.0,0.0011562359314609583,2.4701449844322096e-06,2.47014498443221e-06,0.0,7.311540190511594e-06,0.9999877354788069,1.2264521193091835e-05,0.9999636974589808,1.000011773498633
2.0,spoilage_intensity_2,single_low,2.0,0.1905,29281.367467203898,93.43124915330809,29098.245583832824,29464.48935057497,27185.264516662588,87.31793347065687,27014.124511855636,27356.40452146954,0.0,0.0,0.0,0.0,1916.875,6.255453969543646,1904.6145355127464,1929.1354644872536,124.60187985998631,0.40662084068223076,123.80491765688573,125.39884206308689,28.342683991665325,0.0622292021075573,28.22071699674785,28.4646509865828,0.1375533563276463,0.02007905965898216,0.09819912255261015,0.17690759010268242,0.0,0.0,0.0,0.0,26.145833333333336,1.141013190146452,23.909488574761138,28.382178091905534,0.0013908493272941586,0.00020407464535347975,0.000990870372243554,0.0017908282823447632,15.973958333333332,0.052128783079530366,15.871787795939552,16.076128870727114,15.973958333333332,0.052128783079530366,15.871787795939552,16.076128870727114,0.3560053710285323,0.0011617738305206588,0.3537283361625307,0.3582824058945339,354.2835498958166,0.7778650263444663,352.75896245934814,355.808137332285,11.080490378042501,0.03792768117186415,11.006153488928529,11.154827267156474,0.1375533563276463,0.02007905965898216,0.09819912255261015,0.17690759010268242,2.614583333333333,0.1141013190146452,2.390948857476113,2.838217809190553,31.947916666666664,0.10425756615906073,31.743575591879104,32.15225774145423,0.8642930945728231,0.07366127324474665,0.7199196519577558,1.0086665371878905,31.981273287922807,0.10277085417944447,31.77984611507068,32.18270046077494,31.981249999999996,0.10276889574447934,31.779826665609864,32.182673334390124,0.0,0.0,0.0,0.0,2.32879228088206e-05,2.3287922808820595e-05,0.0,6.893141278885782e-05,1.0,1.7484369184381568e-18,1.0,1.0
2.0,spoilage_intensity_2,single_low,2.1,0.1905,29158.180778770344,93.30275410057729,28975.310741074816,29341.05081646587,27153.110799208145,87.1740612537943,26982.25277876462,27323.96881965167,0.09483650675339869,0.08871582058934153,0.0,0.26871631996742507,1820.625,6.361602791699988,1808.1564876443185,1833.0935123556815,120.85356455033093,0.42228486021573997,120.02590143309155,121.68122766757031,30.005710384271218,0.07201371857764652,29.864566089466226,30.14685467907621,0.26170145418090546,0.028744096047514836,0.20536406115961625,0.31803884720219466,0.0,0.0,0.0,0.0,33.229166666666664,1.5031726258556244,30.28300245744314,36.17533087589019,0.0026544512214046294,0.00029169912721457977,0.0020827314377422856,0.003226171005066973,15.171875,0.05301335659749987,15.067970730369321,15.275779269630679,15.171875,0.05301335659749987,15.067970730369321,15.275779269630679,0.3452958987152312,0.0012065281720449687,0.34293114695169014,0.34766065047877226,375.0713798033902,0.9001714822205812,373.3070761183278,376.83568348845256,11.733999751132178,0.050066302493371316,11.635871601406082,11.832127900858273,0.26170145418090546,0.028744096047514836,0.20536406115961625,0.31803884720219466,3.3229166666666665,0.15031726258556244,3.028300245744314,3.617533087589019,31.8609375,0.11132804885474967,31.642738533775574,32.079136466224426,0.8463106064735413,0.07149284443947862,0.7061872062198385,0.986434006727244,31.981194213819553,0.10276834497043975,31.779771958926702,32.1826164687124,31.981249999999996,0.10276889574447934,31.779826665609864,32.182673334390124,5.57861804431757e-05,5.218577681725973e-05,0.0,0.00015806842351025007,0.0,0.0,0.0,0.0,0.9999982592225583,1.628271132004101e-06,0.9999950678697824,1.000001450575334
2.0,spoilage_intensity_2,single_low,2.25,0.1905,28991.704604257004,93.3440656021198,28808.753597506304,29174.655611007704,27109.659391631187,86.86030229173087,26939.41632745313,27279.902455809242,0.0,0.0,0.0,0.0,1702.5,6.1640921266664845,1690.4186014343468,1714.5813985656532,116.46199241916497,0.4216637007499958,115.6355467521071,117.28843808622284,32.20886089579592,0.06960427456103033,32.072439024486265,32.34528276710558,0.6139426441896543,0.04173160036010201,0.5321502104666356,0.695735077912673,0.0,0.0,0.0,0.0,30.260416666666664,1.3328055492699986,27.648165791702343,32.87266754163099,0.006267128317863818,0.00042922742869735725,0.005425858016440264,0.007108398619287372,14.1875,0.05136743438888735,14.086821678619556,14.288178321380444,14.1875,0.05136743438888735,14.086821678619556,14.288178321380444,0.3327485497690428,0.0012047534307142733,0.33038727643459176,0.3351098231034938,402.6107611974491,0.8700534320128789,400.9054878060784,404.31603458881983,12.584335305244249,0.046289868452193655,12.493608830228853,12.675061780259645,0.6139426441896543,0.04173160036010201,0.5321502104666356,0.695735077912673,3.026041666666666,0.13328055492699986,2.7648165791702337,3.2872667541630984,31.921875,0.1155767273749966,31.695348776894,32.148401223106,1.0456616050455179,0.07787702277961026,0.8930254451742764,1.1982977649167594,31.981640624999997,0.10268626940443464,31.78037923526053,32.18290201473947,31.981249999999996,0.10276889574447934,31.779826665609864,32.182673334390124,0.0,0.0,0.0,0.0,0.00039062499999999997,0.0003906249999999999,0.0,0.0011562359314609583,1.0,0.0,1.0,1.0
2.0,spoilage_intensity_2,single_low,2.4,0.1905,28838.887333285704,92.54697526354084,28657.498594891043,29020.276071680364,27071.02166676795,86.6943096639879,26901.103942161968,27240.93939137393,0.0,0.0,0.0,0.0,1595.0,5.5990361982404036,1584.0260907033128,1605.9739092966872,112.26899265963279,0.39410542560581185,111.49656021933356,113.04142509993201,34.12487871141127,0.07733452366595765,33.97330583026443,34.27645159255811,1.2634618133803481,0.06680833770809441,1.1325198776054939,1.3944037491552024,0.0,0.0,0.0,0.0,25.20833333333333,1.1967838846954226,22.862680022052363,27.553986644614294,0.01281445533896299,0.000679837610446079,0.011481998107152905,0.014146912570773076,13.291666666666664,0.046658634985336685,13.200217422527604,13.383115910805724,13.291666666666664,0.046658634985336685,13.200217422527604,13.383115910805724,0.32076855045609365,0.0011260155017308914,0.31856160062666733,0.32297550028551997,426.5609838926408,0.9666815458244696,424.6663228783054,428.45564490697626,13.342341522607633,0.04079490914094588,13.262384969938795,13.422298075276471,1.2634618133803481,0.06680833770809441,1.1325198776054939,1.3944037491552024,2.520833333333333,0.11967838846954225,2.2862680022052366,2.7553986644614294,31.9,0.11198072396480807,31.680521814066253,32.119478185933744,1.0841674249819064,0.0879791724761436,0.9117314155390274,1.2566034344247856,31.981276641518587,0.10276537577498548,31.77986020614189,32.18269307689528,31.981249999999996,0.10276889574447934,31.779826665609864,32.182673334390124,0.0,0.0,0.0,0.0,2.664151858723877e-05,2.664151858723877e-05,0.0,7.885793551168118e-05,1.0,3.4968738368763135e-18,1.0,1.0
2.0,spoilage_intensity_2,single_low,3.0,0.1905,28448.800218846263,89.65392038670034,28273.08176381551,28624.518673877017,26992.11631390136,84.88155621683401,26825.751520764654,27158.481107038064,0.20613536693108997,0.19545937454773996,0.0,0.5892287014853852,1285.625,5.029057431645979,1275.7682285577903,1295.4817714422097,100.19587049820814,0.39194227488517364,99.42767775541449,100.96406324100178,42.674564646317855,0.0855539644670218,42.506881957227876,42.84224733540783,9.753167766778748,0.2533716563050921,9.256568445717507,10.24976708783999,0.0,0.0,0.0,0.0,18.229166666666664,0.7310538692190722,16.79632741223863,19.6620059210947,0.09949151769281417,0.0025872705187153415,0.09442056065786983,0.10456247472775851,10.713541666666666,0.041908811930383184,10.631401904648252,10.79568142868508,10.713541666666666,0.041908811930383184,10.631401904648252,10.79568142868508,0.2862739157091661,0.0011198350711004966,0.28407907930118426,0.28846875211714795,533.4320580789731,1.0694245558377724,531.3360244653484,535.5280916925979,16.612206322891517,0.069247691237431,16.4764833420536,16.747929303729432,9.753167766778748,0.2533716563050921,9.256568445717507,10.24976708783999,1.8229166666666665,0.07310538692190721,1.679632741223863,1.96620059210947,32.140625,0.12572643579114948,31.89420571394476,32.38704428605524,1.516107562633793,0.1119950763525284,1.2966012465370238,1.7356138787305622,31.981128743901806,0.10279418759940617,31.779655838386915,32.182601649416696,31.981249999999996,0.10276889574447934,31.779826665609864,32.182673334390124,0.00012125609819475881,0.00011497610267514114,0.0,0.0003466051185208148,0.0,0.0,0.0,0.0,0.9999960417020376,3.757221226779517e-06,0.9999886776837512,1.000003405720324
2.0,spoilage_intensity_2,single_low,4.5,0.1905,28437.382948123854,82.83811946372961,28275.023217427915,28599.74267881979,27316.981797301436,80.22884890017559,27159.736142935984,27474.227451666888,0.0,0.0,0.0,0.0,873.75,3.5877602775999136,866.7181190707407,880.7818809292593,82.90354652074137,0.3404155091036021,82.23634438311944,83.5707486583633,65.55124498505003,0.13002055130179005,65.29640938724849,65.80608058285158,78.46719264996182,0.664542311232003,77.16471365374409,79.76967164617955,7.28125,0.029898002313332596,7.222650992256173,7.339849007743827,12.447916666666666,0.622203565391355,11.228420087447198,13.667413245886134,0.8213919827729637,0.007758649298380497,0.8061853095794609,0.8365986559664664,7.28125,0.029898002313332596,7.222650992256173,7.339849007743827,7.28125,0.029898002313332596,7.222650992256173,7.339849007743827,0.23686727577354677,0.0009726157402960055,0.23496098395176984,0.2387735675953237,819.3905623131254,1.6252568912723764,816.2051173406061,822.5760072856448,24.69206725807964,0.07857028029358244,24.538072338449002,24.846062177710277,78.46719264996182,0.664542311232003,77.16471365374409,79.76967164617955,1.2447916666666667,0.062220356539135505,1.12284200874472,1.3667413245886135,32.765625,0.13454101040999675,32.50192946515278,33.02932053484722,2.453674201891525,0.1638914916937917,2.1324527807991482,2.774895622983902,31.981249999999996,0.10276889574447934,31.779826665609864,32.182673334390124,31.981249999999996,0.10276889574447934,31.779826665609864,32.182673334390124,0.0,0.0,0.0,0.0,0.0,0.0,0.0,0.0,1.0,0.0,1.0,1.0
2.0,spoilage_intensity_2,single_low,5.0,0.1905,28624.686019048855,80.22770678769682,28467.442603182728,28781.929434914982,27527.463848024643,78.3953163247855,27373.811851471437,27681.11584457785,0.0,0.0,0.0,0.0,797.5,2.9378482569650157,791.7419232243047,803.2580767756953,79.8208171717333,0.2940457035705326,79.2444981829263,80.39713616054028,73.0211413481866,0.1549094020480194,72.71752449930585,73.32475819706735,109.98437917095629,0.8805539537604352,108.25852513514148,111.7102332067711,26.58333333333333,0.0979282752321672,26.391397440810156,26.7752692258565,10.3125,0.6953119581423883,8.949713604020896,11.675286395979104,1.1629519148617482,0.009897351231149707,1.1435534629063515,1.182350366817145,6.645833333333332,0.0244820688080418,6.597849360202539,6.693817306464125,6.645833333333332,0.0244820688080418,6.597849360202539,6.693817306464125,0.22805947763352374,0.000840130581630093,0.22641285195121807,0.2297061033158294,912.7642668523324,1.9363675256002426,908.969056241323,916.5594774633419,27.160141971618614,0.09673496113612869,26.97054493174592,27.34973901149131,109.98437917095629,0.8805539537604352,108.25852513514148,111.7102332067711,1.03125,0.06953119581423883,0.8949713604020897,1.1675286395979103,33.22916666666666,0.12241034404020902,32.98924680101269,33.469086532320624,2.6031904645615813,0.16385448491663074,2.2820415754196235,2.924339353703539,31.981549661218356,0.10274011199964729,31.780182741931437,32.18291658050528,31.981249999999996,0.10276889574447934,31.779826665609864,32.182673334390124,0.0,0.0,0.0,0.0,0.000299661218359625,0.000299661218359625,0.0,0.0008869864139078828,1.0,0.0,1.0,1.0
2.0,spoilage_intensity_2,single_low,9.0,0.1905,31171.904123507513,78.80610337113386,31017.44699913815,31326.361247876877,29698.221312435977,76.57951589665032,29548.12821932503,29848.314405546924,0.0,0.0,0.0,0.0,485.0,2.597312408246599,479.9093612232377,490.0906387767623,66.40158619259523,0.3555993066913064,65.70462435855286,67.0985480266376,131.99034359592795,0.3160618282080789,131.37087379575223,132.60981339610368,379.19713128301726,1.4186997665379169,376.41653083572754,381.97773173030697,404.16666666666663,2.164427006872166,399.92446768603133,408.4088656473019,6.927083333333334,0.5520958119783707,5.84499542584033,8.009171240826337,4.322574832941571,0.018127230742027923,4.287046113547749,4.358103552335393,4.041666666666666,0.021644270068721643,3.9992446768603136,4.0840886564730186,4.041666666666666,0.021644270068721643,3.9992446768603136,4.0840886564730186,0.18971881769312926,0.001015998019118018,0.1877274981672939,0.19171013721896463,1649.8792949490994,3.950772852600985,1642.135922446903,1657.622667451296,44.462902553628915,0.14292843555111892,44.182767967582066,44.743037139675764,379.19713128301726,1.4186997665379169,376.41653083572754,381.97773173030697,0.6927083333333333,0.05520958119783707,0.5844995425840329,0.8009171240826336,36.375,0.1947984306184949,35.99320209174282,36.75679790825718,5.16714520826538,0.3671973919119769,4.447451544900866,5.886838871629894,31.981616919623548,0.1027447909177524,31.780240829825654,32.18299300942144,31.981249999999996,0.10276889574447934,31.779826665609864,32.182673334390124,0.0,0.0,0.0,0.0,0.0003669196235503541,0.0002610154926313733,0.0,0.0008785005885148257,1.0,0.0,1.0,1.0
2.0,spoilage_intensity_2,single_low,10.0,0.1905,31947.92378709659,79.82584254568953,31791.468010671477,32104.379563521707,30286.664339258095,76.624078050785,30136.48390592997,30436.84477258622,0.0,0.0,0.0,0.0,450.625,2.2257845950343134,446.2625423563887,454.9874576436113,65.41950249718575,0.32312836809552276,64.78618253333532,66.05282246103617,145.41654745455392,0.30247518413177304,144.82370698743853,146.00938792166932,452.95464788675633,1.6075926557147222,449.80382417974437,456.1054715937683,540.75,2.6709415140411763,535.5150508276664,545.9849491723336,6.093749999999999,0.5010718642243684,5.1116671924538934,7.075832807546105,5.14388479705713,0.018802740634277164,5.107032102603299,5.180737491510961,3.755208333333334,0.01854820495861929,3.7188545196365728,3.791562147030095,3.755208333333334,0.01854820495861929,3.7188545196365728,3.791562147030095,0.1869128642776735,0.0009232239088443514,0.18510337866667229,0.18872234988867473,1817.706843181924,3.780939801647161,1810.2963373429814,1825.1173490208664,48.816615007800884,0.14698788698092782,48.52852404315462,49.10470597244715,452.95464788675633,1.6075926557147222,449.80382417974437,456.1054715937683,0.609375,0.05010718642243685,0.5111667192453894,0.7075832807546106,37.55208333333333,0.18548204958619297,37.188545196365716,37.91562147030094,3.997221853695411,0.4060313896635099,3.2014149533621827,4.793028754028639,31.981249999999996,0.10276889574447934,31.779826665609864,32.182673334390124,31.981249999999996,0.10276889574447934,31.779826665609864,32.182673334390124,0.0,0.0,0.0,0.0,0.0,0.0,0.0,0.0,1.0,0.0,1.0,1.0
2.0,spoilage_intensity_2,single_average,1.8,0.1905,49386.78466013498,143.42366196281483,49105.67944815702,49667.889872112944,45560.49243630543,132.4405507322075,45300.91372677765,45820.07114583321,0.0,0.0,0.0,0.0,3562.5,10.64860822562541,3541.629111392297,3583.370888607703,221.50261810813623,0.6620897126130142,220.20494611688025,222.8002900993922,24.893772388082915,0.04723019103479232,24.801202914671777,24.986341861494054,0.0,0.0,0.0,0.0,0.0,0.0,0.0,0.0,17.39583333333333,0.8512257411202265,15.727461538024269,19.06420512864239,0.0,0.0,0.0,0.0,29.6875,0.08873840188021177,29.513575928269145,29.861424071730855,29.6875,0.08873840188021177,29.513575928269145,29.861424071730855,0.6328646231661035,0.0018916848931800395,0.6291569889053721,0.6365722574268349,311.17215485103645,0.5903773879349041,310.0150364333972,312.3292732686757,5.824863357499277,0.021750679924877052,5.78223280820726,5.867493906791294,0.0,0.0,0.0,0.0,1.7395833333333333,0.08512257411202265,1.5727461538024272,1.9064205128642393,53.4375,0.15972912338438114,53.12443667088446,53.75056332911554,0.7300781250000001,0.06859239620979384,0.5956394988155025,0.8645167511844978,53.459765624999996,0.15540307891289953,53.155181187244075,53.764350062755916,53.459765624999996,0.15540307891289953,53.155181187244075,53.764350062755916,0.0,0.0,0.0,0.0,0.0,0.0,0.0,0.0,1.0,0.0,1.0,1.0
2.0,spoilage_intensity_2,single_average,2.0,0.1905,48914.6962771416,141.99910584343215,48636.383143851584,49193.009410431616,45441.022135416664,132.00098221177814,45182.30496435767,45699.73930647566,0.0,0.0,0.0,0.0,3205.0,9.491014965711784,3186.3979524904744,3223.6020475095256,208.3333680867329,0.6169407533130492,207.1241864296443,209.54254974382147,28.101190304864733,0.050645255731806435,28.00192742764257,28.200453182086896,0.0,0.0,0.0,0.0,0.0,0.0,0.0,0.0,32.23958333333333,1.0682576580825565,30.145836797282413,34.333329869384244,0.0,0.0,0.0,0.0,26.708333333333332,0.07909179138093153,26.55331627075395,26.863350395912715,26.708333333333332,0.07909179138093153,26.55331627075395,26.863350395912715,0.5952381945335224,0.0017626878666087108,0.5917833897989836,0.5986929992680613,351.26487881080914,0.6330656966475805,350.0240928455321,352.5056647760862,6.575743242271891,0.0241096935030056,6.5284891113277,6.622997373216081,0.0,0.0,0.0,0.0,3.223958333333333,0.10682576580825565,3.0145836797282417,3.4333329869384244,53.416666666666664,0.15818358276186306,53.1066325415079,53.72670079182543,0.917578125,0.07767764715414928,0.7653327341740572,1.0698235158259428,53.460026041666666,0.15529527319032713,53.155652899244316,53.764399184089015,53.459765624999996,0.15540307891289953,53.155181187244075,53.764350062755916,0.0,0.0,0.0,0.0,0.00026041666666666666,0.0002604166666666667,0.0,0.0007708239543073058,1.0,0.0,1.0,1.0
2.0,spoilage_intensity_2,single_average,2.1,0.1905,48684.972220237374,140.84294555889588,48408.925119465406,48961.01932100934,45385.374177997306,131.93149656414698,45126.79319630511,45643.9551596895,0.0,0.0,0.0,0.0,3052.5,8.539125638299666,3035.76362128947,3069.23637871053,202.62574983309858,0.5668293973397234,201.51478462893417,203.736715037263,29.26395907363505,0.058227880854037406,29.149834524265046,29.378083623005054,0.0,0.0,0.0,0.0,0.0,0.0,0.0,0.0,15.208333333333332,1.0363621552116085,13.17710083417827,17.239565832488395,0.0,0.0,0.0,0.0,25.4375,0.07115938031916388,25.29803017741225,25.57696982258775,25.4375,0.07115938031916388,25.29803017741225,25.57696982258775,0.578930713808853,0.0016195125638277786,0.5757565275112404,0.5821049001064655,365.79948842043814,0.7278485106754681,364.3729315533131,367.2260452875632,6.838215161866453,0.027520371427829243,6.784276225026742,6.892154098706163,0.0,0.0,0.0,0.0,1.5208333333333333,0.10363621552116084,1.317710083417827,1.7239565832488395,53.418749999999996,0.14943469867024411,53.125863372565725,53.71163662743427,0.8613281249999999,0.07035449514739052,0.7234358483606165,0.9992204016393833,53.459765624999996,0.15540307891289953,53.155181187244075,53.764350062755916,53.459765624999996,0.15540307891289953,53.155181187244075,53.764350062755916,0.0,0.0,0.0,0.0,0.0,0.0,0.0,0.0,1.0,0.0,1.0,1.0
2.0,spoilage_intensity_2,single_average,2.25,0.1905,48390.34337414885,140.65176732954805,48114.67097582103,48666.01577247667,45306.99689478318,131.7036603402896,45048.862463884114,45565.13132568225,0.0,0.0,0.0,0.0,2845.0,8.568121054974563,2828.2067913170704,2861.7932086829296,194.61636912336235,0.5861148013808725,193.46760522185,195.7651330248747,31.438443575640807,0.06555309460855696,31.309961871132888,31.566925280148727,0.0,0.0,0.0,0.0,0.0,0.0,0.0,0.0,12.291666666666666,0.8094289743703672,10.705215028857552,13.87811830447578,0.0,0.0,0.0,0.0,23.708333333333332,0.07140100879145471,23.568389927642254,23.84827673902441,23.708333333333332,0.07140100879145471,23.568389927642254,23.84827673902441,0.5560467689238924,0.0016746137182310629,0.5527645863481427,0.559328951499642,392.98054469551005,0.8194136826069626,391.3745233891611,394.586566001859,7.3612391464183835,0.024390228558953866,7.313435176868134,7.409043115968633,0.0,0.0,0.0,0.0,1.2291666666666667,0.08094289743703671,1.0705215028857553,1.3878118304475782,53.34375,0.16065226978077304,53.02887733719507,53.65862266280493,1.011328125,0.08461428021330457,0.8454871832041428,1.177169066795857,53.459765624999996,0.15540307891289953,53.155181187244075,53.764350062755916,53.459765624999996,0.15540307891289953,53.155181187244075,53.764350062755916,0.0,0.0,0.0,0.0,0.0,0.0,0.0,0.0,1.0,0.0,1.0,1.0
2.0,spoilage_intensity_2,single_average,2.4,0.1905,48141.859672333056,139.43868846008627,47868.56486489979,48415.15447976632,45233.680995469396,131.4904413923463,44975.96446602912,45491.39752490967,0.0,0.0,0.0,0.0,2673.125,7.7436449878860465,2657.9477347146794,2688.3022652853206,188.15614482964318,0.5450603274631858,187.08784621841372,189.22444344087265,33.668229250016324,0.059046865194862616,33.5524995208344,33.783958979198246,0.00013611734207493446,0.00013611734207493446,0.0,0.0004029024302131245,0.0,0.0,0.0,0.0,13.229166666666666,1.0014560332375737,11.266348909420675,15.191984423912658,1.3623619711141306e-06,1.3623619711141308e-06,0.0,4.0325423684048245e-06,22.276041666666664,0.0645303748990504,22.14956445595566,22.40251887737767,22.276041666666664,0.0645303748990504,22.14956445595566,22.40251887737767,0.5375889852275519,0.0015573152213233855,0.5345367034811821,0.5406412669739218,420.8528656252041,0.7380858149357822,419.4062440104301,422.29948723997813,7.869239300924319,0.02731740478422056,7.815698171396145,7.922780430452493,0.00013611734207493446,0.00013611734207493446,0.0,0.0004029024302131245,1.3229166666666665,0.10014560332375738,1.1266348909420674,1.5191984423912657,53.462500000000006,0.15487289975772078,53.15895469429359,53.76604530570642,0.9363240379140867,0.08092263992335248,0.7777185781304127,1.0949294976977606,53.459765624999996,0.15540307891289953,53.155181187244075,53.764350062755916,53.459765624999996,0.15540307891289953,53.155181187244075,53.764350062755916,0.0,0.0,0.0,0.0,0.0,0.0,0.0,0.0,1.0,0.0,1.0,1.0
2.0,spoilage_intensity_2,single_average,3.0,0.1905,47338.2926918644,137.60501039772686,47068.5918273926,47607.9935563362,44980.26877633771,130.74789002839717,44724.00762082745,45236.529931847974,0.0,0.0,0.0,0.0,2135.625,6.583841903201292,2122.72090698982,2148.52909301018,166.44107413338708,0.5131152324463456,165.43538675787335,167.4467615089008,42.56244800817775,0.10175527553862818,42.363011332885094,42.76188468347041,0.009976718460147237,0.004624777417437946,0.0009123212854546987,0.019041115634839775,0.0,0.0,0.0,0.0,13.385416666666664,1.1512879728210634,11.12893370410325,15.641899629230078,0.00010040021368559976,4.655623116695122e-05,9.151677342454187e-06,0.00019164875002874532,17.796875,0.054865349193344105,17.689340891581832,17.904409108418168,17.796875,0.054865349193344105,17.689340891581832,17.904409108418168,0.47554592609539165,0.001466043521275272,0.47267253359392386,0.47841931859685943,532.0306001022219,1.2719409442328506,529.5376416610636,534.5235585433802,9.958032968113583,0.033437650719928595,9.892496376974893,10.023569559252273,0.009976718460147237,0.004624777417437946,0.0009123212854546987,0.019041115634839775,1.3385416666666665,0.11512879728210634,1.1128933704103252,1.5641899629230078,53.390625,0.1645960475800323,53.06802267474549,53.71322732525451,1.4328750707122255,0.10144308276521645,1.2340502820116854,1.6316998594127656,53.459765624999996,0.15540307891289953,53.155181187244075,53.764350062755916,53.459765624999996,0.15540307891289953,53.155181187244075,53.764350062755916,0.0,0.0,0.0,0.0,0.0,0.0,0.0,0.0,1.0,0.0,1.0,1.0
2.0,spoilage_intensity_2,single_average,4.5,0.1905,46219.91461852087,132.54405847536458,45960.13303754438,46479.69619949735,44559.39337007618,128.17745754836918,44308.170169651465,44810.61657050089,0.0,0.0,0.0,0.0,1426.875,4.547342456061387,1417.9623725607498,1435.7876274392502,135.38540536970854,0.4314630235786287,134.53975338283368,136.2310573565834,64.89487743306158,0.11563870499706608,64.66822973604847,65.12152513007469,4.704507308579611,0.2034246829219847,4.305802256486041,5.103212360673181,11.890625,0.037894520467178235,11.816353104672915,11.964896895327085,16.77083333333333,0.9592925668616321,14.890654451647547,18.651012215019108,0.0478231171995468,0.002078307285493687,0.04374970977117197,0.05189652462792163,11.890625,0.037894520467178235,11.816353104672915,11.964896895327085,11.890625,0.037894520467178235,11.816353104672915,11.964896895327085,0.386815443913453,0.0012327514959389403,0.38439929537952483,0.3892315924473812,811.1859679132699,1.445483812463326,808.3528717006061,814.0190641259337,15.15612787204656,0.04551443521355168,15.066921218251318,15.245334525841804,4.704507308579611,0.2034246829219847,4.305802256486041,5.103212360673181,1.677083333333333,0.0959292566861632,1.489065445164755,1.8651012215019112,53.5078125,0.17052534210230202,53.17358897102812,53.84203602897188,2.1601695595501886,0.1593912054527017,1.847768537410469,2.4725705816899084,53.459765624999996,0.15540307891289953,53.155181187244075,53.764350062755916,53.459765624999996,0.15540307891289953,53.155181187244075,53.764350062755916,0.0,0.0,0.0,0.0,0.0,0.0,0.0,0.0,1.0,0.0,1.0,1.0
2.0,spoilage_intensity_2,single_average,5.0,0.1905,46072.872063817995,129.89687148621212,45818.27887400059,46327.4652536354,44513.62521229116,126.17333085593913,44266.330028004064,44760.92039657826,0.20990786372730563,0.2099078637273056,0.0,0.6213197167045662,1286.25,4.005824132950295,1278.398728971016,1294.101271028984,128.73921766412786,0.40093812631767145,127.95339337651626,129.52504195173947,72.3819082230974,0.11749598597516192,72.15162032225805,72.61219612393674,13.426234442544526,0.40644448689575896,12.629617886513977,14.222850998575076,42.875,0.1335274710983433,42.613290965700536,43.136709034299464,15.364583333333332,0.7446797909648338,13.905037763027442,16.824128903639224,0.13698522818923242,0.00415899896016861,0.12883374001556241,0.14513671636290243,10.71875,0.03338186777458582,10.653322741425134,10.784177258574866,10.71875,0.03338186777458582,10.653322741425134,10.784177258574866,0.3678263361832224,0.0011455375037647752,0.36558112393290354,0.3700715484335413,904.7738527887175,1.468699824689523,901.8952540282257,907.6524515492092,16.850978779666704,0.05391144236916317,16.74531429426854,16.95664326506487,13.426234442544526,0.40644448689575896,12.629617886513977,14.222850998575076,1.536458333333333,0.07446797909648338,1.3905037763027441,1.682412890363922,53.59375,0.16690933887292905,53.26661370712567,53.92088629287433,2.399924178285308,0.18070447314118382,2.045749919083302,2.7540984374873134,53.45974017852477,0.15541012710835087,53.15514192655961,53.76433843048993,53.459765624999996,0.15540307891289953,53.155181187244075,53.764350062755916,0.0001234752139572386,0.0001234752139572386,0.0,0.00036548218629680365,9.802873872651765e-05,9.802873872651766e-05,0.0,0.00029016153608037913,0.999997719755975,2.2802440250661166e-06,0.9999932505598098,1.00000218895214
2.0,spoilage_intensity_2,single_average,9.0,0.1905,47509.802076506836,120.6911359523919,47273.25179678692,47746.35235622675,45690.33755741777,118.1471735945279,45458.77335229729,45921.90176253825,0.0,0.0,0.0,0.0,738.125,2.6621520564063523,732.9072778480743,743.3427221519257,101.05705321321517,0.3644765344974451,100.3426923323902,101.77141409404014,132.15735930714845,0.2421565320374859,131.68274122573385,132.63197738856306,223.90635656870376,1.279492342299932,221.3985976593011,226.41411547810642,615.1041666666665,2.2184600470052893,610.7560648733951,619.452268459938,9.114583333333332,0.6042279548370181,7.930318303400482,10.298848363266181,2.393773833584662,0.014102237058398663,2.3661339568487545,2.4214137103205697,6.151041666666666,0.022184600470052922,6.107560648733952,6.19452268459938,6.151041666666666,0.022184600470052922,6.107560648733952,6.19452268459938,0.2887344377520434,0.001041361527135557,0.2866934066639721,0.2907754688401147,1651.9669913393557,3.0269566504685734,1646.0342653216733,1657.899717357038,29.021091159842378,0.08475576657644857,28.854972909870455,29.1872094098143,223.90635656870376,1.279492342299932,221.3985976593011,226.41411547810642,0.9114583333333333,0.06042279548370181,0.7930318303400483,1.0298848363266182,55.359375,0.19966140423047643,54.968045838605576,55.750704161394424,4.763137889504144,0.3150965996523772,4.1455599025344485,5.380715876473839,53.459765624999996,0.15540307891289953,53.155181187244075,53.764350062755916,53.459765624999996,0.15540307891289953,53.155181187244075,53.764350062755916,0.0,0.0,0.0,0.0,0.0,0.0,0.0,0.0,1.0,0.0,1.0,1.0
2.0,spoilage_intensity_2,single_average,10.0,0.1905,48259.6936500905,121.87665593639086,48020.81979389899,48498.56750628201,46197.30704543775,118.09525387512898,45965.844601097386,46428.76948977812,0.0,0.0,0.0,0.0,686.875,2.6056543369774747,681.7680113433636,691.9819886566364,99.71710574813748,0.37827597315883715,98.97569846452933,100.45851303174564,146.9998131789228,0.29130896146892205,146.42885810606995,147.57076825177566,296.68010239236,1.3831999610638388,293.9690802852577,299.39112449946236,824.25,3.1267852043729696,818.1216136120363,830.3783863879637,7.864583333333332,0.5956151666114042,6.697199058129156,9.031967608537508,3.1684992810099963,0.016047439182718823,3.1370468781677707,3.199951683852222,5.723958333333332,0.021713786141478977,5.681400094528028,5.766516572138636,5.723958333333332,0.021713786141478977,5.681400094528028,5.766516572138636,0.28490601642325,0.001080788494739533,0.28278770989865526,0.2870243229478447,1837.4976647365352,3.641362018361527,1830.3607263258746,1844.6346031471958,32.030793675694355,0.08844721851506993,31.857440312872072,32.20414703851664,296.68010239236,1.3831999610638388,293.9690802852577,299.39112449946236,0.7864583333333333,0.05956151666114042,0.6697199058129156,0.9031967608537509,57.239583333333336,0.21713786141478972,56.8140009452803,57.66516572138637,5.595838756704994,0.38359760416119637,4.844001267993198,6.347676245416791,53.459765624999996,0.15540307891289953,53.155181187244075,53.764350062755916,53.459765624999996,0.15540307891289953,53.155181187244075,53.764350062755916,0.0,0.0,0.0,0.0,0.0,0.0,0.0,0.0,1.0,0.0,1.0,1.0
2.0,spoilage_intensity_2,two_person_low,1.8,0.15475,69264.65724268739,175.63923351527237,68920.41067072524,69608.90381464954,63897.27816070491,162.08023619505178,63579.60673515686,64214.94958625296,0.6640625,0.6640625,0.0,1.9656010834836297,4998.125,12.643766501687951,4973.343673027757,5022.906326972243,310.7642871948711,0.7861410197534962,309.22347910938464,312.30509528035753,24.44031562095116,0.04525679464204496,24.351613933397026,24.529017308505296,0.0,0.0,0.0,0.0,0.0,0.0,0.0,0.0,33.385416666666664,1.4192945349581534,30.603650494694158,36.16718283863917,0.0,0.0,0.0,0.0,41.65104166666666,0.10536472084739958,41.44453060856464,41.857552724768674,41.65104166666666,0.10536472084739958,41.44453060856464,41.857552724768674,0.8878979634139175,0.0022461171992957025,0.8834956545982419,0.8923002722295931,305.5039452618895,0.5657099330255622,304.3951741674628,306.6127163563162,4.076580657390933,0.013302384755518688,4.050508462361622,4.102652852420244,0.0,0.0,0.0,0.0,3.338541666666666,0.14192945349581534,3.0603650494694157,3.6167182838639165,74.971875,0.18965649752531905,74.60015509541637,75.34359490458363,0.798046875,0.0623517703733759,0.6758396506958717,0.9202540993041284,74.97578125,0.19018168979507077,74.6030319874827,75.3485305125173,74.97617187499999,0.19022444392039933,74.60333881593685,75.34900493406313,0.00039062499999999997,0.00039062499999999997,0.0,0.0011562359314609585,0.0,0.0,0.0,0.0,0.999994880406291,5.1195937090433435e-06,0.9999848461870058,1.0000049146255763
2.0,spoilage_intensity_2,two_person_low,2.0,0.15475,68595.3607162382,173.86281856965778,68254.59585359105,68936.12557888535,63730.41015625,161.75109373123175,63413.38383807682,64047.43647442318,1.9921875,1.4063408979416296,0.0,4.748565009951314,4500.625,11.581052790232793,4477.926553628086,4523.323446371914,292.55237589558567,0.7527986688859437,291.0769176169595,294.0278341742118,27.85391325927712,0.060990620025099265,27.734373840633157,27.973452677921085,0.0,0.0,0.0,0.0,0.0,0.0,0.0,0.0,41.92708333333333,1.4694956173389244,39.04692484790959,44.80724181875707,0.0,0.0,0.0,0.0,37.50520833333333,0.0965087732519399,37.31605461356738,37.694362053099276,37.50520833333333,0.0965087732519399,37.31605461356738,37.694362053099276,0.8358639311302448,0.002150853339674127,0.8316483360484558,0.8400795262120339,348.173915740964,0.7623827503137417,346.67967300791446,349.6681584740135,4.644551404946399,0.015257885317876911,4.6146464992431175,4.67445631064968,0.0,0.0,0.0,0.0,4.192708333333333,0.14694956173389243,3.9046924847909588,4.480724181875708,75.01041666666666,0.1930175465038798,74.63210922713476,75.38872410619855,0.8753906250000001,0.07868251901285371,0.7211757215219188,1.0296055284780814,74.976953125,0.19029540438968442,74.60398098597273,75.34992526402726,74.97617187499999,0.19022444392039933,74.60333881593685,75.34900493406313,0.001171875,0.0008272593517303703,0.0,0.0027932735352654784,0.001953125,0.000803495833758099,0.0003783021041061435,0.0035279478958938565,0.9999844008026134,1.099180360159382e-05,0.9999628572634292,1.0000059443417977
2.0,spoilage_intensity_2,two_person_low,2.1,0.15475,68275.92149495077,172.60630420173155,67937.61935521082,68614.22363469073,63652.34310064377,161.4156699635201,63335.974200974866,63968.71200031267,0.0,0.0,0.0,0.0,4281.25,11.01833788923129,4259.654454567613,4302.845545432387,284.1904967970363,0.7314001561736052,282.75697883264905,285.62401476142355,28.91914750996706,0.05352819072677372,28.814234183984993,29.02406083594913,0.0,0.0,0.0,0.0,0.0,0.0,0.0,0.0,29.21875,1.2917246690766024,26.68701617066794,31.75048382933206,0.0,0.0,0.0,0.0,35.67708333333333,0.09181948241026072,35.49712045473011,35.85704621193655,35.67708333333333,0.09181948241026072,35.49712045473011,35.85704621193655,0.8119728479915322,0.0020897147319245855,0.8078770823789972,0.8160686136040672,361.48934387458826,0.6691023840846718,360.17792729981244,362.8007604493641,4.82197801516134,0.012369652262419815,4.7977339422257135,4.846222088096967,0.0,0.0,0.0,0.0,2.921875,0.12917246690766024,2.668701617066794,3.175048382933206,74.921875,0.1928209130615475,74.54395295493323,75.29979704506677,0.9000000000000001,0.07850798981177466,0.7461271674702843,1.053872832529716,74.9765625,0.19013270333762208,74.60390924917502,75.34921575082498,74.97617187499999,0.19022444392039933,74.60333881593685,75.34900493406313,0.0,0.0,0.0,0.0,0.00039062499999999997,0.0003906249999999999,0.0,0.0011562359314609583,1.0,0.0,1.0,1.0
2.0,spoilage_intensity_2,two_person_low,2.25,0.15475,67874.05657677102,171.82681959431454,67537.2821987881,68210.83095475394,63541.757966277895,161.23644621479983,63225.74033870166,63857.77559385413,0.6640625,0.6640625,0.0,1.9656010834836297,3999.375,10.176700259642276,3979.429034009642,4019.320965990358,273.5830725000869,0.6961520049871197,272.2186396425468,274.94750535762705,31.12439215970745,0.0494581770823506,31.02745591388504,31.221328405529864,0.0,0.0,0.0,0.0,0.0,0.0,0.0,0.0,27.552083333333332,1.2067979377991855,25.18680283862972,29.917363828036944,0.0,0.0,0.0,0.0,33.328125,0.08480583549701899,33.16190861674701,33.49434138325299,33.328125,0.08480583549701899,33.16190861674701,33.49434138325299,0.7816659214288196,0.0019890057285346313,0.777767541835848,0.7855643010217913,389.0549019963431,0.6182272135293825,387.84319892356297,390.2666050691233,5.190071483930376,0.01490844034827754,5.160851477782089,5.219291490078664,0.0,0.0,0.0,0.0,2.755208333333333,0.12067979377991854,2.518680283862972,2.991736382803694,74.98828125,0.19081312986829269,74.61429438768079,75.36226811231921,1.037109375,0.07367798177613792,0.8927031842651713,1.1815155657348289,74.97578125,0.19025014270684582,74.60289782224098,75.34866467775902,74.97617187499999,0.19022444392039933,74.60333881593685,75.34900493406313,0.00039062499999999997,0.0003906249999999999,0.0,0.0011562359314609583,0.0,0.0,0.0,0.0,0.9999947355121294,5.2644878706202555e-06,0.9999844173055059,1.0000050537187528
2.0,spoilage_intensity_2,two_person_low,2.4,0.15475,67512.25209707787,170.92837204394738,67177.23864393568,67847.26555022007,63438.932912863966,160.99896666992447,63123.38073664275,63754.48508908518,0.6640625,0.6640625,0.0,1.9656010834836297,3750.0,9.636241116594315,3731.113314465131,3768.886685534869,263.95531189568834,0.6782765411820546,262.62591430341314,265.28470948796354,33.17897648490454,0.06655441889894417,33.04853222085062,33.30942074895846,0.0,0.0,0.0,0.0,0.0,0.0,0.0,0.0,25.52083333333333,1.141013190146452,23.28448857476113,27.757178091905526,0.0,0.0,0.0,0.0,31.25,0.08030200930495257,31.092610953876093,31.407389046123907,31.25,0.08030200930495257,31.092610953876093,31.407389046123907,0.754158033987681,0.0019379329748058732,0.7503597551526089,0.7579563128227531,414.7372060613068,0.8319302362368016,413.10665276063276,416.3677593619808,5.534967329796306,0.01840420835692676,5.498895744252758,5.571038915339853,0.0,0.0,0.0,0.0,2.552083333333333,0.1141013190146452,2.328448857476113,2.775717809190553,75.0,0.19272482233188634,74.62226628930262,75.37773371069738,1.173046875,0.08858333173657074,0.9994267351657574,1.3466670148342426,74.97578124999998,0.19027784283667495,74.60284353098413,75.34871896901583,74.97617187499999,0.19022444392039933,74.60333881593685,75.34900493406313,0.00039062499999999997,0.0003906249999999999,0.0,0.0011562359314609583,0.0,0.0,0.0,0.0,0.9999946745057942,5.325494205862467e-06,0.9999842367289508,1.0000051122826374
2.0,spoilage_intensity_2,two_person_low,3.0,0.15475,66378.6503513436,168.0715175548564,66049.23623010909,66708.06447257812,63084.39871515547,160.02357926148323,62770.75826312577,63398.03916718517,0.0,0.0,0.0,0.0,2998.75,7.66194212604462,2983.7328693813224,3013.7671306186776,233.70918164822686,0.5971375486832728,232.5388135589911,234.8795497374626,42.052871206576526,0.07258209556294887,41.910612913350704,42.19512949980235,0.0,0.0,0.0,0.0,0.0,0.0,0.0,0.0,19.73958333333333,0.8667400746663486,18.040804003029727,21.43836266363693,0.0,0.0,0.0,0.0,24.989583333333332,0.0638495177170385,24.864440578177685,25.11472608848898,24.989583333333332,0.0638495177170385,24.864440578177685,25.11472608848898,0.6677405189949339,0.0017061072819522047,0.6643966101685461,0.6710844278213217,525.6608900822066,0.9072761945368595,523.8826614168838,527.4391187475294,7.010369747808587,0.02058399841724859,6.970025852252951,7.050713643364224,0.0,0.0,0.0,0.0,1.973958333333333,0.08667400746663488,1.804080400302973,2.143836266363693,74.96875,0.1915485531511155,74.59332173453306,75.34417826546694,1.3875,0.1146739360410327,1.1627432153941262,1.6122567846058737,74.976953125,0.19019092906564428,74.60418575384512,75.34972049615487,74.97617187499999,0.19022444392039933,74.60333881593685,75.34900493406313,0.0,0.0,0.0,0.0,0.0007812499999999999,0.0005480252925095325,0.0,0.0018553598359357117,1.0,0.0,1.0,1.0
2.0,spoilage_intensity_2,two_person_low,4.5,0.15475,64712.20301559172,163.81316579013478,64391.13511044956,65033.27092073387,62437.95973751195,158.39660135534177,62127.50810358193,62748.411371441965,0.0,0.0,0.0,0.0,2000.625,5.307391334523749,1990.2227041324734,2011.0272958675266,189.82421488762026,0.5035783283610523,188.8372195006377,190.81121027460281,64.23620904034107,0.11367993183071788,64.0134004681879,64.45901761249424,0.026604151812925678,0.008682782546295216,0.009586210736594072,0.04362209288925728,0.0,0.0,0.0,0.0,19.531249999999996,1.3945661497116286,16.79795057250651,22.26454942749348,0.00026785769133888884,8.762884650860683e-05,9.610830817523099e-05,0.00043960707450254666,16.671875,0.04422826112103126,16.585189201103944,16.758560798896056,16.671875,0.04422826112103126,16.585189201103944,16.758560798896056,0.5423548996789149,0.0014387952238887202,0.5395349128589648,0.545174886498865,802.9526130042633,1.4209991478839752,800.1675058523487,805.7377201561779,10.712443470562274,0.034092686150301935,10.645623033571455,10.779263907553092,0.026604151812925678,0.008682782546295216,0.009586210736594072,0.04362209288925728,1.9531249999999998,0.13945661497116285,1.6797950572506513,2.2264549427493483,75.0234375,0.19902717504464057,74.63335140496775,75.41352359503225,2.15985239154338,0.15564406914610043,1.8547956216097612,2.4649091614769985,74.97617187499999,0.19022444392039933,74.60333881593685,75.34900493406313,74.97617187499999,0.19022444392039933,74.60333881593685,75.34900493406313,0.0,0.0,0.0,0.0,0.0,0.0,0.0,0.0,1.0,0.0,1.0,1.0
2.0,spoilage_intensity_2,two_person_low,5.0,0.15475,64341.63043788503,162.7224253166528,64022.70034478739,64660.56053098268,62271.511097169096,157.8589691693254,61962.1132029606,62580.90899137759,0.24504697802686004,0.24504697802686004,0.0,0.7253302294798838,1796.875,4.984474905079278,1787.105608704201,1806.644391295799,179.84706063380347,0.4988901067027268,178.86925399242278,180.82486727518415,71.78296073054952,0.1049257292923701,71.57731008008487,71.98861138101417,0.17135570688331167,0.02891519953044623,0.11468295719784757,0.22802845656877577,0.0,0.0,0.0,0.0,21.197916666666664,0.9661579220817031,19.304281936008472,23.091551397324857,0.0017274381461447042,0.0002930959989632146,0.0011529805441640145,0.002301895748125394,14.973958333333332,0.041537290875660646,14.892546739201673,15.05536992746499,14.973958333333332,0.041537290875660646,14.892546739201673,15.05536992746499,0.5138487446680098,0.0014254003048649357,0.5110550114069221,0.5166424779290975,897.287009131869,1.311571616154625,894.716376001061,899.857642262677,11.959494356263418,0.03161890958318222,11.897522432249954,12.021466280276883,0.17135570688331167,0.02891519953044623,0.11468295719784757,0.22802845656877577,2.1197916666666665,0.09661579220817033,1.9304281936008472,2.309155139732486,74.86979166666666,0.2076864543783032,74.46273369600836,75.27684963732496,2.319083398365505,0.17433143116275657,1.9774000719131786,2.6607667248178317,74.9764183547188,0.19016926768533154,74.6036934390892,75.3491432703484,74.97617187499999,0.19022444392039933,74.60333881593685,75.34900493406313,0.00014414528119227062,0.00014414528119227062,0.0,0.00042666484087051985,0.00039062499999999997,0.00039062499999999997,0.0,0.0011562359314609585,0.9999981052214105,1.89477858944867e-06,0.9999943915236166,1.0000018189192046
2.0,spoilage_intensity_2,two_person_low,9.0,0.15475,63829.04316106056,151.2613837295849,63532.57629669888,64125.51002542224,62137.490672259286,148.14773202837694,61847.12645309237,62427.8548914262,0.0,0.0,0.0,0.0,1013.125,3.2188294604154,1006.8162101852093,1019.4337898147907,138.70743713685164,0.44069150897945975,137.84369765095929,139.571176622744,131.2535545411961,0.22497161191136994,130.8126182843059,131.69449079808632,94.99774712322278,1.0000898407583405,93.03760705403204,96.95788719241352,303.9375,0.96564883812462,302.0448630555628,305.8301369444372,9.53125,0.5136324301077351,8.524548935697053,10.537951064302947,0.982968999349328,0.01061113327583638,0.9621715602935342,1.003766438405122,8.442708333333332,0.026823578836795012,8.390135084876743,8.495281581789921,8.442708333333332,0.026823578836795012,8.390135084876743,8.495281581789921,0.3963069632481475,0.0012591185970841697,0.39383913614559796,0.3987747903506971,1640.6694317649517,2.812145148892126,1635.1577285538242,1646.1811349760792,21.445662075445334,0.05636112282604537,21.335196304578048,21.55612784631262,94.99774712322278,1.0000898407583405,93.03760705403204,96.95788719241352,0.953125,0.05136324301077351,0.8524548935697053,1.0537951064302948,75.984375,0.241412209531155,75.5112157638907,76.4575342361093,4.702298041606639,0.30008229090585964,4.114147559032883,5.290448524180395,74.97617187499999,0.19022444392039933,74.60333881593685,75.34900493406313,74.97617187499999,0.19022444392039933,74.60333881593685,75.34900493406313,0.0,0.0,0.0,0.0,0.0,0.0,0.0,0.0,1.0,0.0,1.0,1.0
2.0,spoilage_intensity_2,two_person_low,10.0,0.15475,64298.66914928151,147.95445967493265,64008.68373696656,64588.65456159646,62438.204964503864,145.53434764901667,62152.96288459826,62723.44704440947,0.0,0.0,0.0,0.0,925.625,2.7984104756944057,920.1402162536793,931.1097837463207,134.3776465996284,0.40625935334888463,133.58139289868205,135.17390030057476,146.25036464805726,0.26884605795639144,145.72343605707715,146.77729323903736,150.33617352995358,1.3173495484633282,147.75421585991535,152.91813119999182,493.66666666666663,1.4924855870370175,490.74144866862895,496.5918846647043,10.208333333333332,0.7115938031916388,8.813635107455838,11.603031559210827,1.560047162790229,0.01416075114718075,1.5322926005477204,1.5878017250327376,7.713541666666666,0.0233200872974534,7.667835135447327,7.759248197886005,7.713541666666666,0.0233200872974534,7.667835135447327,7.759248197886005,0.3839361331417954,0.0011607410095682425,0.381661122567663,0.38621114371592785,1828.1295581007157,3.3605757244548906,1821.5429507134645,1834.716165487967,23.660728908993427,0.0724162829362412,23.51879560254413,23.802662215442723,150.33617352995358,1.3173495484633282,147.75421585991535,152.91813119999182,1.0208333333333333,0.07115938031916387,0.8813635107455837,1.1603031559210828,77.13541666666666,0.23320087297453412,76.67835135447326,77.59248197886005,5.5050961800196285,0.35966255585657,4.800170523953126,6.210021836086131,74.97617187499999,0.19022444392039933,74.60333881593685,75.34900493406313,74.97617187499999,0.19022444392039933,74.60333881593685,75.34900493406313,0.0,0.0,0.0,0.0,0.0,0.0,0.0,0.0,1.0,0.0,1.0,1.0
2.0,spoilage_intensity_2,two_person_average,1.8,0.15475,98515.6980099534,211.11668386848655,98101.91691303563,98929.47910687116,90890.61404199261,194.811813243667,90508.78990427208,91272.43817971314,0.6640625,0.6640625,0.0,1.9656010834836297,7109.375,15.072370061994706,7079.83369751683,7138.91630248317,442.0337335052719,0.9371422960916549,440.1969683565431,443.87049865400076,24.417421955544523,0.04391372174398745,24.331352642499194,24.50349126858985,0.0,0.0,0.0,0.0,0.0,0.0,0.0,0.0,48.59375,1.5710058385273267,45.51463513698429,51.67286486301571,0.0,0.0,0.0,0.0,59.24479166666667,0.12560308384995586,58.99861414597359,59.49096918735975,59.24479166666667,0.12560308384995586,58.99861414597359,59.49096918735975,1.262953524300777,0.002677549417404728,1.2577056238758375,1.2682014247257165,305.21777444430654,0.548921521799843,304.14190803123995,306.29364085737313,2.8622527810425615,0.008337748702378429,2.845911093873754,2.878594468211369,0.0,0.0,0.0,0.0,4.859375,0.15710058385273265,4.55146351369843,5.16728648630157,106.640625,0.2260855509299206,106.19750546275246,107.08374453724754,0.758203125,0.06312449583205666,0.6344813866269201,0.8819248633730798,106.64921874999999,0.2285882640875217,106.20119398509992,107.09724351490006,106.64921874999999,0.22864386303929235,106.20108501315687,107.0973524868431,0.00039062499999999997,0.0003906249999999999,0.0,0.0011562359314609583,0.00039062499999999997,0.0003906249999999999,0.0,0.0011562359314609583,0.9999963654338218,3.63456617818135e-06,0.9999892418150131,1.0000034890526304
2.0,spoilage_intensity_2,two_person_average,2.0,0.15475,97557.2667955647,209.70172995682367,97146.25895735358,97968.27463377583,90651.50390625,194.31495578064187,90270.65359126245,91032.35422123755,0.6640625,0.49181030134895704,0.0,1.6279929778697464,6399.375,14.099763239597266,6371.739971859847,6427.010028140153,415.97608343214864,0.9165214243153824,414.1797344494311,417.77243241486616,27.716493382567208,0.04971399552551545,27.61905574180961,27.813931023324805,0.0,0.0,0.0,0.0,0.0,0.0,0.0,0.0,62.03125,1.868731714385006,58.368603143037596,65.6938968569624,0.0,0.0,0.0,0.0,53.328125,0.1174980269966439,53.09783309883206,53.55841690116794,53.328125,0.1174980269966439,53.09783309883206,53.55841690116794,1.1885030955204245,0.0026186326409010897,1.1833706698555173,1.1936355211853318,346.45616728209006,0.6214249440689429,345.23819677262014,347.67413779156,3.2495082121802144,0.009917420434254136,3.2300704253095347,3.268945999050894,0.0,0.0,0.0,0.0,6.203125,0.18687317143850063,5.83686031430376,6.56938968569624,106.65625,0.2349960539932878,106.19566619766412,107.11683380233588,0.914453125,0.06958325466807465,0.7780724519234951,1.0508337980765048,106.648828125,0.2286058303301668,106.200768930897,107.09688731910299,106.64921874999999,0.22864386303929235,106.20108501315687,107.0973524868431,0.000390625,0.00028930017726409244,0.0,0.0009576429281586746,0.0,0.0,0.0,0.0,0.9999963847670412,2.6844748283781744e-06,0.9999911232930602,1.0000016462410222
2.0,spoilage_intensity_2,two_person_average,2.1,0.15475,97111.57308202071,208.6278968558984,96702.6699180128,97520.47624602861,90541.26298855872,194.1102276866007,90160.81393326212,90921.71204385532,0.0,0.0,0.0,0.0,6093.125,13.600148443984452,6066.469198865392,6119.780801134608,404.4632340546433,0.9027814172985403,402.6938149908261,406.23265311846046,28.711442740685495,0.054217964041372614,28.605177483849317,28.817707997521673,0.0,0.0,0.0,0.0,0.0,0.0,0.0,0.0,44.010416666666664,1.3407936286257822,41.38250944385936,46.638323889473966,0.0,0.0,0.0,0.0,50.776041666666664,0.1133345703665371,50.55390999054493,50.9981733427884,50.776041666666664,0.1133345703665371,50.55390999054493,50.9981733427884,1.1556092401561235,0.0025793754779958253,1.150553757116646,1.160664723195601,358.8930342585687,0.6777245505171574,357.5647185481165,360.22134996902093,3.3672447444508626,0.010917320290984672,3.345847189872844,3.388642299028881,0.0,0.0,0.0,0.0,4.401041666666667,0.1340793628625782,4.138250944385937,4.663832388947397,106.6296875,0.2380025977697281,106.16321098014436,107.09616401985565,1.03359375,0.07314424254604,0.8902336689332994,1.1769538310667007,106.64921874999999,0.22864386303929235,106.20108501315687,107.0973524868431,106.64921874999999,0.22864386303929235,106.20108501315687,107.0973524868431,0.0,0.0,0.0,0.0,0.0,0.0,0.0,0.0,1.0,0.0,1.0,1.0
2.0,spoilage_intensity_2,two_person_average,2.25,0.15475,96535.44183950595,206.8018079194534,96130.11774404605,96940.76593496585,90384.24261976883,193.65368847390394,90004.68836488664,90763.79687465103,2.65625,1.2961172843847706,0.11590680286599087,5.196593197134009,5688.75,12.29494508337368,5664.65235044469,5712.84764955531,389.14723017593235,0.8410536276616252,387.4987953566488,390.7956649952159,30.906156227837933,0.0500432276707181,30.808073303933188,31.004239151742677,0.0,0.0,0.0,0.0,0.0,0.0,0.0,0.0,39.73958333333333,1.5364197993105282,36.72825586155044,42.75091080511622,0.0,0.0,0.0,0.0,47.40625,0.1024578756947807,47.20543625370575,47.60706374629425,47.40625,0.1024578756947807,47.20543625370575,47.60706374629425,1.1118492290740924,0.0024030103647474984,1.107139415304711,1.116559042843474,386.3269528479741,0.6255403458839764,385.1009162991648,387.5529893967834,3.6230700565358376,0.010214536692351076,3.6030499325000664,3.6430901805716087,0.0,0.0,0.0,0.0,3.973958333333333,0.1536419799310528,3.6728255861550436,4.275091080511622,106.6640625,0.23053022031325648,106.21223157083793,107.11589342916207,1.1484375,0.0826776192671183,0.9863923439089333,1.3104826560910667,106.6484375,0.2285007064642528,106.2005843448881,107.0962906551119,106.64921874999999,0.22864386303929235,106.20108501315687,107.0973524868431,0.0015624999999999999,0.0007624219319910414,6.818047227411233e-05,0.0030568195277258874,0.0007812499999999999,0.0005480252925095325,0.0,0.0018553598359357117,0.9999853788230328,7.1349624594559584e-06,0.9999713945535813,0.9999993630924844
2.0,spoilage_intensity_2,two_person_average,2.4,0.15475,96013.53599886355,206.2738276590951,95609.2467256985,96417.8252720286,90238.97185897976,193.53515245995814,89859.64993041576,90618.29378754375,0.0,0.0,0.0,0.0,5330.0,11.985440903479256,5306.5089674903475,5353.4910325096525,375.1684833077384,0.8436322111693889,373.51499455764855,376.8219720578283,33.09357324271175,0.05627750053063825,32.98327136853177,33.20387511689173,0.0,0.0,0.0,0.0,0.0,0.0,0.0,0.0,36.30208333333333,1.4205075296756013,33.517939735401185,39.08622693126547,0.0,0.0,0.0,0.0,44.416666666666664,0.09987867419566046,44.22090806241956,44.61242527091377,44.416666666666664,0.09987867419566046,44.22090806241956,44.61242527091377,1.071909952307824,0.0024103777461982516,1.0671856987361386,1.0766342058795093,413.6696655338969,0.7034687566329774,412.29089210664705,415.0484389611467,3.879408700359627,0.010796215114112748,3.858248507566619,3.9005688931526348,0.0,0.0,0.0,0.0,3.630208333333333,0.14205075296756012,3.351793973540119,3.908622693126547,106.6,0.239708818069585,106.13017934980694,107.06982065019305,1.24453125,0.0737946057222705,1.0998964805310165,1.3891660194689837,106.649609375,0.22873097936489473,106.20130489329622,107.09791385670377,106.64921874999999,0.22864386303929235,106.20108501315687,107.0973524868431,0.0,0.0,0.0,0.0,0.00039062499999999997,0.0003906249999999999,0.0,0.0011562359314609583,1.0,0.0,1.0,1.0
2.0,spoilage_intensity_2,two_person_average,3.0,0.15475,94401.42781076525,202.54430429132242,94004.44826908053,94798.40735244997,89732.93202603495,192.3544394039765,89355.92425253676,90109.93979953314,0.6640625,0.6640625,0.0,1.9656010834836297,4263.75,9.458294000337766,4245.2120844041465,4282.2879155958535,332.2976317641108,0.7371371906985484,330.8528694186766,333.742394109545,41.94034046618202,0.07559944719199162,41.79216827243458,42.088512659929464,0.0,0.0,0.0,0.0,0.0,0.0,0.0,0.0,29.84375,1.2095065630214925,27.47316069741305,32.21433930258695,0.0,0.0,0.0,0.0,35.53125,0.07881911666948137,35.37676737003456,35.68573262996544,35.53125,0.07881911666948137,35.37676737003456,35.68573262996544,0.9494218050403166,0.0021061062591387117,0.9452939126247903,0.9535496974558428,524.2542558272752,0.9449930898998962,522.4021034054322,526.1064082491182,4.91916027575167,0.013815824374665206,4.892081757560596,4.946238793942745,0.0,0.0,0.0,0.0,2.984375,0.12095065630214924,2.747316069741305,3.221433930258695,106.59375,0.23645735000844417,106.13030211010367,107.05719788989633,1.3207031249999999,0.11754104036667325,1.0903269191759517,1.551079330824048,106.64921874999999,0.22861674328858742,106.20113816689152,107.09729933310845,106.64921874999999,0.22864386303929235,106.20108501315687,107.0973524868431,0.00039062499999999997,0.0003906249999999999,0.0,0.0011562359314609583,0.00039062499999999997,0.0003906249999999999,0.0,0.0011562359314609583,0.9999963654338218,3.63456617818135e-06,0.9999892418150131,1.0000034890526304
2.0,spoilage_intensity_2,two_person_average,4.5,0.15475,92014.58995263983,196.58187769023687,91629.2965523537,92399.88335292596,88814.0281145699,190.32196111752376,88441.00392531251,89187.05230382728,1.328125,0.9316429972662054,0.0,3.1541117210907106,2845.625,6.033450899933202,2833.79965353364,2857.45034646636,269.99989077892377,0.5724686436202815,268.8778728551495,271.121908702698,63.921322291004294,0.09398455403552014,63.73711594999162,64.10552863201697,0.0,0.0,0.0,0.0,0.0,0.0,0.0,0.0,19.6875,1.1029430676575411,17.525771310393097,21.849228689606903,0.0,0.0,0.0,0.0,23.713541666666664,0.05027875749944337,23.614997112780333,23.812086220552995,23.713541666666664,0.05027875749944337,23.614997112780333,23.812086220552995,0.7714282593683536,0.0016356246960579463,0.7682224938718557,0.7746340248648514,799.0165286375536,1.1748069254440032,796.7139493748952,801.3191079002121,7.492372188569839,0.02195793225470289,7.449335432175651,7.535408944964027,0.0,0.0,0.0,0.0,1.9687499999999998,0.1102943067657541,1.7525771310393092,2.1849228689606903,106.7109375,0.22625440874749506,106.2674870075115,107.1543879924885,2.3765625000000004,0.15165451919400322,2.079325104287016,2.673799895712985,106.64921875,0.22854146912431217,106.20128570154247,107.09715179845753,106.64921874999999,0.22864386303929235,106.20108501315687,107.0973524868431,0.0007812499999999999,0.0005480252925095325,0.0,0.0018553598359357117,0.0007812499999999999,0.0005480252925095325,0.0,0.0018553598359357117,0.9999926531506191,5.153909517035391e-06,0.9999825516735862,1.0000027546276522
2.0,spoilage_intensity_2,two_person_average,5.0,0.15475,91483.50178274294,196.48579887114198,91098.39669348192,91868.60687200396,88575.03372652993,189.88454352276648,88202.86686000448,88947.20059305539,0.4427083333333333,0.4427083333333334,0.0,1.3104007223224199,2556.875,6.191692302709217,2544.739506083336,2569.010493916664,255.9145478444835,0.6197190461168425,254.69992083356098,257.12917485540606,71.48580003519312,0.10272276637295216,71.28446711270982,71.68713295767643,0.0,0.0,0.0,0.0,0.0,0.0,0.0,0.0,23.75,1.0380227269466928,21.715512840050426,25.784487159949574,0.0,0.0,0.0,0.0,21.307291666666664,0.05159743585591016,21.206162550694465,21.408420782638863,21.307291666666664,0.05159743585591016,21.206162550694465,21.408420782638863,0.73118442241281,0.0017706258460481207,0.7277140595244599,0.7346547853011601,893.5725004399142,1.2840345796619028,891.0558389088728,896.0891619709555,8.391103510330899,0.02162718521831472,8.348715006216025,8.433492014445772,0.0,0.0,0.0,0.0,2.375,0.10380227269466927,2.1715512840050426,2.5784487159949574,106.53645833333333,0.25798717927955067,106.03081275347233,107.04210391319432,2.3203125,0.2068547793491447,1.9148845824456966,2.725740417554303,106.64895833333333,0.22863088974741153,106.20085002367505,107.0970666429916,106.64921874999999,0.22864386303929235,106.20108501315687,107.0973524868431,0.00026041666666666666,0.00026041666666666666,0.0,0.0007708239543073058,0.0,0.0,0.0,0.0,0.9999975746992626,2.4253007372913166e-06,0.9999928211971659,1.0000023282013595
2.0,spoilage_intensity_2,two_person_average,9.0,0.15475,89508.20896010665,188.76838956566488,89138.22971513832,89878.18820507498,87305.59745242371,184.988088479681,86943.02746143463,87668.16744341279,0.0,0.0,0.0,0.0,1425.0,3.5073618720610087,1418.1256970500115,1431.8743029499885,195.09744396793445,0.48019462197171364,194.15627980330007,196.03860813256884,129.87435868315617,0.18446983823146812,129.51280444398856,130.2359129223238,7.535538365188232,0.3126706252014347,6.922715200769798,8.148361529606666,427.5,1.0522085616183026,425.43770911500343,429.56229088499657,17.604166666666664,0.9749642454892196,15.693271859293526,19.515061474039804,0.07633621304471123,0.0031693360048822834,0.07012442862023589,0.08254799746918658,11.875,0.02922801560050842,11.817714142083428,11.932285857916572,11.875,0.02922801560050842,11.817714142083428,11.932285857916572,0.5574212684798128,0.0013719846342049003,0.5547322280094288,0.5601103089501968,1623.4294835394521,2.305872977893353,1618.9100555498571,1627.948911529047,15.192552635893438,0.0386457537672108,15.116808350354303,15.268296921432574,7.535538365188232,0.3126706252014347,6.922715200769798,8.148361529606666,1.7604166666666665,0.09749642454892196,1.5693271859293527,1.9515061474039803,106.875,0.26305214040457564,106.35942727875086,107.39057272124914,4.534237011067701,0.33132955128067926,3.8848430235437523,5.183630998591649,106.64921874999999,0.22864386303929235,106.20108501315687,107.0973524868431,106.64921874999999,0.22864386303929235,106.20108501315687,107.0973524868431,0.0,0.0,0.0,0.0,0.0,0.0,0.0,0.0,1.0,0.0,1.0,1.0
2.0,spoilage_intensity_2,two_person_average,10.0,0.15475,89546.01263282564,187.0883694176123,89179.3261668408,89912.6990988105,87202.5363490582,182.98208106428928,86843.898060356,87561.17463776038,0.6131782563889092,0.6131782563889093,0.0,1.8149855550142389,1287.5,3.3184190154205604,1280.9960182441628,1294.0039817558372,186.91286427767352,0.4817516140161199,185.96864846470788,187.85708009063916,144.6255446626322,0.21309494811899787,144.20788623903152,145.04320308623286,23.92886323740483,0.4944288140322016,22.959800568982864,24.897925905826796,686.6666666666667,1.7698234748909683,683.197876396887,690.1354569364465,13.229166666666664,0.7785170452100195,11.703301296704485,14.755032036628844,0.2430958992335855,0.005067132254322174,0.23316450251021278,0.2530272959569582,10.729166666666668,0.02765349179517138,10.674966818701359,10.783366514631977,10.729166666666668,0.02765349179517138,10.674966818701359,10.783366514631977,0.5340367550790672,0.0013764331829031994,0.5313389956134511,0.5367345145446833,1807.819308282902,2.6636868514874754,1802.5985779878938,1813.0400385779103,16.89809382417114,0.041972451036403735,16.81582933179692,16.980358316545363,23.92886323740483,0.4944288140322016,22.959800568982864,24.897925905826796,1.3229166666666665,0.07785170452100196,1.1703301296704485,1.4755032036628846,107.29166666666666,0.2765349179517137,106.74966818701355,107.83366514631976,5.584866225396668,0.373213477699496,4.853381250560713,6.316351200232623,106.64902930610567,0.2286215105269539,106.2009393793817,107.09711923282966,106.64921874999999,0.22864386303929235,106.20108501315687,107.0973524868431,0.000360693091993476,0.00036069309199347597,0.0,0.0010676385617730815,0.00017124919766998094,0.00017124919766998092,0.0,0.0005068914574845241,0.9999966501686371,3.34983136283766e-06,0.9999900846198116,1.0000032157174625
2.0,spoilage_intensity_2,family_three,1.8,0.15475,148065.67306011627,360.13123975296514,147359.8288004927,148771.51731973985,136641.86151578973,331.66213262845844,135991.81568080222,137291.90735077724,0.0,0.0,0.0,0.0,10689.375,26.7074418542253,10637.029375846521,10741.720624153479,664.6244346497288,1.6605665385773252,661.3697840401849,667.8790852592726,23.40585967683655,0.05562081073604502,23.296844891002984,23.514874462670114,0.0,0.0,0.0,0.0,0.0,0.0,0.0,0.0,46.40625,1.3755403930476355,43.71024037034656,49.10225962965344,0.0,0.0,0.0,0.0,89.078125,0.22256201545187757,88.64191146538768,89.51433853461232,89.078125,0.22256201545187757,88.64191146538768,89.51433853461232,1.8989269561420823,0.004744475824506643,1.8896279544005283,1.9082259578836362,292.5732459604568,0.6952601342005627,291.21056113753724,293.93593078337636,1.8254013940573808,0.00552303844445981,1.8145764376210094,1.8362263504937522,0.0,0.0,0.0,0.0,4.640625,0.13755403930476354,4.3710240370346565,4.9102259629653435,160.340625,0.4006116278133795,159.5554406376978,161.12580936230216,0.8812499999999999,0.06191692302709217,0.7598950608333604,1.0026049391666392,160.3328125,0.38916567685901965,159.57006178933716,161.09556321066282,160.33203125,0.38911811283782116,159.5693737631057,161.0946887368943,0.0,0.0,0.0,0.0,0.0007812499999999999,0.0007812499999999998,0.0,0.0023124718629219166,1.0,0.0,1.0,1.0
2.0,spoilage_intensity_2,family_three,2.0,0.15475,146619.50113911787,355.6438714017571,145922.45195984803,147316.55031838772,136281.3411458333,330.73783896744857,135633.1068931325,136929.57539853413,1.7708333333333333,1.3932842158313057,0.0,4.5016202165908235,9618.125,23.6194983935959,9571.831633815651,9664.418366184349,625.2032374194096,1.535329064853984,622.1940477478782,628.2124270909409,27.279672531803623,0.05621991671084828,27.16948351983652,27.389861543770728,0.0,0.0,0.0,0.0,0.0,0.0,0.0,0.0,65.78125,1.944787650408336,61.96953624762139,69.59296375237861,0.0,0.0,0.0,0.0,80.15104166666666,0.19682915327996575,79.76526361513041,80.5368197182029,80.15104166666666,0.19682915327996575,79.76526361513041,80.5368197182029,1.7862949640554562,0.004386654471011382,1.7776972792796524,1.79489264883126,340.99590664754527,0.7027489588856035,339.61854399795646,342.3732692971341,2.128177101748709,0.0071003627405802055,2.114260646500002,2.142093556997416,0.0,0.0,0.0,0.0,6.578125,0.19447876504083358,6.196953624762139,6.959296375237861,160.30208333333331,0.3936583065599315,159.53052723026082,161.0736394364058,0.94375,0.07194936628993899,0.8027318333612393,1.0847681666387605,160.33098958333332,0.3891033399617041,159.56836105074413,161.0936181159225,160.33203125,0.38911811283782116,159.5693737631057,161.0946887368943,0.0010416666666666667,0.0008195789504890032,0.0,0.002648011892112249,0.0,0.0,0.0,0.0,0.9999935146933195,5.0621531317841856e-06,0.999983593055497,1.000003436331142
2.0,spoilage_intensity_2,family_three,2.1,0.15475,145957.75651585474,354.54332956153297,145262.8643589552,146652.64867275427,136115.33250480896,330.50402647071945,135467.5565161809,136763.10849343703,1.328125,1.328125,0.0,3.9312021669672594,9163.75,22.567689186934828,9119.518141979313,9207.981858020687,608.2921261369556,1.4980491215406977,605.356003811664,611.2282484622473,27.751676575507133,0.0504820781266137,27.652733520514232,27.850619630500034,0.0,0.0,0.0,0.0,0.0,0.0,0.0,0.0,41.302083333333336,1.43881915068943,38.482049617715546,44.122117048951125,0.0,0.0,0.0,0.0,76.36458333333333,0.18806407655779026,75.99598451649427,76.73318215017238,76.36458333333333,0.18806407655779026,75.99598451649427,76.73318215017238,1.7379775032484446,0.004280140347259145,1.72958858231904,1.7463664241778492,346.8959571938391,0.6310259765826715,345.6591690064278,348.13274538125034,2.1652192015435205,0.006612375016246101,2.152259184659406,2.178179218427635,0.0,0.0,0.0,0.0,4.130208333333333,0.143881915068943,3.848204961771554,4.412211704895112,160.365625,0.3949345607713596,159.59156748463798,161.139682515362,0.95859375,0.08241724661175293,0.7970589149360086,1.1201285850639915,160.33124999999998,0.3893031205151805,159.56822990472116,161.0942700952788,160.33203125,0.38911811283782116,159.5693737631057,161.0946887368943,0.0007812499999999999,0.0007812499999999998,0.0,0.0023124718629219166,0.0,0.0,0.0,0.0,0.9999949450016177,5.054998382400186e-06,0.9999850373868463,1.0000048526163892
2.0,spoilage_intensity_2,family_three,2.25,0.15475,145085.72134767834,352.7371491328606,144394.3692393686,145777.07345598808,135881.595310854,329.8856436294097,135235.03133032355,136528.15929138445,0.0,0.0,0.0,0.0,8551.25,21.165799569791155,8509.765795139216,8592.734204860784,584.9607122903874,1.4478773503921196,582.1229248295875,587.7984997511873,29.84240786730348,0.06597194552503263,29.713105230084377,29.97171050452258,0.0,0.0,0.0,0.0,0.0,0.0,0.0,0.0,38.07291666666667,1.3745383374003233,35.378871029992474,40.76696230334087,0.0,0.0,0.0,0.0,71.26041666666666,0.17638166308159292,70.91471495949345,71.60611837383986,71.26041666666666,0.17638166308159292,70.91471495949345,71.60611837383986,1.6713163208296784,0.004136792429691775,1.6632083566559646,1.6794242850033922,373.0300983412935,0.8246493190629086,371.41381537605474,374.6463813065323,2.327735450820093,0.007705438668395864,2.3126330685449545,2.3428378330952313,0.0,0.0,0.0,0.0,3.8072916666666665,0.13745383374003234,3.5378871029992465,4.076696230334086,160.3359375,0.39685874193358417,159.5581086588603,161.1137663411397,1.05,0.08059488640283398,0.8920369253123486,1.2079630746876515,160.3328125,0.3892469243202288,159.56990254723937,161.0957224527606,160.33203125,0.38911811283782116,159.5693737631057,161.0946887368943,0.0,0.0,0.0,0.0,0.0007812499999999999,0.0007812499999999998,0.0,0.0023124718629219166,1.0,0.0,1.0,1.0
2.0,spoilage_intensity_2,family_three,2.4,0.15475,144308.3381870999,350.27273843028195,143621.81623501034,144994.86013918946,135661.04686974446,329.1754029472241,135015.87493537145,136306.21880411747,1.328125,1.328125,0.0,3.9312021669672594,8011.875,19.307036456847325,7974.0339038963775,8049.7160961036225,563.9405238651382,1.35898528793295,561.2769616452698,566.6040860850065,32.022668490323376,0.05498064286601204,31.914908410459134,32.13042857018762,0.0,0.0,0.0,0.0,0.0,0.0,0.0,0.0,38.125,1.3047426547261065,35.56775138764365,40.68224861235635,0.0,0.0,0.0,0.0,66.765625,0.16089197047372766,66.45028253246981,67.08096746753019,66.765625,0.16089197047372766,66.45028253246981,67.08096746753019,1.6112586396146804,0.0038828151083798545,1.603648461843628,1.6188688173857329,400.2833561290422,0.6872580358251522,398.9363551307392,401.63035712734523,2.4980882558747455,0.007778425020331293,2.482842822978451,2.51333368877104,0.0,0.0,0.0,0.0,3.8124999999999996,0.13047426547261065,3.556775138764365,4.068224861235635,160.23749999999995,0.38614072913694664,159.4806780779275,160.9943219220724,1.1554687499999998,0.08187804571079871,0.9949907292823101,1.3159467707176895,160.33203125,0.3890384322534386,159.56952993418133,161.09453256581867,160.33203125,0.38911811283782116,159.5693737631057,161.0946887368943,0.0007812499999999999,0.0007812499999999998,0.0,0.0023124718629219166,0.0007812499999999999,0.0007812499999999998,0.0,0.0023124718629219166,0.9999952464253119,4.7535746881648125e-06,0.9999859295901252,1.0000045632604986
2.0,spoilage_intensity_2,family_three,3.0,0.15475,141883.37054609775,343.9122356198518,141209.3149504402,142557.4261417553,134900.1270381947,327.3335203669887,134258.5651273427,135541.68894904671,1.328125,1.328125,0.0,3.9312021669672594,6411.875,15.110169168529758,6382.259612629374,6441.490387370626,499.7129000686035,1.1776190982720676,497.40480904848374,502.0209910887233,40.744149501123665,0.06878629766018259,40.60933083507985,40.87896816716748,0.0,0.0,0.0,0.0,0.0,0.0,0.0,0.0,29.583333333333332,1.3144747678612605,27.007010129738614,32.159656536928054,0.0,0.0,0.0,0.0,53.43229166666667,0.12591807640441463,53.18549677191145,53.67908656142189,53.43229166666667,0.12591807640441463,53.18549677191145,53.67908656142189,1.4277511430531529,0.0033646259950630493,1.421156597281382,1.4343456888249237,509.3018687640458,0.8598287207522813,507.6166354384982,510.98710208959346,3.1774622685508236,0.00992464314836399,3.158010325420618,3.196914211681029,0.0,0.0,0.0,0.0,2.958333333333333,0.13144747678612606,2.700701012973861,3.215965653692805,160.296875,0.377754229213244,159.55649031573435,161.03725968426565,1.1460937500000001,0.11137168242513605,0.927809263549101,1.3643782364508992,160.33124999999998,0.38904183146158483,159.56874202185577,161.0937579781442,160.33203125,0.38911811283782116,159.5693737631057,161.0946887368943,0.0007812499999999999,0.0007812499999999998,0.0,0.0023124718629219166,0.0,0.0,0.0,0.0,0.9999951996927803,4.800307219662152e-06,0.9999857912635151,1.0000046081220455
2.0,spoilage_intensity_2,family_three,4.5,0.15475,138285.94616469723,335.8674258418115,137627.6581064671,138944.23422292736,133519.34217618074,324.0450086603811,132884.22562983644,134154.45872252504,0.0,0.0,0.0,0.0,4278.75,10.873323625583241,4257.438677301609,4300.061322698391,405.97831150285793,1.0316876578296035,403.95624085021745,408.0003821554984,62.70901034699971,0.10239488373421349,62.50832006267949,62.909700631319936,0.0,0.0,0.0,0.0,0.0,0.0,0.0,0.0,19.166666666666664,1.0681165741027596,17.073196650134946,21.260136683198382,0.0,0.0,0.0,0.0,35.65625,0.09061103021319371,35.47865564418007,35.83384435581993,35.65625,0.09061103021319371,35.47865564418007,35.83384435581993,1.1599380328653082,0.0029476790223702974,1.154160688143478,1.1657153775871383,783.8626293374963,1.2799360466776688,781.3540007834935,786.3712578914991,4.889602498673649,0.013646586863404109,4.8628556799094795,4.9163493174378186,0.0,0.0,0.0,0.0,1.9166666666666665,0.10681165741027596,1.707319665013495,2.126013668319838,160.453125,0.4077496359593715,159.6539503988103,161.2522996011897,2.45625,0.15380225592809563,2.1548031176399203,2.7576968823600794,160.33203125,0.38911811283782116,159.5693737631057,161.0946887368943,160.33203125,0.38911811283782116,159.5693737631057,161.0946887368943,0.0,0.0,0.0,0.0,0.0,0.0,0.0,0.0,1.0,0.0,1.0,1.0
2.0,spoilage_intensity_2,family_three,5.0,0.15475,137488.93021462887,333.22102654489925,136835.8290037094,138142.03142554834,133159.9404674454,323.21700862286065,132526.44677135383,133793.434163537,0.8854166666666666,0.8854166666666669,0.0,2.6208014446448398,3846.25,9.310292563558226,3828.002161889895,3864.497838110105,384.9665430053658,0.9318560006659935,383.1401388052829,386.7929472054487,71.0544541780791,0.11447575617147135,70.83008581888002,71.27882253727817,0.0,0.0,0.0,0.0,0.0,0.0,0.0,0.0,25.83333333333333,1.12833866731055,23.62183018304073,28.04483648362593,0.0,0.0,0.0,0.0,32.05208333333333,0.07758577136298511,31.90001801574912,32.20414865091754,32.05208333333333,0.07758577136298511,31.90001801574912,32.20414865091754,1.0999044085867593,0.002662445716188553,1.0946861108722368,1.1051227063012818,888.1806772259888,1.4309469521433917,885.3760727360004,890.9852817159772,5.5450452718285375,0.01642817272204639,5.512846644961523,5.577243898695552,0.0,0.0,0.0,0.0,2.583333333333333,0.112833866731055,2.362183018304073,2.8044836483625932,160.26041666666666,0.3879288568149259,159.50009007874561,161.0207432545877,2.3328125,0.19100629881759407,1.9584470334972202,2.70717796650278,160.33151041666667,0.3891701288160998,159.5687509803283,161.09426985300504,160.33203125,0.38911811283782116,159.5693737631057,161.0946887368943,0.0005208333333333333,0.0005208333333333334,0.0,0.0015416479086146117,0.0,0.0,0.0,0.0,0.9999967014988389,3.2985011610732486e-06,0.9999902365553602,1.0000031664423175
2.0,spoilage_intensity_2,family_three,9.0,0.15475,133800.87318721157,324.8064071210736,133164.26432730642,134437.48204711673,131157.78413791204,318.3097774464326,130533.90843819008,131781.659837634,0.0,0.0,0.0,0.0,2140.0,5.909368402852788,2128.4178507590295,2151.5821492409705,292.98844216938926,0.8090545058676847,291.40272447635874,294.5741598624198,128.55492145767056,0.2265114872943872,128.11096710048895,128.99887581485217,0.004019005843697755,0.003392114122392801,0.0,0.010667427355037338,71.33333333333333,0.19697894676175964,70.94726169196765,71.719404974699,10.208333333333332,0.6161185537787395,9.000763157720097,11.415903508946567,4.032731082539801e-05,3.4048132955961206e-05,0.0,0.00010706042515991327,17.833333333333332,0.04924473669043991,17.736815422991913,17.92985124367475,17.833333333333332,0.04924473669043991,17.736815422991913,17.92985124367475,0.8371098347696837,0.0023115843024791,0.8325792127895966,0.8416404567497708,1606.936518220882,2.831393591179839,1601.387088756112,1612.4859476856518,10.032773049876903,0.03147736509739974,9.97107854795778,10.094467551796026,0.004019005843697755,0.003392114122392801,0.0,0.010667427355037338,1.0208333333333333,0.061611855377873954,0.9000763157720099,1.1415903508946568,160.5,0.44320263021395917,159.6313388069272,161.3686611930728,4.56537229337612,0.33360327498983644,3.9115218892714285,5.219222697480811,160.33203125,0.38911811283782116,159.5693737631057,161.0946887368943,160.33203125,0.38911811283782116,159.5693737631057,161.0946887368943,0.0,0.0,0.0,0.0,0.0,0.0,0.0,0.0,1.0,0.0,1.0,1.0
2.0,spoilage_intensity_2,family_three,10.0,0.15475,133419.80664126185,322.9783679244352,132786.78067234444,134052.83261017926,130799.20712265717,317.44058475212984,130177.03500931166,131421.3792360027,0.0,0.0,0.0,0.0,1925.0,4.91999483804091,1915.356987313317,1934.643012686683,279.4619524151624,0.7142604484734747,278.06202766057294,280.86187716975184,144.57530333916554,0.1939517677022018,144.19516485973134,144.95544181859975,0.05184618366693976,0.01595680817263175,0.020571414340367133,0.08312095299351238,256.6666666666667,0.6559993117387874,255.3809316417756,257.9524016915578,14.843749999999996,0.7958836707396931,13.283846669466662,16.40365333053333,0.0005211031652903851,0.00016067119942238562,0.0002061934010696565,0.0008360129295111136,16.041666666666668,0.040999956983674216,15.961308227610974,16.12202510572236,16.041666666666668,0.040999956983674216,15.961308227610974,16.12202510572236,0.7984627211861783,0.0020407441384956383,0.7944629361730656,0.802462506199291,1807.1912917395696,2.4243970962775214,1802.4395607466422,1811.943022732497,11.28344800806239,0.031211857341423493,11.222273891782597,11.344622124342182,0.05184618366693976,0.01595680817263175,0.020571414340367133,0.08312095299351238,1.4843749999999998,0.07958836707396931,1.3283846669466666,1.640365333053333,160.41666666666663,0.40999956983674235,159.6130822761097,161.22025105722355,5.063176578321281,0.38922031135554025,4.300318786012956,5.826034370629606,160.33203125,0.38911811283782116,159.5693737631057,161.0946887368943,160.33203125,0.38911811283782116,159.5693737631057,161.0946887368943,0.0,0.0,0.0,0.0,0.0,0.0,0.0,0.0,1.0,0.0,1.0,1.0
2.0,spoilage_intensity_2,family_four,1.8,0.15475,197575.84389629684,500.5084682713316,196594.86532452772,198556.82246806595,182334.51756445854,462.0296305563264,181428.9561287778,183240.0790001393,2.65625,1.8632859945324107,0.0,6.308223442181421,14261.25,36.525363551095325,14189.66160291762,14332.83839708238,886.7099543844654,2.271007341450977,882.2588617865954,891.1610469823354,23.053877453843974,0.052088169239868795,22.951786518113202,23.155968389574745,0.0,0.0,0.0,0.0,0.0,0.0,0.0,0.0,67.65625,2.0136216126690574,63.70962416067719,71.60287583932282,0.0,0.0,0.0,0.0,118.84375,0.30437802959246096,118.24718002431351,119.44031997568649,118.84375,0.30437802959246096,118.24718002431351,119.44031997568649,2.5334570125270437,0.00648859240414565,2.520739605104558,2.5461744199495295,288.1734681730496,0.6511021154983596,286.897331476415,289.44960486968426,1.3474235312654446,0.004165614971271206,1.339259075948292,1.355587986582597,0.0,0.0,0.0,0.0,6.765625,0.20136216126690576,6.3709624160677185,7.1602875839322815,213.91875,0.5478804532664296,212.8449240437643,214.99257595623567,0.6820312500000001,0.06870369280565586,0.547374486496011,0.8166880135039892,213.94765625,0.5421362772994096,212.88508867178052,215.01022382821947,213.9484375,0.5418886550040727,212.88635525256117,215.01051974743885,0.0015624999999999999,0.001096050585019065,0.0,0.0037107196718714234,0.0007812499999999999,0.0007812499999999999,0.0,0.002312471862921917,0.9999924670884124,5.284154138621742e-06,0.9999821103366119,1.0000028238402128
2.0,spoilage_intensity_2,family_four,2.0,0.15475,195630.79426325945,495.3336511266476,194659.95814672048,196601.63037979841,181856.3932291667,460.61611840153193,180953.60222640104,182759.18423193233,1.328125,1.328125,0.0,3.9312021669672594,12839.375,32.75076865086104,12775.184672978308,12903.565327021692,834.5928979340393,2.12888547284345,830.4203590800556,838.7654367880231,27.177927825423208,0.05531771774225569,27.069507090941435,27.28634855990498,0.0,0.0,0.0,0.0,0.0,0.0,0.0,0.0,71.92708333333333,1.8997190214765878,68.20370247049354,75.65046419617312,0.0,0.0,0.0,0.0,106.99479166666666,0.27292307209050864,106.45987227481923,107.52971105851408,106.99479166666666,0.27292307209050864,106.45987227481923,107.52971105851408,2.384551136954398,0.006082529922409856,2.3726295973715876,2.3964726765372086,339.7240978177901,0.6914714717781967,338.3688386367679,341.0793569988123,1.5886269118448944,0.005162881494339522,1.5785078500595406,1.598745973630248,0.0,0.0,0.0,0.0,7.192708333333333,0.18997190214765877,6.820370247049355,7.565046419617311,213.98958333333331,0.5458461441810173,212.91974454963847,215.05942211702816,0.9546875000000001,0.07212339540112145,0.8133282425710603,1.0960467574289399,213.94869791666667,0.541901315766508,212.88659085458946,215.0108049787439,213.9484375,0.5418886550040727,212.88635525256117,215.01051974743885,0.0007812499999999999,0.0007812499999999998,0.0,0.0023124718629219166,0.0010416666666666667,0.0008195789504890033,0.0,0.002648011892112249,0.9999962877167974,3.7122832026604403e-06,0.9999890117754198,1.000003563658175
2.0,spoilage_intensity_2,family_four,2.1,0.15475,194762.40440260782,493.0062455300527,193796.1299172156,195728.67888800002,181634.35206297488,459.9230620510282,180732.9194256955,182535.78470025427,2.65625,1.8632859945324107,0.0,6.308223442181421,12229.375,31.32322769533766,12167.98260183759,12290.76739816241,811.7891169091399,2.0792440619035784,807.7138734327401,815.8643603855397,27.40905605714935,0.06195129299243076,27.287633754088496,27.530478360210203,0.0,0.0,0.0,0.0,0.0,0.0,0.0,0.0,56.82291666666666,1.7433257829803517,53.40606091870508,60.239772414628234,0.0,0.0,0.0,0.0,101.91145833333333,0.26102689746114716,101.39985501531325,102.42306165135341,101.91145833333333,0.26102689746114716,101.39985501531325,102.42306165135341,2.319397476883257,0.005940697319724495,2.307753924093543,2.3310410296729707,342.6132007143669,0.7743911624053849,341.0954219261062,344.13097950262755,1.602108716155859,0.006158354425766605,1.5900385632773235,1.6141788690343943,0.0,0.0,0.0,0.0,5.682291666666666,0.17433257829803514,5.340606091870508,6.023977241462824,214.01406249999997,0.5481564846684089,212.9396955321578,215.08842946784213,1.00546875,0.07839629235578637,0.8518148404611858,1.159122659538814,213.9484375,0.541746753179798,212.8866333750261,215.01024162497393,213.9484375,0.5418886550040727,212.88635525256117,215.01051974743885,0.0015624999999999999,0.0010960505850190652,0.0,0.0037107196718714243,0.0015624999999999999,0.001096050585019065,0.0,0.0037107196718714234,0.9999926412757238,5.16215507799782e-06,0.9999825236376884,1.0000027589137592
2.0,spoilage_intensity_2,family_four,2.25,0.15475,193597.69197320947,489.9310627208696,192637.44473536912,194557.93921104982,181321.3446827104,459.23406110216973,180421.26246247606,182221.42690294472,2.65625,1.8632859945324107,0.0,6.308223442181421,11408.75,28.72238148922715,11352.455166730895,11465.044833269105,780.4321621216731,1.9647963437643117,776.581232050939,784.2830921924071,29.613045044068567,0.0600767579167706,29.495296762243765,29.73079332589337,0.0,0.0,0.0,0.0,0.0,0.0,0.0,0.0,54.89583333333333,1.6008305514905496,51.75826310706046,58.0334035596062,0.0,0.0,0.0,0.0,95.07291666666667,0.23935317907689296,94.6037930560908,95.54204027724255,95.07291666666667,0.23935317907689296,94.6037930560908,95.54204027724255,2.2298061774904947,0.005613703839326598,2.2188035201455403,2.240808834835449,370.16306305085703,0.7509594739596316,368.691209528047,371.63491657366706,1.7306955742261192,0.005635931005344665,1.719649352436291,1.7417417960159474,0.0,0.0,0.0,0.0,5.489583333333333,0.160083055149055,5.175826310706046,5.8033403559606205,213.9140625,0.538544652923009,212.8585343762043,214.9695906237957,0.94921875,0.07485511955097708,0.8025054116216448,1.0959320883783552,213.94921875,0.5418709461267731,212.88717121132288,215.01126628867712,213.9484375,0.5418886550040727,212.88635525256117,215.01051974743885,0.0015624999999999999,0.001096050585019065,0.0,0.0037107196718714234,0.00234375,0.0013315126613224167,0.0,0.004953466861151015,0.999992596481267,5.193385528619158e-06,0.9999824176326731,1.000002775329861
2.0,spoilage_intensity_2,family_four,2.4,0.15475,192561.2993792329,487.65949107928316,191605.50433999836,193517.09441846743,181026.60333010173,458.57411155195234,180127.81458721746,181925.392072986,1.328125,1.328125,0.0,3.9312021669672594,10698.75,27.31312769428731,10645.217253414054,10752.282746585946,753.0645048383989,1.9225187038379667,749.2964374192718,756.832572257526,31.76175262608694,0.05762452696431804,31.64881062861072,31.87469462356316,0.0,0.0,0.0,0.0,0.0,0.0,0.0,0.0,49.791666666666664,1.404426973344214,47.03904037999541,52.544292953337916,0.0,0.0,0.0,0.0,89.15625,0.22760939745239422,88.71014377845044,89.60235622154956,89.15625,0.22760939745239422,88.71014377845044,89.60235622154956,2.151612870966854,0.00549291058239419,2.1408469640550623,2.1623787778786454,397.0219078260868,0.7203065870539755,395.6101328576341,398.43368279453955,1.8565032535989388,0.005969650733648155,1.8448029531607053,1.8682035540371722,0.0,0.0,0.0,0.0,4.979166666666666,0.1404426973344214,4.703904037999541,5.254429295333791,213.975,0.5462625538857457,212.90434506828106,215.04565493171893,1.1671875,0.08935962342751419,0.9920458564100105,1.3423291435899896,213.94765625000002,0.5419692718012349,212.8854159965422,215.00989650345784,213.9484375,0.5418886550040727,212.88635525256117,215.01051974743885,0.0007812499999999999,0.0007812499999999998,0.0,0.0023124718629219166,0.0,0.0,0.0,0.0,0.9999962877167974,3.7122832026604403e-06,0.9999890117754198,1.000003563658175
2.0,spoilage_intensity_2,family_four,3.0,0.15475,189320.10152284105,479.31331724362946,188380.6646837331,190259.538361949,180012.76356526415,456.00953319290016,179119.00130359913,180906.52582692917,1.328125,1.328125,0.0,3.9312021669672594,8558.125,21.865927823972495,8515.268568976462,8600.981431023538,666.9820392474303,1.704132754554333,663.6420004236288,670.3220780712318,40.53820999613393,0.08107519278418317,40.37930553823729,40.69711445403057,0.0,0.0,0.0,0.0,0.0,0.0,0.0,0.0,40.36458333333333,1.3344844309840413,37.74904191067518,42.980124755991476,0.0,0.0,0.0,0.0,71.31770833333331,0.18221606519977068,70.96057140813716,71.67484525852947,71.31770833333331,0.18221606519977068,70.96057140813716,71.67484525852947,1.9056629692783722,0.0048689507272980945,1.8961200012103678,1.9152059373463766,506.72762495167416,1.0134399098022893,504.74131922796613,508.7139306753822,2.3698309155098007,0.007851625210458292,2.354442012877196,2.3852198181424056,0.0,0.0,0.0,0.0,4.036458333333333,0.13344844309840412,3.774904191067518,4.298012475599148,213.953125,0.5466481955993124,212.88171422441155,215.02453577558845,1.2984375000000001,0.10934151273075565,1.0841320730325912,1.512742926967409,213.9484375,0.5419756087259546,212.88618482639797,215.01069017360206,213.9484375,0.5418886550040727,212.88635525256117,215.01051974743885,0.0007812499999999999,0.0007812499999999998,0.0,0.0023124718629219166,0.0007812499999999999,0.0007812499999999998,0.0,0.0023124718629219166,0.9999962877167974,3.7122832026604403e-06,0.9999890117754198,1.000003563658175
2.0,spoilage_intensity_2,family_four,4.5,0.15475,184506.04524007085,466.9896509686301,183590.7623430194,185421.3281371223,178169.3552555283,451.26738671489977,177284.8874301696,179053.823080887,0.0,0.0,0.0,0.0,5705.625,14.430104870973793,5677.342514159755,5733.907485840245,541.3637168725664,1.369163800251734,538.680205135137,544.0472286099958,62.617934336641284,0.09550374559983298,62.430750434876934,62.80511823840563,0.0,0.0,0.0,0.0,0.0,0.0,0.0,0.0,27.08333333333333,1.2847892517906407,24.56519267209951,29.601473994567147,0.0,0.0,0.0,0.0,47.546875,0.12025087392478163,47.31118761799796,47.78256238200204,47.546875,0.12025087392478163,47.31118761799796,47.78256238200204,1.5467534767787614,0.003911896572147811,1.539086300386106,1.5544206531714169,782.724179208016,1.1937968199979125,780.3843804359617,785.0639779800704,3.6595065118644814,0.01046703618902676,3.6389914979091116,3.680021525819851,0.0,0.0,0.0,0.0,2.708333333333333,0.12847892517906406,2.456519267209951,2.960147399456715,213.9609375,0.5411289326615172,212.90034428099082,215.02153071900918,2.2101562500000003,0.15134228985903703,1.9135308125384662,2.506781687461534,213.9484375,0.5418886550040727,212.88635525256117,215.01051974743885,213.9484375,0.5418886550040727,212.88635525256117,215.01051974743885,0.0,0.0,0.0,0.0,0.0,0.0,0.0,0.0,1.0,0.0,1.0,1.0
2.0,spoilage_intensity_2,family_four,5.0,0.15475,183445.04968129485,463.7514986236972,182536.11344621592,184353.9859163738,177690.34375442064,450.12636383954117,176808.11229280315,178572.57521603812,1.328125,1.328125,0.0,3.9312021669672594,5138.125,12.721987200643355,5113.190363274959,5163.059636725041,514.2687601636517,1.2733284193149652,511.77308232130304,516.7644380060003,71.03612504392626,0.11513715038748283,70.81046037588422,71.2617897119683,0.0,0.0,0.0,0.0,0.0,0.0,0.0,0.0,29.947916666666664,1.2209864502550178,27.554827198555422,32.341006134777906,0.0,0.0,0.0,0.0,42.81770833333333,0.10601656000536132,42.60991969395799,43.025496972708666,42.81770833333333,0.10601656000536132,42.60991969395799,43.025496972708666,1.4693393147532903,0.003638081198042759,1.462208806632294,1.4764698228742865,887.9515630490782,1.4392143798435373,885.1307546985528,890.7723713996037,4.151369316065994,0.012073240037979677,4.127706200414846,4.175032431717141,0.0,0.0,0.0,0.0,2.9947916666666665,0.12209864502550179,2.7554827198555425,3.2341006134777905,214.08854166666663,0.5300828000268064,213.04959846978994,215.12748486354332,2.7046875000000004,0.18708525144180568,2.338007145135441,3.0713678548645595,213.9484375,0.5419756087259546,212.88618482639797,215.01069017360206,213.9484375,0.5418886550040727,212.88635525256117,215.01051974743885,0.0007812499999999999,0.0007812499999999998,0.0,0.0023124718629219166,0.0007812499999999999,0.0007812499999999998,0.0,0.0023124718629219166,0.9999962877167974,3.7122832026604403e-06,0.9999890117754198,1.000003563658175
2.0,spoilage_intensity_2,family_four,9.0,0.15475,178499.18817622573,451.96793445024423,177613.34730253628,179385.02904991517,175018.02793546376,443.2857041052878,174149.2039205559,175886.8519503716,0.0,0.0,0.0,0.0,2852.5,7.552724726458048,2837.6969315509973,2867.3030684490027,390.53716415335657,1.0340472204388647,388.5104688429826,392.5638594637305,128.19599327529124,0.15833198380434685,127.88566828943395,128.50631826114855,0.0,0.0,0.0,0.0,95.08333333333333,0.2517574908819349,94.58989771836657,95.57676894830009,14.843749999999996,0.8844435206159926,13.110272553232843,16.57722744676715,0.0,0.0,0.0,0.0,23.770833333333332,0.06293937272048372,23.647474429591643,23.89419223707502,23.770833333333332,0.06293937272048372,23.647474429591643,23.89419223707502,1.11582046900959,0.0029544206298253283,1.1100299109799503,1.1216110270392299,1602.4499159411403,1.979149797554338,1598.570853617924,1606.3289782643565,7.487821496907005,0.02086041681953273,7.4469358312382266,7.528707162575783,0.0,0.0,0.0,0.0,1.484375,0.08844435206159927,1.3110272553232845,1.6577227446767155,213.9375,0.5664543544843536,212.82726986632477,215.04773013367523,4.67109375,0.3032168893768093,4.076799567317188,5.2653879326828115,213.9484375,0.5418886550040727,212.88635525256117,215.01051974743885,213.9484375,0.5418886550040727,212.88635525256117,215.01051974743885,0.0,0.0,0.0,0.0,0.0,0.0,0.0,0.0,1.0,0.0,1.0,1.0
2.0,spoilage_intensity_2,family_four,10.0,0.15475,177987.26506021,449.9810222195352,177105.31846293318,178869.2116574868,174539.01643435608,442.1434004557264,173672.43129346077,175405.60157525138,1.328125,1.328125,0.0,3.9312021669672594,2571.25,6.574889099191458,2558.3634541632396,2584.1365458367604,373.2813221545383,0.9545097893886827,371.41051734444557,375.15212696463107,144.03501203270537,0.2315998102370945,143.58108474581434,144.4889393195964,0.0,0.0,0.0,0.0,342.83333333333337,0.8766518798921946,341.11512722176536,344.5515394449014,15.520833333333332,0.7934182447000622,13.965762149044222,17.07590451762244,0.0,0.0,0.0,0.0,21.427083333333336,0.054790742493262164,21.319695451360335,21.534471215306336,21.427083333333336,0.054790742493262164,21.319695451360335,21.534471215306336,1.0665180632986808,0.002727170826824806,1.061172906698416,1.0718632198989457,1800.4376504088173,2.8949976279636807,1794.7635593226796,1806.111741494955,8.41894714271812,0.02541779457547617,8.369129180783748,8.46876510465249,0.0,0.0,0.0,0.0,1.5520833333333333,0.0793418244700062,1.3965762149044223,1.7075904517622442,214.27083333333331,0.5479074249326216,213.1969545136033,215.34471215306334,5.3609374999999995,0.37465835751872795,4.626620612756361,6.095254387243638,213.9484375,0.5419756087259546,212.88618482639797,215.01069017360206,213.9484375,0.5418886550040727,212.88635525256117,215.01051974743885,0.0007812499999999999,0.0007812499999999998,0.0,0.0023124718629219166,0.0007812499999999999,0.0007812499999999998,0.0,0.0023124718629219166,0.9999962877167974,3.7122832026604403e-06,0.9999890117754198,1.000003563658175
4.0,spoilage_intensity_4,single_low,1.8,0.1905,29927.823418288437,90.88399775424747,29749.69405591909,30105.952780657783,27589.060188885396,84.06609231814507,27424.29367562081,27753.82670214998,0.10970141394239737,0.08134584257384107,0.0,0.2691363356791909,2158.75,7.235755025818023,2144.568180748442,2172.931819251558,134.22281455184253,0.4498915599179787,133.34104329745475,135.10458580623032,25.109457516691297,0.07922897255194493,24.954171583957372,25.26474344942522,0.050422587229821916,0.01158395750491765,0.027718447721740855,0.07312672673790298,0.0,0.0,0.0,0.0,20.52083333333333,1.9333851451504782,16.731468080593647,24.31019858607301,0.0010285780471071026,0.00023709186391606015,0.000563886532804153,0.001493269561410052,17.989583333333332,0.060297958548483535,17.871401506237014,18.10776516042965,17.989583333333332,0.060297958548483535,17.871401506237014,18.10776516042965,0.38349375586240725,0.0012854044569085103,0.3809744094212993,0.3860131023035152,313.8682189586412,0.9903621568993118,311.92714479946716,315.80929311781523,9.705691614353967,0.04555415022210377,9.616407120572315,9.794976108135618,0.050422587229821916,0.01158395750491765,0.027718447721740855,0.07312672673790298,2.052083333333333,0.19333851451504783,1.6731468080593648,2.4310198586073013,32.381249999999994,0.1085363253872703,32.16852271122662,32.59397728877337,0.9972567864465975,0.06719955820067265,0.8655480725962759,1.1289655002969192,32.3714198447565,0.09867096541075077,32.17802830623163,32.56481138328137,32.37109374999999,0.09872893013805706,32.17758860269723,32.56459889730276,6.453024349552785e-05,4.785049563167122e-05,0.0,0.0001583154915759946,0.00039062499999999997,0.0003906249999999999,0.0,0.0011562359314609583,0.9999979643526601,1.5089813528724403e-06,0.9999950068035551,1.0000009219017651
4.0,spoilage_intensity_4,single_low,2.0,0.1905,29649.015738265727,90.63813295347045,29471.36826205097,29826.663214480483,27518.404699980987,83.82482292580164,27354.11106603597,27682.698333926004,0.3747672631642845,0.3747672631642845,0.0,1.1092976015509266,1948.125,6.647573104118764,1935.0959961313301,1961.1540038686699,126.63321145209565,0.4321096082320862,125.78629218258705,127.48013072160425,28.324690437141953,0.06866584121601703,28.190107861390413,28.459273012893494,0.1742024656696741,0.025015217536683742,0.12517354023233918,0.22323139110700901,0.0,0.0,0.0,0.0,26.979166666666664,1.207885681538159,24.611754233410256,29.346579099923073,0.003566770463143557,0.0005166371923832021,0.00255418017299859,0.004579360753288524,16.234375,0.05539644253432296,16.125799967761083,16.342950032238917,16.234375,0.05539644253432296,16.125799967761083,16.342950032238917,0.3618091755774161,0.0012345988806631049,0.35938940623596294,0.36422894491886926,354.0586304642744,0.858323015200213,352.3763482673802,355.74091266116864,10.953239179224383,0.041790928449596136,10.871330464582684,11.035147893866082,0.1742024656696741,0.025015217536683742,0.12517354023233918,0.22323139110700901,2.697916666666666,0.1207885681538159,2.4611754233410252,2.934657909992307,32.46875,0.11079288506864592,32.251599935522165,32.685900064477835,1.1278718287119918,0.08095541421951621,0.9692021324882182,1.2865415249357652,32.37102699422037,0.09877205596481445,32.17743732185036,32.56461666659038,32.37109374999999,0.09872893013805706,32.17758860269723,32.56459889730276,0.00022045133127310853,0.00022045133127310853,0.0,0.0006525280009123098,0.00015369555164642653,0.00015369555164642653,0.0,0.0004549332974574384,0.9999930511794712,6.948820528703686e-06,0.9999794317415,1.0000066706174426
4.0,spoilage_intensity_4,single_low,2.1,0.1905,29520.174612147282,89.71877476291397,29344.32904487491,29696.020179419655,27485.53830410363,83.68395059843557,27321.520774846667,27649.55583336059,2.267298853092961,1.0014934296606424,0.304407800204604,4.230189905981318,1849.375,5.958999296781937,1837.6955759944078,1861.0544240055922,122.76199708356648,0.39555993473066264,121.98671385776737,123.5372803093656,29.800436125230753,0.06704967755453546,29.66902117204884,29.931851078412667,0.2753259817668953,0.032065042442645,0.21247965341656289,0.33817231011722776,0.0,0.0,0.0,0.0,30.156249999999996,1.3247693043569184,27.559749875636257,32.752750124363736,0.005649076244346296,0.0006649810778189574,0.0043457372814205125,0.00695241520727208,15.411458333333332,0.04965832747318282,15.314129799953397,15.508786866713267,15.411458333333332,0.04965832747318282,15.314129799953397,15.508786866713267,0.35074856309590424,0.0011301712420876057,0.34853346816504965,0.35296365802675883,372.5054515653844,0.8381209694316936,370.86276465061053,374.1481384801583,11.523606079123835,0.042563278099413765,11.440183586985022,11.60702857126265,0.2753259817668953,0.032065042442645,0.21247965341656289,0.33817231011722776,3.015625,0.13247693043569186,2.7559749875636257,3.2752750124363743,32.3640625,0.10428248769368373,32.15967257990214,32.56845242009786,0.9742875349607651,0.08818105933489491,0.8014558345457816,1.1471192353757487,32.369768388677336,0.09868364618541538,32.176351996290826,32.563184781063846,32.37109374999999,0.09872893013805706,32.17758860269723,32.56459889730276,0.0013337052077017418,0.0005891137821533189,0.00017906341188506135,0.0024883470035184222,8.343885044392133e-06,8.343885044392133e-06,0.0,2.4697599222543104e-05,0.9999590761521009,1.7987092928151782e-05,0.9999238220977751,0.9999943302064267
4.0,spoilage_intensity_4,single_low,2.25,0.1905,29349.659689480864,88.95782317481807,29175.305559915138,29524.01381904659,27444.675875378765,83.21582398471215,27281.575857424905,27607.775893332626,0.0,0.0,0.0,0.0,1727.5,5.482656637937835,1716.7541904500424,1738.2458095499576,118.17215383501176,0.37504911354149884,117.43707108003674,118.90723658998677,31.958650577332705,0.0758895075545197,31.809909875721367,32.10739127894404,0.5821763564190383,0.048472410412321844,0.4871721777670432,0.6771805350710334,0.0,0.0,0.0,0.0,26.770833333333332,1.2985898903282693,24.225643917602106,29.316022749064558,0.011983043337188873,0.0010127475193426848,0.009998094673844929,0.013967992000532817,14.395833333333332,0.04568880531614863,14.306284920417019,14.485381746249645,14.395833333333332,0.04568880531614863,14.306284920417019,14.485381746249645,0.33763472524289073,0.0010715688958328532,0.335534488800105,0.33973496168567646,399.48313221665876,0.9486188444314968,397.623873446517,401.3423909868005,12.343522649819231,0.04500341277310569,12.255317581602554,12.431727718035908,0.5821763564190383,0.048472410412321844,0.4871721777670432,0.6771805350710334,2.677083333333333,0.12985898903282692,2.4225643917602104,2.9316022749064556,32.390625,0.10279981196133442,32.1891410709383,32.5921089290617,1.0952722239478359,0.08769791397880579,0.9233874710300848,1.267156976865587,32.371225743577085,0.09870946983392201,32.17775873776956,32.56469274938461,32.37109374999999,0.09872893013805706,32.17758860269723,32.56459889730276,0.0,0.0,0.0,0.0,0.00013199357708941375,0.00013199357708941373,0.0,0.00039069623437527586,1.0,0.0,1.0,1.0
4.0,spoilage_intensity_4,single_low,2.4,0.1905,29205.125481170635,87.83057742791854,29032.980712670556,29377.270249670713,27411.556023610217,82.86483773007755,27249.14392607451,27573.968121145925,0.0,0.0,0.0,0.0,1621.25,5.192237032034015,1611.073402418018,1631.426597581982,114.1166798429026,0.3654716120605018,113.40036864589221,114.83299103991298,34.21268633625098,0.07427866218958341,34.06710283353958,34.358269838962386,1.2296747145968416,0.07858039181455016,1.0756599767492772,1.383689452444406,0.0,0.0,0.0,0.0,22.760416666666664,1.160971282259782,20.484954766352207,25.035878566981122,0.025328310191215307,0.0016371998831159478,0.022119457384814863,0.028537162997615752,13.510416666666668,0.04326864193361682,13.425611686816818,13.595221646516517,13.510416666666668,0.04326864193361682,13.425611686816818,13.595221646516517,0.3260476566940074,0.0010442046058871477,0.32400105327397777,0.3280942601140371,427.65857920313726,0.9284832773697919,425.83878541924474,429.4783729870298,13.188322353446015,0.047566508646465014,13.09509370962863,13.2815509972634,1.2296747145968416,0.07858039181455016,1.0756599767492772,1.383689452444406,2.276041666666667,0.1160971282259782,2.048495476635221,2.503587856698113,32.425,0.10384474064068014,32.221468048360364,32.62853195163963,1.1738419247960894,0.08134336456545917,1.0144118598664777,1.333271989725701,32.37122588423741,0.09874774572268734,32.17768385906643,32.564767909408395,32.37109374999999,0.09872893013805706,32.17758860269723,32.56459889730276,0.0,0.0,0.0,0.0,0.0001321342374158642,0.00010485135269833731,0.0,0.00033763911243491195,1.0,1.7484369184381568e-18,1.0,1.0
4.0,spoilage_intensity_4,single_low,3.0,0.1905,28856.70683994463,84.22107699546173,28691.63656229435,29021.77711759491,27384.66092364872,80.086434418863,27227.69439653752,27541.62745075992,0.0,0.0,0.0,0.0,1303.125,4.4369200940105875,1294.4287964134571,1311.8212035865429,101.55974233775594,0.34579373545970427,100.88199907017534,102.23748560533653,42.81846575420918,0.09788957286700113,42.62660571692785,43.01032579149051,8.44895820394309,0.22408358433134037,8.009762449127019,8.88815395875916,0.0,0.0,0.0,0.0,16.09375,0.7518154376379372,14.620218819208423,17.567281180791575,0.17572209173733083,0.004759649075643016,0.16639335097002117,0.1850508325046405,10.859375,0.03697433411675491,10.78690663677881,10.93184336322119,10.859375,0.03697433411675491,10.78690663677881,10.93184336322119,0.2901706923935884,0.0009879821013134412,0.28823428305764387,0.2921071017295329,535.2308219276148,1.2236196608375138,532.8325714615981,537.6290723936314,16.393444730699876,0.05835212852906926,16.27907666036165,16.507812801038103,8.44895820394309,0.22408358433134037,8.009762449127019,8.88815395875916,1.609375,0.07518154376379373,1.4620218819208424,1.7567281180791576,32.578125,0.11092300235026469,32.36071991033643,32.79553008966357,1.5668906247962229,0.12240065739282216,1.3269897446222652,1.8067915049701806,32.371444564908025,0.09874212734928575,32.17791355154656,32.56497557826949,32.37109374999999,0.09872893013805706,32.17758860269723,32.56459889730276,0.0,0.0,0.0,0.0,0.00035081490802994693,0.0002461462644732035,0.0,0.0008332527213264968,1.0,0.0,1.0,1.0
4.0,spoilage_intensity_4,single_low,4.5,0.1905,29365.49136131197,74.6817154639876,29219.11788869889,29511.864833925054,28221.112673713185,72.47490510380236,28079.064469926776,28363.160877499595,0.0,0.0,0.0,0.0,903.75,3.049687727964166,897.7727218890965,909.7272781109035,85.75002022102433,0.2893618637241906,85.18288138962552,86.31715905242314,66.05474993015739,0.15131237407669323,65.75818312655181,66.35131673376296,69.4176674476037,0.6411529730282957,68.16103071188746,70.67430418331995,7.53125,0.025414064399701373,7.481439349075804,7.581060650924196,11.874999999999998,0.6423946258953204,10.615929669383089,13.134070330616908,1.5170436263808305,0.014649432799862878,1.4883312656991594,1.5457559870625015,7.53125,0.025414064399701373,7.481439349075804,7.581060650924196,7.53125,0.025414064399701373,7.481439349075804,7.581060650924196,0.24500005777435524,0.0008267481820691145,0.24337966111321582,0.24662045443549466,825.6843741269672,1.8914046759586653,821.9772890818975,829.3914591720369,23.897478289455076,0.08080615736339739,23.73910113129374,24.055855447616413,69.4176674476037,0.6411529730282957,68.16103071188746,70.67430418331995,1.1874999999999998,0.06423946258953205,1.0615929669383088,1.3134070330616907,33.890625,0.11436328979865623,33.66647707084112,34.11477292915888,2.127409749106758,0.17504225182132532,1.7843332397641698,2.4704862584493466,32.37129229083094,0.09874441531032806,32.17775679314823,32.56482778851365,32.37109374999999,0.09872893013805706,32.17758860269723,32.56459889730276,0.0,0.0,0.0,0.0,0.00019854083093902357,0.0001985408309390236,0.0,0.0005876737090401655,1.0,0.0,1.0,1.0
4.0,spoilage_intensity_4,single_low,5.0,0.1905,29741.900203549652,72.616060199195,29599.57534086004,29884.225066239265,28622.154473487702,71.02819467396361,28482.941770039834,28761.36717693557,0.1807894317617547,0.1807894317617547,0.0,0.5351302068002556,829.375,2.557619723648074,824.3621574555004,834.3878425444996,83.01114763862859,0.25598908633997736,82.50941824896691,83.51287702829026,73.58080719720942,0.15445540635437627,73.27808016353735,73.8835342308815,95.11881912768176,0.723141242158412,93.70148833731571,96.53614991804781,27.64583333333333,0.08525399078826926,27.47873858185001,27.812928084816647,10.833333333333332,0.6884663322578362,9.483964117539587,12.182702549127077,2.0915787559167907,0.01757273349333508,2.057136831159933,2.126020680673648,6.911458333333332,0.021313497697067314,6.8696846454625025,6.953232021204162,6.911458333333332,0.021313497697067314,6.8696846454625025,6.953232021204162,0.23717470753893882,0.0007313973895427913,0.23574119499704835,0.2386082200808293,919.7600899651178,1.9306925794297038,915.9760020442169,923.5441778860187,25.891163461092546,0.0839224795735293,25.726678423635132,26.05564849854996,95.11881912768176,0.723141242158412,93.70148833731571,96.53614991804781,1.0833333333333335,0.06884663322578362,0.948396411753959,1.218270254912708,34.557291666666664,0.10656748848533666,34.348423227312516,34.76616010602081,2.569583881905535,0.1759922021856671,2.224645504061736,2.914522259749334,32.37098740327543,0.09871566897387843,32.17750824737685,32.56446655917401,32.37109374999999,0.09872893013805706,32.17758860269723,32.56459889730276,0.00010634672456573804,0.00010634672456573806,0.0,0.0003147824745883857,0.0,0.0,0.0,0.0,0.99999679195401,3.2080459899160732e-06,0.999990504299409,1.000003079608611
4.0,spoilage_intensity_4,single_low,9.0,0.1905,34481.56895960768,73.08148518450167,34338.33188070935,34624.806038506,32978.87387548907,70.36683205678769,32840.95741895159,33116.790332026554,0.20169504719010214,0.20169504719010214,0.0,0.5970100755428089,530.0,2.1821789023599236,525.7230079435514,534.2769920564486,72.56255810737211,0.29876317623240245,71.97699304204981,73.14812317269441,133.08605460941558,0.2493663131078153,132.59730561676673,133.57480360206443,317.15727635462304,1.1021238847985622,314.9971532339165,319.3173994753296,441.6666666666667,1.8184824186332689,438.1025066196262,445.2308267137072,8.020833333333332,0.658677117055563,6.729849906463755,9.311816760202909,7.943606308422382,0.029541895327677876,7.885705257545081,8.001507359299682,4.416666666666666,0.01818482418633268,4.381025066196261,4.452308267137071,4.416666666666666,0.01818482418633268,4.381025066196261,4.452308267137071,0.20732159459249172,0.0008536090749497205,0.20564855154871373,0.20899463763626971,1663.5756826176948,3.117078913847688,1657.4663202095842,1669.6850450258055,40.65369452494572,0.10271234317153972,40.45238203156178,40.85500701832966,317.15727635462304,1.1021238847985622,314.9971532339165,319.3173994753296,0.8020833333333334,0.0658677117055563,0.6729849906463756,0.9311816760202911,39.75,0.16366341767699427,39.429225595766354,40.070774404233646,3.839585661569336,0.35808666487366875,3.1377486950728812,4.54142262806579,32.37097510585458,0.09870555744655381,32.17751576818539,32.56443444352378,32.37109374999999,0.09872893013805706,32.17758860269723,32.56459889730276,0.00011864414540594244,0.00011864414540594244,0.0,0.00035118239737812293,0.0,0.0,0.0,0.0,0.9999964689242439,3.5310757561298617e-06,0.9999895481429352,1.0000033897055525
4.0,spoilage_intensity_4,single_low,10.0,0.1905,35674.16125206441,77.54912783026633,35522.167754484595,35826.15474964423,34018.906616617765,76.55108583560164,33868.86924540255,34168.94398783298,0.0,0.0,0.0,0.0,487.5,1.966989481173608,483.6447714589306,491.3552285410694,70.77283210513853,0.28555777703317586,70.21314914664819,71.33251506362888,148.77638674911603,0.3104879643285789,148.16784152139886,149.3849319768332,356.4866665923982,1.315159557673077,353.90900122543536,359.064331959361,585.0,2.3603873774083293,580.3737257507167,589.6262742492833,6.718749999999999,0.5222780887670598,5.6951037561021485,7.74239624389785,9.32899179403158,0.0367682836792576,9.256927282246883,9.401056305816278,4.0625,0.01639157900978005,4.030373095491089,4.094626904508911,4.0625,0.01639157900978005,4.030373095491089,4.094626904508911,0.2022080917289672,0.0008158793629519311,0.20060899756185194,0.20380718589608246,1859.7048343639503,3.881099554107239,1852.0980190174857,1867.311649710415,42.97788222400067,0.12451406444939635,42.73383914211116,43.22192530589019,356.4866665923982,1.315159557673077,353.90900122543536,359.064331959361,0.671875,0.052227808876705986,0.5695103756102149,0.7742396243897851,40.625,0.1639157900978004,40.30373095491088,40.94626904508912,4.319306318767489,0.31933302780756917,3.6934250851905257,4.945187552344452,32.37109374999999,0.09872893013805706,32.17758860269723,32.56459889730276,32.37109374999999,0.09872893013805706,32.17758860269723,32.56459889730276,0.0,0.0,0.0,0.0,0.0,0.0,0.0,0.0,1.0,0.0,1.0,1.0
4.0,spoilage_intensity_4,single_average,1.8,0.1905,49218.23456446607,109.6425789892065,49003.33905847513,49433.130070457,45405.69122786975,101.28843866828285,45207.16953602962,45604.21291970988,0.6640625,0.6640625,0.0,1.9656010834836297,3550.0,8.067178260046388,3534.1886211534447,3565.8113788465553,220.7254159393358,0.5015862751846493,219.74232490483428,221.7085069738373,24.903858156979393,0.04429288106747665,24.81704570531562,24.990670608643164,0.0,0.0,0.0,0.0,0.0,0.0,0.0,0.0,16.25,0.9167869089006286,14.453130677056965,18.046869322943035,0.0,0.0,0.0,0.0,29.583333333333336,0.06722648550038657,29.451571842945373,29.715094823721298,29.583333333333336,0.06722648550038657,29.451571842945373,29.715094823721298,0.6306440455409592,0.0014331036433847125,0.627835214013812,0.6334528770681064,311.29822696224244,0.5536610133434581,310.21307131644534,312.38338260803954,5.84404938136762,0.01703973019932819,5.810652123870657,5.877446638864583,0.0,0.0,0.0,0.0,1.625,0.09167869089006286,1.4453130677056965,1.8046869322943035,53.25,0.12100767390069586,53.012829317301666,53.487170682698334,0.84375,0.07170982573638607,0.7032013242190398,0.9842986757809602,53.278125,0.11884981707119774,53.04518363897128,53.511066361028725,53.278515625,0.11888941689025868,53.045496649752124,53.51153460024787,0.00039062499999999997,0.0003906249999999999,0.0,0.0011562359314609583,0.0,0.0,0.0,0.0,0.9999927728954672,7.227104532839257e-06,0.9999786080308704,1.000006937760064
4.0,spoilage_intensity_4,single_average,2.0,0.1905,48751.71390920812,108.97924130196874,48538.11852119376,48965.30929722248,45286.73828125,101.05600435671984,45088.672152289306,45484.804410210694,0.0,0.0,0.0,0.0,3199.375,7.4264749216505646,3184.819376621475,3213.930623378525,207.96772840015322,0.48274026004340587,207.02157487658064,208.9138819237258,28.04956622463581,0.050964696681370124,27.949677254657317,28.149455194614305,0.0,0.0,0.0,0.0,0.0,0.0,0.0,0.0,29.58333333333333,1.3352747109834315,26.966242990338674,32.200423676327986,0.0,0.0,0.0,0.0,26.661458333333332,0.06188729101375471,26.540161471845625,26.78275519482104,26.661458333333332,0.06188729101375471,26.540161471845625,26.78275519482104,0.5941935097147235,0.0013792578858383012,0.5914902139330875,0.5968968054963595,350.6195778079476,0.6370587085171269,349.37096568321647,351.8681899326788,6.579194210339633,0.020397109025599658,6.539216611260721,6.619171809418545,0.0,0.0,0.0,0.0,2.958333333333333,0.13352747109834315,2.6966242990338674,3.2200423676327987,53.322916666666664,0.12377458202750942,53.08032294369125,53.56551038964208,1.101953125,0.07044119546610632,0.9638909188584855,1.2400153311415147,53.278515625,0.11888941689025868,53.045496649752124,53.51153460024787,53.278515625,0.11888941689025868,53.045496649752124,53.51153460024787,0.0,0.0,0.0,0.0,0.0,0.0,0.0,0.0,1.0,0.0,1.0,1.0
4.0,spoilage_intensity_4,single_average,2.1,0.1905,48525.5705958622,108.27797447022297,48313.34966558161,48737.791526142784,45231.16797011047,100.8991220911819,45033.409324740045,45428.9266154809,0.6640625,0.6640625,0.0,1.9656010834836297,3046.25,7.027087612763934,3032.477161362775,3060.022838637225,202.2108731954387,0.46645991701201306,201.2966285578636,203.12511783301377,29.23602338961421,0.040747385083269666,29.156159982386818,29.315886796841603,0.0,0.0,0.0,0.0,0.0,0.0,0.0,0.0,16.041666666666664,0.826276336206145,14.422194806424912,17.661138526908417,0.0,0.0,0.0,0.0,25.385416666666664,0.058559063439699424,25.27064301135646,25.50019032197687,25.385416666666664,0.058559063439699424,25.27064301135646,25.50019032197687,0.5777453519869675,0.0013327426200343208,0.5751332244510388,0.5803574795228963,365.45029237017764,0.5093423135408713,364.4519997798352,366.44858496052007,6.858825394703251,0.019378606070769855,6.820844024733953,6.896806764672549,0.0,0.0,0.0,0.0,1.6041666666666665,0.0826276336206145,1.4422194806424913,1.7661138526908418,53.309374999999996,0.12297403322336871,53.06835032384856,53.55039967615143,1.0453125,0.07575650829537448,0.8968324721465563,1.1937925278534438,53.278125,0.11884981707119774,53.04518363897128,53.511066361028725,53.278515625,0.11888941689025868,53.045496649752124,53.51153460024787,0.00039062499999999997,0.0003906249999999999,0.0,0.0011562359314609583,0.0,0.0,0.0,0.0,0.9999927728954672,7.227104532839257e-06,0.9999786080308704,1.000006937760064
4.0,spoilage_intensity_4,single_average,2.25,0.1905,48234.39422075335,107.3885225971561,48023.91658410995,48444.87185739674,45153.38804350645,100.75843728260885,44955.905135294,45350.8709517189,0.0,0.0,0.0,0.0,2841.25,6.360140634364061,2828.7843534200365,2853.7156465799635,194.35984491098532,0.43507468448994474,193.5071141987999,195.21257562317072,31.437999002577435,0.05812242020142531,31.324081152288336,31.551916852866533,0.0,0.0,0.0,0.0,0.0,0.0,0.0,0.0,13.958333333333332,0.950363686998897,12.095654734600798,15.821011932065867,0.0,0.0,0.0,0.0,23.677083333333332,0.05300117195303385,23.573202945166972,23.780963721499692,23.677083333333332,0.05300117195303385,23.573202945166972,23.780963721499692,0.5553138426028152,0.0012430705271141253,0.5528774691394284,0.5577502160662021,392.97498753221794,0.7265302525178164,391.5510144036042,394.3989606608317,7.372043544065834,0.022039928127412897,7.328846078714253,7.415241009417414,0.0,0.0,0.0,0.0,1.395833333333333,0.0950363686998897,1.2095654734600796,1.5821011932065865,53.2734375,0.11925263689432615,53.03970662662569,53.50716837337431,1.074609375,0.07777698715396326,0.9221692813521977,1.2270494686478026,53.278515625,0.11888941689025868,53.045496649752124,53.51153460024787,53.278515625,0.11888941689025868,53.045496649752124,53.51153460024787,0.0,0.0,0.0,0.0,0.0,0.0,0.0,0.0,1.0,0.0,1.0,1.0
4.0,spoilage_intensity_4,single_average,2.4,0.1905,47980.78419964476,107.3497280277859,47770.38259896013,48191.18580032939,45080.65008344969,100.6167333829651,44883.44490977701,45277.85525712237,0.0,0.0,0.0,0.0,2665.625,6.568756465872099,2652.7504739036763,2678.4995260963237,187.6282342058518,0.4623621764576235,186.7220209921813,188.5344474195223,33.54754865588713,0.054664868718824394,33.44040748197862,33.654689829795636,0.0,0.0,0.0,0.0,0.0,0.0,0.0,0.0,13.333333333333332,0.727392967453308,11.907669314517133,14.758997352149532,0.0,0.0,0.0,0.0,22.213541666666664,0.05473963721560081,22.1062539491973,22.32082938413603,22.213541666666664,0.05473963721560081,22.1062539491973,22.32082938413603,0.5360806691595765,0.0013210347898789227,0.5334914885490895,0.5386698497700636,419.34435819858913,0.6833108589853052,418.0050935247328,420.6836228724455,7.872362603894416,0.02315538677083604,7.826978879775482,7.91774632801335,0.0,0.0,0.0,0.0,1.3333333333333333,0.07273929674533079,1.1907669314517133,1.4758997352149532,53.3125,0.13137512931744186,53.05500947807352,53.56999052192648,1.170703125,0.08372962817763868,1.0065960693328981,1.3348101806671018,53.27890625,0.11891464508983028,53.045837828389566,53.51197467161043,53.278515625,0.11888941689025868,53.045496649752124,53.51153460024787,0.0,0.0,0.0,0.0,0.00039062499999999997,0.0003906249999999999,0.0,0.0011562359314609583,1.0,0.0,1.0,1.0
4.0,spoilage_intensity_4,single_average,3.0,0.1905,47181.37721949328,105.23692099041865,46975.116644508176,47387.63779447839,44828.00303382368,100.00667367546713,44631.993555206114,45024.01251244125,0.0,0.0,0.0,0.0,2131.875,5.014240633135204,2122.0472689492376,2141.7027310507624,166.14881588205543,0.3907875197856824,165.38288641766775,166.9147453464431,42.46715897433744,0.08322373468621516,42.30404345169354,42.630274496981336,0.018627479865893568,0.01016966713743379,0.0,0.038559661190024346,0.0,0.0,0.0,0.0,12.864583333333332,1.1280142538355893,10.653716021767755,15.07545064489891,0.0003798009603690275,0.000208069777024178,0.0,0.0007876102296076959,17.765625,0.04178533860946006,17.68372724124365,17.84752275875635,17.765625,0.04178533860946006,17.68372724124365,17.84752275875635,0.47471090252015835,0.0011165357708162347,0.47252253262190785,0.47689927241840885,530.8394871792178,1.0402966835776895,528.800543146169,532.8784312122666,9.96142395451168,0.029939409543520184,9.902743790087985,10.020104118935375,0.018627479865893568,0.01016966713743379,0.0,0.038559661190024346,1.286458333333333,0.11280142538355892,1.0653716021767754,1.5075450644898907,53.296875,0.1253560158283801,53.05118172373094,53.54256827626906,1.5070326035698136,0.10523468618818782,1.3007764087165907,1.7132887984230365,53.278515625,0.11888941689025868,53.045496649752124,53.51153460024787,53.278515625,0.11888941689025868,53.045496649752124,53.51153460024787,0.0,0.0,0.0,0.0,0.0,0.0,0.0,0.0,1.0,0.0,1.0,1.0
4.0,spoilage_intensity_4,single_average,4.5,0.1905,46099.86602978276,99.74077606530689,45904.37770090468,46295.354358660836,44443.51464736997,96.82957626539728,44253.73216525152,44633.29712948843,0.49806517048095456,0.49806517048095456,0.0,1.4742549665774276,1421.875,3.2033820793080157,1415.5964864958353,1428.1535135041647,134.910993086328,0.3039447613569332,134.3152723007788,135.50671387187722,64.69691361693933,0.10328256365037626,64.49448351195362,64.89934372192504,4.396452205700042,0.17601254993411572,4.051473947002117,4.741430464397967,11.848958333333334,0.026694850660900153,11.796637387465294,11.901279279201374,18.125,1.0495731684731826,16.06787439065297,20.18212560934703,0.09021718624417688,0.0036644301850958664,0.08303503505752753,0.09739933743082622,11.848958333333334,0.026694850660900153,11.796637387465294,11.901279279201374,11.848958333333334,0.026694850660900153,11.796637387465294,11.901279279201374,0.3854599802466515,0.000868413603876953,0.38375792085936805,0.387162039633935,808.7114202117416,1.291032045629704,806.1810438994203,811.2417965240629,15.10183625069384,0.039040620476198946,15.025318040626393,15.178354460761286,4.396452205700042,0.17601254993411572,4.051473947002117,4.741430464397967,1.8125,0.10495731684731827,1.6067874390652972,2.018212560934703,53.3203125,0.12012682797405058,53.084868243593824,53.555756756406176,2.094242152623263,0.15712084976647028,1.7862909458606526,2.402193359385873,53.27822264548795,0.11884688028520993,53.04528704045399,53.51115825052191,53.278515625,0.11888941689025868,53.045496649752124,53.51153460024787,0.0002929795120476203,0.0002929795120476203,0.0,0.000867208803869075,0.0,0.0,0.0,0.0,0.9999946118710428,5.388128957197619e-06,0.9999840513323426,1.000005172409743
4.0,spoilage_intensity_4,single_average,5.0,0.1905,46036.77394190785,97.27734341712048,45846.11385229856,46227.43403151714,44470.1952551474,94.59883819066845,44284.78493931436,44655.60557098044,0.0,0.0,0.0,0.0,1292.5,3.0699516567208636,1286.483005318548,1298.516994681452,129.36477265763673,0.30726777419081674,128.76253888661296,129.9670064286605,72.29893404017561,0.12811363320888,72.04783593315763,72.55003214719359,12.87331339597186,0.29989644001660976,12.285527174447527,13.461099617496192,43.08333333333333,0.10233172189069559,42.88276684395159,43.283899822715064,16.458333333333332,0.8128263826888629,14.865222897579189,18.051443769087474,0.26591784915720895,0.006341426330025173,0.2534888819397456,0.2783468163746723,10.770833333333332,0.025582930472673897,10.720691710987898,10.820974955678766,10.770833333333332,0.025582930472673897,10.720691710987898,10.820974955678766,0.36961363616467635,0.000877907926259476,0.36789296824746553,0.37133430408188717,903.7366755021951,1.6014204151109996,900.5979491644704,906.8754018399198,16.795734380130774,0.04206070663531026,16.71329690996126,16.878171850300287,12.87331339597186,0.29989644001660976,12.285527174447527,13.461099617496192,1.645833333333333,0.08128263826888628,1.486522289757919,1.8051443769087472,53.854166666666664,0.12791465236336952,53.6034585549395,54.10487477839383,2.8337421020916493,0.1771394898976524,2.4865550816524538,3.180929122530845,53.278515625,0.11888941689025868,53.045496649752124,53.51153460024787,53.278515625,0.11888941689025868,53.045496649752124,53.51153460024787,0.0,0.0,0.0,0.0,0.0,0.0,0.0,0.0,1.0,0.0,1.0,1.0
4.0,spoilage_intensity_4,single_average,9.0,0.1905,49130.304829142595,90.69951350884726,48952.53704924995,49308.07260903524,47277.31536923483,89.24597080408273,47102.39648069351,47452.234257776145,0.0,0.0,0.0,0.0,766.25,2.0351572615808045,762.2611650644265,770.2388349355735,104.90766065995072,0.2786343717945238,104.36154732637851,105.45377399352293,133.36321120866464,0.1816797491054115,133.00712544369776,133.71929697363151,199.56233803915063,0.8092271226469249,197.97628202344967,201.1483940548516,638.5416666666665,1.6959643846506718,635.2176375536885,641.8656957796445,10.364583333333332,0.5898034391994798,9.208589834544492,11.520576832122172,4.515003544192691,0.018241505168100944,4.479250851039412,4.55075623734597,6.385416666666666,0.01695964384650669,6.352176375536887,6.418656957796445,6.385416666666666,0.01695964384650669,6.352176375536887,6.418656957796445,0.2997361733141449,0.0007960982051272084,0.2981758495039386,0.30129649712435125,1667.0401401083082,2.2709968638176457,1662.589068046222,1671.4912121703942,28.090831532230517,0.05083122837688271,27.991204155321896,28.19045890913914,199.56233803915063,0.8092271226469249,197.97628202344967,201.1483940548516,1.0364583333333333,0.05898034391994797,0.9208589834544493,1.1520576832122171,57.46875,0.15263679461856033,57.16958737983199,57.76791262016801,4.347831524431376,0.3097612907376891,3.7407105507808645,4.954952498081887,53.278515625,0.11888941689025868,53.045496649752124,53.51153460024787,53.278515625,0.11888941689025868,53.045496649752124,53.51153460024787,0.0,0.0,0.0,0.0,0.0,0.0,0.0,0.0,1.0,0.0,1.0,1.0
4.0,spoilage_intensity_4,single_average,10.0,0.1905,50305.85437659337,87.96169304836644,50133.4526261994,50478.25612698734,48213.15546460773,86.86577201648606,48042.90167996615,48383.40924924931,0.0,0.0,0.0,0.0,716.25,1.9352105008343878,712.4570571158608,720.0429428841392,103.98162255447275,0.28094426228441716,103.43098191873212,104.53226319021338,149.59018140181752,0.23927367372030423,149.12121361887714,150.0591491847579,254.7833580293601,1.0539395411705936,252.71767448678307,256.8490415719371,859.5,2.3222526010012654,854.948468539033,864.051531460967,8.593749999999998,0.637786693756466,7.343711050418448,9.843788949581548,5.82053388630721,0.024101368744878175,5.7732960715891295,5.8677717010252906,5.96875,0.01612675417361992,5.937142142632174,6.000357857367826,5.96875,0.01612675417361992,5.937142142632174,6.000357857367826,0.29709035015563645,0.0008026978922411907,0.2955170911963775,0.2986636091148954,1869.8772675227192,2.9909209215038044,1864.0151702359644,1875.739364809474,30.35989593215899,0.06762155947729884,30.22736011100505,30.492431753312932,254.7833580293601,1.0539395411705936,252.71767448678307,256.8490415719371,0.859375,0.06377866937564661,0.734371105041845,0.984378894958155,59.6875,0.16126754173619903,59.37142142632174,60.00357857367826,4.798073801762875,0.32564920560612776,4.159813087180786,5.436334516344965,53.278740816417596,0.11888125617560281,53.04573783587654,53.511743796958655,53.278515625,0.11888941689025868,53.045496649752124,53.51153460024787,0.0,0.0,0.0,0.0,0.00022519141759445063,0.00022519141759445068,0.0,0.0006665584857070934,1.0,0.0,1.0,1.0
4.0,spoilage_intensity_4,two_person_low,1.8,0.15475,69155.72667898536,181.4917086928801,68800.00946645468,69511.44389151604,63799.7367540992,167.50813932176274,63471.426833911224,64128.04667428717,0.0,0.0,0.0,0.0,4989.375,13.070085421928502,4963.758103298158,5014.991896701842,310.22024567671076,0.8126478989064267,308.62748506274204,311.8130062906795,24.5196792094547,0.04550920277959845,24.430482811041557,24.608875607867844,0.0,0.0,0.0,0.0,0.0,0.0,0.0,0.0,31.875,1.057420553759585,29.802493798118814,33.94750620188119,0.0,0.0,0.0,0.0,41.578125,0.10891737851607085,41.36465086081798,41.79159913918202,41.578125,0.10891737851607085,41.36465086081798,41.79159913918202,0.8863435590763167,0.0023218511397326484,0.8817928144649774,0.890894303687656,306.4959901181837,0.5688650347449806,305.38103513801946,307.610945098348,4.096900610527945,0.01295361182890218,4.071511997873585,4.122289223182306,0.0,0.0,0.0,0.0,3.1875,0.1057420553759585,2.980249379811881,3.394750620188119,74.84062499999999,0.19605128132892763,74.45637154947237,75.22487845052761,0.7828124999999999,0.06965466074422341,0.6462918735859661,0.9193331264140338,74.861328125,0.19655068217141194,74.47609586680726,75.24656038319274,74.861328125,0.19655068217141194,74.47609586680726,75.24656038319274,0.0,0.0,0.0,0.0,0.0,0.0,0.0,0.0,1.0,0.0,1.0,1.0
4.0,spoilage_intensity_4,two_person_low,2.0,0.15475,68486.69629225876,179.48309621799112,68134.91588783775,68838.47669667976,63631.1328125,167.0422395615102,63303.736039062525,63958.529585937475,2.2135416666666665,1.1028991473808611,0.051899059220245736,4.375184274113087,4491.25,11.563103266115768,4468.586734048896,4513.913265951104,291.9429764179529,0.7516319029530726,290.46980495853353,293.4161478773722,27.865295007466777,0.05550920687181004,27.756498961187646,27.97409105374591,0.0,0.0,0.0,0.0,0.0,0.0,0.0,0.0,42.29166666666666,1.2486213737947152,39.84441374370209,44.73891958963122,0.0,0.0,0.0,0.0,37.42708333333333,0.09635919388429805,37.238222783740795,37.61594388292586,37.42708333333333,0.09635919388429805,37.238222783740795,37.61594388292586,0.8341227897655796,0.002147519722723066,0.829913728452953,0.8383318510782063,348.3161875933347,0.693865085897625,346.95623701484556,349.6761381718238,4.655956181106426,0.01503558412267896,4.626486977739453,4.685425384473398,0.0,0.0,0.0,0.0,4.229166666666666,0.12486213737947151,3.9844413743702094,4.473891958963122,74.85416666666666,0.1927183877685961,74.47644556748159,75.23188776585172,0.95546875,0.07489755890372599,0.8086722320187298,1.1022652679812701,74.86015624999999,0.19652028183707096,74.47498357536767,75.2453289246323,74.861328125,0.19655068217141194,74.47609586680726,75.24656038319274,0.0013020833333333333,0.0006487642043416831,3.0528858364850054e-05,0.0025736378083018163,0.00013020833333333333,0.00013020833333333336,0.0,0.0003854119771536529,0.9999826796248079,8.657341482920995e-06,0.9999657115472995,0.9999996477023163
4.0,spoilage_intensity_4,two_person_low,2.1,0.15475,68171.29147537876,179.15981124036395,67820.14469787065,68522.43825288687,63554.18172960182,166.81403849980174,63227.23222202653,63881.13123717711,0.6640625,0.6640625,0.0,1.9656010834836297,4276.875,11.349592241469251,4254.630207967505,4299.119792032495,283.9000831506744,0.7533889068722767,282.42346802685273,285.37669827449605,28.847683459590193,0.05864893248562442,28.732733664186647,28.96263325499374,0.0,0.0,0.0,0.0,0.0,0.0,0.0,0.0,26.822916666666664,1.328923111942865,24.218275229035758,29.42755810429757,0.0,0.0,0.0,0.0,35.640625,0.09457993534557708,35.45525173306254,35.82599826693746,35.640625,0.09457993534557708,35.45525173306254,35.82599826693746,0.8111430947162124,0.0021525397339207893,0.8069241943624362,0.8153619950699885,360.59604324487736,0.7331116560703045,359.15917080233305,362.0329156874217,4.819463168585296,0.015666646906848117,4.788757104889368,4.850169232281224,0.0,0.0,0.0,0.0,2.6822916666666665,0.1328923111942865,2.421827522903576,2.942755810429757,74.84531249999999,0.19861786422571204,74.45602863943132,75.23459636056866,0.8824218749999999,0.07579088557114558,0.7338744689241581,1.0309692810758417,74.8609375,0.19649148129051824,74.47582127340166,75.24605372659835,74.861328125,0.19655068217141194,74.47609586680726,75.24656038319274,0.00039062499999999997,0.0003906249999999999,0.0,0.0011562359314609583,0.0,0.0,0.0,0.0,0.9999949104234528,5.0895765472316196e-06,0.9999849350367237,1.000004885810182
4.0,spoilage_intensity_4,two_person_low,2.25,0.15475,67767.17673976076,178.1067126273666,67418.0939976063,68116.25948191523,63445.09032711237,166.62427768608623,63118.51274389764,63771.667910327094,0.6640625,0.6640625,0.0,1.9656010834836297,3991.25,10.744830798523022,3970.1905186149183,4012.3094813850817,273.02727003993664,0.7350158020574435,271.58666553983625,274.46787454003703,31.1034134417885,0.05799106149786092,30.989753049827446,31.217073833749556,0.0,0.0,0.0,0.0,0.0,0.0,0.0,0.0,26.041666666666664,1.1758777538772862,23.73698861884533,28.346344714487998,0.0,0.0,0.0,0.0,33.260416666666664,0.08954025665435852,33.08492098845765,33.43591234487568,33.260416666666664,0.08954025665435852,33.08492098845765,33.43591234487568,0.7800779143998191,0.002100045148735556,0.7759619015423893,0.7841939272572489,388.7926680223562,0.7248882687232612,387.371913122843,390.21342292186944,5.198134010892269,0.01844202961192698,5.161988297051071,5.234279724733467,0.0,0.0,0.0,0.0,2.6041666666666665,0.11758777538772863,2.373698861884533,2.8346344714488,74.8359375,0.20146557747230667,74.44107222402971,75.23080277597029,1.023046875,0.08576674899388405,0.8549471359009002,1.1911466140990996,74.86171875,0.19660748765184113,74.47637515511148,75.2470623448885,74.861328125,0.19655068217141194,74.47609586680726,75.24656038319274,0.00039062499999999997,0.0003906249999999999,0.0,0.0011562359314609583,0.0007812499999999999,0.0005480252925095325,0.0,0.0018553598359357117,0.9999947707496654,5.229250334672087e-06,0.9999845216073433,1.0000050198919874
4.0,spoilage_intensity_4,two_person_low,2.4,0.15475,67405.51650635537,176.3630413130909,67059.85129717777,67751.18171553298,63341.430150465196,166.33985519257195,63015.41002509415,63667.45027583624,1.328125,0.9316429972662054,0.0,3.1541117210907106,3740.625,9.511571378030292,3721.9826626626786,3759.2673373373214,263.2954236159492,0.6695012772549558,261.9832252249259,264.60762200697246,33.31697394091431,0.0643316342137444,33.190886254788765,33.44306162703985,0.0,0.0,0.0,0.0,0.0,0.0,0.0,0.0,25.52083333333333,0.9657344471886526,23.62802859821387,27.413638068452787,0.0,0.0,0.0,0.0,31.171874999999996,0.07926309481691911,31.016522188855653,31.32722781114434,31.171874999999996,0.07926309481691911,31.016522188855653,31.32722781114434,0.7522726389027119,0.001912860792157018,0.7485235006426454,0.7560217771627784,416.46217426142897,0.8041454276718047,414.8860781848597,418.03827033799826,5.568167381855985,0.018300194508901056,5.532299659708461,5.604035104003509,0.0,0.0,0.0,0.0,2.552083333333333,0.09657344471886525,2.3628028598213873,2.741363806845279,74.8125,0.19023142756060593,74.43965325325357,75.18534674674643,1.06640625,0.08534444309756745,0.8991342152481399,1.2336782847518601,74.860546875,0.1965900122122961,74.47523753134361,75.24585621865639,74.861328125,0.19655068217141194,74.47609586680726,75.24656038319274,0.0007812499999999999,0.0005480252925095325,0.0,0.0018553598359357117,0.0,0.0,0.0,0.0,0.9999894780381361,7.38089321177272e-06,0.9999750117532673,1.0000039443230049
4.0,spoilage_intensity_4,two_person_low,3.0,0.15475,66276.56455135724,174.15812949843598,65935.22088992545,66617.90821278903,62986.456374451205,165.40766458116548,62662.26330910524,63310.64943979717,1.328125,0.9316429972662054,0.0,3.1541117210907106,2993.125,8.19187981120755,2977.0692106043525,3009.1807893956475,233.27079427122936,0.6384385249980649,232.01947775589028,234.52211078656845,41.967590968136896,0.07885609049661416,41.813035870801905,42.12214606547189,0.0,0.0,0.0,0.0,0.0,0.0,0.0,0.0,20.416666666666664,0.9077245423569741,18.637559255763893,22.195774077569435,0.0,0.0,0.0,0.0,24.942708333333332,0.06826566509339624,24.808910088369604,25.07650657829706,24.942708333333332,0.06826566509339624,24.808910088369604,25.07650657829706,0.666487983632084,0.0018241100714230399,0.662912793588258,0.6700631736759098,524.5948871017112,0.9857011312076778,522.6629483850237,526.5268258183986,7.011195819594458,0.02403060099309204,6.964096707121145,7.058294932067771,0.0,0.0,0.0,0.0,2.0416666666666665,0.09077245423569742,1.8637559255763894,2.219577407756944,74.828125,0.20479699528018874,74.42673026510882,75.22951973489118,1.2820312500000002,0.108892029969361,1.0686067930565963,1.495455706943404,74.860546875,0.1965900122122961,74.47523753134361,75.24585621865639,74.861328125,0.19655068217141194,74.47609586680726,75.24656038319274,0.0007812499999999999,0.0005480252925095325,0.0,0.0018553598359357117,0.0,0.0,0.0,0.0,0.9999894780381361,7.38089321177272e-06,0.9999750117532673,1.0000039443230049
4.0,spoilage_intensity_4,two_person_low,4.5,0.15475,64610.48488086177,169.46499353830353,64278.33959688638,64942.63016483716,62342.93605371209,163.65335130979457,62022.18137919561,62663.69072822857,0.0,0.0,0.0,0.0,1993.75,5.579067311253025,1982.8152290026194,2004.6847709973806,189.17189799797208,0.5293556124530051,188.13438006255004,190.20941593339413,64.54443926132755,0.12761630049947204,64.29431590850835,64.79456261414676,0.03040655703973716,0.008277462331184942,0.014183028987227717,0.0466300850922466,0.0,0.0,0.0,0.0,20.052083333333332,1.3018187561883738,17.50056545680539,22.603601209861274,0.0006151161391725373,0.0001678472933089355,0.0002861414893844929,0.0009440907889605816,16.614583333333332,0.046492227593775214,16.523460241688493,16.70570642497817,16.614583333333332,0.046492227593775214,16.523460241688493,16.70570642497817,0.5404911371370631,0.0015124446070085835,0.5375268001787145,0.5434554740954117,806.8054907665944,1.5952037562434016,803.6789488563543,809.9320326768345,10.777755223115783,0.03903077074606343,10.701256318164658,10.854254128066907,0.03040655703973716,0.008277462331184942,0.014183028987227717,0.0466300850922466,2.005208333333333,0.1301818756188374,1.7500565456805388,2.2603601209861273,74.765625,0.20921502417198845,74.35557108759822,75.17567891240178,1.9332596459198796,0.1558628221886299,1.6277741279013946,2.238745163938365,74.86171875,0.1965420376253983,74.47650343480609,75.2469340651939,74.861328125,0.19655068217141194,74.47609586680726,75.24656038319274,0.0,0.0,0.0,0.0,0.00039062499999999997,0.0003906249999999999,0.0,0.0011562359314609583,1.0,0.0,1.0,1.0
4.0,spoilage_intensity_4,two_person_low,5.0,0.15475,64244.49838851177,168.2162502382789,63914.80059643037,64574.19618059317,62178.00701029382,163.0950531152322,61858.346580131314,62497.667440456324,1.3986792814513787,0.9824225702790078,0.0,3.324192136797504,1793.75,5.056721913249384,1783.8390071701967,1803.6609928298033,179.53428313704904,0.506121222979029,178.5423037681988,180.5262625058993,71.61200211268958,0.12767905979921315,71.36175575390318,71.86224847147598,0.2484970200966884,0.02979005785815175,0.19010957959734653,0.30688446059603025,0.0,0.0,0.0,0.0,19.947916666666664,1.0300066659066673,17.929140697653416,21.966692635679912,0.005056625090231589,0.000609026500474293,0.0038629550836715085,0.00625029509679167,14.947916666666666,0.042139349277078186,14.865325059751639,15.030508273581694,14.947916666666666,0.042139349277078186,14.865325059751639,15.030508273581694,0.512955094677283,0.0014460606370829414,0.5101208679091394,0.5157893214454266,895.1500264086199,1.5959882474901665,892.02194692379,898.2781058934497,11.970898294302344,0.03876674755302062,11.894916865300667,12.046879723304022,0.2484970200966884,0.02979005785815175,0.19010957959734653,0.30688446059603025,1.9947916666666667,0.10300066659066674,1.7929140697653418,2.1966692635679914,74.73958333333334,0.21069674638539093,74.3266252987582,75.15254136790848,2.2937221572045194,0.19081830257442237,1.9197251565675848,2.667719157841454,74.8605053724815,0.19659281647798058,74.47519053256536,75.24582021239763,74.861328125,0.19655068217141194,74.47609586680726,75.24656038319274,0.0008227525185008109,0.0005778956295758869,0.0,0.001955407139292649,0.0,0.0,0.0,0.0,0.9999889175719848,7.78533498555058e-06,0.9999736585958056,1.000004176548164
4.0,spoilage_intensity_4,two_person_low,9.0,0.15475,64479.48451919081,149.24508917777047,64186.96951953291,64771.99951884871,62778.365904236096,147.07810911250465,62490.09810746134,63066.633701010855,0.0,0.0,0.0,0.0,1022.5,2.9378482569650157,1016.7419232243047,1028.2580767756951,139.99097295243016,0.402222235578615,139.20263185691488,140.77931404794543,131.65195738431734,0.2466448096540738,131.16854244042162,132.13537232821307,88.50693461796764,0.9023059925145579,86.73844736960444,90.27542186633084,306.75,0.8813544770895048,305.02257696729146,308.47742303270854,11.71875,0.7679085707830136,10.213676857845666,13.223823142154334,1.8812420687817692,0.0194036648745164,1.8432115844596322,1.9192725531039063,8.520833333333332,0.02448206880804182,8.472849360202538,8.568817306464126,8.520833333333332,0.02448206880804182,8.472849360202538,8.568817306464126,0.3999742084355148,0.0011492063873674693,0.3977218053054712,0.4022266115655584,1645.649467303967,3.0830601206759254,1639.6067805052705,1651.6921541026634,21.13766955326232,0.052092625653707064,21.035569883120928,21.239769223403712,88.50693461796764,0.9023059925145579,86.73844736960444,90.27542186633084,1.171875,0.07679085707830136,1.0213676857845666,1.3223823142154334,76.6875,0.2203386192723762,76.25564424182286,77.11935575817714,4.581996223288015,0.3347200841138911,3.9259569135225707,5.238035533053459,74.861328125,0.19655068217141194,74.47609586680726,75.24656038319274,74.861328125,0.19655068217141194,74.47609586680726,75.24656038319274,0.0,0.0,0.0,0.0,0.0,0.0,0.0,0.0,1.0,0.0,1.0,1.0
4.0,spoilage_intensity_4,two_person_low,10.0,0.15475,65372.88585327116,147.75307947386474,65083.2951388975,65662.47656764482,63505.14105800619,144.73123067599707,63221.47305844308,63788.809057569306,0.0,0.0,0.0,0.0,936.875,2.7895336556265127,931.4076145013097,942.3423854986903,136.0108658020547,0.40497066063854126,135.21713789240775,136.80459371170164,147.75471476025376,0.23950518291813402,147.28529322762355,148.22413629288397,138.21879803599347,1.0899871579085023,136.08246246288164,140.3551336091053,499.66666666666663,1.4877512830008086,496.7507277340318,502.5826055993015,9.218749999999998,0.6503551274318485,7.944077373072618,10.493422626927378,2.9827320750728674,0.024774452466423832,2.934175040501977,3.0312891096437578,7.807291666666666,0.023246113796887635,7.761730120844247,7.8528532124890855,7.807291666666666,0.023246113796887635,7.761730120844247,7.8528532124890855,0.3886024737201562,0.001157059030395833,0.38633467969259355,0.3908702677477189,1846.9339345031722,2.993814786476677,1841.0661653452944,1852.80170366105,23.244349094514686,0.06385443938256827,23.119196693071856,23.369501495957515,138.21879803599347,1.0899871579085023,136.08246246288164,140.3551336091053,0.9218749999999999,0.06503551274318484,0.7944077373072619,1.049342262692738,78.07291666666666,0.23246113796887657,77.61730120844246,78.52853212489086,5.300045525046891,0.3605838838993861,4.593314099198523,6.00677695089526,74.861328125,0.19655068217141194,74.47609586680726,75.24656038319274,74.861328125,0.19655068217141194,74.47609586680726,75.24656038319274,0.0,0.0,0.0,0.0,0.0,0.0,0.0,0.0,1.0,0.0,1.0,1.0
4.0,spoilage_intensity_4,two_person_average,1.8,0.15475,98860.85437482975,220.5343636380966,98428.61496474562,99293.09378491389,91212.2010685493,203.49894899844608,90813.35045762059,91611.05167947801,0.0,0.0,0.0,0.0,7133.125,15.962622201245086,7101.83883538674,7164.41116461326,443.51041762599283,0.9924947675640282,441.5651636267229,445.45567162526277,24.309555321130368,0.04823707003578964,24.215012401140484,24.404098241120252,0.0,0.0,0.0,0.0,0.0,0.0,0.0,0.0,47.708333333333336,1.4583333333333333,44.85005252254576,50.56661414412091,0.0,0.0,0.0,0.0,59.44270833333333,0.13302185167704236,59.181990294889495,59.70342637177716,59.44270833333333,0.13302185167704236,59.181990294889495,59.70342637177716,1.2671726217885508,0.0028356993358972216,1.2616147532192081,1.2727304903578935,303.86944151412956,0.6029633754473702,302.687655014256,305.05122801400313,2.83977794438415,0.008534512768893507,2.8230506067315217,2.8565052820367787,0.0,0.0,0.0,0.0,4.770833333333333,0.14583333333333334,4.485005252254576,5.0566614144120905,106.996875,0.23943933301867626,106.52758253080111,107.4661674691989,0.7054687500000001,0.06086519863710237,0.586175152759403,0.8247623472405972,107.02656250000001,0.23878157448802473,106.55855921383171,107.49456578616831,107.02656250000001,0.23878157448802473,106.55855921383171,107.49456578616831,0.0,0.0,0.0,0.0,0.0,0.0,0.0,0.0,1.0,0.0,1.0,1.0
4.0,spoilage_intensity_4,two_person_average,2.0,0.15475,97906.6540753893,219.0091258187035,97477.40407649905,98335.90407427956,90972.13541666666,202.79668439069576,90574.66121907676,91369.60961425655,1.7708333333333333,1.0699693362482232,0.0,3.8679346969420774,6425.0,14.893803974317537,6395.808680617538,6454.191319382462,417.64177533767827,0.9681361452708702,415.7442633608159,419.5392873145406,27.65813338496139,0.054091971444302514,27.552115069077786,27.76415170084499,0.0,0.0,0.0,0.0,0.0,0.0,0.0,0.0,62.44791666666666,1.7603344819737883,58.99772448125406,65.89810885207926,0.0,0.0,0.0,0.0,53.541666666666664,0.12411503311931277,53.298405671812816,53.78492766152051,53.541666666666664,0.12411503311931277,53.298405671812816,53.78492766152051,1.1932622152505092,0.002766103272202482,1.187840752459474,1.1986836780415444,345.72666731201736,0.6761496430537817,344.4014383634723,347.0518962605624,3.231855952696645,0.00935005599238684,3.213530179698134,3.250181725695156,0.0,0.0,0.0,0.0,6.244791666666666,0.17603344819737884,5.899772448125407,6.589810885207926,107.08333333333333,0.24823006623862554,106.59681134362563,107.56985532304103,1.00546875,0.08168281536387473,0.8453733737309704,1.1655641262690293,107.02604166666666,0.23858433457728898,106.55842496361971,107.4936583697136,107.02656250000001,0.23878157448802473,106.55855921383171,107.49456578616831,0.0010416666666666667,0.0006293937272048372,0.0,0.002275255704083575,0.0005208333333333333,0.0005208333333333334,0.0,0.0015416479086146117,0.9999903551618037,5.839523093298073e-06,0.9999789099068539,1.0000018004167535
4.0,spoilage_intensity_4,two_person_average,2.1,0.15475,97452.75505583824,217.06139988241628,97027.32252963485,97878.18758204162,90861.94557571264,202.72196856942992,90464.6178184415,91259.27333298378,0.0,0.0,0.0,0.0,6113.75,13.546473505840716,6087.1993998110265,6140.3006001889735,405.832326958921,0.8992184608403528,404.06989116144035,407.5947627564016,28.675069833331328,0.049810211958249195,28.577443611830855,28.7726960548318,0.0,0.0,0.0,0.0,0.0,0.0,0.0,0.0,42.55208333333333,1.4333021627824543,39.74286271531635,45.36130395135031,0.0,0.0,0.0,0.0,50.947916666666664,0.1128872792153393,50.72666166509188,51.16917166824145,50.947916666666664,0.1128872792153393,50.72666166509188,51.16917166824145,1.1595209341683455,0.002569195602401004,1.1544854033184009,1.16455646501829,358.4383729166416,0.6226276494781157,357.2180451478857,359.6587006853975,3.350909450222698,0.009907926814350989,3.3314902705051113,3.3703286299402846,0.0,0.0,0.0,0.0,4.255208333333333,0.14333021627824544,3.9742862715316356,4.5361303951350305,106.990625,0.2370632863522125,106.52598949669296,107.45526050330703,0.98203125,0.07836069357778216,0.8284471127839679,1.1356153872160322,107.026953125,0.2387876958831884,106.55893784111765,107.49496840888236,107.02656250000001,0.23878157448802473,106.55855921383171,107.49456578616831,0.0,0.0,0.0,0.0,0.00039062499999999997,0.0003906249999999999,0.0,0.0011562359314609583,1.0,0.0,1.0,1.0
4.0,spoilage_intensity_4,two_person_average,2.25,0.15475,96877.94968525234,216.58619817326797,96453.44853728429,97302.4508332204,90704.37141111495,202.34169022489067,90307.7889857032,91100.95383652669,0.6640625,0.6640625,0.0,1.9656010834836297,5711.25,13.376974709587829,5685.031611347104,5737.468388652896,390.6863754501944,0.9150714403638075,388.8928683838002,392.47988251658865,30.873669520531692,0.05088765461451735,30.773931550229523,30.97340749083386,0.0,0.0,0.0,0.0,0.0,0.0,0.0,0.0,40.10416666666666,1.4660486575232587,37.23076409833777,42.97756923499554,0.0,0.0,0.0,0.0,47.59375,0.11147478924656526,47.37526342789254,47.81223657210746,47.59375,0.11147478924656526,47.37526342789254,47.81223657210746,1.1162467870005555,0.0026144898296108733,1.1111224810965719,1.121371092904539,385.92086900664617,0.6360956826814665,384.6741443778691,387.16759363542326,3.6056675105973204,0.009661207323770423,3.5867318921955555,3.624603128999085,0.0,0.0,0.0,0.0,4.010416666666666,0.14660486575232587,3.723076409833778,4.297756923499555,107.0859375,0.2508182758047718,106.59434271275822,107.57753228724178,1.0230468750000001,0.08452148638986029,0.8573878057560816,1.1887059442439187,107.026171875,0.23875207091544232,106.55822641477138,107.49411733522862,107.02656250000001,0.23878157448802473,106.55855921383171,107.49456578616831,0.00039062499999999997,0.00039062499999999997,0.0,0.0011562359314609585,0.0,0.0,0.0,0.0,0.9999963889530853,3.6110469147209584e-06,0.999989311431186,1.0000034664749846
4.0,spoilage_intensity_4,two_person_average,2.4,0.15475,96359.01007491168,214.945456107029,95937.72472230137,96780.295427522,90558.25209110588,202.0218772853002,90162.29648753752,90954.20769467425,0.0,0.0,0.0,0.0,5355.0,12.328184253332969,5330.837202868694,5379.162797131306,376.92818538704296,0.8677572585856045,375.22741241289197,378.62895836119395,33.10063175209058,0.0563236465192357,32.99023943343491,33.21102407074625,0.0,0.0,0.0,0.0,0.0,0.0,0.0,0.0,35.729166666666664,1.1889147332526946,33.39893660880234,38.05939672453099,0.0,0.0,0.0,0.0,44.625,0.10273486877777473,44.423643357239115,44.826356642760885,44.625,0.10273486877777473,44.423643357239115,44.826356642760885,1.0769376725344086,0.002479306453101726,1.0720783211796916,1.0817970238891257,413.7578969011322,0.704045581490447,412.37799291793635,415.13780088432804,3.867170466627837,0.010299815639815722,3.846983198926396,3.887357734329278,0.0,0.0,0.0,0.0,3.572916666666667,0.11889147332526946,3.339893660880234,3.8059396724531,107.1,0.24656368506665938,106.61674405737386,107.58325594262612,1.14609375,0.09291996769373824,0.9639739598756476,1.3282135401243522,107.026953125,0.23876107909730598,106.55899000905937,107.49491624094064,107.02656250000001,0.23878157448802473,106.55855921383171,107.49456578616831,0.0,0.0,0.0,0.0,0.00039062499999999997,0.00039062499999999997,0.0,0.0011562359314609585,1.0,0.0,1.0,1.0
4.0,spoilage_intensity_4,two_person_average,3.0,0.15475,94741.3263904321,211.05549182458896,94327.66522771653,95154.98755314769,90050.09430381889,200.87340005685334,89656.38967425535,90443.79893338242,0.6640625,0.6640625,0.0,1.9656010834836297,4285.0,9.656809424130117,4266.073001323138,4303.926998676862,333.95376185499026,0.7526085961971934,332.47867611198853,335.428847597992,41.770512258232685,0.06515465490714639,41.64281148118954,41.89821303527583,0.0,0.0,0.0,0.0,0.0,0.0,0.0,0.0,29.84375,1.1934512470471859,27.5046285384831,32.182871461516896,0.0,0.0,0.0,0.0,35.70833333333333,0.08047341186775098,35.55060834435948,35.866058322307175,35.70833333333333,0.08047341186775098,35.55060834435948,35.866058322307175,0.9541536052999723,0.002150310274849125,0.9499390746056816,0.958368135994263,522.1314032279085,0.8144331863393308,520.5351435148692,523.7276629409479,4.879832066556146,0.014183379803869401,4.852033152961509,4.907630980150783,0.0,0.0,0.0,0.0,2.984375,0.11934512470471859,2.75046285384831,3.21828714615169,107.125,0.24142023560325293,106.65182503307845,107.59817496692155,1.503515625,0.10557069725610713,1.2966008605552484,1.7104303894447515,107.026171875,0.23874168268015547,106.5582467753384,107.4940969746616,107.02656250000001,0.23878157448802473,106.55855921383171,107.49456578616831,0.00039062499999999997,0.0003906249999999999,0.0,0.0011562359314609583,0.0,0.0,0.0,0.0,0.9999964022565047,3.5977434952802483e-06,0.9999893508088283,1.000003453704181
4.0,spoilage_intensity_4,two_person_average,4.5,0.15475,92336.65436806178,205.98223103988562,91932.9366137684,92740.37212235515,89128.26781378342,198.849590445975,88738.52977816877,89518.00584939806,0.0,0.0,0.0,0.0,2853.75,6.679674809117249,2840.658077945691,2866.841922054309,270.7708107394171,0.6337839556864956,269.5286170122922,272.01300446654193,63.65741020560563,0.095513623466827,63.47020694357773,63.84461346763353,0.0,0.0,0.0,0.0,0.0,0.0,0.0,0.0,20.208333333333332,0.947459589492523,18.351346661120882,22.065320005545782,0.0,0.0,0.0,0.0,23.78125,0.055663956742643746,23.672150649547422,23.890349350452578,23.78125,0.055663956742643746,23.672150649547422,23.890349350452578,0.7736308878269059,0.0018108113019614169,0.7700817628922635,0.7771800127615484,795.7176275700704,1.1939202933353386,793.3775867947217,798.0576683454191,7.430635781274386,0.02069692415606039,7.390070555337751,7.471201007211022,0.0,0.0,0.0,0.0,2.020833333333333,0.0947459589492523,1.8351346661120882,2.206532000554578,107.015625,0.25048780534189685,106.5246779229634,107.5065720770366,2.1117187499999996,0.14061228861200345,1.8361237285367213,2.387313771463278,107.02656250000001,0.23878157448802473,106.55855921383171,107.49456578616831,107.02656250000001,0.23878157448802473,106.55855921383171,107.49456578616831,0.0,0.0,0.0,0.0,0.0,0.0,0.0,0.0,1.0,0.0,1.0,1.0
4.0,spoilage_intensity_4,two_person_average,5.0,0.15475,91810.4402729156,204.88213716262837,91408.87866300125,92212.00188282995,88888.21230313936,198.14271241141785,88499.8597230139,89276.56488326481,1.7708333333333333,0.9198814779206703,0.0,3.573767900103324,2568.125,6.3107169806230266,2555.7562220013533,2580.4937779986467,257.04054683279946,0.6316320831760054,255.8025706982945,258.27852296730447,71.38533961009968,0.11356027254451342,71.16276556583787,71.60791365436148,0.0,0.0,0.0,0.0,0.0,0.0,0.0,0.0,23.906249999999996,0.9609742983985262,22.02277498507024,25.789725014929754,0.0,0.0,0.0,0.0,21.401041666666664,0.05258930817185855,21.297968516677944,21.504114816655385,21.401041666666664,0.05258930817185855,21.297968516677944,21.504114816655385,0.7344015623794271,0.0018046630947885867,0.7308644877094129,0.7379386370494413,892.3167451262459,1.4195034068064167,889.5345695729734,895.0989206795184,8.347235912246655,0.023716207198072648,8.300753000288543,8.393718824204766,0.0,0.0,0.0,0.0,2.390625,0.09609742983985262,2.202277498507024,2.578972501492976,107.00520833333333,0.2629465408592928,106.48984258338973,107.52057408327693,2.14609375,0.2123082254614416,1.7299772744739648,2.562210225526035,107.02604166666666,0.23857415561660178,106.55844491401606,107.49363841931725,107.02656250000001,0.23878157448802473,106.55855921383171,107.49456578616831,0.0010416666666666667,0.0005411067517180413,0.0,0.002102216411825485,0.0005208333333333333,0.0005208333333333334,0.0,0.0015416479086146117,0.9999903670540138,4.9915452314807e-06,0.9999805838051329,1.0000001503028948
4.0,spoilage_intensity_4,two_person_average,9.0,0.15475,89861.81819596219,196.5254379557037,89476.63541552305,90247.00097640132,87660.37196660551,192.02168204159167,87284.01638555319,88036.72754765784,0.0,0.0,0.0,0.0,1426.875,3.7853820234544444,1419.455787566304,1434.294212433696,195.35415113105017,0.5182584962934245,194.33838314363317,196.36991911846718,129.94554639601813,0.183688959480045,129.5855226510796,130.30557014095666,6.469448496265538,0.24692366658630185,5.98548700282581,6.953409989705266,428.0625,1.1356146070363333,425.83673626989116,430.28826373010884,14.739583333333332,0.8964358669521212,12.982601319657235,16.49656534700943,0.13254854836840269,0.005104329076857114,0.12254424721252216,0.1425528495242832,11.890625,0.03154485019545371,11.8287982297192,11.9524517702808,11.890625,0.03154485019545371,11.8287982297192,11.9524517702808,0.5581547175172862,0.0014807385608383587,0.5552525232675233,0.5610569117670491,1624.3193299502268,2.296111993500564,1619.8190331384953,1628.8196267619583,15.136174730071392,0.03778314305950464,15.062121130452038,15.210228329690747,6.469448496265538,0.24692366658630185,5.98548700282581,6.953409989705266,1.4739583333333333,0.08964358669521211,1.2982601319657237,1.6496565347009429,107.015625,0.28390365175908333,106.45918406747279,107.57206593252721,3.9658241936958643,0.3203681185307183,3.3379142195807976,4.593734167810931,107.02669575439398,0.23878425524171196,106.55868721404501,107.49470429474296,107.02656250000001,0.23878157448802473,106.55855921383171,107.49456578616831,0.0,0.0,0.0,0.0,0.0001332543939724736,0.0001332543939724736,0.0,0.00039442820694023307,1.0,0.0,1.0,1.0
4.0,spoilage_intensity_4,two_person_average,10.0,0.15475,90049.10151166611,191.83125142879277,89673.11916775643,90425.0838555758,87693.37989520276,187.24155619738966,87326.39318864665,88060.36660175887,0.6241299555448772,0.624129955544877,0.0,1.8474021900854212,1293.75,3.4753953754749998,1286.938350232032,1300.561649767968,187.82020827902144,0.5045406633999326,186.83132675002162,188.80908980802127,145.1907247346536,0.21311992018201328,144.7730173667088,145.60843210259839,22.71155349413582,0.5329139727599596,21.66706130066814,23.7560456876035,690.0,1.8535442002533367,686.3671201237504,693.6328798762496,15.624999999999996,0.905825137592339,13.849615354027973,17.400384645972018,0.46703234568945967,0.011006694989874666,0.4454596199204879,0.48860507145843146,10.78125,0.028961628128958385,10.7244862519336,10.8380137480664,10.78125,0.028961628128958385,10.7244862519336,10.8380137480664,0.53662916651149,0.001441544752571235,0.5338037907143476,0.5394545423086323,1814.88405918317,2.6639990022751614,1809.66271708386,1820.10540128248,16.80388596571565,0.04321196056428389,16.71919207930829,16.888579852123012,22.71155349413582,0.5329139727599596,21.66706130066814,23.7560456876035,1.5624999999999998,0.09058251375923389,1.3849615354027975,1.740038464597202,107.8125,0.2896162812895837,107.244862519336,108.380137480664,5.217022466241176,0.3463241052081085,4.538239693055223,5.89580523942713,107.02676469154125,0.23874429049747778,106.55883448065163,107.49469490243087,107.02656250000001,0.23878157448802473,106.55855921383171,107.49456578616831,0.0003671352679675748,0.0003671352679675747,0.0,0.001086707170638483,0.0005693268092070601,0.0005693268092070601,0.0,0.0016851868506860047,0.9999966737461565,3.3262538434199185e-06,0.99999015440842,1.000003193083893
4.0,spoilage_intensity_4,family_three,1.8,0.15475,147943.45744179195,392.8378173309697,147173.50946805792,148713.40541552598,136527.34191212978,362.4898397759661,135816.8748814072,137237.80894285237,0.0,0.0,0.0,0.0,10680.625,28.305198741461805,10625.147829891486,10736.102170108514,664.0803931315684,1.7599089480154144,660.6310349773884,667.5297512857484,23.389303197269502,0.047114071799317654,23.296961313377807,23.481645081161197,0.0,0.0,0.0,0.0,0.0,0.0,0.0,0.0,48.02083333333333,1.5335726140362724,45.01508624214529,51.02658042452137,0.0,0.0,0.0,0.0,89.00520833333333,0.2358766561788484,88.54289858242905,89.46751808423761,89.00520833333333,0.2358766561788484,88.54289858242905,89.46751808423761,1.897372551804481,0.005028311280044038,1.8875172427925382,1.907227860816424,292.36628996586876,0.5889258974914707,291.21201641722257,293.52056351451495,1.825762287735469,0.006694312412419999,1.8126416765058662,1.8388828989650716,0.0,0.0,0.0,0.0,4.802083333333333,0.15335726140362724,4.501508624214529,5.102658042452137,160.20937499999997,0.42457798112192696,159.37721744837225,161.04153255162768,0.78984375,0.05582599995705726,0.6804268006832331,0.8992606993167668,160.19843749999998,0.42533828849542604,159.36478977330304,161.03208522669692,160.19765624999997,0.425277730343322,159.36412721510013,161.0311852848998,0.0,0.0,0.0,0.0,0.0007812499999999999,0.0007812499999999998,0.0,0.0023124718629219166,1.0,0.0,1.0,1.0
4.0,spoilage_intensity_4,family_three,2.0,0.15475,146498.3828265933,388.50455048060775,145736.92789982137,147259.83775336522,136166.90104166666,361.5343442164835,135458.30674782803,136875.4953355053,2.65625,1.509047682832072,0.0,5.613929109304483,9611.25,25.517948087633822,9561.235740788876,9661.264259211124,624.7563444691455,1.6587332517189268,621.5052870358173,628.0074019024736,27.246273790862787,0.05886271612315956,27.13090498722919,27.361642594496384,0.0,0.0,0.0,0.0,0.0,0.0,0.0,0.0,65.57291666666666,1.815532094832731,62.014539148017946,69.13129418531537,0.0,0.0,0.0,0.0,80.09374999999999,0.2126495673969484,79.67696450657394,80.51053549342603,80.09374999999999,0.2126495673969484,79.67696450657394,80.51053549342603,1.7850181270547016,0.004739237862054073,1.7757293915309071,1.7943068625784961,340.57842238578485,0.7357839515394945,339.1363123403649,342.0205324312048,2.126998656769839,0.007269341261010957,2.1127510097069266,2.141246303832751,0.0,0.0,0.0,0.0,6.557291666666666,0.1815532094832731,6.201453914801795,6.913129418531537,160.18749999999997,0.4252991347938968,159.35392901314788,161.02107098685207,0.9695312500000001,0.0728581158418389,0.8267319669685487,1.1123305330314515,160.19635416666665,0.4253345226076276,159.36271382097416,161.02999451235914,160.19765624999997,0.425277730343322,159.36412721510013,161.0311852848998,0.0015625,0.0008876751075482778,0.0,0.0033023112407673436,0.00026041666666666666,0.00026041666666666666,0.0,0.0007708239543073058,0.9999901583691383,5.593005644663045e-06,0.9999791962795094,1.000001120458767
4.0,spoilage_intensity_4,family_three,2.1,0.15475,145834.46425181295,386.98875343599275,145075.98023265635,146592.94827096956,136001.9163261051,361.0451466733512,135294.28084183234,136709.55181037786,0.0,0.0,0.0,0.0,9156.25,24.196922767752337,9108.824902838509,9203.675097161491,607.7942741717638,1.6061980735362469,604.6461837955952,610.9423645479325,27.670318202778024,0.05867666201662024,27.555314058492417,27.78532234706363,0.0,0.0,0.0,0.0,0.0,0.0,0.0,0.0,40.83333333333333,1.382923697875129,38.122852692131126,43.54381397453553,0.0,0.0,0.0,0.0,76.30208333333333,0.20164102306460274,75.90687419032089,76.69729247634577,76.30208333333333,0.20164102306460274,75.90687419032089,76.69729247634577,1.7365550690621823,0.004589137352960713,1.7275605251302717,1.7455496129940928,345.87897753472527,0.7334582752077525,344.4414257311552,347.3165293382953,2.1601062658748265,0.007492218019108899,2.145421788393051,2.174790743356602,0.0,0.0,0.0,0.0,4.083333333333333,0.1382923697875129,3.812285269213113,4.354381397453554,160.234375,0.42344614843566597,159.4044357996739,161.0643142003261,0.98203125,0.07595593820097986,0.8331603467141294,1.1309021532858705,160.19765624999997,0.425277730343322,159.36412721510013,161.0311852848998,160.19765624999997,0.425277730343322,159.36412721510013,161.0311852848998,0.0,0.0,0.0,0.0,0.0,0.0,0.0,0.0,1.0,0.0,1.0,1.0
4.0,spoilage_intensity_4,family_three,2.25,0.15475,144963.50859914155,384.49848679760333,144209.9054129081,145717.11178537502,135767.05077951401,360.4216476226896,135060.63733092495,136473.46422810308,0.0,0.0,0.0,0.0,8545.0,22.47573647644789,8500.948365980148,8589.051634019852,584.5331719364257,1.5374854925904409,581.5197557441955,587.5465881286558,29.841314357769484,0.051269598494692134,29.74082779121806,29.94180092432091,0.0,0.0,0.0,0.0,0.0,0.0,0.0,0.0,37.08333333333333,1.379931432491276,34.37871742451566,39.787949242150994,0.0,0.0,0.0,0.0,71.20833333333331,0.18729780397039908,70.8412363831679,71.57543028349873,71.20833333333331,0.18729780397039908,70.8412363831679,71.57543028349873,1.6700947769612162,0.004392815693115545,1.6614850164119874,1.678704537510445,373.01642947211855,0.6408699811836504,371.7603473902257,374.2725115540114,2.3296144383591426,0.008417016199665202,2.3131173897505084,2.346111486967777,0.0,0.0,0.0,0.0,3.7083333333333335,0.1379931432491276,3.437871742451567,3.9787949242151,160.21875,0.4214200589333979,159.3927818621278,161.0447181378722,1.11328125,0.07682342110407431,0.96271011146686,1.2638523885331399,160.19765624999997,0.425277730343322,159.36412721510013,161.0311852848998,160.19765624999997,0.425277730343322,159.36412721510013,161.0311852848998,0.0,0.0,0.0,0.0,0.0,0.0,0.0,0.0,1.0,0.0,1.0,1.0
4.0,spoilage_intensity_4,family_three,2.4,0.15475,144190.40602816019,382.971012605148,143439.79663633127,144941.0154199891,135548.00976892962,359.88964301900745,134842.6390302034,136253.38050765585,0.0,0.0,0.0,0.0,8008.75,21.611077957292885,7966.393065536618,8051.106934463382,563.7205611052252,1.5211623526984739,560.739137679298,566.7019845311524,32.113198125376506,0.056863787614457394,32.00174714962763,32.22464910112538,0.0,0.0,0.0,0.0,0.0,0.0,0.0,0.0,37.8125,1.3305583515561967,35.20465355162087,40.42034644837913,0.0,0.0,0.0,0.0,66.73958333333333,0.18009231631077394,66.38660887947182,67.09255778719483,66.73958333333333,0.18009231631077394,66.38660887947182,67.09255778719483,1.6106301745863574,0.004346178150567063,1.602111821940851,1.6191485272318638,401.4149765672063,0.710797345180718,400.0218393703454,402.8081137640672,2.5063662212474807,0.0073126981795990685,2.492033596185655,2.5206988463093065,0.0,0.0,0.0,0.0,3.7812499999999996,0.13305583515561967,3.5204653551620866,4.042034644837912,160.175,0.4322215591458578,159.32786131073237,161.02213868926765,1.0710937500000002,0.08627116636632054,0.9020053710177487,1.2401821289822517,160.19843749999998,0.42533828849542604,159.36478977330304,161.03208522669692,160.19765624999997,0.425277730343322,159.36412721510013,161.0311852848998,0.0,0.0,0.0,0.0,0.0007812499999999999,0.0007812499999999998,0.0,0.0023124718629219166,1.0,0.0,1.0,1.0
4.0,spoilage_intensity_4,family_three,3.0,0.15475,141769.00699239952,376.19748273456605,141031.67347516515,142506.34050963388,134787.7234122858,357.82182107249344,134086.40553010118,135489.0412944704,0.0,0.0,0.0,0.0,6411.875,17.012593083145745,6378.5309302733995,6445.2190697266005,499.7129000686035,1.3258855213593268,497.11421219911614,502.3115879380909,40.84151337847855,0.08160927096870105,40.68156214657533,41.001464610381774,0.0,0.0,0.0,0.0,0.0,0.0,0.0,0.0,28.854166666666664,1.309683506977152,26.287234161845333,31.421099171487995,0.0,0.0,0.0,0.0,53.43229166666666,0.1417716090262145,53.154424418944984,53.71015891438833,53.43229166666666,0.1417716090262145,53.154424418944984,53.71015891438833,1.4277511430531526,0.0037882443467409333,1.420326320568903,1.4351759655374023,510.51891723098197,1.0201158871087632,508.5195268321917,512.5183076297723,3.1874394618739403,0.011901501256820868,3.164112948048613,3.2107659756992675,0.0,0.0,0.0,0.0,2.8854166666666665,0.13096835069771517,2.6287234161845334,3.1421099171487996,160.296875,0.4253148270786436,159.46327325683498,161.13047674316502,1.60546875,0.10982330001672004,1.3902190373038916,1.8207184626961084,160.19765624999997,0.425277730343322,159.36412721510013,161.0311852848998,160.19765624999997,0.425277730343322,159.36412721510013,161.0311852848998,0.0,0.0,0.0,0.0,0.0,0.0,0.0,0.0,1.0,0.0,1.0,1.0
4.0,spoilage_intensity_4,family_three,4.5,0.15475,138170.16486344396,366.7503141913018,137451.34745631026,138888.98227057766,133407.43901207158,354.1575713531634,132713.30292736721,134101.57509677595,0.0,0.0,0.0,0.0,4275.0,11.460768139579754,4252.53730721126,4297.46269278874,405.6225022903226,1.08742583647849,403.4911868149664,407.7538177656788,62.88459908208793,0.08799399059358357,62.71213402966855,63.057064134507314,0.0,0.0,0.0,0.0,0.0,0.0,0.0,0.0,19.21875,1.0117862179629589,17.235685452738608,21.201814547261392,0.0,0.0,0.0,0.0,35.625,0.09550640116316458,35.43781089342716,35.81218910657284,35.625,0.09550640116316458,35.43781089342716,35.81218910657284,1.1589214351152073,0.003106930961367114,1.1528319623284753,1.1650109079019393,786.0574885260992,1.0999248824197942,783.9016753708569,788.2133016813415,4.906296659925949,0.016387265878510686,4.874178208998986,4.938415110852912,0.0,0.0,0.0,0.0,1.921875,0.1011786217962959,1.7235685452738607,2.120181454726139,160.3125,0.4297788052342407,159.47014902042224,161.15485097957776,2.16796875,0.14298826467128467,1.887716901032401,2.448220598967599,160.19765624999997,0.425277730343322,159.36412721510013,161.0311852848998,160.19765624999997,0.425277730343322,159.36412721510013,161.0311852848998,0.0,0.0,0.0,0.0,0.0,0.0,0.0,0.0,1.0,0.0,1.0,1.0
4.0,spoilage_intensity_4,family_three,5.0,0.15475,137377.2849128185,364.7339404189338,136662.419525658,138092.15029997897,133048.98700763832,353.1873338413818,132356.75255351348,133741.22146176317,0.0,0.0,0.0,0.0,3847.5,10.536218712702615,3826.849390789866,3868.150609210134,385.09165400406755,1.0545574765492562,383.0247593304036,387.1585486777315,71.07083450941806,0.11797736282744031,70.83960312728527,71.30206589155085,0.0,0.0,0.0,0.0,0.0,0.0,0.0,0.0,24.635416666666664,1.1001873425023088,22.479089099115306,26.791744234218022,0.0,0.0,0.0,0.0,32.0625,0.08780182260585509,31.890411589915548,32.23458841008445,32.0625,0.08780182260585509,31.890411589915548,32.23458841008445,1.10026186858305,0.003013021361569302,1.0943564552297245,1.1061672819363757,888.3854313677259,1.4747170353430066,885.4950390910659,891.2758236443859,5.548251330319781,0.01577966187968855,5.517323761347372,5.57917889929219,0.0,0.0,0.0,0.0,2.4635416666666665,0.11001873425023088,2.247908909911531,2.6791744234218022,160.3125,0.43900911302927564,159.45205794957775,161.17294205042225,2.94921875,0.17937243232600328,2.5976552428216855,3.3007822571783145,160.19791666666663,0.42525596283717354,159.36443029529485,161.0314030380384,160.19765624999997,0.425277730343322,159.36412721510013,161.0311852848998,0.0,0.0,0.0,0.0,0.00026041666666666666,0.00026041666666666666,0.0,0.0007708239543073058,1.0,0.0,1.0,1.0
4.0,spoilage_intensity_4,family_three,9.0,0.15475,133688.66472770122,354.55784635271925,132993.7441184138,134383.58533698865,131048.53413919051,347.7022731084835,130367.05020655517,131730.01807182585,0.0,0.0,0.0,0.0,2137.5,6.228136361680156,2125.2930770403027,2149.7069229596973,292.64616595190165,0.8526971823491553,290.97491018477854,294.31742171902476,128.84872614488322,0.21700134126283688,128.42341133141116,129.27404095835527,0.041946413919853875,0.03323693226503813,0.0,0.10708960411592588,71.25,0.20760454538933867,70.84310256801008,71.65689743198992,9.84375,0.7439856124956511,8.385564994492551,11.301935005507449,0.0008641337620000531,0.0006881731490361372,0.0,0.002212928349238397,17.8125,0.05190113634733467,17.71077564200252,17.91422435799748,17.8125,0.05190113634733467,17.71077564200252,17.91422435799748,0.836131902719719,0.00243627766385473,0.8313568862422244,0.8409069191972137,1610.60907681104,2.7125167657854647,1605.2926416426394,1615.9255119794407,10.05118209895961,0.03309408647776432,9.986318881361937,10.116045316557281,0.041946413919853875,0.03323693226503813,0.0,0.10708960411592588,0.984375,0.0743985612495651,0.8385564994492551,1.1301935005507449,160.3125,0.46711022712601175,159.39698077802268,161.22801922197732,4.134126348714,0.33145646674191653,3.4844836114569455,4.783769085971055,160.19765624999997,0.425277730343322,159.36412721510013,161.0311852848998,160.19765624999997,0.425277730343322,159.36412721510013,161.0311852848998,0.0,0.0,0.0,0.0,0.0,0.0,0.0,0.0,1.0,0.0,1.0,1.0
4.0,spoilage_intensity_4,family_three,10.0,0.15475,133305.60557299366,353.5065624648229,132612.74544226404,133998.46570372328,130691.22560606143,346.72291781612364,130011.6611745272,131370.79003759567,0.0,0.0,0.0,0.0,1921.875,5.664543544843536,1910.7726986632479,1932.9773013367521,279.0082804144884,0.8223503369260697,277.39650337143894,280.6200574575379,144.42666084787442,0.2627819024362671,143.91161778331042,144.9417039124384,0.11169233654251635,0.03172033305622354,0.04952162617470287,0.17386304691032983,256.25,0.7552724726458043,254.7696931550997,257.73030684490027,12.708333333333332,0.6879658114121352,11.359945120370671,14.056721546295993,0.002272864554874891,0.0006473331972958475,0.001004114802177869,0.0035416143075719135,16.015625,0.04720452954036277,15.923105822193731,16.108144177806267,16.015625,0.04720452954036277,15.923105822193731,16.108144177806267,0.797166515469967,0.002349572391217339,0.7925614382041113,0.8017715927358227,1805.3332605984301,3.2847737804533397,1798.8952222913802,1811.77129890548,11.265451052038381,0.032546468397826656,11.20166114615467,11.329240957922092,0.11169233654251635,0.03172033305622354,0.04952162617470287,0.17386304691032983,1.2708333333333333,0.06879658114121352,1.1359945120370674,1.4056721546295992,160.15625,0.4720452954036277,159.23105822193733,161.08144177806267,5.051339288947283,0.3520546162692926,4.3613249204684,5.741353657426165,160.19791666666663,0.42525596283717354,159.36443029529485,161.0314030380384,160.19765624999997,0.425277730343322,159.36412721510013,161.0311852848998,0.0,0.0,0.0,0.0,0.00026041666666666666,0.00026041666666666666,0.0,0.0007708239543073058,1.0,0.0,1.0,1.0
4.0,spoilage_intensity_4,family_four,1.8,0.15475,197506.20004661774,394.456838059595,196733.0788505654,198279.3212426701,182268.60221118914,363.97854282086405,181555.21737611486,182981.9870462634,1.328125,1.328125,0.0,3.9312021669672594,14256.875,28.26749616230122,14201.471725588766,14312.278274411234,886.4379336253853,1.7575647459119768,882.9931700229006,889.88269722787,23.00886013655015,0.05312906086921275,22.904729090714056,23.112991182386246,0.0,0.0,0.0,0.0,0.0,0.0,0.0,0.0,69.94791666666666,1.8024885237350747,66.41510407759914,73.48072925573418,0.0,0.0,0.0,0.0,118.80729166666666,0.23556246801917693,118.3455977132397,119.26898562009362,118.80729166666666,0.23556246801917693,118.3455977132397,119.26898562009362,2.5326798103582435,0.005021613559748505,2.5228376286368586,2.5425219920796285,287.61075170687684,0.6641132608651598,286.3091136339257,288.912389779828,1.3453080370973423,0.004412411914431916,1.3366598686601003,1.3539562055345842,0.0,0.0,0.0,0.0,6.994791666666666,0.18024885237350743,6.641510407759914,7.348072925573418,213.85312499999998,0.42401244243451797,213.02207588383146,214.6841741161685,0.74296875,0.06235963591016399,0.6207461095270479,0.865191390472952,213.87031249999998,0.42708510271120115,213.03324108035244,214.70738391964753,213.86953125,0.42712415192205405,213.03238329530555,214.70667920469444,0.0007812499999999999,0.0007812499999999998,0.0,0.0023124718629219166,0.0015624999999999999,0.001096050585019065,0.0,0.0037107196718714234,0.9999964138168465,3.586183153546016e-06,0.9999893850270235,1.0000034426066693
4.0,spoilage_intensity_4,family_four,2.0,0.15475,195551.26810310688,389.97912550222804,194786.92306240008,196315.61314381368,181789.765625,362.95939656886236,181078.37827987463,182501.15297012537,0.4427083333333333,0.44270833333333337,0.0,1.3104007223224199,12828.75,25.50239251147868,12778.766229157898,12878.733770842102,833.9022451927221,1.6577220986540484,830.6531695829841,837.1513208024602,27.209607914150578,0.06246591620663977,27.08717696812427,27.332038860176887,0.0,0.0,0.0,0.0,0.0,0.0,0.0,0.0,71.19791666666666,1.5039028948031699,68.25032115660692,74.1455121767264,0.0,0.0,0.0,0.0,106.90625,0.21251993759565574,106.48971857631581,107.32278142368419,106.90625,0.21251993759565574,106.48971857631581,107.32278142368419,2.382577843407778,0.004736348853297276,2.3732947702370977,2.391860916578458,340.1200989268822,0.7808239525829964,338.5897121015533,341.65048575221107,1.5911521949905472,0.004548129525701463,1.5822380249231491,1.6000663650579452,0.0,0.0,0.0,0.0,7.119791666666666,0.150390289480317,6.825032115660692,7.41455121767264,213.8125,0.4250398751913115,212.97943715263162,214.64556284736838,0.8757812500000001,0.07403472905016101,0.7306758474565032,1.020886652543497,213.87031249999998,0.42701105478689677,213.0333862116172,214.70723878838277,213.86953125,0.42712415192205405,213.03238329530555,214.70667920469444,0.00026041666666666666,0.00026041666666666666,0.0,0.0007708239543073058,0.0010416666666666667,0.0010416666666666667,0.0,0.0030832958172292233,0.9999987600190461,1.2399809538928691e-06,0.9999963297010349,1.0000011903370571
4.0,spoilage_intensity_4,family_four,2.1,0.15475,194686.92666153188,388.7662327421907,193924.95884695186,195448.8944761119,181568.0268122708,362.6645732189525,180857.21731029308,182278.83631424853,1.328125,1.328125,0.0,3.9312021669672594,12220.625,24.28325223864617,12173.030700184752,12268.219299815248,811.2082896164161,1.61192864643471,808.0489675237557,814.3676117090765,27.405101311284408,0.05704723374670335,27.293290787723233,27.516911834845583,0.0,0.0,0.0,0.0,0.0,0.0,0.0,0.0,58.33333333333333,1.7599553064711655,54.88388431824969,61.782782348416966,0.0,0.0,0.0,0.0,101.83854166666666,0.2023604353220515,101.4419225015396,102.23516083179372,101.83854166666666,0.2023604353220515,101.4419225015396,102.23516083179372,2.317737970332617,0.004605510418384868,2.3087113357821587,2.3267646048830755,342.5637663910551,0.7130904218337919,341.1661348465404,343.9613979355698,1.6019173085477385,0.0036493202328120766,1.5947647723233735,1.6090698447721035,0.0,0.0,0.0,0.0,5.833333333333333,0.17599553064711654,5.488388431824969,6.178278234841697,213.8609375,0.4249569141763078,213.02803725323315,214.69383774676686,0.90234375,0.07098574016603365,0.7632142558586558,1.0414732441413443,213.87031249999998,0.4271852647669717,213.0330447663305,214.70758023366946,213.86953125,0.42712415192205405,213.03238329530555,214.70667920469444,0.0007812499999999999,0.0007812499999999998,0.0,0.0023124718629219166,0.0015624999999999999,0.001096050585019065,0.0,0.0037107196718714234,0.9999963931209603,3.606879039705358e-06,0.9999893237679459,1.0000034624739746
4.0,spoilage_intensity_4,family_four,2.25,0.15475,193526.0757369785,386.8296873674633,192767.9034815874,194284.2479923696,181254.47186383558,361.89063508016534,180545.17925273612,181963.76447493504,1.328125,1.328125,0.0,3.9312021669672594,11406.25,23.028945726407915,11361.114095774314,11451.385904225686,780.2611459800884,1.5753285771572898,777.1735587050433,783.3487332551334,29.545852162803122,0.06340373632081865,29.421583123129043,29.6701212024772,0.0,0.0,0.0,0.0,0.0,0.0,0.0,0.0,54.21874999999999,1.2691265698623946,51.73130763124684,56.70619236875314,0.0,0.0,0.0,0.0,95.05208333333334,0.19190788105339926,94.67595079811929,95.4282158685474,95.05208333333334,0.19190788105339926,94.67595079811929,95.4282158685474,2.2293175599431097,0.004500938791877965,2.2204958820144096,2.2381392378718097,369.323152035039,0.7925467040102333,367.76978903911305,370.876515030965,1.7278026991535107,0.0054626982690905435,1.717096007287684,1.7385093910193374,0.0,0.0,0.0,0.0,5.421875,0.12691265698623946,5.173130763124685,5.670619236875315,213.8671875,0.43179273237014837,213.02088929576837,214.71348570423163,0.975,0.08692412537051249,0.8046318448861511,1.1453681551138488,213.8703125,0.4270110547868968,213.03338621161723,214.7072387883828,213.86953125,0.42712415192205405,213.03238329530555,214.70667920469444,0.0007812499999999999,0.0007812499999999998,0.0,0.0023124718629219166,0.0015624999999999999,0.001096050585019065,0.0,0.0037107196718714234,0.9999964129935721,3.5870064279148323e-06,0.9999893825901611,1.000003443396983
4.0,spoilage_intensity_4,family_four,2.4,0.15475,192496.0595893344,384.3847160290598,191742.6793897098,193249.43978895902,180961.82183372832,361.5188345529884,180253.25793827156,181670.38572918507,0.0,0.0,0.0,0.0,10696.875,21.451397399629364,10654.83103367867,10738.91896632133,752.932527182451,1.5099227443246777,749.9731329841368,755.8919213807653,31.721895090328495,0.06301315739140655,31.598391571289184,31.845398609367805,0.0,0.0,0.0,0.0,0.0,0.0,0.0,0.0,52.70833333333333,1.6245929486112047,49.524189664517635,55.89247700214902,0.0,0.0,0.0,0.0,89.140625,0.17876164499691138,88.79025861398893,89.49099138601107,89.140625,0.17876164499691138,88.79025861398893,89.49099138601107,2.15123579194986,0.004314064983784779,2.1427803799546767,2.1596912039450435,396.52368862910623,0.7876644673925832,394.97989464111487,398.0674826170976,1.854368173944815,0.005303815863665961,1.8439728858713975,1.8647634620182325,0.0,0.0,0.0,0.0,5.270833333333333,0.16245929486112046,4.952418966451764,5.589247700214902,213.9375,0.4290279479925872,213.0966206735734,214.7783793264266,1.21875,0.07774012339657228,1.0663821579890187,1.3711178420109813,213.87109375,0.4272637607954394,213.0336721669418,214.7085153330582,213.86953125,0.42712415192205405,213.03238329530555,214.70667920469444,0.0,0.0,0.0,0.0,0.0015624999999999999,0.001096050585019065,0.0,0.0037107196718714234,1.0,0.0,1.0,1.0
4.0,spoilage_intensity_4,family_four,3.0,0.15475,189248.94944284274,377.96542712680446,188508.1508182729,189989.74806741258,179945.7157884062,359.2799450415343,179241.54003575727,180649.89154105514,1.328125,1.328125,0.0,3.9312021669672594,8553.75,17.256669978016,8519.927548349995,8587.572451650005,666.6410712875432,1.3449077844220558,664.0051004675485,669.277042107538,40.5248748156685,0.07777002153987041,40.37244837437345,40.677301256963545,0.0,0.0,0.0,0.0,0.0,0.0,0.0,0.0,40.98958333333333,1.4878988792406824,38.07335511738408,43.905811549282575,0.0,0.0,0.0,0.0,71.28125,0.14380558315013325,70.99939623624996,71.56310376375004,71.28125,0.14380558315013325,70.99939623624996,71.56310376375004,1.9046887751072665,0.0038425936697773066,1.8971574299072813,1.9122201203072517,506.56093519585613,0.9721252692483798,504.655604679668,508.4662657120443,2.3691213123539674,0.006848343846921414,2.3556988050602548,2.38254381964768,0.0,0.0,0.0,0.0,4.098958333333333,0.14878988792406825,3.8073355117384082,4.390581154928258,213.84375,0.4314167494504,212.99818870874986,214.68931129125014,1.31484375,0.10992805010449692,1.0993887309044716,1.5302987690955285,213.86875,0.4270107371517221,213.03182433417072,214.7056756658293,213.86953125,0.42712415192205405,213.03238329530555,214.70667920469444,0.0007812499999999999,0.0007812499999999998,0.0,0.0023124718629219166,0.0,0.0,0.0,0.0,0.9999964129935721,3.5870064279148323e-06,0.9999893825901611,1.000003443396983
4.0,spoilage_intensity_4,family_four,4.5,0.15475,184439.15789583506,368.556337459828,183716.8007481398,185161.51504353032,178103.64467660373,355.56462683522534,177406.75081383027,178800.5385393772,1.328125,1.328125,0.0,3.9312021669672594,5703.125,11.574626309576876,5680.43914929872,5725.81085070128,541.1265107308762,1.0982289793604616,538.9740214845516,543.2789999772009,62.277333500447824,0.11443370656796036,62.053047556957196,62.50161944393845,0.0,0.0,0.0,0.0,0.0,0.0,0.0,0.0,27.656249999999996,0.9895833333333333,25.71670230696557,29.595797693034424,0.0,0.0,0.0,0.0,47.52604166666667,0.09645521924647395,47.336992910822666,47.71509042251068,47.52604166666667,0.09645521924647395,47.336992910822666,47.71509042251068,1.5460757449453606,0.0031377970838870335,1.5399257756701472,1.552225714220574,778.4666687555978,1.4304213320995052,775.6630944619649,781.2702430492307,3.6401353994396946,0.010307617547240128,3.6199328402806907,3.6603379585986984,0.0,0.0,0.0,0.0,2.765625,0.09895833333333334,2.571670230696557,2.959579769303443,213.8671875,0.43404848660913287,213.01646809870198,214.71790690129802,2.06484375,0.14321492759307974,1.7841476498690523,2.345539850130948,213.86953125,0.4269673436970388,213.03269063377905,214.70637186622093,213.86953125,0.42712415192205405,213.03238329530555,214.70667920469444,0.0007812499999999999,0.0007812499999999998,0.0,0.0023124718629219166,0.0007812499999999999,0.0007812499999999998,0.0,0.0023124718629219166,0.9999964129935721,3.5870064279148323e-06,0.9999893825901611,1.000003443396983
4.0,spoilage_intensity_4,family_four,5.0,0.15475,183367.83900039986,366.75126892954444,182649.0197220136,184086.65827878614,177624.16098892165,354.64472448562805,176929.0701016227,178319.2518762206,1.328125,1.328125,0.0,3.9312021669672594,5130.0,10.874464044446892,5108.686442121709,5151.313557878291,513.45553867209,1.0884120455578468,511.3222902624571,515.588787081723,70.82143113944198,0.1262182956722564,70.57404782573434,71.06881445314963,0.0,0.0,0.0,0.0,0.0,0.0,0.0,0.0,28.072916666666664,1.1303022402042555,25.857564984221383,30.288268349111945,0.0,0.0,0.0,0.0,42.75,0.09062053370372408,42.5723870176809,42.9276129823191,42.75,0.09062053370372408,42.5723870176809,42.9276129823191,1.4670158247774003,0.0031097487015938497,1.4609208293213063,1.4731108202334944,885.2678892430247,1.5777286959032046,882.175597821679,888.3601806643703,4.140870604969633,0.010979695802168952,4.119350796636176,4.16239041330309,0.0,0.0,0.0,0.0,2.807291666666667,0.11303022402042553,2.5857564984221386,3.0288268349111953,213.75,0.45310266851862047,212.86193508840452,214.63806491159548,2.17421875,0.1791631789095051,1.8230653719816639,2.5253721280183363,213.86875,0.4270107371517221,213.03182433417072,214.7056756658293,213.86953125,0.42712415192205405,213.03238329530555,214.70667920469444,0.0007812499999999999,0.0007812499999999998,0.0,0.0023124718629219166,0.0,0.0,0.0,0.0,0.9999964129935721,3.5870064279148323e-06,0.9999893825901611,1.000003443396983
4.0,spoilage_intensity_4,family_four,9.0,0.15475,178430.01465380797,356.316174377909,177731.64778491817,179128.38152269777,174952.84050402432,349.3111611229366,174268.2032088255,175637.47779922315,1.328125,1.328125,0.0,3.9312021669672594,2849.375,6.090728544792421,2837.4373914125968,2861.3126085874032,390.109318881497,0.8338846112221318,388.47493507623943,391.7437026867546,127.9450392354692,0.2110959216273486,127.5312988317963,128.35877963914209,0.0,0.0,0.0,0.0,94.97916666666666,0.20302428482641405,94.58124638041988,95.37708695291343,13.4375,0.692333099925321,12.0805520588414,14.7944479411586,0.0,0.0,0.0,0.0,23.744791666666664,0.05075607120660351,23.64531159510497,23.844271738228358,23.744791666666664,0.05075607120660351,23.64531159510497,23.844271738228358,1.1145980539471343,0.002382527460634666,1.1099283859321127,1.1192677219621558,1599.312990443365,2.6386990203418583,1594.1412353974538,1604.484745489276,7.482670979212573,0.019793337736295345,7.443876750115597,7.521465208309549,0.0,0.0,0.0,0.0,1.34375,0.06923330999253209,1.20805520588414,1.47944479411586,213.703125,0.45680464085943157,212.80780435594477,214.59844564405523,4.03359375,0.2973490986494392,3.4508002258116512,4.616387274188348,213.86875,0.4270107371517221,213.03182433417072,214.7056756658293,213.86953125,0.42712415192205405,213.03238329530555,214.70667920469444,0.0007812499999999999,0.0007812499999999998,0.0,0.0023124718629219166,0.0,0.0,0.0,0.0,0.9999964129935721,3.5870064279148323e-06,0.9999893825901611,1.000003443396983
4.0,spoilage_intensity_4,family_four,10.0,0.15475,177912.98309194043,355.0435291008607,177217.11056195875,178608.85562192212,174474.64475944947,348.4476458110788,173791.69992316197,175157.58959573696,0.0,0.0,0.0,0.0,2565.625,5.554005240036167,2554.739349759582,2576.510650240418,372.46471255332517,0.8063029340802863,370.88438784189884,374.0450372647515,143.94653660427718,0.2367094047433755,143.48259469617827,144.4104785123761,0.0,0.0,0.0,0.0,342.0833333333333,0.7405340320048219,340.6319133012776,343.534753365389,14.21875,0.8472456004450805,12.55817913706763,15.87932086293237,0.0,0.0,0.0,0.0,21.380208333333332,0.04628337700030137,21.28949458132985,21.470922085336813,21.380208333333332,0.04628337700030137,21.28949458132985,21.470922085336813,1.0641848930095006,0.0023037226688008157,1.0596696795482825,1.0687001064707187,1799.331707553465,2.958867559292192,1793.5324337022284,1805.1309814047017,8.418624818552443,0.02318044265749605,8.373191985798055,8.464057651306831,0.0,0.0,0.0,0.0,1.421875,0.08472456004450804,1.2558179137067629,1.5879320862932371,213.80208333333331,0.46283377000301396,212.8949458132985,214.70922085336812,5.0625,0.36281116912857636,4.3514031753191205,5.7735968246808795,213.86953125,0.42712415192205405,213.03238329530555,214.70667920469444,213.86953125,0.42712415192205405,213.03238329530555,214.70667920469444,0.0,0.0,0.0,0.0,0.0,0.0,0.0,0.0,1.0,0.0,1.0,1.0
